// Generated by tools/make_vlw.py -- do not edit by hand.
//
// DejaVu Sans Bold at 27 px, TFT_eSPI smooth-font (.vlw) format.
// 232 glyphs, 104987 bytes, line box 37 px (ascent 31 + descent 6).
// Bitstream Vera license -- redistributable in a shipped product.

#ifndef VN_FONT_LARGE_H
#define VN_FONT_LARGE_H

#include <pgmspace.h>

const uint8_t VN_FONT_LARGE[] PROGMEM = {
    0x00,0x00,0x00,0xE8,0x00,0x00,0x00,0x0B,0x00,0x00,0x00,0x1B,0x00,0x00,0x00,0x00,
    0x00,0x00,0x00,0x1F,0x00,0x00,0x00,0x06,0x00,0x00,0x00,0x20,0x00,0x00,0x00,0x00,
    0x00,0x00,0x00,0x00,0x00,0x00,0x00,0x09,0x00,0x00,0x00,0x00,0x00,0x00,0x00,0x00,
    0x00,0x00,0x00,0x00,0x00,0x00,0x00,0x21,0x00,0x00,0x00,0x14,0x00,0x00,0x00,0x0C,
    0x00,0x00,0x00,0x0C,0x00,0x00,0x00,0x14,0x00,0x00,0x00,0x00,0x00,0x00,0x00,0x00,
    0x00,0x00,0x00,0x22,0x00,0x00,0x00,0x14,0x00,0x00,0x00,0x0E,0x00,0x00,0x00,0x0E,
    0x00,0x00,0x00,0x14,0x00,0x00,0x00,0x00,0x00,0x00,0x00,0x00,0x00,0x00,0x00,0x23,
    0x00,0x00,0x00,0x14,0x00,0x00,0x00,0x17,0x00,0x00,0x00,0x17,0x00,0x00,0x00,0x14,
    0x00,0x00,0x00,0x00,0x00,0x00,0x00,0x00,0x00,0x00,0x00,0x24,0x00,0x00,0x00,0x19,
    0x00,0x00,0x00,0x13,0x00,0x00,0x00,0x13,0x00,0x00,0x00,0x15,0x00,0x00,0x00,0x00,
    0x00,0x00,0x00,0x00,0x00,0x00,0x00,0x25,0x00,0x00,0x00,0x14,0x00,0x00,0x00,0x1B,
    0x00,0x00,0x00,0x1B,0x00,0x00,0x00,0x14,0x00,0x00,0x00,0x00,0x00,0x00,0x00,0x00,
    0x00,0x00,0x00,0x26,0x00,0x00,0x00,0x14,0x00,0x00,0x00,0x18,0x00,0x00,0x00,0x18,
    0x00,0x00,0x00,0x14,0x00,0x00,0x00,0x00,0x00,0x00,0x00,0x00,0x00,0x00,0x00,0x27,
    0x00,0x00,0x00,0x14,0x00,0x00,0x00,0x08,0x00,0x00,0x00,0x08,0x00,0x00,0x00,0x14,
    0x00,0x00,0x00,0x00,0x00,0x00,0x00,0x00,0x00,0x00,0x00,0x28,0x00,0x00,0x00,0x18,
    0x00,0x00,0x00,0x0C,0x00,0x00,0x00,0x0C,0x00,0x00,0x00,0x15,0x00,0x00,0x00,0x00,
    0x00,0x00,0x00,0x00,0x00,0x00,0x00,0x29,0x00,0x00,0x00,0x18,0x00,0x00,0x00,0x0C,
    0x00,0x00,0x00,0x0C,0x00,0x00,0x00,0x15,0x00,0x00,0x00,0x00,0x00,0x00,0x00,0x00,
    0x00,0x00,0x00,0x2A,0x00,0x00,0x00,0x14,0x00,0x00,0x00,0x0E,0x00,0x00,0x00,0x0E,
    0x00,0x00,0x00,0x14,0x00,0x00,0x00,0x00,0x00,0x00,0x00,0x00,0x00,0x00,0x00,0x2B,
    0x00,0x00,0x00,0x11,0x00,0x00,0x00,0x17,0x00,0x00,0x00,0x17,0x00,0x00,0x00,0x11,
    0x00,0x00,0x00,0x00,0x00,0x00,0x00,0x00,0x00,0x00,0x00,0x2C,0x00,0x00,0x00,0x09,
    0x00,0x00,0x00,0x0A,0x00,0x00,0x00,0x0A,0x00,0x00,0x00,0x05,0x00,0x00,0x00,0x00,
    0x00,0x00,0x00,0x00,0x00,0x00,0x00,0x2D,0x00,0x00,0x00,0x0A,0x00,0x00,0x00,0x0B,
    0x00,0x00,0x00,0x0B,0x00,0x00,0x00,0x0A,0x00,0x00,0x00,0x00,0x00,0x00,0x00,0x00,
    0x00,0x00,0x00,0x2E,0x00,0x00,0x00,0x05,0x00,0x00,0x00,0x0A,0x00,0x00,0x00,0x0A,
    0x00,0x00,0x00,0x05,0x00,0x00,0x00,0x00,0x00,0x00,0x00,0x00,0x00,0x00,0x00,0x2F,
    0x00,0x00,0x00,0x16,0x00,0x00,0x00,0x0A,0x00,0x00,0x00,0x0A,0x00,0x00,0x00,0x14,
    0x00,0x00,0x00,0x00,0x00,0x00,0x00,0x00,0x00,0x00,0x00,0x30,0x00,0x00,0x00,0x14,
    0x00,0x00,0x00,0x13,0x00,0x00,0x00,0x13,0x00,0x00,0x00,0x14,0x00,0x00,0x00,0x00,
    0x00,0x00,0x00,0x00,0x00,0x00,0x00,0x31,0x00,0x00,0x00,0x14,0x00,0x00,0x00,0x13,
    0x00,0x00,0x00,0x13,0x00,0x00,0x00,0x14,0x00,0x00,0x00,0x00,0x00,0x00,0x00,0x00,
    0x00,0x00,0x00,0x32,0x00,0x00,0x00,0x14,0x00,0x00,0x00,0x13,0x00,0x00,0x00,0x13,
    0x00,0x00,0x00,0x14,0x00,0x00,0x00,0x00,0x00,0x00,0x00,0x00,0x00,0x00,0x00,0x33,
    0x00,0x00,0x00,0x14,0x00,0x00,0x00,0x13,0x00,0x00,0x00,0x13,0x00,0x00,0x00,0x14,
    0x00,0x00,0x00,0x00,0x00,0x00,0x00,0x00,0x00,0x00,0x00,0x34,0x00,0x00,0x00,0x14,
    0x00,0x00,0x00,0x13,0x00,0x00,0x00,0x13,0x00,0x00,0x00,0x14,0x00,0x00,0x00,0x00,
    0x00,0x00,0x00,0x00,0x00,0x00,0x00,0x35,0x00,0x00,0x00,0x14,0x00,0x00,0x00,0x13,
    0x00,0x00,0x00,0x13,0x00,0x00,0x00,0x14,0x00,0x00,0x00,0x00,0x00,0x00,0x00,0x00,
    0x00,0x00,0x00,0x36,0x00,0x00,0x00,0x14,0x00,0x00,0x00,0x13,0x00,0x00,0x00,0x13,
    0x00,0x00,0x00,0x14,0x00,0x00,0x00,0x00,0x00,0x00,0x00,0x00,0x00,0x00,0x00,0x37,
    0x00,0x00,0x00,0x14,0x00,0x00,0x00,0x13,0x00,0x00,0x00,0x13,0x00,0x00,0x00,0x14,
    0x00,0x00,0x00,0x00,0x00,0x00,0x00,0x00,0x00,0x00,0x00,0x38,0x00,0x00,0x00,0x14,
    0x00,0x00,0x00,0x13,0x00,0x00,0x00,0x13,0x00,0x00,0x00,0x14,0x00,0x00,0x00,0x00,
    0x00,0x00,0x00,0x00,0x00,0x00,0x00,0x39,0x00,0x00,0x00,0x14,0x00,0x00,0x00,0x13,
    0x00,0x00,0x00,0x13,0x00,0x00,0x00,0x14,0x00,0x00,0x00,0x00,0x00,0x00,0x00,0x00,
    0x00,0x00,0x00,0x3A,0x00,0x00,0x00,0x0F,0x00,0x00,0x00,0x0B,0x00,0x00,0x00,0x0B,
    0x00,0x00,0x00,0x0F,0x00,0x00,0x00,0x00,0x00,0x00,0x00,0x00,0x00,0x00,0x00,0x3B,
    0x00,0x00,0x00,0x13,0x00,0x00,0x00,0x0B,0x00,0x00,0x00,0x0B,0x00,0x00,0x00,0x0F,
    0x00,0x00,0x00,0x00,0x00,0x00,0x00,0x00,0x00,0x00,0x00,0x3C,0x00,0x00,0x00,0x10,
    0x00,0x00,0x00,0x17,0x00,0x00,0x00,0x17,0x00,0x00,0x00,0x10,0x00,0x00,0x00,0x00,
    0x00,0x00,0x00,0x00,0x00,0x00,0x00,0x3D,0x00,0x00,0x00,0x0D,0x00,0x00,0x00,0x17,
    0x00,0x00,0x00,0x17,0x00,0x00,0x00,0x0D,0x00,0x00,0x00,0x00,0x00,0x00,0x00,0x00,
    0x00,0x00,0x00,0x3E,0x00,0x00,0x00,0x10,0x00,0x00,0x00,0x17,0x00,0x00,0x00,0x17,
    0x00,0x00,0x00,0x10,0x00,0x00,0x00,0x00,0x00,0x00,0x00,0x00,0x00,0x00,0x00,0x3F,
    0x00,0x00,0x00,0x14,0x00,0x00,0x00,0x10,0x00,0x00,0x00,0x10,0x00,0x00,0x00,0x14,
    0x00,0x00,0x00,0x00,0x00,0x00,0x00,0x00,0x00,0x00,0x00,0x40,0x00,0x00,0x00,0x18,
    0x00,0x00,0x00,0x1B,0x00,0x00,0x00,0x1B,0x00,0x00,0x00,0x14,0x00,0x00,0x00,0x00,
    0x00,0x00,0x00,0x00,0x00,0x00,0x00,0x41,0x00,0x00,0x00,0x14,0x00,0x00,0x00,0x15,
    0x00,0x00,0x00,0x15,0x00,0x00,0x00,0x14,0x00,0x00,0x00,0x00,0x00,0x00,0x00,0x00,
    0x00,0x00,0x00,0x42,0x00,0x00,0x00,0x14,0x00,0x00,0x00,0x15,0x00,0x00,0x00,0x15,
    0x00,0x00,0x00,0x14,0x00,0x00,0x00,0x00,0x00,0x00,0x00,0x00,0x00,0x00,0x00,0x43,
    0x00,0x00,0x00,0x14,0x00,0x00,0x00,0x14,0x00,0x00,0x00,0x14,0x00,0x00,0x00,0x14,
    0x00,0x00,0x00,0x00,0x00,0x00,0x00,0x00,0x00,0x00,0x00,0x44,0x00,0x00,0x00,0x14,
    0x00,0x00,0x00,0x16,0x00,0x00,0x00,0x16,0x00,0x00,0x00,0x14,0x00,0x00,0x00,0x00,
    0x00,0x00,0x00,0x00,0x00,0x00,0x00,0x45,0x00,0x00,0x00,0x14,0x00,0x00,0x00,0x12,
    0x00,0x00,0x00,0x12,0x00,0x00,0x00,0x14,0x00,0x00,0x00,0x00,0x00,0x00,0x00,0x00,
    0x00,0x00,0x00,0x46,0x00,0x00,0x00,0x14,0x00,0x00,0x00,0x12,0x00,0x00,0x00,0x12,
    0x00,0x00,0x00,0x14,0x00,0x00,0x00,0x00,0x00,0x00,0x00,0x00,0x00,0x00,0x00,0x47,
    0x00,0x00,0x00,0x14,0x00,0x00,0x00,0x16,0x00,0x00,0x00,0x16,0x00,0x00,0x00,0x14,
    0x00,0x00,0x00,0x00,0x00,0x00,0x00,0x00,0x00,0x00,0x00,0x48,0x00,0x00,0x00,0x14,
    0x00,0x00,0x00,0x17,0x00,0x00,0x00,0x17,0x00,0x00,0x00,0x14,0x00,0x00,0x00,0x00,
    0x00,0x00,0x00,0x00,0x00,0x00,0x00,0x49,0x00,0x00,0x00,0x14,0x00,0x00,0x00,0x0A,
    0x00,0x00,0x00,0x0A,0x00,0x00,0x00,0x14,0x00,0x00,0x00,0x00,0x00,0x00,0x00,0x00,
    0x00,0x00,0x00,0x4A,0x00,0x00,0x00,0x19,0x00,0x00,0x00,0x0C,0x00,0x00,0x00,0x0A,
    0x00,0x00,0x00,0x14,0xFF,0xFF,0xFF,0xFE,0x00,0x00,0x00,0x00,0x00,0x00,0x00,0x4B,
    0x00,0x00,0x00,0x14,0x00,0x00,0x00,0x16,0x00,0x00,0x00,0x15,0x00,0x00,0x00,0x14,
    0x00,0x00,0x00,0x00,0x00,0x00,0x00,0x00,0x00,0x00,0x00,0x4C,0x00,0x00,0x00,0x14,
    0x00,0x00,0x00,0x11,0x00,0x00,0x00,0x11,0x00,0x00,0x00,0x14,0x00,0x00,0x00,0x00,
    0x00,0x00,0x00,0x00,0x00,0x00,0x00,0x4D,0x00,0x00,0x00,0x14,0x00,0x00,0x00,0x1B,
    0x00,0x00,0x00,0x1B,0x00,0x00,0x00,0x14,0x00,0x00,0x00,0x00,0x00,0x00,0x00,0x00,
    0x00,0x00,0x00,0x4E,0x00,0x00,0x00,0x14,0x00,0x00,0x00,0x17,0x00,0x00,0x00,0x17,
    0x00,0x00,0x00,0x14,0x00,0x00,0x00,0x00,0x00,0x00,0x00,0x00,0x00,0x00,0x00,0x4F,
    0x00,0x00,0x00,0x14,0x00,0x00,0x00,0x17,0x00,0x00,0x00,0x17,0x00,0x00,0x00,0x14,
    0x00,0x00,0x00,0x00,0x00,0x00,0x00,0x00,0x00,0x00,0x00,0x50,0x00,0x00,0x00,0x14,
    0x00,0x00,0x00,0x14,0x00,0x00,0x00,0x14,0x00,0x00,0x00,0x14,0x00,0x00,0x00,0x00,
    0x00,0x00,0x00,0x00,0x00,0x00,0x00,0x51,0x00,0x00,0x00,0x18,0x00,0x00,0x00,0x17,
    0x00,0x00,0x00,0x17,0x00,0x00,0x00,0x14,0x00,0x00,0x00,0x00,0x00,0x00,0x00,0x00,
    0x00,0x00,0x00,0x52,0x00,0x00,0x00,0x14,0x00,0x00,0x00,0x15,0x00,0x00,0x00,0x15,
    0x00,0x00,0x00,0x14,0x00,0x00,0x00,0x00,0x00,0x00,0x00,0x00,0x00,0x00,0x00,0x53,
    0x00,0x00,0x00,0x14,0x00,0x00,0x00,0x13,0x00,0x00,0x00,0x13,0x00,0x00,0x00,0x14,
    0x00,0x00,0x00,0x00,0x00,0x00,0x00,0x00,0x00,0x00,0x00,0x54,0x00,0x00,0x00,0x14,
    0x00,0x00,0x00,0x13,0x00,0x00,0x00,0x12,0x00,0x00,0x00,0x14,0x00,0x00,0x00,0x00,
    0x00,0x00,0x00,0x00,0x00,0x00,0x00,0x55,0x00,0x00,0x00,0x14,0x00,0x00,0x00,0x16,
    0x00,0x00,0x00,0x16,0x00,0x00,0x00,0x14,0x00,0x00,0x00,0x00,0x00,0x00,0x00,0x00,
    0x00,0x00,0x00,0x56,0x00,0x00,0x00,0x14,0x00,0x00,0x00,0x15,0x00,0x00,0x00,0x15,
    0x00,0x00,0x00,0x14,0x00,0x00,0x00,0x00,0x00,0x00,0x00,0x00,0x00,0x00,0x00,0x57,
    0x00,0x00,0x00,0x14,0x00,0x00,0x00,0x1E,0x00,0x00,0x00,0x1E,0x00,0x00,0x00,0x14,
    0x00,0x00,0x00,0x00,0x00,0x00,0x00,0x00,0x00,0x00,0x00,0x58,0x00,0x00,0x00,0x14,
    0x00,0x00,0x00,0x15,0x00,0x00,0x00,0x15,0x00,0x00,0x00,0x14,0x00,0x00,0x00,0x00,
    0x00,0x00,0x00,0x00,0x00,0x00,0x00,0x59,0x00,0x00,0x00,0x14,0x00,0x00,0x00,0x15,
    0x00,0x00,0x00,0x14,0x00,0x00,0x00,0x14,0xFF,0xFF,0xFF,0xFF,0x00,0x00,0x00,0x00,
    0x00,0x00,0x00,0x5A,0x00,0x00,0x00,0x14,0x00,0x00,0x00,0x14,0x00,0x00,0x00,0x14,
    0x00,0x00,0x00,0x14,0x00,0x00,0x00,0x00,0x00,0x00,0x00,0x00,0x00,0x00,0x00,0x5B,
    0x00,0x00,0x00,0x18,0x00,0x00,0x00,0x0C,0x00,0x00,0x00,0x0C,0x00,0x00,0x00,0x15,
    0x00,0x00,0x00,0x00,0x00,0x00,0x00,0x00,0x00,0x00,0x00,0x5C,0x00,0x00,0x00,0x16,
    0x00,0x00,0x00,0x0A,0x00,0x00,0x00,0x0A,0x00,0x00,0x00,0x14,0x00,0x00,0x00,0x00,
    0x00,0x00,0x00,0x00,0x00,0x00,0x00,0x5D,0x00,0x00,0x00,0x18,0x00,0x00,0x00,0x0C,
    0x00,0x00,0x00,0x0C,0x00,0x00,0x00,0x15,0x00,0x00,0x00,0x00,0x00,0x00,0x00,0x00,
    0x00,0x00,0x00,0x5E,0x00,0x00,0x00,0x14,0x00,0x00,0x00,0x17,0x00,0x00,0x00,0x17,
    0x00,0x00,0x00,0x14,0x00,0x00,0x00,0x00,0x00,0x00,0x00,0x00,0x00,0x00,0x00,0x5F,
    0x00,0x00,0x00,0x06,0x00,0x00,0x00,0x0E,0x00,0x00,0x00,0x0E,0x00,0x00,0x00,0x00,
    0x00,0x00,0x00,0x00,0x00,0x00,0x00,0x00,0x00,0x00,0x00,0x60,0x00,0x00,0x00,0x16,
    0x00,0x00,0x00,0x0E,0x00,0x00,0x00,0x0E,0x00,0x00,0x00,0x16,0x00,0x00,0x00,0x00,
    0x00,0x00,0x00,0x00,0x00,0x00,0x00,0x61,0x00,0x00,0x00,0x0F,0x00,0x00,0x00,0x12,
    0x00,0x00,0x00,0x12,0x00,0x00,0x00,0x0F,0x00,0x00,0x00,0x00,0x00,0x00,0x00,0x00,
    0x00,0x00,0x00,0x62,0x00,0x00,0x00,0x15,0x00,0x00,0x00,0x13,0x00,0x00,0x00,0x13,
    0x00,0x00,0x00,0x15,0x00,0x00,0x00,0x00,0x00,0x00,0x00,0x00,0x00,0x00,0x00,0x63,
    0x00,0x00,0x00,0x0F,0x00,0x00,0x00,0x10,0x00,0x00,0x00,0x10,0x00,0x00,0x00,0x0F,
    0x00,0x00,0x00,0x00,0x00,0x00,0x00,0x00,0x00,0x00,0x00,0x64,0x00,0x00,0x00,0x15,
    0x00,0x00,0x00,0x13,0x00,0x00,0x00,0x13,0x00,0x00,0x00,0x15,0x00,0x00,0x00,0x00,
    0x00,0x00,0x00,0x00,0x00,0x00,0x00,0x65,0x00,0x00,0x00,0x0F,0x00,0x00,0x00,0x12,
    0x00,0x00,0x00,0x12,0x00,0x00,0x00,0x0F,0x00,0x00,0x00,0x00,0x00,0x00,0x00,0x00,
    0x00,0x00,0x00,0x66,0x00,0x00,0x00,0x15,0x00,0x00,0x00,0x0C,0x00,0x00,0x00,0x0C,
    0x00,0x00,0x00,0x15,0x00,0x00,0x00,0x00,0x00,0x00,0x00,0x00,0x00,0x00,0x00,0x67,
    0x00,0x00,0x00,0x15,0x00,0x00,0x00,0x13,0x00,0x00,0x00,0x13,0x00,0x00,0x00,0x0F,
    0x00,0x00,0x00,0x00,0x00,0x00,0x00,0x00,0x00,0x00,0x00,0x68,0x00,0x00,0x00,0x15,
    0x00,0x00,0x00,0x13,0x00,0x00,0x00,0x13,0x00,0x00,0x00,0x15,0x00,0x00,0x00,0x00,
    0x00,0x00,0x00,0x00,0x00,0x00,0x00,0x69,0x00,0x00,0x00,0x15,0x00,0x00,0x00,0x09,
    0x00,0x00,0x00,0x09,0x00,0x00,0x00,0x15,0x00,0x00,0x00,0x00,0x00,0x00,0x00,0x00,
    0x00,0x00,0x00,0x6A,0x00,0x00,0x00,0x1B,0x00,0x00,0x00,0x0A,0x00,0x00,0x00,0x09,
    0x00,0x00,0x00,0x15,0xFF,0xFF,0xFF,0xFF,0x00,0x00,0x00,0x00,0x00,0x00,0x00,0x6B,
    0x00,0x00,0x00,0x15,0x00,0x00,0x00,0x13,0x00,0x00,0x00,0x12,0x00,0x00,0x00,0x15,
    0x00,0x00,0x00,0x00,0x00,0x00,0x00,0x00,0x00,0x00,0x00,0x6C,0x00,0x00,0x00,0x15,
    0x00,0x00,0x00,0x09,0x00,0x00,0x00,0x09,0x00,0x00,0x00,0x15,0x00,0x00,0x00,0x00,
    0x00,0x00,0x00,0x00,0x00,0x00,0x00,0x6D,0x00,0x00,0x00,0x0F,0x00,0x00,0x00,0x1C,
    0x00,0x00,0x00,0x1C,0x00,0x00,0x00,0x0F,0x00,0x00,0x00,0x00,0x00,0x00,0x00,0x00,
    0x00,0x00,0x00,0x6E,0x00,0x00,0x00,0x0F,0x00,0x00,0x00,0x13,0x00,0x00,0x00,0x13,
    0x00,0x00,0x00,0x0F,0x00,0x00,0x00,0x00,0x00,0x00,0x00,0x00,0x00,0x00,0x00,0x6F,
    0x00,0x00,0x00,0x0F,0x00,0x00,0x00,0x13,0x00,0x00,0x00,0x13,0x00,0x00,0x00,0x0F,
    0x00,0x00,0x00,0x00,0x00,0x00,0x00,0x00,0x00,0x00,0x00,0x70,0x00,0x00,0x00,0x15,
    0x00,0x00,0x00,0x13,0x00,0x00,0x00,0x13,0x00,0x00,0x00,0x0F,0x00,0x00,0x00,0x00,
    0x00,0x00,0x00,0x00,0x00,0x00,0x00,0x71,0x00,0x00,0x00,0x15,0x00,0x00,0x00,0x13,
    0x00,0x00,0x00,0x13,0x00,0x00,0x00,0x0F,0x00,0x00,0x00,0x00,0x00,0x00,0x00,0x00,
    0x00,0x00,0x00,0x72,0x00,0x00,0x00,0x0F,0x00,0x00,0x00,0x0E,0x00,0x00,0x00,0x0D,
    0x00,0x00,0x00,0x0F,0x00,0x00,0x00,0x00,0x00,0x00,0x00,0x00,0x00,0x00,0x00,0x73,
    0x00,0x00,0x00,0x0F,0x00,0x00,0x00,0x10,0x00,0x00,0x00,0x10,0x00,0x00,0x00,0x0F,
    0x00,0x00,0x00,0x00,0x00,0x00,0x00,0x00,0x00,0x00,0x00,0x74,0x00,0x00,0x00,0x13,
    0x00,0x00,0x00,0x0D,0x00,0x00,0x00,0x0D,0x00,0x00,0x00,0x13,0x00,0x00,0x00,0x00,
    0x00,0x00,0x00,0x00,0x00,0x00,0x00,0x75,0x00,0x00,0x00,0x0F,0x00,0x00,0x00,0x13,
    0x00,0x00,0x00,0x13,0x00,0x00,0x00,0x0F,0x00,0x00,0x00,0x00,0x00,0x00,0x00,0x00,
    0x00,0x00,0x00,0x76,0x00,0x00,0x00,0x0F,0x00,0x00,0x00,0x12,0x00,0x00,0x00,0x12,
    0x00,0x00,0x00,0x0F,0x00,0x00,0x00,0x00,0x00,0x00,0x00,0x00,0x00,0x00,0x00,0x77,
    0x00,0x00,0x00,0x0F,0x00,0x00,0x00,0x19,0x00,0x00,0x00,0x19,0x00,0x00,0x00,0x0F,
    0x00,0x00,0x00,0x00,0x00,0x00,0x00,0x00,0x00,0x00,0x00,0x78,0x00,0x00,0x00,0x0F,
    0x00,0x00,0x00,0x11,0x00,0x00,0x00,0x11,0x00,0x00,0x00,0x0F,0x00,0x00,0x00,0x00,
    0x00,0x00,0x00,0x00,0x00,0x00,0x00,0x79,0x00,0x00,0x00,0x15,0x00,0x00,0x00,0x12,
    0x00,0x00,0x00,0x12,0x00,0x00,0x00,0x0F,0x00,0x00,0x00,0x00,0x00,0x00,0x00,0x00,
    0x00,0x00,0x00,0x7A,0x00,0x00,0x00,0x0F,0x00,0x00,0x00,0x10,0x00,0x00,0x00,0x10,
    0x00,0x00,0x00,0x0F,0x00,0x00,0x00,0x00,0x00,0x00,0x00,0x00,0x00,0x00,0x00,0x7B,
    0x00,0x00,0x00,0x19,0x00,0x00,0x00,0x13,0x00,0x00,0x00,0x13,0x00,0x00,0x00,0x15,
    0x00,0x00,0x00,0x00,0x00,0x00,0x00,0x00,0x00,0x00,0x00,0x7C,0x00,0x00,0x00,0x1B,
    0x00,0x00,0x00,0x0A,0x00,0x00,0x00,0x0A,0x00,0x00,0x00,0x15,0x00,0x00,0x00,0x00,
    0x00,0x00,0x00,0x00,0x00,0x00,0x00,0x7D,0x00,0x00,0x00,0x19,0x00,0x00,0x00,0x13,
    0x00,0x00,0x00,0x13,0x00,0x00,0x00,0x15,0x00,0x00,0x00,0x00,0x00,0x00,0x00,0x00,
    0x00,0x00,0x00,0x7E,0x00,0x00,0x00,0x0C,0x00,0x00,0x00,0x17,0x00,0x00,0x00,0x17,
    0x00,0x00,0x00,0x0C,0x00,0x00,0x00,0x00,0x00,0x00,0x00,0x00,0x00,0x00,0x00,0xB0,
    0x00,0x00,0x00,0x14,0x00,0x00,0x00,0x0E,0x00,0x00,0x00,0x0E,0x00,0x00,0x00,0x14,
    0x00,0x00,0x00,0x00,0x00,0x00,0x00,0x00,0x00,0x00,0x00,0xC0,0x00,0x00,0x00,0x19,
    0x00,0x00,0x00,0x15,0x00,0x00,0x00,0x15,0x00,0x00,0x00,0x19,0x00,0x00,0x00,0x00,
    0x00,0x00,0x00,0x00,0x00,0x00,0x00,0xC1,0x00,0x00,0x00,0x19,0x00,0x00,0x00,0x15,
    0x00,0x00,0x00,0x15,0x00,0x00,0x00,0x19,0x00,0x00,0x00,0x00,0x00,0x00,0x00,0x00,
    0x00,0x00,0x00,0xC2,0x00,0x00,0x00,0x19,0x00,0x00,0x00,0x15,0x00,0x00,0x00,0x15,
    0x00,0x00,0x00,0x19,0x00,0x00,0x00,0x00,0x00,0x00,0x00,0x00,0x00,0x00,0x00,0xC3,
    0x00,0x00,0x00,0x1A,0x00,0x00,0x00,0x15,0x00,0x00,0x00,0x15,0x00,0x00,0x00,0x1A,
    0x00,0x00,0x00,0x00,0x00,0x00,0x00,0x00,0x00,0x00,0x00,0xC8,0x00,0x00,0x00,0x19,
    0x00,0x00,0x00,0x12,0x00,0x00,0x00,0x12,0x00,0x00,0x00,0x19,0x00,0x00,0x00,0x00,
    0x00,0x00,0x00,0x00,0x00,0x00,0x00,0xC9,0x00,0x00,0x00,0x19,0x00,0x00,0x00,0x12,
    0x00,0x00,0x00,0x12,0x00,0x00,0x00,0x19,0x00,0x00,0x00,0x00,0x00,0x00,0x00,0x00,
    0x00,0x00,0x00,0xCA,0x00,0x00,0x00,0x19,0x00,0x00,0x00,0x12,0x00,0x00,0x00,0x12,
    0x00,0x00,0x00,0x19,0x00,0x00,0x00,0x00,0x00,0x00,0x00,0x00,0x00,0x00,0x00,0xCC,
    0x00,0x00,0x00,0x19,0x00,0x00,0x00,0x0A,0x00,0x00,0x00,0x0A,0x00,0x00,0x00,0x19,
    0x00,0x00,0x00,0x00,0x00,0x00,0x00,0x00,0x00,0x00,0x00,0xCD,0x00,0x00,0x00,0x19,
    0x00,0x00,0x00,0x0A,0x00,0x00,0x00,0x0A,0x00,0x00,0x00,0x19,0x00,0x00,0x00,0x00,
    0x00,0x00,0x00,0x00,0x00,0x00,0x00,0xD2,0x00,0x00,0x00,0x19,0x00,0x00,0x00,0x17,
    0x00,0x00,0x00,0x17,0x00,0x00,0x00,0x19,0x00,0x00,0x00,0x00,0x00,0x00,0x00,0x00,
    0x00,0x00,0x00,0xD3,0x00,0x00,0x00,0x19,0x00,0x00,0x00,0x17,0x00,0x00,0x00,0x17,
    0x00,0x00,0x00,0x19,0x00,0x00,0x00,0x00,0x00,0x00,0x00,0x00,0x00,0x00,0x00,0xD4,
    0x00,0x00,0x00,0x19,0x00,0x00,0x00,0x17,0x00,0x00,0x00,0x17,0x00,0x00,0x00,0x19,
    0x00,0x00,0x00,0x00,0x00,0x00,0x00,0x00,0x00,0x00,0x00,0xD5,0x00,0x00,0x00,0x1A,
    0x00,0x00,0x00,0x17,0x00,0x00,0x00,0x17,0x00,0x00,0x00,0x1A,0x00,0x00,0x00,0x00,
    0x00,0x00,0x00,0x00,0x00,0x00,0x00,0xD9,0x00,0x00,0x00,0x19,0x00,0x00,0x00,0x16,
    0x00,0x00,0x00,0x16,0x00,0x00,0x00,0x19,0x00,0x00,0x00,0x00,0x00,0x00,0x00,0x00,
    0x00,0x00,0x00,0xDA,0x00,0x00,0x00,0x19,0x00,0x00,0x00,0x16,0x00,0x00,0x00,0x16,
    0x00,0x00,0x00,0x19,0x00,0x00,0x00,0x00,0x00,0x00,0x00,0x00,0x00,0x00,0x00,0xDD,
    0x00,0x00,0x00,0x19,0x00,0x00,0x00,0x15,0x00,0x00,0x00,0x14,0x00,0x00,0x00,0x19,
    0xFF,0xFF,0xFF,0xFF,0x00,0x00,0x00,0x00,0x00,0x00,0x00,0xE0,0x00,0x00,0x00,0x16,
    0x00,0x00,0x00,0x12,0x00,0x00,0x00,0x12,0x00,0x00,0x00,0x16,0x00,0x00,0x00,0x00,
    0x00,0x00,0x00,0x00,0x00,0x00,0x00,0xE1,0x00,0x00,0x00,0x16,0x00,0x00,0x00,0x12,
    0x00,0x00,0x00,0x12,0x00,0x00,0x00,0x16,0x00,0x00,0x00,0x00,0x00,0x00,0x00,0x00,
    0x00,0x00,0x00,0xE2,0x00,0x00,0x00,0x16,0x00,0x00,0x00,0x12,0x00,0x00,0x00,0x12,
    0x00,0x00,0x00,0x16,0x00,0x00,0x00,0x00,0x00,0x00,0x00,0x00,0x00,0x00,0x00,0xE3,
    0x00,0x00,0x00,0x16,0x00,0x00,0x00,0x12,0x00,0x00,0x00,0x12,0x00,0x00,0x00,0x16,
    0x00,0x00,0x00,0x00,0x00,0x00,0x00,0x00,0x00,0x00,0x00,0xE8,0x00,0x00,0x00,0x16,
    0x00,0x00,0x00,0x12,0x00,0x00,0x00,0x12,0x00,0x00,0x00,0x16,0x00,0x00,0x00,0x00,
    0x00,0x00,0x00,0x00,0x00,0x00,0x00,0xE9,0x00,0x00,0x00,0x16,0x00,0x00,0x00,0x12,
    0x00,0x00,0x00,0x12,0x00,0x00,0x00,0x16,0x00,0x00,0x00,0x00,0x00,0x00,0x00,0x00,
    0x00,0x00,0x00,0xEA,0x00,0x00,0x00,0x16,0x00,0x00,0x00,0x12,0x00,0x00,0x00,0x12,
    0x00,0x00,0x00,0x16,0x00,0x00,0x00,0x00,0x00,0x00,0x00,0x00,0x00,0x00,0x00,0xEC,
    0x00,0x00,0x00,0x16,0x00,0x00,0x00,0x0A,0x00,0x00,0x00,0x09,0x00,0x00,0x00,0x16,
    0xFF,0xFF,0xFF,0xFF,0x00,0x00,0x00,0x00,0x00,0x00,0x00,0xED,0x00,0x00,0x00,0x16,
    0x00,0x00,0x00,0x0B,0x00,0x00,0x00,0x09,0x00,0x00,0x00,0x16,0x00,0x00,0x00,0x00,
    0x00,0x00,0x00,0x00,0x00,0x00,0x00,0xF2,0x00,0x00,0x00,0x16,0x00,0x00,0x00,0x13,
    0x00,0x00,0x00,0x13,0x00,0x00,0x00,0x16,0x00,0x00,0x00,0x00,0x00,0x00,0x00,0x00,
    0x00,0x00,0x00,0xF3,0x00,0x00,0x00,0x16,0x00,0x00,0x00,0x13,0x00,0x00,0x00,0x13,
    0x00,0x00,0x00,0x16,0x00,0x00,0x00,0x00,0x00,0x00,0x00,0x00,0x00,0x00,0x00,0xF4,
    0x00,0x00,0x00,0x16,0x00,0x00,0x00,0x13,0x00,0x00,0x00,0x13,0x00,0x00,0x00,0x16,
    0x00,0x00,0x00,0x00,0x00,0x00,0x00,0x00,0x00,0x00,0x00,0xF5,0x00,0x00,0x00,0x16,
    0x00,0x00,0x00,0x13,0x00,0x00,0x00,0x13,0x00,0x00,0x00,0x16,0x00,0x00,0x00,0x00,
    0x00,0x00,0x00,0x00,0x00,0x00,0x00,0xF9,0x00,0x00,0x00,0x16,0x00,0x00,0x00,0x13,
    0x00,0x00,0x00,0x13,0x00,0x00,0x00,0x16,0x00,0x00,0x00,0x00,0x00,0x00,0x00,0x00,
    0x00,0x00,0x00,0xFA,0x00,0x00,0x00,0x16,0x00,0x00,0x00,0x13,0x00,0x00,0x00,0x13,
    0x00,0x00,0x00,0x16,0x00,0x00,0x00,0x00,0x00,0x00,0x00,0x00,0x00,0x00,0x00,0xFD,
    0x00,0x00,0x00,0x1C,0x00,0x00,0x00,0x12,0x00,0x00,0x00,0x12,0x00,0x00,0x00,0x16,
    0x00,0x00,0x00,0x00,0x00,0x00,0x00,0x00,0x00,0x00,0x01,0x02,0x00,0x00,0x00,0x19,
    0x00,0x00,0x00,0x15,0x00,0x00,0x00,0x15,0x00,0x00,0x00,0x19,0x00,0x00,0x00,0x00,
    0x00,0x00,0x00,0x00,0x00,0x00,0x01,0x03,0x00,0x00,0x00,0x15,0x00,0x00,0x00,0x12,
    0x00,0x00,0x00,0x12,0x00,0x00,0x00,0x15,0x00,0x00,0x00,0x00,0x00,0x00,0x00,0x00,
    0x00,0x00,0x01,0x10,0x00,0x00,0x00,0x14,0x00,0x00,0x00,0x17,0x00,0x00,0x00,0x17,
    0x00,0x00,0x00,0x14,0x00,0x00,0x00,0x00,0x00,0x00,0x00,0x00,0x00,0x00,0x01,0x11,
    0x00,0x00,0x00,0x15,0x00,0x00,0x00,0x14,0x00,0x00,0x00,0x13,0x00,0x00,0x00,0x15,
    0x00,0x00,0x00,0x00,0x00,0x00,0x00,0x00,0x00,0x00,0x01,0x28,0x00,0x00,0x00,0x1A,
    0x00,0x00,0x00,0x0A,0x00,0x00,0x00,0x0A,0x00,0x00,0x00,0x1A,0x00,0x00,0x00,0x00,
    0x00,0x00,0x00,0x00,0x00,0x00,0x01,0x29,0x00,0x00,0x00,0x16,0x00,0x00,0x00,0x0A,
    0x00,0x00,0x00,0x09,0x00,0x00,0x00,0x16,0x00,0x00,0x00,0x00,0x00,0x00,0x00,0x00,
    0x00,0x00,0x01,0x68,0x00,0x00,0x00,0x1A,0x00,0x00,0x00,0x16,0x00,0x00,0x00,0x16,
    0x00,0x00,0x00,0x1A,0x00,0x00,0x00,0x00,0x00,0x00,0x00,0x00,0x00,0x00,0x01,0x69,
    0x00,0x00,0x00,0x16,0x00,0x00,0x00,0x13,0x00,0x00,0x00,0x13,0x00,0x00,0x00,0x16,
    0x00,0x00,0x00,0x00,0x00,0x00,0x00,0x00,0x00,0x00,0x01,0xA0,0x00,0x00,0x00,0x15,
    0x00,0x00,0x00,0x18,0x00,0x00,0x00,0x18,0x00,0x00,0x00,0x15,0x00,0x00,0x00,0x00,
    0x00,0x00,0x00,0x00,0x00,0x00,0x01,0xA1,0x00,0x00,0x00,0x11,0x00,0x00,0x00,0x14,
    0x00,0x00,0x00,0x13,0x00,0x00,0x00,0x11,0x00,0x00,0x00,0x00,0x00,0x00,0x00,0x00,
    0x00,0x00,0x01,0xAF,0x00,0x00,0x00,0x15,0x00,0x00,0x00,0x17,0x00,0x00,0x00,0x17,
    0x00,0x00,0x00,0x15,0x00,0x00,0x00,0x00,0x00,0x00,0x00,0x00,0x00,0x00,0x01,0xB0,
    0x00,0x00,0x00,0x11,0x00,0x00,0x00,0x14,0x00,0x00,0x00,0x13,0x00,0x00,0x00,0x11,
    0x00,0x00,0x00,0x00,0x00,0x00,0x00,0x00,0x00,0x00,0x1E,0xA0,0x00,0x00,0x00,0x1A,
    0x00,0x00,0x00,0x15,0x00,0x00,0x00,0x15,0x00,0x00,0x00,0x14,0x00,0x00,0x00,0x00,
    0x00,0x00,0x00,0x00,0x00,0x00,0x1E,0xA1,0x00,0x00,0x00,0x15,0x00,0x00,0x00,0x12,
    0x00,0x00,0x00,0x12,0x00,0x00,0x00,0x0F,0x00,0x00,0x00,0x00,0x00,0x00,0x00,0x00,
    0x00,0x00,0x1E,0xA2,0x00,0x00,0x00,0x1C,0x00,0x00,0x00,0x15,0x00,0x00,0x00,0x15,
    0x00,0x00,0x00,0x1C,0x00,0x00,0x00,0x00,0x00,0x00,0x00,0x00,0x00,0x00,0x1E,0xA3,
    0x00,0x00,0x00,0x17,0x00,0x00,0x00,0x12,0x00,0x00,0x00,0x12,0x00,0x00,0x00,0x17,
    0x00,0x00,0x00,0x00,0x00,0x00,0x00,0x00,0x00,0x00,0x1E,0xA4,0x00,0x00,0x00,0x1C,
    0x00,0x00,0x00,0x15,0x00,0x00,0x00,0x15,0x00,0x00,0x00,0x1C,0x00,0x00,0x00,0x00,
    0x00,0x00,0x00,0x00,0x00,0x00,0x1E,0xA5,0x00,0x00,0x00,0x17,0x00,0x00,0x00,0x12,
    0x00,0x00,0x00,0x12,0x00,0x00,0x00,0x17,0x00,0x00,0x00,0x00,0x00,0x00,0x00,0x00,
    0x00,0x00,0x1E,0xA6,0x00,0x00,0x00,0x1C,0x00,0x00,0x00,0x15,0x00,0x00,0x00,0x15,
    0x00,0x00,0x00,0x1C,0x00,0x00,0x00,0x00,0x00,0x00,0x00,0x00,0x00,0x00,0x1E,0xA7,
    0x00,0x00,0x00,0x17,0x00,0x00,0x00,0x12,0x00,0x00,0x00,0x12,0x00,0x00,0x00,0x17,
    0x00,0x00,0x00,0x00,0x00,0x00,0x00,0x00,0x00,0x00,0x1E,0xA8,0x00,0x00,0x00,0x1E,
    0x00,0x00,0x00,0x15,0x00,0x00,0x00,0x15,0x00,0x00,0x00,0x1E,0x00,0x00,0x00,0x00,
    0x00,0x00,0x00,0x00,0x00,0x00,0x1E,0xA9,0x00,0x00,0x00,0x19,0x00,0x00,0x00,0x13,
    0x00,0x00,0x00,0x12,0x00,0x00,0x00,0x19,0x00,0x00,0x00,0x00,0x00,0x00,0x00,0x00,
    0x00,0x00,0x1E,0xAA,0x00,0x00,0x00,0x1E,0x00,0x00,0x00,0x15,0x00,0x00,0x00,0x15,
    0x00,0x00,0x00,0x1E,0x00,0x00,0x00,0x00,0x00,0x00,0x00,0x00,0x00,0x00,0x1E,0xAB,
    0x00,0x00,0x00,0x19,0x00,0x00,0x00,0x12,0x00,0x00,0x00,0x12,0x00,0x00,0x00,0x19,
    0x00,0x00,0x00,0x00,0x00,0x00,0x00,0x00,0x00,0x00,0x1E,0xAC,0x00,0x00,0x00,0x1F,
    0x00,0x00,0x00,0x15,0x00,0x00,0x00,0x15,0x00,0x00,0x00,0x19,0x00,0x00,0x00,0x00,
    0x00,0x00,0x00,0x00,0x00,0x00,0x1E,0xAD,0x00,0x00,0x00,0x1C,0x00,0x00,0x00,0x12,
    0x00,0x00,0x00,0x12,0x00,0x00,0x00,0x16,0x00,0x00,0x00,0x00,0x00,0x00,0x00,0x00,
    0x00,0x00,0x1E,0xAE,0x00,0x00,0x00,0x1C,0x00,0x00,0x00,0x15,0x00,0x00,0x00,0x15,
    0x00,0x00,0x00,0x1C,0x00,0x00,0x00,0x00,0x00,0x00,0x00,0x00,0x00,0x00,0x1E,0xAF,
    0x00,0x00,0x00,0x18,0x00,0x00,0x00,0x12,0x00,0x00,0x00,0x12,0x00,0x00,0x00,0x18,
    0x00,0x00,0x00,0x00,0x00,0x00,0x00,0x00,0x00,0x00,0x1E,0xB0,0x00,0x00,0x00,0x1C,
    0x00,0x00,0x00,0x15,0x00,0x00,0x00,0x15,0x00,0x00,0x00,0x1C,0x00,0x00,0x00,0x00,
    0x00,0x00,0x00,0x00,0x00,0x00,0x1E,0xB1,0x00,0x00,0x00,0x18,0x00,0x00,0x00,0x12,
    0x00,0x00,0x00,0x12,0x00,0x00,0x00,0x18,0x00,0x00,0x00,0x00,0x00,0x00,0x00,0x00,
    0x00,0x00,0x1E,0xB2,0x00,0x00,0x00,0x1F,0x00,0x00,0x00,0x15,0x00,0x00,0x00,0x15,
    0x00,0x00,0x00,0x1F,0x00,0x00,0x00,0x00,0x00,0x00,0x00,0x00,0x00,0x00,0x1E,0xB3,
    0x00,0x00,0x00,0x1B,0x00,0x00,0x00,0x12,0x00,0x00,0x00,0x12,0x00,0x00,0x00,0x1B,
    0x00,0x00,0x00,0x00,0x00,0x00,0x00,0x00,0x00,0x00,0x1E,0xB4,0x00,0x00,0x00,0x1E,
    0x00,0x00,0x00,0x15,0x00,0x00,0x00,0x15,0x00,0x00,0x00,0x1E,0x00,0x00,0x00,0x00,
    0x00,0x00,0x00,0x00,0x00,0x00,0x1E,0xB5,0x00,0x00,0x00,0x1A,0x00,0x00,0x00,0x12,
    0x00,0x00,0x00,0x12,0x00,0x00,0x00,0x1A,0x00,0x00,0x00,0x00,0x00,0x00,0x00,0x00,
    0x00,0x00,0x1E,0xB6,0x00,0x00,0x00,0x1F,0x00,0x00,0x00,0x15,0x00,0x00,0x00,0x15,
    0x00,0x00,0x00,0x19,0x00,0x00,0x00,0x00,0x00,0x00,0x00,0x00,0x00,0x00,0x1E,0xB7,
    0x00,0x00,0x00,0x1B,0x00,0x00,0x00,0x12,0x00,0x00,0x00,0x12,0x00,0x00,0x00,0x15,
    0x00,0x00,0x00,0x00,0x00,0x00,0x00,0x00,0x00,0x00,0x1E,0xB8,0x00,0x00,0x00,0x1A,
    0x00,0x00,0x00,0x12,0x00,0x00,0x00,0x12,0x00,0x00,0x00,0x14,0x00,0x00,0x00,0x00,
    0x00,0x00,0x00,0x00,0x00,0x00,0x1E,0xB9,0x00,0x00,0x00,0x15,0x00,0x00,0x00,0x12,
    0x00,0x00,0x00,0x12,0x00,0x00,0x00,0x0F,0x00,0x00,0x00,0x00,0x00,0x00,0x00,0x00,
    0x00,0x00,0x1E,0xBA,0x00,0x00,0x00,0x1C,0x00,0x00,0x00,0x12,0x00,0x00,0x00,0x12,
    0x00,0x00,0x00,0x1C,0x00,0x00,0x00,0x00,0x00,0x00,0x00,0x00,0x00,0x00,0x1E,0xBB,
    0x00,0x00,0x00,0x17,0x00,0x00,0x00,0x12,0x00,0x00,0x00,0x12,0x00,0x00,0x00,0x17,
    0x00,0x00,0x00,0x00,0x00,0x00,0x00,0x00,0x00,0x00,0x1E,0xBC,0x00,0x00,0x00,0x1A,
    0x00,0x00,0x00,0x12,0x00,0x00,0x00,0x12,0x00,0x00,0x00,0x1A,0x00,0x00,0x00,0x00,
    0x00,0x00,0x00,0x00,0x00,0x00,0x1E,0xBD,0x00,0x00,0x00,0x16,0x00,0x00,0x00,0x12,
    0x00,0x00,0x00,0x12,0x00,0x00,0x00,0x16,0x00,0x00,0x00,0x00,0x00,0x00,0x00,0x00,
    0x00,0x00,0x1E,0xBE,0x00,0x00,0x00,0x1C,0x00,0x00,0x00,0x13,0x00,0x00,0x00,0x12,
    0x00,0x00,0x00,0x1C,0x00,0x00,0x00,0x00,0x00,0x00,0x00,0x00,0x00,0x00,0x1E,0xBF,
    0x00,0x00,0x00,0x17,0x00,0x00,0x00,0x13,0x00,0x00,0x00,0x12,0x00,0x00,0x00,0x17,
    0x00,0x00,0x00,0x00,0x00,0x00,0x00,0x00,0x00,0x00,0x1E,0xC0,0x00,0x00,0x00,0x1C,
    0x00,0x00,0x00,0x12,0x00,0x00,0x00,0x12,0x00,0x00,0x00,0x1C,0x00,0x00,0x00,0x00,
    0x00,0x00,0x00,0x00,0x00,0x00,0x1E,0xC1,0x00,0x00,0x00,0x17,0x00,0x00,0x00,0x12,
    0x00,0x00,0x00,0x12,0x00,0x00,0x00,0x17,0x00,0x00,0x00,0x00,0x00,0x00,0x00,0x00,
    0x00,0x00,0x1E,0xC2,0x00,0x00,0x00,0x1E,0x00,0x00,0x00,0x13,0x00,0x00,0x00,0x12,
    0x00,0x00,0x00,0x1E,0x00,0x00,0x00,0x00,0x00,0x00,0x00,0x00,0x00,0x00,0x1E,0xC3,
    0x00,0x00,0x00,0x19,0x00,0x00,0x00,0x13,0x00,0x00,0x00,0x12,0x00,0x00,0x00,0x19,
    0x00,0x00,0x00,0x00,0x00,0x00,0x00,0x00,0x00,0x00,0x1E,0xC4,0x00,0x00,0x00,0x1E,
    0x00,0x00,0x00,0x12,0x00,0x00,0x00,0x12,0x00,0x00,0x00,0x1E,0x00,0x00,0x00,0x00,
    0x00,0x00,0x00,0x00,0x00,0x00,0x1E,0xC5,0x00,0x00,0x00,0x19,0x00,0x00,0x00,0x12,
    0x00,0x00,0x00,0x12,0x00,0x00,0x00,0x19,0x00,0x00,0x00,0x00,0x00,0x00,0x00,0x00,
    0x00,0x00,0x1E,0xC6,0x00,0x00,0x00,0x1F,0x00,0x00,0x00,0x12,0x00,0x00,0x00,0x12,
    0x00,0x00,0x00,0x19,0x00,0x00,0x00,0x00,0x00,0x00,0x00,0x00,0x00,0x00,0x1E,0xC7,
    0x00,0x00,0x00,0x1C,0x00,0x00,0x00,0x12,0x00,0x00,0x00,0x12,0x00,0x00,0x00,0x16,
    0x00,0x00,0x00,0x00,0x00,0x00,0x00,0x00,0x00,0x00,0x1E,0xC8,0x00,0x00,0x00,0x1C,
    0x00,0x00,0x00,0x0A,0x00,0x00,0x00,0x0A,0x00,0x00,0x00,0x1C,0x00,0x00,0x00,0x00,
    0x00,0x00,0x00,0x00,0x00,0x00,0x1E,0xC9,0x00,0x00,0x00,0x17,0x00,0x00,0x00,0x09,
    0x00,0x00,0x00,0x09,0x00,0x00,0x00,0x17,0x00,0x00,0x00,0x00,0x00,0x00,0x00,0x00,
    0x00,0x00,0x1E,0xCA,0x00,0x00,0x00,0x1A,0x00,0x00,0x00,0x0A,0x00,0x00,0x00,0x0A,
    0x00,0x00,0x00,0x14,0x00,0x00,0x00,0x00,0x00,0x00,0x00,0x00,0x00,0x00,0x1E,0xCB,
    0x00,0x00,0x00,0x1B,0x00,0x00,0x00,0x09,0x00,0x00,0x00,0x09,0x00,0x00,0x00,0x15,
    0x00,0x00,0x00,0x00,0x00,0x00,0x00,0x00,0x00,0x00,0x1E,0xCC,0x00,0x00,0x00,0x1A,
    0x00,0x00,0x00,0x17,0x00,0x00,0x00,0x17,0x00,0x00,0x00,0x14,0x00,0x00,0x00,0x00,
    0x00,0x00,0x00,0x00,0x00,0x00,0x1E,0xCD,0x00,0x00,0x00,0x15,0x00,0x00,0x00,0x13,
    0x00,0x00,0x00,0x13,0x00,0x00,0x00,0x0F,0x00,0x00,0x00,0x00,0x00,0x00,0x00,0x00,
    0x00,0x00,0x1E,0xCE,0x00,0x00,0x00,0x1C,0x00,0x00,0x00,0x17,0x00,0x00,0x00,0x17,
    0x00,0x00,0x00,0x1C,0x00,0x00,0x00,0x00,0x00,0x00,0x00,0x00,0x00,0x00,0x1E,0xCF,
    0x00,0x00,0x00,0x17,0x00,0x00,0x00,0x13,0x00,0x00,0x00,0x13,0x00,0x00,0x00,0x17,
    0x00,0x00,0x00,0x00,0x00,0x00,0x00,0x00,0x00,0x00,0x1E,0xD0,0x00,0x00,0x00,0x1C,
    0x00,0x00,0x00,0x17,0x00,0x00,0x00,0x17,0x00,0x00,0x00,0x1C,0x00,0x00,0x00,0x00,
    0x00,0x00,0x00,0x00,0x00,0x00,0x1E,0xD1,0x00,0x00,0x00,0x17,0x00,0x00,0x00,0x13,
    0x00,0x00,0x00,0x13,0x00,0x00,0x00,0x17,0x00,0x00,0x00,0x00,0x00,0x00,0x00,0x00,
    0x00,0x00,0x1E,0xD2,0x00,0x00,0x00,0x1C,0x00,0x00,0x00,0x17,0x00,0x00,0x00,0x17,
    0x00,0x00,0x00,0x1C,0x00,0x00,0x00,0x00,0x00,0x00,0x00,0x00,0x00,0x00,0x1E,0xD3,
    0x00,0x00,0x00,0x17,0x00,0x00,0x00,0x13,0x00,0x00,0x00,0x13,0x00,0x00,0x00,0x17,
    0x00,0x00,0x00,0x00,0x00,0x00,0x00,0x00,0x00,0x00,0x1E,0xD4,0x00,0x00,0x00,0x1E,
    0x00,0x00,0x00,0x17,0x00,0x00,0x00,0x17,0x00,0x00,0x00,0x1E,0x00,0x00,0x00,0x00,
    0x00,0x00,0x00,0x00,0x00,0x00,0x1E,0xD5,0x00,0x00,0x00,0x19,0x00,0x00,0x00,0x13,
    0x00,0x00,0x00,0x13,0x00,0x00,0x00,0x19,0x00,0x00,0x00,0x00,0x00,0x00,0x00,0x00,
    0x00,0x00,0x1E,0xD6,0x00,0x00,0x00,0x1E,0x00,0x00,0x00,0x17,0x00,0x00,0x00,0x17,
    0x00,0x00,0x00,0x1E,0x00,0x00,0x00,0x00,0x00,0x00,0x00,0x00,0x00,0x00,0x1E,0xD7,
    0x00,0x00,0x00,0x19,0x00,0x00,0x00,0x13,0x00,0x00,0x00,0x13,0x00,0x00,0x00,0x19,
    0x00,0x00,0x00,0x00,0x00,0x00,0x00,0x00,0x00,0x00,0x1E,0xD8,0x00,0x00,0x00,0x1F,
    0x00,0x00,0x00,0x17,0x00,0x00,0x00,0x17,0x00,0x00,0x00,0x19,0x00,0x00,0x00,0x00,
    0x00,0x00,0x00,0x00,0x00,0x00,0x1E,0xD9,0x00,0x00,0x00,0x1C,0x00,0x00,0x00,0x13,
    0x00,0x00,0x00,0x13,0x00,0x00,0x00,0x16,0x00,0x00,0x00,0x00,0x00,0x00,0x00,0x00,
    0x00,0x00,0x1E,0xDA,0x00,0x00,0x00,0x19,0x00,0x00,0x00,0x18,0x00,0x00,0x00,0x18,
    0x00,0x00,0x00,0x19,0x00,0x00,0x00,0x00,0x00,0x00,0x00,0x00,0x00,0x00,0x1E,0xDB,
    0x00,0x00,0x00,0x16,0x00,0x00,0x00,0x14,0x00,0x00,0x00,0x13,0x00,0x00,0x00,0x16,
    0x00,0x00,0x00,0x00,0x00,0x00,0x00,0x00,0x00,0x00,0x1E,0xDC,0x00,0x00,0x00,0x19,
    0x00,0x00,0x00,0x18,0x00,0x00,0x00,0x18,0x00,0x00,0x00,0x19,0x00,0x00,0x00,0x00,
    0x00,0x00,0x00,0x00,0x00,0x00,0x1E,0xDD,0x00,0x00,0x00,0x16,0x00,0x00,0x00,0x14,
    0x00,0x00,0x00,0x13,0x00,0x00,0x00,0x16,0x00,0x00,0x00,0x00,0x00,0x00,0x00,0x00,
    0x00,0x00,0x1E,0xDE,0x00,0x00,0x00,0x1C,0x00,0x00,0x00,0x18,0x00,0x00,0x00,0x18,
    0x00,0x00,0x00,0x1C,0x00,0x00,0x00,0x00,0x00,0x00,0x00,0x00,0x00,0x00,0x1E,0xDF,
    0x00,0x00,0x00,0x17,0x00,0x00,0x00,0x14,0x00,0x00,0x00,0x13,0x00,0x00,0x00,0x17,
    0x00,0x00,0x00,0x00,0x00,0x00,0x00,0x00,0x00,0x00,0x1E,0xE0,0x00,0x00,0x00,0x1A,
    0x00,0x00,0x00,0x18,0x00,0x00,0x00,0x18,0x00,0x00,0x00,0x1A,0x00,0x00,0x00,0x00,
    0x00,0x00,0x00,0x00,0x00,0x00,0x1E,0xE1,0x00,0x00,0x00,0x16,0x00,0x00,0x00,0x14,
    0x00,0x00,0x00,0x13,0x00,0x00,0x00,0x16,0x00,0x00,0x00,0x00,0x00,0x00,0x00,0x00,
    0x00,0x00,0x1E,0xE2,0x00,0x00,0x00,0x1B,0x00,0x00,0x00,0x18,0x00,0x00,0x00,0x18,
    0x00,0x00,0x00,0x15,0x00,0x00,0x00,0x00,0x00,0x00,0x00,0x00,0x00,0x00,0x1E,0xE3,
    0x00,0x00,0x00,0x17,0x00,0x00,0x00,0x14,0x00,0x00,0x00,0x13,0x00,0x00,0x00,0x11,
    0x00,0x00,0x00,0x00,0x00,0x00,0x00,0x00,0x00,0x00,0x1E,0xE4,0x00,0x00,0x00,0x1A,
    0x00,0x00,0x00,0x16,0x00,0x00,0x00,0x16,0x00,0x00,0x00,0x14,0x00,0x00,0x00,0x00,
    0x00,0x00,0x00,0x00,0x00,0x00,0x1E,0xE5,0x00,0x00,0x00,0x15,0x00,0x00,0x00,0x13,
    0x00,0x00,0x00,0x13,0x00,0x00,0x00,0x0F,0x00,0x00,0x00,0x00,0x00,0x00,0x00,0x00,
    0x00,0x00,0x1E,0xE6,0x00,0x00,0x00,0x1C,0x00,0x00,0x00,0x16,0x00,0x00,0x00,0x16,
    0x00,0x00,0x00,0x1C,0x00,0x00,0x00,0x00,0x00,0x00,0x00,0x00,0x00,0x00,0x1E,0xE7,
    0x00,0x00,0x00,0x17,0x00,0x00,0x00,0x13,0x00,0x00,0x00,0x13,0x00,0x00,0x00,0x17,
    0x00,0x00,0x00,0x00,0x00,0x00,0x00,0x00,0x00,0x00,0x1E,0xE8,0x00,0x00,0x00,0x19,
    0x00,0x00,0x00,0x17,0x00,0x00,0x00,0x17,0x00,0x00,0x00,0x19,0x00,0x00,0x00,0x00,
    0x00,0x00,0x00,0x00,0x00,0x00,0x1E,0xE9,0x00,0x00,0x00,0x16,0x00,0x00,0x00,0x14,
    0x00,0x00,0x00,0x13,0x00,0x00,0x00,0x16,0x00,0x00,0x00,0x00,0x00,0x00,0x00,0x00,
    0x00,0x00,0x1E,0xEA,0x00,0x00,0x00,0x19,0x00,0x00,0x00,0x17,0x00,0x00,0x00,0x17,
    0x00,0x00,0x00,0x19,0x00,0x00,0x00,0x00,0x00,0x00,0x00,0x00,0x00,0x00,0x1E,0xEB,
    0x00,0x00,0x00,0x16,0x00,0x00,0x00,0x14,0x00,0x00,0x00,0x13,0x00,0x00,0x00,0x16,
    0x00,0x00,0x00,0x00,0x00,0x00,0x00,0x00,0x00,0x00,0x1E,0xEC,0x00,0x00,0x00,0x1C,
    0x00,0x00,0x00,0x17,0x00,0x00,0x00,0x17,0x00,0x00,0x00,0x1C,0x00,0x00,0x00,0x00,
    0x00,0x00,0x00,0x00,0x00,0x00,0x1E,0xED,0x00,0x00,0x00,0x17,0x00,0x00,0x00,0x14,
    0x00,0x00,0x00,0x13,0x00,0x00,0x00,0x17,0x00,0x00,0x00,0x00,0x00,0x00,0x00,0x00,
    0x00,0x00,0x1E,0xEE,0x00,0x00,0x00,0x1A,0x00,0x00,0x00,0x17,0x00,0x00,0x00,0x17,
    0x00,0x00,0x00,0x1A,0x00,0x00,0x00,0x00,0x00,0x00,0x00,0x00,0x00,0x00,0x1E,0xEF,
    0x00,0x00,0x00,0x16,0x00,0x00,0x00,0x14,0x00,0x00,0x00,0x13,0x00,0x00,0x00,0x16,
    0x00,0x00,0x00,0x00,0x00,0x00,0x00,0x00,0x00,0x00,0x1E,0xF0,0x00,0x00,0x00,0x1B,
    0x00,0x00,0x00,0x17,0x00,0x00,0x00,0x17,0x00,0x00,0x00,0x15,0x00,0x00,0x00,0x00,
    0x00,0x00,0x00,0x00,0x00,0x00,0x1E,0xF1,0x00,0x00,0x00,0x17,0x00,0x00,0x00,0x14,
    0x00,0x00,0x00,0x13,0x00,0x00,0x00,0x11,0x00,0x00,0x00,0x00,0x00,0x00,0x00,0x00,
    0x00,0x00,0x1E,0xF2,0x00,0x00,0x00,0x19,0x00,0x00,0x00,0x15,0x00,0x00,0x00,0x14,
    0x00,0x00,0x00,0x19,0xFF,0xFF,0xFF,0xFF,0x00,0x00,0x00,0x00,0x00,0x00,0x1E,0xF3,
    0x00,0x00,0x00,0x1C,0x00,0x00,0x00,0x12,0x00,0x00,0x00,0x12,0x00,0x00,0x00,0x16,
    0x00,0x00,0x00,0x00,0x00,0x00,0x00,0x00,0x00,0x00,0x1E,0xF4,0x00,0x00,0x00,0x1A,
    0x00,0x00,0x00,0x15,0x00,0x00,0x00,0x14,0x00,0x00,0x00,0x14,0xFF,0xFF,0xFF,0xFF,
    0x00,0x00,0x00,0x00,0x00,0x00,0x1E,0xF5,0x00,0x00,0x00,0x15,0x00,0x00,0x00,0x12,
    0x00,0x00,0x00,0x12,0x00,0x00,0x00,0x0F,0x00,0x00,0x00,0x00,0x00,0x00,0x00,0x00,
    0x00,0x00,0x1E,0xF6,0x00,0x00,0x00,0x1C,0x00,0x00,0x00,0x15,0x00,0x00,0x00,0x14,
    0x00,0x00,0x00,0x1C,0xFF,0xFF,0xFF,0xFF,0x00,0x00,0x00,0x00,0x00,0x00,0x1E,0xF7,
    0x00,0x00,0x00,0x1D,0x00,0x00,0x00,0x12,0x00,0x00,0x00,0x12,0x00,0x00,0x00,0x17,
    0x00,0x00,0x00,0x00,0x00,0x00,0x00,0x00,0x00,0x00,0x1E,0xF8,0x00,0x00,0x00,0x1A,
    0x00,0x00,0x00,0x15,0x00,0x00,0x00,0x14,0x00,0x00,0x00,0x1A,0xFF,0xFF,0xFF,0xFF,
    0x00,0x00,0x00,0x00,0x00,0x00,0x1E,0xF9,0x00,0x00,0x00,0x1C,0x00,0x00,0x00,0x12,
    0x00,0x00,0x00,0x12,0x00,0x00,0x00,0x16,0x00,0x00,0x00,0x00,0x00,0x00,0x00,0x00,
    0x00,0x00,0x21,0x90,0x00,0x00,0x00,0x0F,0x00,0x00,0x00,0x17,0x00,0x00,0x00,0x17,
    0x00,0x00,0x00,0x0F,0x00,0x00,0x00,0x00,0x00,0x00,0x00,0x00,0x00,0x00,0x21,0x92,
    0x00,0x00,0x00,0x0F,0x00,0x00,0x00,0x17,0x00,0x00,0x00,0x17,0x00,0x00,0x00,0x0F,
    0x00,0x00,0x00,0x00,0x00,0x00,0x00,0x00,0x00,0x00,0x00,0x38,0xFF,0xFF,0xFF,0xFF,
    0x88,0x00,0x00,0x00,0x00,0x00,0x00,0x38,0xFF,0xFF,0xFF,0xFF,0x88,0x00,0x00,0x00,
    0x00,0x00,0x00,0x38,0xFF,0xFF,0xFF,0xFF,0x88,0x00,0x00,0x00,0x00,0x00,0x00,0x38,
    0xFF,0xFF,0xFF,0xFF,0x88,0x00,0x00,0x00,0x00,0x00,0x00,0x38,0xFF,0xFF,0xFF,0xFF,
    0x88,0x00,0x00,0x00,0x00,0x00,0x00,0x38,0xFF,0xFF,0xFF,0xFF,0x88,0x00,0x00,0x00,
    0x00,0x00,0x00,0x38,0xFF,0xFF,0xFF,0xFF,0x88,0x00,0x00,0x00,0x00,0x00,0x00,0x34,
    0xFF,0xFF,0xFF,0xFF,0x84,0x00,0x00,0x00,0x00,0x00,0x00,0x19,0xFF,0xFF,0xFF,0xFF,
    0x68,0x00,0x00,0x00,0x00,0x00,0x00,0x01,0xF8,0xFF,0xFF,0xFF,0x49,0x00,0x00,0x00,
    0x00,0x00,0x00,0x00,0xDB,0xFF,0xFF,0xFF,0x2A,0x00,0x00,0x00,0x00,0x00,0x00,0x00,
    0xBB,0xFF,0xFF,0xFF,0x0B,0x00,0x00,0x00,0x00,0x00,0x00,0x00,0x9C,0xFF,0xFF,0xEB,
    0x00,0x00,0x00,0x00,0x00,0x00,0x00,0x00,0x00,0x00,0x00,0x00,0x00,0x00,0x00,0x00,
    0x00,0x00,0x00,0x00,0x00,0x00,0x00,0x00,0x00,0x00,0x00,0x00,0x00,0x00,0x00,0x38,
    0xFF,0xFF,0xFF,0xFF,0x88,0x00,0x00,0x00,0x00,0x00,0x00,0x38,0xFF,0xFF,0xFF,0xFF,
    0x88,0x00,0x00,0x00,0x00,0x00,0x00,0x38,0xFF,0xFF,0xFF,0xFF,0x88,0x00,0x00,0x00,
    0x00,0x00,0x00,0x38,0xFF,0xFF,0xFF,0xFF,0x88,0x00,0x00,0x00,0x00,0x00,0x00,0x38,
    0xFF,0xFF,0xFF,0xFF,0x88,0x00,0x00,0x00,0x00,0x00,0x6C,0xFF,0xFF,0xB4,0x00,0x00,
    0xA0,0xFF,0xFF,0x80,0x00,0x00,0x00,0x00,0x6C,0xFF,0xFF,0xB4,0x00,0x00,0xA0,0xFF,
    0xFF,0x80,0x00,0x00,0x00,0x00,0x6C,0xFF,0xFF,0xB4,0x00,0x00,0xA0,0xFF,0xFF,0x80,
    0x00,0x00,0x00,0x00,0x6C,0xFF,0xFF,0xB4,0x00,0x00,0xA0,0xFF,0xFF,0x80,0x00,0x00,
    0x00,0x00,0x6C,0xFF,0xFF,0xB4,0x00,0x00,0xA0,0xFF,0xFF,0x80,0x00,0x00,0x00,0x00,
    0x6C,0xFF,0xFF,0xB4,0x00,0x00,0xA0,0xFF,0xFF,0x80,0x00,0x00,0x00,0x00,0x6C,0xFF,
    0xFF,0xB4,0x00,0x00,0xA0,0xFF,0xFF,0x80,0x00,0x00,0x00,0x00,0x00,0x00,0x00,0x00,
    0x00,0x00,0x00,0x00,0x00,0x00,0x00,0x00,0x00,0x00,0x00,0x00,0x00,0x00,0x00,0x00,
    0x00,0x00,0x00,0x00,0x00,0x00,0x00,0x00,0x00,0x00,0x00,0x00,0x00,0x00,0x00,0x00,
    0x00,0x00,0x00,0x00,0x00,0x00,0x00,0x00,0x00,0x00,0x00,0x00,0x00,0x00,0x00,0x00,
    0x00,0x00,0x00,0x00,0x00,0x00,0x00,0x00,0x00,0x00,0x00,0x00,0x00,0x00,0x00,0x00,
    0x00,0x00,0x00,0x00,0x00,0x00,0x00,0x00,0x00,0x00,0x00,0x00,0x00,0x00,0x00,0x00,
    0x00,0x00,0x00,0x00,0x00,0x00,0x00,0x00,0x00,0x00,0x00,0x00,0x00,0x00,0x00,0x00,
    0x00,0x00,0x00,0x00,0x00,0x00,0x00,0x00,0x00,0x00,0x00,0x00,0x00,0x00,0x00,0x00,
    0x00,0x00,0x00,0x00,0x00,0x00,0x00,0x00,0x00,0x00,0x00,0x00,0x00,0x00,0x00,0x00,
    0x00,0x00,0x00,0x00,0x00,0x00,0x00,0x00,0x00,0x00,0x00,0x00,0x00,0x00,0x00,0x00,
    0x00,0x00,0x00,0x00,0x00,0x00,0x00,0x00,0x00,0x00,0x00,0x00,0x00,0x00,0x00,0x00,
    0x00,0x00,0x00,0x00,0x00,0x00,0x00,0x00,0x00,0x00,0x00,0x00,0x00,0x00,0x00,0x00,
    0x00,0x00,0x00,0x00,0x00,0x00,0x00,0x00,0x0F,0xFD,0xFF,0xE3,0x00,0x00,0x00,0xA1,
    0xFF,0xFF,0x4A,0x00,0x00,0x00,0x00,0x00,0x00,0x00,0x00,0x00,0x00,0x00,0x00,0x4D,
    0xFF,0xFF,0xA2,0x00,0x00,0x00,0xE2,0xFF,0xFB,0x0D,0x00,0x00,0x00,0x00,0x00,0x00,
    0x00,0x00,0x00,0x00,0x00,0x00,0x8E,0xFF,0xFF,0x61,0x00,0x00,0x24,0xFF,0xFF,0xC7,
    0x00,0x00,0x00,0x00,0x00,0x00,0x00,0x00,0x00,0x00,0x00,0x00,0x00,0xCF,0xFF,0xFF,
    0x20,0x00,0x00,0x66,0xFF,0xFF,0x86,0x00,0x00,0x00,0x00,0x00,0x00,0x00,0x00,0x00,
    0x00,0x00,0x00,0x11,0xFD,0xFF,0xE0,0x00,0x00,0x00,0xA7,0xFF,0xFF,0x44,0x00,0x00,
    0x00,0x00,0x00,0x00,0x00,0x00,0xA8,0xFF,0xFF,0xFF,0xFF,0xFF,0xFF,0xFF,0xFF,0xFF,
    0xFF,0xFF,0xFF,0xFF,0xFF,0xFF,0xFF,0xCC,0x00,0x00,0x00,0x00,0x00,0xA8,0xFF,0xFF,
    0xFF,0xFF,0xFF,0xFF,0xFF,0xFF,0xFF,0xFF,0xFF,0xFF,0xFF,0xFF,0xFF,0xFF,0xCC,0x00,
    0x00,0x00,0x00,0x00,0xA8,0xFF,0xFF,0xFF,0xFF,0xFF,0xFF,0xFF,0xFF,0xFF,0xFF,0xFF,
    0xFF,0xFF,0xFF,0xFF,0xFF,0xCC,0x00,0x00,0x00,0x00,0x00,0x00,0x00,0x00,0x0D,0xFC,
    0xFF,0xE5,0x00,0x00,0x00,0x9E,0xFF,0xFF,0x52,0x00,0x00,0x00,0x00,0x00,0x00,0x00,
    0x00,0x00,0x00,0x00,0x00,0x45,0xFF,0xFF,0xAA,0x00,0x00,0x00,0xD9,0xFF,0xFF,0x18,
    0x00,0x00,0x00,0x00,0x00,0x00,0x00,0x00,0x00,0x00,0x00,0x00,0x80,0xFF,0xFF,0x6F,
    0x00,0x00,0x14,0xFF,0xFF,0xDE,0x00,0x00,0x00,0x00,0x00,0x00,0x00,0x00,0x00,0x00,
    0x00,0x00,0x00,0xBB,0xFF,0xFF,0x35,0x00,0x00,0x4F,0xFF,0xFF,0xA4,0x00,0x00,0x00,
    0x00,0x00,0x00,0x00,0x00,0x2C,0xFF,0xFF,0xFF,0xFF,0xFF,0xFF,0xFF,0xFF,0xFF,0xFF,
    0xFF,0xFF,0xFF,0xFF,0xFF,0xFF,0xFF,0x48,0x00,0x00,0x00,0x00,0x2C,0xFF,0xFF,0xFF,
    0xFF,0xFF,0xFF,0xFF,0xFF,0xFF,0xFF,0xFF,0xFF,0xFF,0xFF,0xFF,0xFF,0xFF,0x48,0x00,
    0x00,0x00,0x00,0x2C,0xFF,0xFF,0xFF,0xFF,0xFF,0xFF,0xFF,0xFF,0xFF,0xFF,0xFF,0xFF,
    0xFF,0xFF,0xFF,0xFF,0xFF,0x48,0x00,0x00,0x00,0x00,0x00,0x00,0x00,0x00,0x9D,0xFF,
    0xFF,0x53,0x00,0x00,0x31,0xFF,0xFF,0xB7,0x00,0x00,0x00,0x00,0x00,0x00,0x00,0x00,
    0x00,0x00,0x00,0x00,0x00,0xDD,0xFF,0xFE,0x14,0x00,0x00,0x71,0xFF,0xFF,0x76,0x00,
    0x00,0x00,0x00,0x00,0x00,0x00,0x00,0x00,0x00,0x00,0x00,0x1E,0xFF,0xFF,0xD1,0x00,
    0x00,0x00,0xB2,0xFF,0xFF,0x35,0x00,0x00,0x00,0x00,0x00,0x00,0x00,0x00,0x00,0x00,
    0x00,0x00,0x5F,0xFF,0xFF,0x90,0x00,0x00,0x02,0xF0,0xFF,0xF1,0x03,0x00,0x00,0x00,
    0x00,0x00,0x00,0x00,0x00,0x00,0x00,0x00,0x00,0xA0,0xFF,0xFF,0x50,0x00,0x00,0x34,
    0xFF,0xFF,0xB4,0x00,0x00,0x00,0x00,0x00,0x00,0x00,0x00,0x00,0x00,0x00,0x00,0x00,
    0x00,0x00,0x00,0x00,0xA9,0xFF,0x7C,0x00,0x00,0x00,0x00,0x00,0x00,0x00,0x00,0x00,
    0x00,0x00,0x00,0x00,0x00,0x00,0x00,0xAA,0xFF,0x7C,0x00,0x00,0x00,0x00,0x00,0x00,
    0x00,0x00,0x00,0x00,0x00,0x00,0x00,0x00,0x00,0x00,0xAB,0xFF,0x7C,0x00,0x00,0x00,
    0x00,0x00,0x00,0x00,0x00,0x00,0x00,0x00,0x00,0x0A,0x65,0xB0,0xDA,0xF9,0xFF,0xFB,
    0xDB,0xB8,0x8B,0x4E,0x11,0x00,0x00,0x00,0x00,0x00,0x00,0x34,0xE1,0xFF,0xFF,0xFF,
    0xFF,0xFF,0xFF,0xFF,0xFF,0xFF,0xFF,0xC4,0x00,0x00,0x00,0x00,0x00,0x18,0xED,0xFF,
    0xFF,0xFF,0xFF,0xFF,0xFF,0xFF,0xFF,0xFF,0xFF,0xFF,0xC4,0x00,0x00,0x00,0x00,0x00,
    0x87,0xFF,0xFF,0xFF,0xD9,0x3E,0xAD,0xFF,0x7F,0x1D,0x3A,0x66,0xAA,0xB0,0x00,0x00,
    0x00,0x00,0x00,0xCA,0xFF,0xFF,0xFF,0x59,0x00,0xA8,0xFF,0x7C,0x00,0x00,0x00,0x00,
    0x00,0x00,0x00,0x00,0x00,0x00,0xDF,0xFF,0xFF,0xFF,0x7B,0x00,0xA8,0xFF,0x7C,0x00,
    0x00,0x00,0x00,0x00,0x00,0x00,0x00,0x00,0x00,0xD0,0xFF,0xFF,0xFF,0xFB,0x9E,0xCD,
    0xFF,0x7D,0x00,0x00,0x00,0x00,0x00,0x00,0x00,0x00,0x00,0x00,0x97,0xFF,0xFF,0xFF,
    0xFF,0xFF,0xFF,0xFF,0xFD,0xD4,0x9B,0x4C,0x03,0x00,0x00,0x00,0x00,0x00,0x00,0x28,
    0xF6,0xFF,0xFF,0xFF,0xFF,0xFF,0xFF,0xFF,0xFF,0xFF,0xFF,0xD9,0x38,0x00,0x00,0x00,
    0x00,0x00,0x00,0x46,0xE9,0xFF,0xFF,0xFF,0xFF,0xFF,0xFF,0xFF,0xFF,0xFF,0xFF,0xF3,
    0x25,0x00,0x00,0x00,0x00,0x00,0x00,0x0B,0x6A,0xBE,0xF6,0xFF,0xFF,0xFF,0xFF,0xFF,
    0xFF,0xFF,0xFF,0x9B,0x00,0x00,0x00,0x00,0x00,0x00,0x00,0x00,0x00,0x05,0xB3,0xFF,
    0xD2,0xD3,0xFF,0xFF,0xFF,0xFF,0xDA,0x00,0x00,0x00,0x00,0x00,0x00,0x00,0x00,0x00,
    0x00,0xA8,0xFF,0x7C,0x00,0x84,0xFF,0xFF,0xFF,0xEE,0x00,0x00,0x00,0x00,0x00,0x00,
    0x00,0x00,0x00,0x00,0xA8,0xFF,0x7C,0x00,0x45,0xFF,0xFF,0xFF,0xDF,0x00,0x00,0x00,
    0x00,0xC3,0xA8,0x68,0x35,0x1C,0x05,0xA8,0xFF,0x7F,0x26,0xB8,0xFF,0xFF,0xFF,0xA4,
    0x00,0x00,0x00,0x00,0xDC,0xFF,0xFF,0xFF,0xFF,0xFE,0xFB,0xFF,0xFF,0xFF,0xFF,0xFF,
    0xFF,0xF9,0x2F,0x00,0x00,0x00,0x00,0xDC,0xFF,0xFF,0xFF,0xFF,0xFF,0xFF,0xFF,0xFF,
    0xFF,0xFF,0xFF,0xED,0x4D,0x00,0x00,0x00,0x00,0x00,0x16,0x52,0x8E,0xBC,0xD5,0xED,
    0xFE,0xFF,0xFA,0xE0,0xB4,0x6E,0x11,0x00,0x00,0x00,0x00,0x00,0x00,0x00,0x00,0x00,
    0x00,0x00,0x00,0xAC,0xFF,0x7C,0x00,0x00,0x00,0x00,0x00,0x00,0x00,0x00,0x00,0x00,
    0x00,0x00,0x00,0x00,0x00,0x00,0xAB,0xFF,0x7C,0x00,0x00,0x00,0x00,0x00,0x00,0x00,
    0x00,0x00,0x00,0x00,0x00,0x00,0x00,0x00,0x00,0xAA,0xFF,0x7C,0x00,0x00,0x00,0x00,
    0x00,0x00,0x00,0x00,0x00,0x00,0x00,0x00,0x00,0x00,0x00,0x00,0xA9,0xFF,0x7C,0x00,
    0x00,0x00,0x00,0x00,0x00,0x00,0x00,0x00,0x00,0x02,0x67,0xC7,0xF2,0xF7,0xD7,0x86,
    0x10,0x00,0x00,0x00,0x00,0x00,0x00,0x00,0x20,0xF6,0xFF,0xD1,0x04,0x00,0x00,0x00,
    0x00,0x00,0x00,0x02,0xAF,0xFF,0xFF,0xFF,0xFF,0xFF,0xFF,0xDC,0x19,0x00,0x00,0x00,
    0x00,0x00,0x00,0xB4,0xFF,0xFE,0x39,0x00,0x00,0x00,0x00,0x00,0x00,0x00,0x6E,0xFF,
    0xFF,0xE8,0x34,0x1B,0xC3,0xFF,0xFF,0xB1,0x00,0x00,0x00,0x00,0x00,0x52,0xFF,0xFF,
    0x99,0x00,0x00,0x00,0x00,0x00,0x00,0x00,0x00,0xD7,0xFF,0xFF,0x76,0x00,0x00,0x37,
    0xFF,0xFF,0xFE,0x1B,0x00,0x00,0x00,0x0C,0xE3,0xFF,0xEA,0x12,0x00,0x00,0x00,0x00,
    0x00,0x00,0x00,0x0C,0xFF,0xFF,0xFF,0x3D,0x00,0x00,0x01,0xFC,0xFF,0xFF,0x4F,0x00,
    0x00,0x00,0x8D,0xFF,0xFF,0x5E,0x00,0x00,0x00,0x00,0x00,0x00,0x00,0x00,0x1B,0xFF,
    0xFF,0xFF,0x2D,0x00,0x00,0x00,0xED,0xFF,0xFF,0x5F,0x00,0x00,0x2E,0xFB,0xFF,0xC0,
    0x00,0x00,0x00,0x00,0x00,0x00,0x00,0x00,0x00,0x0C,0xFF,0xFF,0xFF,0x3E,0x00,0x00,
    0x02,0xFC,0xFF,0xFF,0x4E,0x00,0x01,0xC5,0xFF,0xF9,0x29,0x00,0x00,0x00,0x00,0x00,
    0x00,0x00,0x00,0x00,0x00,0xD6,0xFF,0xFF,0x76,0x00,0x00,0x37,0xFF,0xFF,0xFE,0x1A,
    0x00,0x65,0xFF,0xFF,0x85,0x00,0x00,0x00,0x00,0x00,0x00,0x00,0x00,0x00,0x00,0x00,
    0x6D,0xFF,0xFF,0xE8,0x34,0x1B,0xC2,0xFF,0xFF,0xB0,0x00,0x14,0xED,0xFF,0xDE,0x09,
    0x00,0x00,0x00,0x00,0x00,0x00,0x00,0x00,0x00,0x00,0x00,0x02,0xAF,0xFF,0xFF,0xFF,
    0xFF,0xFF,0xFF,0xDC,0x19,0x00,0xA0,0xFF,0xFF,0x4A,0x00,0x0E,0x81,0xD4,0xF6,0xF3,
    0xCB,0x6E,0x04,0x00,0x00,0x00,0x00,0x02,0x67,0xC8,0xF4,0xF8,0xD8,0x87,0x11,0x00,
    0x3D,0xFF,0xFF,0xAC,0x00,0x15,0xD8,0xFF,0xFF,0xFF,0xFF,0xFF,0xFF,0xBB,0x06,0x00,
    0x00,0x00,0x00,0x00,0x00,0x00,0x00,0x00,0x00,0x00,0x05,0xD4,0xFF,0xF3,0x1C,0x00,
    0xAA,0xFF,0xFF,0xCB,0x1E,0x2F,0xE4,0xFF,0xFF,0x80,0x00,0x00,0x00,0x00,0x00,0x00,
    0x00,0x00,0x00,0x00,0x00,0x78,0xFF,0xFF,0x71,0x00,0x15,0xFD,0xFF,0xFF,0x42,0x00,
    0x00,0x6F,0xFF,0xFF,0xE9,0x01,0x00,0x00,0x00,0x00,0x00,0x00,0x00,0x00,0x00,0x1F,
    0xF5,0xFF,0xD0,0x03,0x00,0x48,0xFF,0xFF,0xFF,0x0A,0x00,0x00,0x36,0xFF,0xFF,0xFF,
    0x1F,0x00,0x00,0x00,0x00,0x00,0x00,0x00,0x00,0x00,0xB2,0xFF,0xFE,0x38,0x00,0x00,
    0x57,0xFF,0xFF,0xF9,0x00,0x00,0x00,0x25,0xFF,0xFF,0xFF,0x2F,0x00,0x00,0x00,0x00,
    0x00,0x00,0x00,0x00,0x50,0xFF,0xFF,0x98,0x00,0x00,0x00,0x47,0xFF,0xFF,0xFF,0x09,
    0x00,0x00,0x35,0xFF,0xFF,0xFF,0x1E,0x00,0x00,0x00,0x00,0x00,0x00,0x00,0x0B,0xE1,
    0xFF,0xE9,0x11,0x00,0x00,0x00,0x14,0xFD,0xFF,0xFF,0x3F,0x00,0x00,0x6C,0xFF,0xFF,
    0xE7,0x00,0x00,0x00,0x00,0x00,0x00,0x00,0x00,0x8B,0xFF,0xFF,0x5D,0x00,0x00,0x00,
    0x00,0x00,0xA7,0xFF,0xFF,0xC8,0x1E,0x2D,0xE2,0xFF,0xFF,0x7C,0x00,0x00,0x00,0x00,
    0x00,0x00,0x00,0x2C,0xFB,0xFF,0xBF,0x00,0x00,0x00,0x00,0x00,0x00,0x14,0xD6,0xFF,
    0xFF,0xFF,0xFF,0xFF,0xFF,0xB9,0x05,0x00,0x00,0x00,0x00,0x00,0x00,0x01,0xC4,0xFF,
    0xF9,0x28,0x00,0x00,0x00,0x00,0x00,0x00,0x00,0x0E,0x81,0xD5,0xF7,0xF5,0xCB,0x6E,
    0x04,0x00,0x00,0x00,0x00,0x00,0x00,0x00,0x00,0x07,0x69,0xBC,0xEA,0xFA,0xEB,0xD1,
    0xA8,0x62,0x1C,0x00,0x00,0x00,0x00,0x00,0x00,0x00,0x00,0x00,0x00,0x00,0x00,0x00,
    0x21,0xD8,0xFF,0xFF,0xFF,0xFF,0xFF,0xFF,0xFF,0xFF,0xE8,0x00,0x00,0x00,0x00,0x00,
    0x00,0x00,0x00,0x00,0x00,0x00,0x00,0x03,0xD3,0xFF,0xFF,0xFF,0xFF,0xFF,0xFF,0xFF,
    0xFF,0xFF,0xE8,0x00,0x00,0x00,0x00,0x00,0x00,0x00,0x00,0x00,0x00,0x00,0x00,0x43,
    0xFF,0xFF,0xFF,0xFF,0xBE,0x25,0x08,0x29,0x7F,0xEF,0xE8,0x00,0x00,0x00,0x00,0x00,
    0x00,0x00,0x00,0x00,0x00,0x00,0x00,0x69,0xFF,0xFF,0xFF,0xFF,0x4C,0x00,0x00,0x00,
    0x00,0x14,0x9A,0x00,0x00,0x00,0x00,0x00,0x00,0x00,0x00,0x00,0x00,0x00,0x00,0x54,
    0xFF,0xFF,0xFF,0xFF,0x83,0x00,0x00,0x00,0x00,0x00,0x00,0x00,0x00,0x00,0x00,0x00,
    0x00,0x00,0x00,0x00,0x00,0x00,0x00,0x0D,0xEC,0xFF,0xFF,0xFF,0xF6,0x2C,0x00,0x00,
    0x00,0x00,0x00,0x00,0x00,0x00,0x00,0x00,0x00,0x00,0x00,0x00,0x00,0x00,0x00,0x00,
    0xA0,0xFF,0xFF,0xFF,0xFF,0xE1,0x1D,0x00,0x00,0x00,0x00,0x00,0x00,0x00,0x00,0x00,
    0x00,0x00,0x00,0x00,0x00,0x00,0x0D,0xB2,0xFF,0xFF,0xFF,0xFF,0xFF,0xFF,0xD8,0x15,
    0x00,0x00,0x00,0x00,0xA1,0xFF,0xFF,0xFF,0x71,0x00,0x00,0x00,0x00,0x07,0xC4,0xFF,
    0xFF,0xFF,0xFF,0xFF,0xFF,0xFF,0xFF,0xCD,0x0E,0x00,0x00,0x00,0xC0,0xFF,0xFF,0xFF,
    0x4C,0x00,0x00,0x00,0x00,0x84,0xFF,0xFF,0xFF,0xFF,0x6E,0xAF,0xFF,0xFF,0xFF,0xFF,
    0xC1,0x09,0x00,0x07,0xF5,0xFF,0xFF,0xFF,0x1F,0x00,0x00,0x00,0x0B,0xEF,0xFF,0xFF,
    0xFF,0xA6,0x00,0x09,0xC6,0xFF,0xFF,0xFF,0xFF,0xB4,0x05,0x5B,0xFF,0xFF,0xFF,0xD6,
    0x00,0x00,0x00,0x00,0x3A,0xFF,0xFF,0xFF,0xFF,0x49,0x00,0x00,0x14,0xDA,0xFF,0xFF,
    0xFF,0xFF,0xA8,0xDE,0xFF,0xFF,0xFF,0x82,0x00,0x00,0x00,0x00,0x57,0xFF,0xFF,0xFF,
    0xFF,0x36,0x00,0x00,0x00,0x22,0xE9,0xFF,0xFF,0xFF,0xFF,0xFF,0xFF,0xFF,0xF5,0x15,
    0x00,0x00,0x00,0x00,0x4A,0xFF,0xFF,0xFF,0xFF,0x6A,0x00,0x00,0x00,0x00,0x35,0xF5,
    0xFF,0xFF,0xFF,0xFF,0xFF,0xFF,0x78,0x00,0x00,0x00,0x00,0x00,0x14,0xFC,0xFF,0xFF,
    0xFF,0xE2,0x15,0x00,0x00,0x00,0x00,0x4D,0xFF,0xFF,0xFF,0xFF,0xFF,0xC6,0x01,0x00,
    0x00,0x00,0x00,0x00,0x00,0xA3,0xFF,0xFF,0xFF,0xFF,0xDC,0x50,0x0C,0x0B,0x41,0xBA,
    0xFF,0xFF,0xFF,0xFF,0xFF,0xF8,0x41,0x00,0x00,0x00,0x00,0x00,0x00,0x15,0xD8,0xFF,
    0xFF,0xFF,0xFF,0xFF,0xFF,0xFF,0xFF,0xFF,0xFF,0xFF,0xFF,0xFF,0xFF,0xFF,0xF1,0x30,
    0x00,0x00,0x00,0x00,0x00,0x00,0x18,0xB7,0xFF,0xFF,0xFF,0xFF,0xFF,0xFF,0xFF,0xFF,
    0xFF,0xF5,0xC1,0xFF,0xFF,0xFF,0xFF,0xE8,0x22,0x00,0x00,0x00,0x00,0x00,0x00,0x00,
    0x3F,0x9C,0xD5,0xF1,0xFC,0xF1,0xD6,0xAA,0x64,0x12,0x01,0x9F,0xFF,0xFF,0xFF,0xFF,
    0xDC,0x17,0x00,0x00,0x00,0x6C,0xFF,0xFF,0xB4,0x00,0x00,0x00,0x00,0x6C,0xFF,0xFF,
    0xB4,0x00,0x00,0x00,0x00,0x6C,0xFF,0xFF,0xB4,0x00,0x00,0x00,0x00,0x6C,0xFF,0xFF,
    0xB4,0x00,0x00,0x00,0x00,0x6C,0xFF,0xFF,0xB4,0x00,0x00,0x00,0x00,0x6C,0xFF,0xFF,
    0xB4,0x00,0x00,0x00,0x00,0x6C,0xFF,0xFF,0xB4,0x00,0x00,0x00,0x00,0x00,0x00,0x00,
    0x00,0x00,0x00,0x00,0x00,0x00,0x00,0x00,0x00,0x00,0x00,0x00,0x00,0x00,0x00,0x00,
    0x00,0x00,0x00,0x00,0x00,0x00,0x00,0x00,0x00,0x00,0x00,0x00,0x00,0x00,0x00,0x00,
    0x00,0x00,0x00,0x00,0x00,0x00,0x00,0x00,0x00,0x00,0x00,0x00,0x00,0x00,0x00,0x00,
    0x00,0x00,0x00,0x00,0x00,0x00,0x00,0x00,0x00,0x00,0x00,0x00,0x00,0x00,0x00,0x00,
    0x00,0x00,0x00,0x00,0x00,0x00,0x00,0x00,0x00,0x00,0x00,0x00,0x00,0x00,0x00,0x00,
    0x00,0x00,0x00,0x00,0x00,0x00,0x00,0x00,0x00,0x00,0x00,0x00,0x00,0x00,0x00,0x00,
    0x00,0x00,0x00,0x00,0x00,0x00,0x00,0x00,0x16,0xF0,0xFF,0xFF,0xE6,0x07,0x00,0x00,
    0x00,0x00,0x00,0x00,0x9C,0xFF,0xFF,0xFF,0x74,0x00,0x00,0x00,0x00,0x00,0x00,0x27,
    0xFC,0xFF,0xFF,0xED,0x0C,0x00,0x00,0x00,0x00,0x00,0x00,0xA1,0xFF,0xFF,0xFF,0x8D,
    0x00,0x00,0x00,0x00,0x00,0x00,0x18,0xF9,0xFF,0xFF,0xFF,0x33,0x00,0x00,0x00,0x00,
    0x00,0x00,0x75,0xFF,0xFF,0xFF,0xD9,0x00,0x00,0x00,0x00,0x00,0x00,0x00,0xC8,0xFF,
    0xFF,0xFF,0x8E,0x00,0x00,0x00,0x00,0x00,0x00,0x0C,0xFB,0xFF,0xFF,0xFF,0x57,0x00,
    0x00,0x00,0x00,0x00,0x00,0x48,0xFF,0xFF,0xFF,0xFF,0x20,0x00,0x00,0x00,0x00,0x00,
    0x00,0x76,0xFF,0xFF,0xFF,0xF9,0x00,0x00,0x00,0x00,0x00,0x00,0x00,0x8C,0xFF,0xFF,
    0xFF,0xE7,0x00,0x00,0x00,0x00,0x00,0x00,0x00,0xA1,0xFF,0xFF,0xFF,0xD4,0x00,0x00,
    0x00,0x00,0x00,0x00,0x00,0xA2,0xFF,0xFF,0xFF,0xD5,0x00,0x00,0x00,0x00,0x00,0x00,
    0x00,0x8D,0xFF,0xFF,0xFF,0xE7,0x00,0x00,0x00,0x00,0x00,0x00,0x00,0x77,0xFF,0xFF,
    0xFF,0xF9,0x00,0x00,0x00,0x00,0x00,0x00,0x00,0x4A,0xFF,0xFF,0xFF,0xFF,0x20,0x00,
    0x00,0x00,0x00,0x00,0x00,0x0E,0xFC,0xFF,0xFF,0xFF,0x55,0x00,0x00,0x00,0x00,0x00,
    0x00,0x00,0xCC,0xFF,0xFF,0xFF,0x8B,0x00,0x00,0x00,0x00,0x00,0x00,0x00,0x79,0xFF,
    0xFF,0xFF,0xD6,0x00,0x00,0x00,0x00,0x00,0x00,0x00,0x1A,0xFA,0xFF,0xFF,0xFF,0x30,
    0x00,0x00,0x00,0x00,0x00,0x00,0x00,0xA3,0xFF,0xFF,0xFF,0x8A,0x00,0x00,0x00,0x00,
    0x00,0x00,0x00,0x28,0xFC,0xFF,0xFF,0xEC,0x0B,0x00,0x00,0x00,0x00,0x00,0x00,0x00,
    0x9D,0xFF,0xFF,0xFF,0x72,0x00,0x00,0x00,0x00,0x00,0x00,0x00,0x17,0xF0,0xFF,0xFF,
    0xE6,0x07,0x00,0x00,0x00,0x9B,0xFF,0xFF,0xFF,0x5E,0x00,0x00,0x00,0x00,0x00,0x00,
    0x00,0x24,0xFC,0xFF,0xFF,0xE7,0x0C,0x00,0x00,0x00,0x00,0x00,0x00,0x00,0xA6,0xFF,
    0xFF,0xFF,0x7A,0x00,0x00,0x00,0x00,0x00,0x00,0x00,0x39,0xFF,0xFF,0xFF,0xEE,0x0B,
    0x00,0x00,0x00,0x00,0x00,0x00,0x00,0xDF,0xFF,0xFF,0xFF,0x69,0x00,0x00,0x00,0x00,
    0x00,0x00,0x00,0x87,0xFF,0xFF,0xFF,0xCC,0x00,0x00,0x00,0x00,0x00,0x00,0x00,0x3B,
    0xFF,0xFF,0xFF,0xFF,0x20,0x00,0x00,0x00,0x00,0x00,0x00,0x09,0xFB,0xFF,0xFF,0xFF,
    0x5F,0x00,0x00,0x00,0x00,0x00,0x00,0x00,0xCD,0xFF,0xFF,0xFF,0x9F,0x00,0x00,0x00,
    0x00,0x00,0x00,0x00,0xA6,0xFF,0xFF,0xFF,0xCD,0x00,0x00,0x00,0x00,0x00,0x00,0x00,
    0x94,0xFF,0xFF,0xFF,0xE3,0x00,0x00,0x00,0x00,0x00,0x00,0x00,0x81,0xFF,0xFF,0xFF,
    0xF8,0x00,0x00,0x00,0x00,0x00,0x00,0x00,0x82,0xFF,0xFF,0xFF,0xF8,0x00,0x00,0x00,
    0x00,0x00,0x00,0x00,0x94,0xFF,0xFF,0xFF,0xE3,0x00,0x00,0x00,0x00,0x00,0x00,0x00,
    0xA6,0xFF,0xFF,0xFF,0xCE,0x00,0x00,0x00,0x00,0x00,0x00,0x00,0xCE,0xFF,0xFF,0xFF,
    0xA0,0x00,0x00,0x00,0x00,0x00,0x00,0x09,0xFB,0xFF,0xFF,0xFF,0x60,0x00,0x00,0x00,
    0x00,0x00,0x00,0x3B,0xFF,0xFF,0xFF,0xFF,0x20,0x00,0x00,0x00,0x00,0x00,0x00,0x87,
    0xFF,0xFF,0xFF,0xCC,0x00,0x00,0x00,0x00,0x00,0x00,0x00,0xDF,0xFF,0xFF,0xFF,0x6A,
    0x00,0x00,0x00,0x00,0x00,0x00,0x39,0xFF,0xFF,0xFF,0xEE,0x0B,0x00,0x00,0x00,0x00,
    0x00,0x00,0xA6,0xFF,0xFF,0xFF,0x7B,0x00,0x00,0x00,0x00,0x00,0x00,0x23,0xFC,0xFF,
    0xFF,0xE7,0x0C,0x00,0x00,0x00,0x00,0x00,0x00,0x9B,0xFF,0xFF,0xFF,0x5F,0x00,0x00,
    0x00,0x00,0x00,0x00,0x00,0x00,0x00,0x00,0x0C,0xFF,0xFF,0x30,0x00,0x00,0x00,0x00,
    0x00,0x00,0x00,0x00,0x00,0x00,0x0C,0xFF,0xFF,0x30,0x00,0x00,0x00,0x00,0x00,0x00,
    0xA4,0x6F,0x04,0x00,0x0C,0xFF,0xFF,0x30,0x00,0x00,0x5B,0xB8,0x01,0x33,0xFF,0xFF,
    0xD3,0x40,0x0C,0xFF,0xFF,0x30,0x2E,0xC2,0xFF,0xFF,0x52,0x10,0x8E,0xFA,0xFF,0xFF,
    0xAF,0xFF,0xFF,0xB3,0xFC,0xFF,0xFE,0xA2,0x1A,0x00,0x00,0x25,0xB0,0xFF,0xFF,0xFF,
    0xFF,0xFF,0xFF,0xC5,0x35,0x00,0x00,0x00,0x00,0x00,0x00,0x81,0xFF,0xFF,0xFF,0xFF,
    0xA9,0x01,0x00,0x00,0x00,0x00,0x00,0x24,0xAF,0xFF,0xFF,0xFF,0xFF,0xFF,0xFF,0xC5,
    0x35,0x00,0x00,0x10,0x8D,0xFA,0xFF,0xFF,0xAD,0xFF,0xFF,0xB0,0xFB,0xFF,0xFE,0xA1,
    0x1A,0x33,0xFF,0xFF,0xD2,0x3E,0x0C,0xFF,0xFF,0x30,0x2D,0xC1,0xFF,0xFF,0x52,0x00,
    0xA4,0x6F,0x03,0x00,0x0C,0xFF,0xFF,0x30,0x00,0x00,0x5B,0xB8,0x01,0x00,0x00,0x00,
    0x00,0x00,0x0C,0xFF,0xFF,0x30,0x00,0x00,0x00,0x00,0x00,0x00,0x00,0x00,0x00,0x00,
    0x0C,0xFF,0xFF,0x30,0x00,0x00,0x00,0x00,0x00,0x00,0x00,0x00,0x00,0x00,0x00,0x00,
    0x00,0x00,0x00,0x00,0x00,0x00,0x00,0x00,0x00,0x00,0x00,0x00,0x00,0x00,0x00,0x00,
    0x00,0x00,0x00,0x00,0x00,0x00,0x00,0x00,0x00,0x00,0x00,0x00,0x00,0x00,0x00,0x00,
    0x00,0x00,0x00,0x00,0x00,0x00,0x00,0x00,0x00,0x00,0x00,0x00,0x00,0x00,0x00,0x00,
    0x00,0x00,0x00,0x00,0x00,0x00,0x00,0x00,0x00,0x00,0x00,0x00,0x00,0x00,0x00,0x00,
    0x00,0x00,0x00,0x00,0x00,0x00,0x00,0x00,0x00,0x00,0x00,0x00,0x00,0x00,0x00,0x00,
    0x00,0x00,0x00,0x00,0x00,0x00,0x00,0x00,0x00,0x00,0x00,0x00,0x00,0x00,0x00,0x00,
    0x00,0x00,0x00,0x00,0x40,0xFF,0xFF,0xE0,0x00,0x00,0x00,0x00,0x00,0x00,0x00,0x00,
    0x00,0x00,0x00,0x00,0x00,0x00,0x00,0x00,0x00,0x00,0x00,0x40,0xFF,0xFF,0xE0,0x00,
    0x00,0x00,0x00,0x00,0x00,0x00,0x00,0x00,0x00,0x00,0x00,0x00,0x00,0x00,0x00,0x00,
    0x00,0x00,0x40,0xFF,0xFF,0xE0,0x00,0x00,0x00,0x00,0x00,0x00,0x00,0x00,0x00,0x00,
    0x00,0x00,0x00,0x00,0x00,0x00,0x00,0x00,0x00,0x40,0xFF,0xFF,0xE0,0x00,0x00,0x00,
    0x00,0x00,0x00,0x00,0x00,0x00,0x00,0x00,0x00,0x00,0x00,0x00,0x00,0x00,0x00,0x00,
    0x40,0xFF,0xFF,0xE0,0x00,0x00,0x00,0x00,0x00,0x00,0x00,0x00,0x00,0x00,0x00,0x00,
    0x00,0x00,0x00,0x00,0x00,0x00,0x00,0x40,0xFF,0xFF,0xE0,0x00,0x00,0x00,0x00,0x00,
    0x00,0x00,0x00,0x00,0x00,0x00,0x00,0x00,0x00,0x00,0x00,0x00,0x00,0x00,0x40,0xFF,
    0xFF,0xE0,0x00,0x00,0x00,0x00,0x00,0x00,0x00,0x00,0x00,0x00,0x00,0x00,0x24,0xFF,
    0xFF,0xFF,0xFF,0xFF,0xFF,0xFF,0xFF,0xFF,0xFF,0xFF,0xFF,0xFF,0xFF,0xFF,0xFF,0xC4,
    0x00,0x00,0x00,0x00,0x00,0x24,0xFF,0xFF,0xFF,0xFF,0xFF,0xFF,0xFF,0xFF,0xFF,0xFF,
    0xFF,0xFF,0xFF,0xFF,0xFF,0xFF,0xC4,0x00,0x00,0x00,0x00,0x00,0x24,0xFF,0xFF,0xFF,
    0xFF,0xFF,0xFF,0xFF,0xFF,0xFF,0xFF,0xFF,0xFF,0xFF,0xFF,0xFF,0xFF,0xC4,0x00,0x00,
    0x00,0x00,0x00,0x00,0x00,0x00,0x00,0x00,0x00,0x00,0x40,0xFF,0xFF,0xE0,0x00,0x00,
    0x00,0x00,0x00,0x00,0x00,0x00,0x00,0x00,0x00,0x00,0x00,0x00,0x00,0x00,0x00,0x00,
    0x00,0x40,0xFF,0xFF,0xE0,0x00,0x00,0x00,0x00,0x00,0x00,0x00,0x00,0x00,0x00,0x00,
    0x00,0x00,0x00,0x00,0x00,0x00,0x00,0x00,0x40,0xFF,0xFF,0xE0,0x00,0x00,0x00,0x00,
    0x00,0x00,0x00,0x00,0x00,0x00,0x00,0x00,0x00,0x00,0x00,0x00,0x00,0x00,0x00,0x40,
    0xFF,0xFF,0xE0,0x00,0x00,0x00,0x00,0x00,0x00,0x00,0x00,0x00,0x00,0x00,0x00,0x00,
    0x00,0x00,0x00,0x00,0x00,0x00,0x40,0xFF,0xFF,0xE0,0x00,0x00,0x00,0x00,0x00,0x00,
    0x00,0x00,0x00,0x00,0x00,0x00,0x00,0x00,0x00,0x00,0x00,0x00,0x00,0x40,0xFF,0xFF,
    0xE0,0x00,0x00,0x00,0x00,0x00,0x00,0x00,0x00,0x00,0x00,0x00,0x00,0x00,0x00,0x00,
    0x00,0x00,0x00,0x00,0x40,0xFF,0xFF,0xE0,0x00,0x00,0x00,0x00,0x00,0x00,0x00,0x00,
    0x00,0x00,0x00,0x00,0x40,0xFF,0xFF,0xFF,0xFF,0x80,0x00,0x00,0x00,0x00,0x40,0xFF,
    0xFF,0xFF,0xFF,0x80,0x00,0x00,0x00,0x00,0x40,0xFF,0xFF,0xFF,0xFF,0x80,0x00,0x00,
    0x00,0x00,0x40,0xFF,0xFF,0xFF,0xFF,0x80,0x00,0x00,0x00,0x00,0x5E,0xFF,0xFF,0xFF,
    0xFC,0x37,0x00,0x00,0x00,0x00,0xA3,0xFF,0xFF,0xFF,0x8B,0x00,0x00,0x00,0x00,0x00,
    0xE6,0xFF,0xFF,0xDA,0x09,0x00,0x00,0x00,0x00,0x2B,0xFF,0xFF,0xFE,0x3D,0x00,0x00,
    0x00,0x00,0x00,0x6E,0xFF,0xFF,0x93,0x00,0x00,0x00,0x00,0x00,0x00,0x88,0xFF,0xFF,
    0xFF,0xFF,0xFF,0xFF,0xFF,0xC0,0x00,0x00,0x88,0xFF,0xFF,0xFF,0xFF,0xFF,0xFF,0xFF,
    0xC0,0x00,0x00,0x88,0xFF,0xFF,0xFF,0xFF,0xFF,0xFF,0xFF,0xC0,0x00,0x00,0x88,0xFF,
    0xFF,0xFF,0xFF,0xFF,0xFF,0xFF,0xC0,0x00,0x00,0x00,0x00,0x00,0x00,0x00,0x00,0x00,
    0x00,0x00,0x00,0x00,0x00,0x00,0x00,0x00,0x00,0x00,0x00,0x00,0x00,0x00,0x00,0x00,
    0x00,0x00,0x00,0x00,0x00,0x00,0x00,0x00,0x00,0x00,0x00,0x00,0x00,0x00,0x00,0x00,
    0x00,0x00,0x00,0x00,0x00,0x00,0x00,0x00,0x00,0x00,0x00,0x00,0x00,0x00,0x00,0x00,
    0x00,0x00,0x00,0x00,0x00,0x00,0x00,0x00,0x00,0x00,0x00,0x00,0x40,0xFF,0xFF,0xFF,
    0xFF,0x80,0x00,0x00,0x00,0x00,0x40,0xFF,0xFF,0xFF,0xFF,0x80,0x00,0x00,0x00,0x00,
    0x40,0xFF,0xFF,0xFF,0xFF,0x80,0x00,0x00,0x00,0x00,0x40,0xFF,0xFF,0xFF,0xFF,0x80,
    0x00,0x00,0x00,0x00,0x40,0xFF,0xFF,0xFF,0xFF,0x80,0x00,0x00,0x00,0x00,0x00,0x00,
    0x00,0x00,0x39,0xFF,0xFF,0xB3,0x00,0x00,0x00,0x00,0x00,0x00,0x89,0xFF,0xFF,0x62,
    0x00,0x00,0x00,0x00,0x00,0x00,0xD9,0xFF,0xFC,0x14,0x00,0x00,0x00,0x00,0x00,0x2B,
    0xFF,0xFF,0xC0,0x00,0x00,0x00,0x00,0x00,0x00,0x7B,0xFF,0xFF,0x6F,0x00,0x00,0x00,
    0x00,0x00,0x00,0xCC,0xFF,0xFF,0x1F,0x00,0x00,0x00,0x00,0x00,0x1D,0xFF,0xFF,0xCD,
    0x00,0x00,0x00,0x00,0x00,0x00,0x6E,0xFF,0xFF,0x7C,0x00,0x00,0x00,0x00,0x00,0x00,
    0xBE,0xFF,0xFF,0x2B,0x00,0x00,0x00,0x00,0x00,0x13,0xFC,0xFF,0xDA,0x00,0x00,0x00,
    0x00,0x00,0x00,0x60,0xFF,0xFF,0x89,0x00,0x00,0x00,0x00,0x00,0x00,0xB1,0xFF,0xFF,
    0x39,0x00,0x00,0x00,0x00,0x00,0x0A,0xF6,0xFF,0xE6,0x01,0x00,0x00,0x00,0x00,0x00,
    0x52,0xFF,0xFF,0x97,0x00,0x00,0x00,0x00,0x00,0x00,0xA3,0xFF,0xFF,0x46,0x00,0x00,
    0x00,0x00,0x00,0x04,0xEE,0xFF,0xF0,0x05,0x00,0x00,0x00,0x00,0x00,0x44,0xFF,0xFF,
    0xA4,0x00,0x00,0x00,0x00,0x00,0x00,0x95,0xFF,0xFF,0x53,0x00,0x00,0x00,0x00,0x00,
    0x01,0xE4,0xFF,0xF7,0x0B,0x00,0x00,0x00,0x00,0x00,0x36,0xFF,0xFF,0xB1,0x00,0x00,
    0x00,0x00,0x00,0x00,0x87,0xFF,0xFF,0x60,0x00,0x00,0x00,0x00,0x00,0x00,0xD8,0xFF,
    0xFC,0x13,0x00,0x00,0x00,0x00,0x00,0x00,0x00,0x00,0x00,0x00,0x00,0x1D,0x82,0xCB,
    0xEA,0xF9,0xE6,0xBF,0x72,0x0D,0x00,0x00,0x00,0x00,0x00,0x00,0x00,0x00,0x00,0x6D,
    0xF5,0xFF,0xFF,0xFF,0xFF,0xFF,0xFF,0xFF,0xE7,0x46,0x00,0x00,0x00,0x00,0x00,0x00,
    0x00,0x74,0xFF,0xFF,0xFF,0xFF,0xFF,0xFF,0xFF,0xFF,0xFF,0xFF,0xF9,0x46,0x00,0x00,
    0x00,0x00,0x00,0x2F,0xFB,0xFF,0xFF,0xFF,0xCD,0x2F,0x08,0x44,0xE9,0xFF,0xFF,0xFF,
    0xE6,0x0F,0x00,0x00,0x00,0x00,0xB1,0xFF,0xFF,0xFF,0xFD,0x22,0x00,0x00,0x00,0x58,
    0xFF,0xFF,0xFF,0xFF,0x7C,0x00,0x00,0x00,0x16,0xFB,0xFF,0xFF,0xFF,0xC6,0x00,0x00,
    0x00,0x00,0x07,0xF6,0xFF,0xFF,0xFF,0xDD,0x00,0x00,0x00,0x53,0xFF,0xFF,0xFF,0xFF,
    0x95,0x00,0x00,0x00,0x00,0x00,0xCB,0xFF,0xFF,0xFF,0xFF,0x1E,0x00,0x00,0x85,0xFF,
    0xFF,0xFF,0xFF,0x7A,0x00,0x00,0x00,0x00,0x00,0xB0,0xFF,0xFF,0xFF,0xFF,0x50,0x00,
    0x00,0x9E,0xFF,0xFF,0xFF,0xFF,0x68,0x00,0x00,0x00,0x00,0x00,0x9E,0xFF,0xFF,0xFF,
    0xFF,0x68,0x00,0x00,0xAD,0xFF,0xFF,0xFF,0xFF,0x62,0x00,0x00,0x00,0x00,0x00,0x97,
    0xFF,0xFF,0xFF,0xFF,0x78,0x00,0x00,0xAD,0xFF,0xFF,0xFF,0xFF,0x63,0x00,0x00,0x00,
    0x00,0x00,0x98,0xFF,0xFF,0xFF,0xFF,0x77,0x00,0x00,0x9E,0xFF,0xFF,0xFF,0xFF,0x69,
    0x00,0x00,0x00,0x00,0x00,0x9E,0xFF,0xFF,0xFF,0xFF,0x68,0x00,0x00,0x85,0xFF,0xFF,
    0xFF,0xFF,0x7B,0x00,0x00,0x00,0x00,0x00,0xB1,0xFF,0xFF,0xFF,0xFF,0x50,0x00,0x00,
    0x54,0xFF,0xFF,0xFF,0xFF,0x97,0x00,0x00,0x00,0x00,0x00,0xCD,0xFF,0xFF,0xFF,0xFF,
    0x1E,0x00,0x00,0x17,0xFB,0xFF,0xFF,0xFF,0xC8,0x00,0x00,0x00,0x00,0x08,0xF7,0xFF,
    0xFF,0xFF,0xDE,0x00,0x00,0x00,0x00,0xB2,0xFF,0xFF,0xFF,0xFD,0x23,0x00,0x00,0x00,
    0x59,0xFF,0xFF,0xFF,0xFF,0x7D,0x00,0x00,0x00,0x00,0x31,0xFB,0xFF,0xFF,0xFF,0xCE,
    0x2F,0x08,0x45,0xE9,0xFF,0xFF,0xFF,0xE7,0x10,0x00,0x00,0x00,0x00,0x00,0x77,0xFF,
    0xFF,0xFF,0xFF,0xFF,0xFF,0xFF,0xFF,0xFF,0xFF,0xF9,0x49,0x00,0x00,0x00,0x00,0x00,
    0x00,0x00,0x70,0xF6,0xFF,0xFF,0xFF,0xFF,0xFF,0xFF,0xFF,0xE8,0x49,0x00,0x00,0x00,
    0x00,0x00,0x00,0x00,0x00,0x00,0x1E,0x84,0xCC,0xEC,0xFA,0xE8,0xC0,0x73,0x0E,0x00,
    0x00,0x00,0x00,0x00,0x00,0x00,0x00,0x19,0x51,0x89,0xC1,0xF5,0xFF,0xFF,0xFF,0xFF,
    0x74,0x00,0x00,0x00,0x00,0x00,0x00,0x00,0x00,0x00,0xF4,0xFF,0xFF,0xFF,0xFF,0xFF,
    0xFF,0xFF,0xFF,0x74,0x00,0x00,0x00,0x00,0x00,0x00,0x00,0x00,0x00,0xF4,0xFF,0xFF,
    0xFF,0xFF,0xFF,0xFF,0xFF,0xFF,0x74,0x00,0x00,0x00,0x00,0x00,0x00,0x00,0x00,0x00,
    0xDA,0xAF,0x78,0x40,0x67,0xFF,0xFF,0xFF,0xFF,0x74,0x00,0x00,0x00,0x00,0x00,0x00,
    0x00,0x00,0x00,0x00,0x00,0x00,0x00,0x5C,0xFF,0xFF,0xFF,0xFF,0x74,0x00,0x00,0x00,
    0x00,0x00,0x00,0x00,0x00,0x00,0x00,0x00,0x00,0x00,0x5C,0xFF,0xFF,0xFF,0xFF,0x74,
    0x00,0x00,0x00,0x00,0x00,0x00,0x00,0x00,0x00,0x00,0x00,0x00,0x00,0x5C,0xFF,0xFF,
    0xFF,0xFF,0x74,0x00,0x00,0x00,0x00,0x00,0x00,0x00,0x00,0x00,0x00,0x00,0x00,0x00,
    0x5C,0xFF,0xFF,0xFF,0xFF,0x74,0x00,0x00,0x00,0x00,0x00,0x00,0x00,0x00,0x00,0x00,
    0x00,0x00,0x00,0x5C,0xFF,0xFF,0xFF,0xFF,0x74,0x00,0x00,0x00,0x00,0x00,0x00,0x00,
    0x00,0x00,0x00,0x00,0x00,0x00,0x5C,0xFF,0xFF,0xFF,0xFF,0x74,0x00,0x00,0x00,0x00,
    0x00,0x00,0x00,0x00,0x00,0x00,0x00,0x00,0x00,0x5C,0xFF,0xFF,0xFF,0xFF,0x74,0x00,
    0x00,0x00,0x00,0x00,0x00,0x00,0x00,0x00,0x00,0x00,0x00,0x00,0x5C,0xFF,0xFF,0xFF,
    0xFF,0x74,0x00,0x00,0x00,0x00,0x00,0x00,0x00,0x00,0x00,0x00,0x00,0x00,0x00,0x5C,
    0xFF,0xFF,0xFF,0xFF,0x74,0x00,0x00,0x00,0x00,0x00,0x00,0x00,0x00,0x00,0x00,0x00,
    0x00,0x00,0x5C,0xFF,0xFF,0xFF,0xFF,0x74,0x00,0x00,0x00,0x00,0x00,0x00,0x00,0x00,
    0x00,0x00,0x00,0x00,0x00,0x5C,0xFF,0xFF,0xFF,0xFF,0x74,0x00,0x00,0x00,0x00,0x00,
    0x00,0x00,0x00,0x00,0x00,0x00,0x00,0x00,0x5C,0xFF,0xFF,0xFF,0xFF,0x74,0x00,0x00,
    0x00,0x00,0x00,0x00,0x00,0x00,0x00,0x00,0x00,0x00,0x00,0x5C,0xFF,0xFF,0xFF,0xFF,
    0x74,0x00,0x00,0x00,0x00,0x00,0x00,0x00,0x00,0x00,0xD4,0xFF,0xFF,0xFF,0xFF,0xFF,
    0xFF,0xFF,0xFF,0xFF,0xFF,0xFF,0xFF,0xEC,0x00,0x00,0x00,0x00,0x00,0xD4,0xFF,0xFF,
    0xFF,0xFF,0xFF,0xFF,0xFF,0xFF,0xFF,0xFF,0xFF,0xFF,0xEC,0x00,0x00,0x00,0x00,0x00,
    0xD4,0xFF,0xFF,0xFF,0xFF,0xFF,0xFF,0xFF,0xFF,0xFF,0xFF,0xFF,0xFF,0xEC,0x00,0x00,
    0x00,0x00,0x12,0x48,0x7F,0xB4,0xD7,0xF1,0xFB,0xF5,0xE2,0xB3,0x66,0x0C,0x00,0x00,
    0x00,0x00,0x00,0x00,0x00,0xD0,0xFF,0xFF,0xFF,0xFF,0xFF,0xFF,0xFF,0xFF,0xFF,0xFF,
    0xE4,0x42,0x00,0x00,0x00,0x00,0x00,0x00,0xD0,0xFF,0xFF,0xFF,0xFF,0xFF,0xFF,0xFF,
    0xFF,0xFF,0xFF,0xFF,0xF7,0x36,0x00,0x00,0x00,0x00,0x00,0xD0,0xFF,0xCD,0x6C,0x28,
    0x09,0x1E,0x6E,0xF3,0xFF,0xFF,0xFF,0xFF,0xC8,0x00,0x00,0x00,0x00,0x00,0xA0,0x44,
    0x00,0x00,0x00,0x00,0x00,0x00,0x56,0xFF,0xFF,0xFF,0xFF,0xFF,0x1E,0x00,0x00,0x00,
    0x00,0x00,0x00,0x00,0x00,0x00,0x00,0x00,0x00,0x00,0xEF,0xFF,0xFF,0xFF,0xFF,0x43,
    0x00,0x00,0x00,0x00,0x00,0x00,0x00,0x00,0x00,0x00,0x00,0x00,0x00,0xD6,0xFF,0xFF,
    0xFF,0xFF,0x40,0x00,0x00,0x00,0x00,0x00,0x00,0x00,0x00,0x00,0x00,0x00,0x00,0x0E,
    0xF7,0xFF,0xFF,0xFF,0xFF,0x1A,0x00,0x00,0x00,0x00,0x00,0x00,0x00,0x00,0x00,0x00,
    0x00,0x00,0x7F,0xFF,0xFF,0xFF,0xFF,0xBB,0x00,0x00,0x00,0x00,0x00,0x00,0x00,0x00,
    0x00,0x00,0x00,0x00,0x46,0xFA,0xFF,0xFF,0xFF,0xFC,0x37,0x00,0x00,0x00,0x00,0x00,
    0x00,0x00,0x00,0x00,0x00,0x00,0x41,0xF5,0xFF,0xFF,0xFF,0xFF,0x69,0x00,0x00,0x00,
    0x00,0x00,0x00,0x00,0x00,0x00,0x00,0x00,0x46,0xF6,0xFF,0xFF,0xFF,0xFF,0x77,0x00,
    0x00,0x00,0x00,0x00,0x00,0x00,0x00,0x00,0x00,0x00,0x4A,0xF8,0xFF,0xFF,0xFF,0xFE,
    0x6D,0x00,0x00,0x00,0x00,0x00,0x00,0x00,0x00,0x00,0x00,0x00,0x4E,0xF9,0xFF,0xFF,
    0xFF,0xFD,0x62,0x00,0x00,0x00,0x00,0x00,0x00,0x00,0x00,0x00,0x00,0x00,0x53,0xFA,
    0xFF,0xFF,0xFF,0xFC,0x5C,0x00,0x00,0x00,0x00,0x00,0x00,0x00,0x00,0x00,0x00,0x00,
    0x57,0xFB,0xFF,0xFF,0xFF,0xFB,0x56,0x00,0x00,0x00,0x00,0x00,0x00,0x00,0x00,0x00,
    0x00,0x00,0x5C,0xFC,0xFF,0xFF,0xFF,0xFA,0x51,0x00,0x00,0x00,0x00,0x00,0x00,0x00,
    0x00,0x00,0x00,0x00,0x00,0xDC,0xFF,0xFF,0xFF,0xFF,0xFF,0xFF,0xFF,0xFF,0xFF,0xFF,
    0xFF,0xFF,0xFF,0x70,0x00,0x00,0x00,0x00,0xDC,0xFF,0xFF,0xFF,0xFF,0xFF,0xFF,0xFF,
    0xFF,0xFF,0xFF,0xFF,0xFF,0xFF,0x70,0x00,0x00,0x00,0x00,0xDC,0xFF,0xFF,0xFF,0xFF,
    0xFF,0xFF,0xFF,0xFF,0xFF,0xFF,0xFF,0xFF,0xFF,0x70,0x00,0x00,0x00,0x00,0x03,0x36,
    0x76,0xB4,0xD3,0xE9,0xFB,0xF3,0xE1,0xB9,0x76,0x1A,0x00,0x00,0x00,0x00,0x00,0x00,
    0x00,0x58,0xFF,0xFF,0xFF,0xFF,0xFF,0xFF,0xFF,0xFF,0xFF,0xFF,0xF6,0x6D,0x00,0x00,
    0x00,0x00,0x00,0x00,0x58,0xFF,0xFF,0xFF,0xFF,0xFF,0xFF,0xFF,0xFF,0xFF,0xFF,0xFF,
    0xFF,0x5A,0x00,0x00,0x00,0x00,0x00,0x53,0xBF,0x72,0x37,0x1D,0x07,0x1E,0x6A,0xEE,
    0xFF,0xFF,0xFF,0xFF,0xD9,0x00,0x00,0x00,0x00,0x00,0x00,0x00,0x00,0x00,0x00,0x00,
    0x00,0x00,0x4F,0xFF,0xFF,0xFF,0xFF,0xFF,0x15,0x00,0x00,0x00,0x00,0x00,0x00,0x00,
    0x00,0x00,0x00,0x00,0x00,0x04,0xF9,0xFF,0xFF,0xFF,0xFF,0x23,0x00,0x00,0x00,0x00,
    0x00,0x00,0x00,0x00,0x00,0x00,0x00,0x00,0x05,0xFA,0xFF,0xFF,0xFF,0xFD,0x07,0x00,
    0x00,0x00,0x00,0x00,0x00,0x00,0x00,0x00,0x00,0x00,0x00,0x50,0xFF,0xFF,0xFF,0xFF,
    0xB9,0x00,0x00,0x00,0x00,0x00,0x00,0x00,0x00,0x00,0x00,0x06,0x21,0x6F,0xEE,0xFF,
    0xFF,0xFF,0xED,0x2E,0x00,0x00,0x00,0x00,0x00,0x00,0x00,0x00,0xD0,0xFF,0xFF,0xFF,
    0xFF,0xFF,0xFF,0xFC,0xAD,0x27,0x00,0x00,0x00,0x00,0x00,0x00,0x00,0x00,0x00,0xD0,
    0xFF,0xFF,0xFF,0xFF,0xFF,0xFF,0xF2,0x99,0x2C,0x00,0x00,0x00,0x00,0x00,0x00,0x00,
    0x00,0x00,0xD0,0xFF,0xFF,0xFF,0xFF,0xFF,0xFF,0xFF,0xFF,0xF7,0x5B,0x00,0x00,0x00,
    0x00,0x00,0x00,0x00,0x00,0x00,0x00,0x03,0x15,0x46,0xB4,0xFF,0xFF,0xFF,0xFF,0xFA,
    0x27,0x00,0x00,0x00,0x00,0x00,0x00,0x00,0x00,0x00,0x00,0x00,0x00,0x00,0xB8,0xFF,
    0xFF,0xFF,0xFF,0x80,0x00,0x00,0x00,0x00,0x00,0x00,0x00,0x00,0x00,0x00,0x00,0x00,
    0x00,0x78,0xFF,0xFF,0xFF,0xFF,0x9D,0x00,0x00,0x00,0x00,0x00,0x00,0x00,0x00,0x00,
    0x00,0x00,0x00,0x00,0xB5,0xFF,0xFF,0xFF,0xFF,0x89,0x00,0x00,0x00,0x2E,0xD1,0x8D,
    0x4C,0x2B,0x14,0x05,0x18,0x47,0xB2,0xFF,0xFF,0xFF,0xFF,0xFF,0x3E,0x00,0x00,0x00,
    0x30,0xFF,0xFF,0xFF,0xFF,0xFF,0xFF,0xFF,0xFF,0xFF,0xFF,0xFF,0xFF,0xFF,0xA4,0x00,
    0x00,0x00,0x00,0x30,0xFF,0xFF,0xFF,0xFF,0xFF,0xFF,0xFF,0xFF,0xFF,0xFF,0xFF,0xF6,
    0x84,0x03,0x00,0x00,0x00,0x00,0x01,0x2D,0x6D,0xAB,0xCE,0xE3,0xF8,0xF9,0xEE,0xD3,
    0xAB,0x69,0x16,0x00,0x00,0x00,0x00,0x00,0x00,0x00,0x00,0x00,0x00,0x00,0x00,0x00,
    0x40,0xFE,0xFF,0xFF,0xFF,0xFF,0xBC,0x00,0x00,0x00,0x00,0x00,0x00,0x00,0x00,0x00,
    0x00,0x00,0x0C,0xDE,0xFF,0xFF,0xFF,0xFF,0xFF,0xBC,0x00,0x00,0x00,0x00,0x00,0x00,
    0x00,0x00,0x00,0x00,0x00,0x98,0xFF,0xFF,0xFF,0xFF,0xFF,0xFF,0xBC,0x00,0x00,0x00,
    0x00,0x00,0x00,0x00,0x00,0x00,0x00,0x45,0xFF,0xFF,0xFF,0xFF,0xFF,0xFF,0xFF,0xBC,
    0x00,0x00,0x00,0x00,0x00,0x00,0x00,0x00,0x00,0x0E,0xE2,0xFF,0xFF,0xDF,0xFF,0xFF,
    0xFF,0xFF,0xBC,0x00,0x00,0x00,0x00,0x00,0x00,0x00,0x00,0x00,0x9E,0xFF,0xFF,0xFD,
    0x48,0xFF,0xFF,0xFF,0xFF,0xBC,0x00,0x00,0x00,0x00,0x00,0x00,0x00,0x00,0x4B,0xFF,
    0xFF,0xFF,0x90,0x10,0xFF,0xFF,0xFF,0xFF,0xBC,0x00,0x00,0x00,0x00,0x00,0x00,0x00,
    0x11,0xE6,0xFF,0xFF,0xE0,0x0B,0x10,0xFF,0xFF,0xFF,0xFF,0xBC,0x00,0x00,0x00,0x00,
    0x00,0x00,0x00,0xA4,0xFF,0xFF,0xFF,0x47,0x00,0x10,0xFF,0xFF,0xFF,0xFF,0xBC,0x00,
    0x00,0x00,0x00,0x00,0x00,0x51,0xFF,0xFF,0xFF,0xA1,0x00,0x00,0x10,0xFF,0xFF,0xFF,
    0xFF,0xBC,0x00,0x00,0x00,0x00,0x00,0x14,0xE9,0xFF,0xFF,0xE9,0x12,0x00,0x00,0x10,
    0xFF,0xFF,0xFF,0xFF,0xBC,0x00,0x00,0x00,0x00,0x00,0xA1,0xFF,0xFF,0xFF,0x57,0x00,
    0x00,0x00,0x10,0xFF,0xFF,0xFF,0xFF,0xBC,0x00,0x00,0x00,0x00,0x00,0xC8,0xFF,0xFF,
    0xB2,0x00,0x00,0x00,0x00,0x10,0xFF,0xFF,0xFF,0xFF,0xBC,0x00,0x00,0x00,0x00,0x00,
    0xC8,0xFF,0xFF,0xFF,0xFF,0xFF,0xFF,0xFF,0xFF,0xFF,0xFF,0xFF,0xFF,0xFF,0xFF,0xFF,
    0x8C,0x00,0x00,0xC8,0xFF,0xFF,0xFF,0xFF,0xFF,0xFF,0xFF,0xFF,0xFF,0xFF,0xFF,0xFF,
    0xFF,0xFF,0xFF,0x8C,0x00,0x00,0xC8,0xFF,0xFF,0xFF,0xFF,0xFF,0xFF,0xFF,0xFF,0xFF,
    0xFF,0xFF,0xFF,0xFF,0xFF,0xFF,0x8C,0x00,0x00,0x00,0x00,0x00,0x00,0x00,0x00,0x00,
    0x00,0x10,0xFF,0xFF,0xFF,0xFF,0xBC,0x00,0x00,0x00,0x00,0x00,0x00,0x00,0x00,0x00,
    0x00,0x00,0x00,0x00,0x10,0xFF,0xFF,0xFF,0xFF,0xBC,0x00,0x00,0x00,0x00,0x00,0x00,
    0x00,0x00,0x00,0x00,0x00,0x00,0x00,0x10,0xFF,0xFF,0xFF,0xFF,0xBC,0x00,0x00,0x00,
    0x00,0x00,0x00,0x00,0x00,0x00,0x00,0x00,0x00,0x00,0x10,0xFF,0xFF,0xFF,0xFF,0xBC,
    0x00,0x00,0x00,0x00,0x00,0x00,0x24,0xFF,0xFF,0xFF,0xFF,0xFF,0xFF,0xFF,0xFF,0xFF,
    0xFF,0xFF,0xFF,0x7C,0x00,0x00,0x00,0x00,0x00,0x24,0xFF,0xFF,0xFF,0xFF,0xFF,0xFF,
    0xFF,0xFF,0xFF,0xFF,0xFF,0xFF,0x7C,0x00,0x00,0x00,0x00,0x00,0x24,0xFF,0xFF,0xFF,
    0xFF,0xFF,0xFF,0xFF,0xFF,0xFF,0xFF,0xFF,0xFF,0x7C,0x00,0x00,0x00,0x00,0x00,0x24,
    0xFF,0xFF,0xFF,0xE8,0x00,0x00,0x00,0x00,0x00,0x00,0x00,0x00,0x00,0x00,0x00,0x00,
    0x00,0x00,0x24,0xFF,0xFF,0xFF,0xE8,0x00,0x00,0x00,0x00,0x00,0x00,0x00,0x00,0x00,
    0x00,0x00,0x00,0x00,0x00,0x24,0xFF,0xFF,0xFF,0xE8,0x00,0x00,0x00,0x00,0x00,0x00,
    0x00,0x00,0x00,0x00,0x00,0x00,0x00,0x00,0x24,0xFF,0xFF,0xFF,0xF9,0xD2,0xF2,0xFA,
    0xEA,0xC3,0x81,0x1A,0x00,0x00,0x00,0x00,0x00,0x00,0x00,0x24,0xFF,0xFF,0xFF,0xFF,
    0xFF,0xFF,0xFF,0xFF,0xFF,0xFF,0xF8,0x6D,0x00,0x00,0x00,0x00,0x00,0x00,0x24,0xFF,
    0xFF,0xFF,0xFF,0xFF,0xFF,0xFF,0xFF,0xFF,0xFF,0xFF,0xFF,0x71,0x00,0x00,0x00,0x00,
    0x00,0x23,0xCB,0x7E,0x45,0x25,0x0A,0x0E,0x4C,0xD3,0xFF,0xFF,0xFF,0xFF,0xF9,0x1F,
    0x00,0x00,0x00,0x00,0x00,0x00,0x00,0x00,0x00,0x00,0x00,0x00,0x0E,0xDC,0xFF,0xFF,
    0xFF,0xFF,0x84,0x00,0x00,0x00,0x00,0x00,0x00,0x00,0x00,0x00,0x00,0x00,0x00,0x00,
    0x69,0xFF,0xFF,0xFF,0xFF,0xC2,0x00,0x00,0x00,0x00,0x00,0x00,0x00,0x00,0x00,0x00,
    0x00,0x00,0x00,0x36,0xFF,0xFF,0xFF,0xFF,0xDD,0x00,0x00,0x00,0x00,0x00,0x00,0x00,
    0x00,0x00,0x00,0x00,0x00,0x00,0x36,0xFF,0xFF,0xFF,0xFF,0xDC,0x00,0x00,0x00,0x00,
    0x00,0x00,0x00,0x00,0x00,0x00,0x00,0x00,0x00,0x69,0xFF,0xFF,0xFF,0xFF,0xC0,0x00,
    0x00,0x00,0x00,0x00,0x00,0x00,0x00,0x00,0x00,0x00,0x00,0x0E,0xDC,0xFF,0xFF,0xFF,
    0xFF,0x7B,0x00,0x00,0x00,0x00,0xD0,0xA5,0x66,0x37,0x1F,0x08,0x0D,0x4B,0xD2,0xFF,
    0xFF,0xFF,0xFF,0xF1,0x16,0x00,0x00,0x00,0x00,0xEC,0xFF,0xFF,0xFF,0xFF,0xFF,0xFF,
    0xFF,0xFF,0xFF,0xFF,0xFF,0xFC,0x54,0x00,0x00,0x00,0x00,0x00,0xEC,0xFF,0xFF,0xFF,
    0xFF,0xFF,0xFF,0xFF,0xFF,0xFF,0xFF,0xE6,0x49,0x00,0x00,0x00,0x00,0x00,0x00,0x19,
    0x54,0x8E,0xC0,0xD7,0xEA,0xFB,0xF3,0xDD,0xAB,0x60,0x09,0x00,0x00,0x00,0x00,0x00,
    0x00,0x00,0x00,0x00,0x00,0x00,0x13,0x71,0xB9,0xE2,0xF7,0xF0,0xD8,0xBA,0x75,0x29,
    0x00,0x00,0x00,0x00,0x00,0x00,0x00,0x00,0x6F,0xF1,0xFF,0xFF,0xFF,0xFF,0xFF,0xFF,
    0xFF,0xFF,0xFF,0x0C,0x00,0x00,0x00,0x00,0x00,0x00,0x98,0xFF,0xFF,0xFF,0xFF,0xFF,
    0xFF,0xFF,0xFF,0xFF,0xFF,0xFF,0x0C,0x00,0x00,0x00,0x00,0x00,0x6D,0xFF,0xFF,0xFF,
    0xFF,0xD9,0x5C,0x19,0x06,0x1D,0x3C,0x78,0xCD,0x0B,0x00,0x00,0x00,0x00,0x18,0xF7,
    0xFF,0xFF,0xFF,0xCE,0x0D,0x00,0x00,0x00,0x00,0x00,0x00,0x00,0x00,0x00,0x00,0x00,
    0x00,0x81,0xFF,0xFF,0xFF,0xFF,0x32,0x00,0x00,0x00,0x00,0x00,0x00,0x00,0x00,0x00,
    0x00,0x00,0x00,0x00,0xD6,0xFF,0xFF,0xFF,0xD1,0x00,0x00,0x00,0x00,0x00,0x00,0x00,
    0x00,0x00,0x00,0x00,0x00,0x00,0x11,0xFE,0xFF,0xFF,0xFF,0x9D,0x57,0xB5,0xE9,0xFB,
    0xEE,0xC7,0x7C,0x12,0x00,0x00,0x00,0x00,0x00,0x36,0xFF,0xFF,0xFF,0xFF,0xF8,0xFF,
    0xFF,0xFF,0xFF,0xFF,0xFF,0xFF,0xEA,0x42,0x00,0x00,0x00,0x00,0x47,0xFF,0xFF,0xFF,
    0xFF,0xFF,0xFF,0xFF,0xFF,0xFF,0xFF,0xFF,0xFF,0xFF,0xF5,0x30,0x00,0x00,0x00,0x4F,
    0xFF,0xFF,0xFF,0xFF,0xFF,0xF2,0x59,0x0F,0x22,0xA8,0xFF,0xFF,0xFF,0xFF,0xC1,0x00,
    0x00,0x00,0x41,0xFF,0xFF,0xFF,0xFF,0xFF,0x7B,0x00,0x00,0x00,0x07,0xE7,0xFF,0xFF,
    0xFF,0xFF,0x1C,0x00,0x00,0x2C,0xFF,0xFF,0xFF,0xFF,0xFF,0x37,0x00,0x00,0x00,0x00,
    0xA9,0xFF,0xFF,0xFF,0xFF,0x47,0x00,0x00,0x04,0xF7,0xFF,0xFF,0xFF,0xFF,0x22,0x00,
    0x00,0x00,0x00,0x93,0xFF,0xFF,0xFF,0xFF,0x50,0x00,0x00,0x00,0xBF,0xFF,0xFF,0xFF,
    0xFF,0x37,0x00,0x00,0x00,0x00,0xA9,0xFF,0xFF,0xFF,0xFF,0x37,0x00,0x00,0x00,0x60,
    0xFF,0xFF,0xFF,0xFF,0x7B,0x00,0x00,0x00,0x07,0xE7,0xFF,0xFF,0xFF,0xF2,0x05,0x00,
    0x00,0x00,0x07,0xD6,0xFF,0xFF,0xFF,0xF2,0x58,0x0F,0x22,0xA8,0xFF,0xFF,0xFF,0xFF,
    0x89,0x00,0x00,0x00,0x00,0x00,0x35,0xF3,0xFF,0xFF,0xFF,0xFF,0xFF,0xFF,0xFF,0xFF,
    0xFF,0xFF,0xCE,0x0C,0x00,0x00,0x00,0x00,0x00,0x00,0x38,0xDF,0xFF,0xFF,0xFF,0xFF,
    0xFF,0xFF,0xFF,0xFF,0xB4,0x14,0x00,0x00,0x00,0x00,0x00,0x00,0x00,0x00,0x08,0x69,
    0xB9,0xE6,0xFA,0xF3,0xD8,0x9E,0x40,0x00,0x00,0x00,0x00,0x00,0x00,0x30,0xFF,0xFF,
    0xFF,0xFF,0xFF,0xFF,0xFF,0xFF,0xFF,0xFF,0xFF,0xFF,0xFF,0xFF,0xA4,0x00,0x00,0x00,
    0x30,0xFF,0xFF,0xFF,0xFF,0xFF,0xFF,0xFF,0xFF,0xFF,0xFF,0xFF,0xFF,0xFF,0xFF,0xA4,
    0x00,0x00,0x00,0x30,0xFF,0xFF,0xFF,0xFF,0xFF,0xFF,0xFF,0xFF,0xFF,0xFF,0xFF,0xFF,
    0xFF,0xFF,0xA3,0x00,0x00,0x00,0x00,0x00,0x00,0x00,0x00,0x00,0x00,0x00,0x00,0x06,
    0xE8,0xFF,0xFF,0xFF,0xFF,0x5F,0x00,0x00,0x00,0x00,0x00,0x00,0x00,0x00,0x00,0x00,
    0x00,0x00,0x5C,0xFF,0xFF,0xFF,0xFF,0xE6,0x06,0x00,0x00,0x00,0x00,0x00,0x00,0x00,
    0x00,0x00,0x00,0x00,0x00,0xC9,0xFF,0xFF,0xFF,0xFF,0x79,0x00,0x00,0x00,0x00,0x00,
    0x00,0x00,0x00,0x00,0x00,0x00,0x00,0x37,0xFF,0xFF,0xFF,0xFF,0xF4,0x12,0x00,0x00,
    0x00,0x00,0x00,0x00,0x00,0x00,0x00,0x00,0x00,0x00,0xA5,0xFF,0xFF,0xFF,0xFF,0x93,
    0x00,0x00,0x00,0x00,0x00,0x00,0x00,0x00,0x00,0x00,0x00,0x00,0x18,0xF9,0xFF,0xFF,
    0xFF,0xFD,0x23,0x00,0x00,0x00,0x00,0x00,0x00,0x00,0x00,0x00,0x00,0x00,0x00,0x7F,
    0xFF,0xFF,0xFF,0xFF,0xAD,0x00,0x00,0x00,0x00,0x00,0x00,0x00,0x00,0x00,0x00,0x00,
    0x00,0x05,0xE6,0xFF,0xFF,0xFF,0xFF,0x3B,0x00,0x00,0x00,0x00,0x00,0x00,0x00,0x00,
    0x00,0x00,0x00,0x00,0x5A,0xFF,0xFF,0xFF,0xFF,0xC8,0x00,0x00,0x00,0x00,0x00,0x00,
    0x00,0x00,0x00,0x00,0x00,0x00,0x00,0xC8,0xFF,0xFF,0xFF,0xFF,0x55,0x00,0x00,0x00,
    0x00,0x00,0x00,0x00,0x00,0x00,0x00,0x00,0x00,0x34,0xFF,0xFF,0xFF,0xFF,0xDF,0x03,
    0x00,0x00,0x00,0x00,0x00,0x00,0x00,0x00,0x00,0x00,0x00,0x00,0xA2,0xFF,0xFF,0xFF,
    0xFF,0x6F,0x00,0x00,0x00,0x00,0x00,0x00,0x00,0x00,0x00,0x00,0x00,0x00,0x16,0xF8,
    0xFF,0xFF,0xFF,0xF0,0x0C,0x00,0x00,0x00,0x00,0x00,0x00,0x00,0x00,0x00,0x00,0x00,
    0x00,0x7D,0xFF,0xFF,0xFF,0xFF,0x89,0x00,0x00,0x00,0x00,0x00,0x00,0x00,0x00,0x00,
    0x00,0x00,0x00,0x05,0xE5,0xFF,0xFF,0xFF,0xFA,0x1C,0x00,0x00,0x00,0x00,0x00,0x00,
    0x00,0x00,0x00,0x00,0x00,0x00,0x58,0xFF,0xFF,0xFF,0xFF,0xA3,0x00,0x00,0x00,0x00,
    0x00,0x00,0x00,0x00,0x00,0x00,0x00,0x00,0x00,0xC5,0xFF,0xFF,0xFF,0xFF,0x31,0x00,
    0x00,0x00,0x00,0x00,0x00,0x00,0x00,0x00,0x00,0x00,0x00,0x00,0x13,0x70,0xB7,0xE0,
    0xF4,0xFC,0xF1,0xD8,0xAB,0x5D,0x06,0x00,0x00,0x00,0x00,0x00,0x00,0x00,0x53,0xEF,
    0xFF,0xFF,0xFF,0xFF,0xFF,0xFF,0xFF,0xFF,0xFF,0xDD,0x2E,0x00,0x00,0x00,0x00,0x00,
    0x37,0xFC,0xFF,0xFF,0xFF,0xFF,0xFF,0xFF,0xFF,0xFF,0xFF,0xFF,0xFF,0xE7,0x12,0x00,
    0x00,0x00,0x00,0xAC,0xFF,0xFF,0xFF,0xFF,0xBB,0x29,0x0A,0x3E,0xDD,0xFF,0xFF,0xFF,
    0xFF,0x70,0x00,0x00,0x00,0x00,0xDF,0xFF,0xFF,0xFF,0xFD,0x14,0x00,0x00,0x00,0x52,
    0xFF,0xFF,0xFF,0xFF,0xA2,0x00,0x00,0x00,0x00,0xDA,0xFF,0xFF,0xFF,0xE9,0x00,0x00,
    0x00,0x00,0x2A,0xFF,0xFF,0xFF,0xFF,0x9D,0x00,0x00,0x00,0x00,0xAA,0xFF,0xFF,0xFF,
    0xFD,0x14,0x00,0x00,0x00,0x52,0xFF,0xFF,0xFF,0xFF,0x6C,0x00,0x00,0x00,0x00,0x2F,
    0xFA,0xFF,0xFF,0xFF,0xB9,0x28,0x09,0x3D,0xDD,0xFF,0xFF,0xFF,0xE0,0x09,0x00,0x00,
    0x00,0x00,0x00,0x40,0xE3,0xFF,0xFF,0xFF,0xFF,0xFF,0xFF,0xFF,0xFF,0xFF,0xC7,0x1D,
    0x00,0x00,0x00,0x00,0x00,0x00,0x00,0x20,0xCB,0xFF,0xFF,0xFF,0xFF,0xFF,0xFF,0xFF,
    0xA2,0x0C,0x00,0x00,0x00,0x00,0x00,0x00,0x01,0x81,0xFC,0xFF,0xFF,0xFF,0xFF,0xFF,
    0xFF,0xFF,0xFF,0xFF,0xF0,0x4D,0x00,0x00,0x00,0x00,0x00,0x8C,0xFF,0xFF,0xFF,0xFF,
    0x9F,0x25,0x0A,0x33,0xC3,0xFF,0xFF,0xFF,0xFD,0x4A,0x00,0x00,0x00,0x15,0xFA,0xFF,
    0xFF,0xFF,0xCB,0x01,0x00,0x00,0x00,0x14,0xF2,0xFF,0xFF,0xFF,0xCE,0x00,0x00,0x00,
    0x4C,0xFF,0xFF,0xFF,0xFF,0x87,0x00,0x00,0x00,0x00,0x00,0xC3,0xFF,0xFF,0xFF,0xFF,
    0x0B,0x00,0x00,0x55,0xFF,0xFF,0xFF,0xFF,0x86,0x00,0x00,0x00,0x00,0x00,0xC3,0xFF,
    0xFF,0xFF,0xFF,0x14,0x00,0x00,0x39,0xFF,0xFF,0xFF,0xFF,0xC9,0x01,0x00,0x00,0x00,
    0x13,0xF2,0xFF,0xFF,0xFF,0xF6,0x01,0x00,0x00,0x04,0xEB,0xFF,0xFF,0xFF,0xFF,0x9C,
    0x24,0x09,0x32,0xC0,0xFF,0xFF,0xFF,0xFF,0xAE,0x00,0x00,0x00,0x00,0x62,0xFF,0xFF,
    0xFF,0xFF,0xFF,0xFF,0xFF,0xFF,0xFF,0xFF,0xFF,0xFF,0xF6,0x2A,0x00,0x00,0x00,0x00,
    0x00,0x6D,0xF5,0xFF,0xFF,0xFF,0xFF,0xFF,0xFF,0xFF,0xFF,0xFF,0xE3,0x3F,0x00,0x00,
    0x00,0x00,0x00,0x00,0x00,0x1A,0x75,0xB8,0xE2,0xF5,0xFD,0xF2,0xDA,0xAC,0x61,0x0A,
    0x00,0x00,0x00,0x00,0x00,0x00,0x00,0x00,0x06,0x5E,0xAF,0xE2,0xF7,0xF4,0xDC,0xA1,
    0x48,0x00,0x00,0x00,0x00,0x00,0x00,0x00,0x00,0x00,0x31,0xDA,0xFF,0xFF,0xFF,0xFF,
    0xFF,0xFF,0xFF,0xFF,0xB9,0x11,0x00,0x00,0x00,0x00,0x00,0x00,0x2E,0xF0,0xFF,0xFF,
    0xFF,0xFF,0xFF,0xFF,0xFF,0xFF,0xFF,0xFF,0xD0,0x0C,0x00,0x00,0x00,0x00,0x01,0xCD,
    0xFF,0xFF,0xFF,0xFD,0x78,0x16,0x1A,0x85,0xFF,0xFF,0xFF,0xFF,0x93,0x00,0x00,0x00,
    0x00,0x3C,0xFF,0xFF,0xFF,0xFF,0xAB,0x00,0x00,0x00,0x00,0xC0,0xFF,0xFF,0xFF,0xFC,
    0x1B,0x00,0x00,0x00,0x7C,0xFF,0xFF,0xFF,0xFF,0x64,0x00,0x00,0x00,0x00,0x79,0xFF,
    0xFF,0xFF,0xFF,0x79,0x00,0x00,0x00,0x94,0xFF,0xFF,0xFF,0xFF,0x4F,0x00,0x00,0x00,
    0x00,0x63,0xFF,0xFF,0xFF,0xFF,0xB6,0x00,0x00,0x00,0x8D,0xFF,0xFF,0xFF,0xFF,0x64,
    0x00,0x00,0x00,0x00,0x79,0xFF,0xFF,0xFF,0xFF,0xE7,0x00,0x00,0x00,0x62,0xFF,0xFF,
    0xFF,0xFF,0xAA,0x00,0x00,0x00,0x00,0xBE,0xFF,0xFF,0xFF,0xFF,0xFB,0x00,0x00,0x00,
    0x14,0xF4,0xFF,0xFF,0xFF,0xFD,0x75,0x16,0x19,0x83,0xFF,0xFF,0xFF,0xFF,0xFF,0xFF,
    0x0A,0x00,0x00,0x00,0x70,0xFF,0xFF,0xFF,0xFF,0xFF,0xFF,0xFF,0xFF,0xFF,0xFF,0xFF,
    0xFF,0xFF,0xFE,0x03,0x00,0x00,0x00,0x00,0x7C,0xFD,0xFF,0xFF,0xFF,0xFF,0xFF,0xFF,
    0xFE,0xF8,0xFF,0xFF,0xFF,0xF0,0x00,0x00,0x00,0x00,0x00,0x00,0x2B,0x96,0xD7,0xF4,
    0xF9,0xDF,0xA0,0x35,0xDE,0xFF,0xFF,0xFF,0xCB,0x00,0x00,0x00,0x00,0x00,0x00,0x00,
    0x00,0x00,0x00,0x00,0x00,0x00,0x17,0xFE,0xFF,0xFF,0xFF,0x90,0x00,0x00,0x00,0x00,
    0x00,0x00,0x00,0x00,0x00,0x00,0x00,0x00,0x00,0x76,0xFF,0xFF,0xFF,0xFF,0x3B,0x00,
    0x00,0x00,0x00,0x00,0x00,0x00,0x00,0x00,0x00,0x00,0x00,0x2D,0xF2,0xFF,0xFF,0xFF,
    0xC9,0x00,0x00,0x00,0x00,0x00,0x48,0xBD,0x6A,0x31,0x14,0x06,0x24,0x77,0xF1,0xFF,
    0xFF,0xFF,0xF7,0x2D,0x00,0x00,0x00,0x00,0x00,0x4C,0xFF,0xFF,0xFF,0xFF,0xFF,0xFF,
    0xFF,0xFF,0xFF,0xFF,0xF9,0x56,0x00,0x00,0x00,0x00,0x00,0x00,0x4C,0xFF,0xFF,0xFF,
    0xFF,0xFF,0xFF,0xFF,0xFF,0xFF,0xD9,0x40,0x00,0x00,0x00,0x00,0x00,0x00,0x00,0x03,
    0x3E,0x8B,0xC6,0xE0,0xF7,0xF2,0xDC,0xA6,0x59,0x04,0x00,0x00,0x00,0x00,0x00,0x00,
    0x00,0x00,0x00,0xFC,0xFF,0xFF,0xFF,0xC8,0x00,0x00,0x00,0x00,0x00,0x00,0xFC,0xFF,
    0xFF,0xFF,0xC8,0x00,0x00,0x00,0x00,0x00,0x00,0xFC,0xFF,0xFF,0xFF,0xC8,0x00,0x00,
    0x00,0x00,0x00,0x00,0xFC,0xFF,0xFF,0xFF,0xC8,0x00,0x00,0x00,0x00,0x00,0x00,0xFC,
    0xFF,0xFF,0xFF,0xC8,0x00,0x00,0x00,0x00,0x00,0x00,0x00,0x00,0x00,0x00,0x00,0x00,
    0x00,0x00,0x00,0x00,0x00,0x00,0x00,0x00,0x00,0x00,0x00,0x00,0x00,0x00,0x00,0x00,
    0x00,0x00,0x00,0x00,0x00,0x00,0x00,0x00,0x00,0x00,0x00,0x00,0x00,0x00,0x00,0x00,
    0x00,0x00,0x00,0x00,0x00,0x00,0x00,0x00,0x00,0x00,0x00,0x00,0x00,0x00,0x00,0x00,
    0x00,0xFC,0xFF,0xFF,0xFF,0xC8,0x00,0x00,0x00,0x00,0x00,0x00,0xFC,0xFF,0xFF,0xFF,
    0xC8,0x00,0x00,0x00,0x00,0x00,0x00,0xFC,0xFF,0xFF,0xFF,0xC8,0x00,0x00,0x00,0x00,
    0x00,0x00,0xFC,0xFF,0xFF,0xFF,0xC8,0x00,0x00,0x00,0x00,0x00,0x00,0xFC,0xFF,0xFF,
    0xFF,0xC8,0x00,0x00,0x00,0x00,0x00,0x00,0xFC,0xFF,0xFF,0xFF,0xC8,0x00,0x00,0x00,
    0x00,0x00,0x00,0xFC,0xFF,0xFF,0xFF,0xC8,0x00,0x00,0x00,0x00,0x00,0x00,0xFC,0xFF,
    0xFF,0xFF,0xC8,0x00,0x00,0x00,0x00,0x00,0x00,0xFC,0xFF,0xFF,0xFF,0xC8,0x00,0x00,
    0x00,0x00,0x00,0x00,0xFC,0xFF,0xFF,0xFF,0xC8,0x00,0x00,0x00,0x00,0x00,0x00,0x00,
    0x00,0x00,0x00,0x00,0x00,0x00,0x00,0x00,0x00,0x00,0x00,0x00,0x00,0x00,0x00,0x00,
    0x00,0x00,0x00,0x00,0x00,0x00,0x00,0x00,0x00,0x00,0x00,0x00,0x00,0x00,0x00,0x00,
    0x00,0x00,0x00,0x00,0x00,0x00,0x00,0x00,0x00,0x00,0x00,0x00,0x00,0x00,0x00,0x00,
    0x00,0x00,0x00,0x00,0x00,0x00,0xFC,0xFF,0xFF,0xFF,0xC8,0x00,0x00,0x00,0x00,0x00,
    0x00,0xFC,0xFF,0xFF,0xFF,0xC8,0x00,0x00,0x00,0x00,0x00,0x00,0xFC,0xFF,0xFF,0xFF,
    0xC8,0x00,0x00,0x00,0x00,0x00,0x00,0xFC,0xFF,0xFF,0xFF,0xC8,0x00,0x00,0x00,0x00,
    0x00,0x1B,0xFF,0xFF,0xFF,0xFF,0x7B,0x00,0x00,0x00,0x00,0x00,0x5F,0xFF,0xFF,0xFF,
    0xCE,0x04,0x00,0x00,0x00,0x00,0x00,0xA3,0xFF,0xFF,0xFA,0x2F,0x00,0x00,0x00,0x00,
    0x00,0x00,0xE5,0xFF,0xFF,0x80,0x00,0x00,0x00,0x00,0x00,0x00,0x2A,0xFF,0xFF,0xD2,
    0x05,0x00,0x00,0x00,0x00,0x00,0x00,0x00,0x00,0x00,0x00,0x00,0x00,0x00,0x00,0x00,
    0x00,0x00,0x00,0x00,0x00,0x00,0x00,0x32,0x8D,0xA9,0x00,0x00,0x00,0x00,0x00,0x00,
    0x00,0x00,0x00,0x00,0x00,0x00,0x00,0x00,0x00,0x00,0x00,0x23,0x7D,0xD7,0xFF,0xFF,
    0xC4,0x00,0x00,0x00,0x00,0x00,0x00,0x00,0x00,0x00,0x00,0x00,0x00,0x00,0x00,0x16,
    0x6D,0xC7,0xFF,0xFF,0xFF,0xFF,0xFF,0xC4,0x00,0x00,0x00,0x00,0x00,0x00,0x00,0x00,
    0x00,0x00,0x00,0x0C,0x5D,0xB8,0xFC,0xFF,0xFF,0xFF,0xFF,0xFF,0xF4,0xA9,0x47,0x00,
    0x00,0x00,0x00,0x00,0x00,0x00,0x00,0x05,0x4D,0xA8,0xF6,0xFF,0xFF,0xFF,0xFF,0xFF,
    0xF6,0xAC,0x56,0x0A,0x00,0x00,0x00,0x00,0x00,0x00,0x00,0x01,0x3D,0x98,0xED,0xFF,
    0xFF,0xFF,0xFF,0xFF,0xF7,0xAF,0x58,0x0B,0x00,0x00,0x00,0x00,0x00,0x00,0x00,0x00,
    0x00,0x00,0x24,0xFF,0xFF,0xFF,0xFF,0xFF,0xF8,0xB1,0x5B,0x0D,0x00,0x00,0x00,0x00,
    0x00,0x00,0x00,0x00,0x00,0x00,0x00,0x00,0x00,0x24,0xFF,0xFF,0xFF,0xFF,0xB1,0x18,
    0x00,0x00,0x00,0x00,0x00,0x00,0x00,0x00,0x00,0x00,0x00,0x00,0x00,0x00,0x00,0x00,
    0x24,0xFF,0xFF,0xFF,0xFF,0xFF,0xF4,0xA9,0x54,0x0A,0x00,0x00,0x00,0x00,0x00,0x00,
    0x00,0x00,0x00,0x00,0x00,0x00,0x00,0x01,0x3E,0x99,0xED,0xFF,0xFF,0xFF,0xFF,0xFF,
    0xF4,0xA9,0x53,0x09,0x00,0x00,0x00,0x00,0x00,0x00,0x00,0x00,0x00,0x00,0x00,0x00,
    0x00,0x05,0x4E,0xA9,0xF6,0xFF,0xFF,0xFF,0xFF,0xFF,0xF4,0xA8,0x53,0x09,0x00,0x00,
    0x00,0x00,0x00,0x00,0x00,0x00,0x00,0x00,0x00,0x00,0x00,0x0D,0x5E,0xB9,0xFC,0xFF,
    0xFF,0xFF,0xFF,0xFF,0xF4,0xA8,0x46,0x00,0x00,0x00,0x00,0x00,0x00,0x00,0x00,0x00,
    0x00,0x00,0x00,0x00,0x00,0x17,0x6E,0xC8,0xFF,0xFF,0xFF,0xFF,0xFF,0xC4,0x00,0x00,
    0x00,0x00,0x00,0x00,0x00,0x00,0x00,0x00,0x00,0x00,0x00,0x00,0x00,0x00,0x00,0x23,
    0x7E,0xD8,0xFF,0xFF,0xC4,0x00,0x00,0x00,0x00,0x00,0x00,0x00,0x00,0x00,0x00,0x00,
    0x00,0x00,0x00,0x00,0x00,0x00,0x00,0x00,0x00,0x33,0x8E,0xA9,0x00,0x00,0x00,0x00,
    0x00,0x00,0x00,0x00,0x00,0x00,0x00,0x00,0x00,0x00,0x00,0x00,0x00,0x00,0x00,0x00,
    0x00,0x00,0x00,0x00,0x00,0x00,0x00,0x00,0x24,0xFF,0xFF,0xFF,0xFF,0xFF,0xFF,0xFF,
    0xFF,0xFF,0xFF,0xFF,0xFF,0xFF,0xFF,0xFF,0xFF,0xC4,0x00,0x00,0x00,0x00,0x00,0x24,
    0xFF,0xFF,0xFF,0xFF,0xFF,0xFF,0xFF,0xFF,0xFF,0xFF,0xFF,0xFF,0xFF,0xFF,0xFF,0xFF,
    0xC4,0x00,0x00,0x00,0x00,0x00,0x24,0xFF,0xFF,0xFF,0xFF,0xFF,0xFF,0xFF,0xFF,0xFF,
    0xFF,0xFF,0xFF,0xFF,0xFF,0xFF,0xFF,0xC4,0x00,0x00,0x00,0x00,0x00,0x00,0x00,0x00,
    0x00,0x00,0x00,0x00,0x00,0x00,0x00,0x00,0x00,0x00,0x00,0x00,0x00,0x00,0x00,0x00,
    0x00,0x00,0x00,0x00,0x00,0x00,0x00,0x00,0x00,0x00,0x00,0x00,0x00,0x00,0x00,0x00,
    0x00,0x00,0x00,0x00,0x00,0x00,0x00,0x00,0x00,0x00,0x00,0x00,0x00,0x00,0x00,0x00,
    0x00,0x00,0x00,0x00,0x00,0x00,0x00,0x00,0x00,0x00,0x00,0x00,0x00,0x00,0x00,0x00,
    0x00,0x00,0x24,0xFF,0xFF,0xFF,0xFF,0xFF,0xFF,0xFF,0xFF,0xFF,0xFF,0xFF,0xFF,0xFF,
    0xFF,0xFF,0xFF,0xC4,0x00,0x00,0x00,0x00,0x00,0x24,0xFF,0xFF,0xFF,0xFF,0xFF,0xFF,
    0xFF,0xFF,0xFF,0xFF,0xFF,0xFF,0xFF,0xFF,0xFF,0xFF,0xC4,0x00,0x00,0x00,0x00,0x00,
    0x24,0xFF,0xFF,0xFF,0xFF,0xFF,0xFF,0xFF,0xFF,0xFF,0xFF,0xFF,0xFF,0xFF,0xFF,0xFF,
    0xFF,0xC4,0x00,0x00,0x00,0x00,0x00,0x00,0x00,0x00,0x00,0x00,0x00,0x00,0x00,0x00,
    0x00,0x00,0x00,0x00,0x00,0x00,0x00,0x00,0x00,0x00,0x00,0x00,0x00,0x00,0x00,0x00,
    0x00,0x00,0x00,0x00,0x00,0x00,0x00,0x00,0x00,0x00,0x00,0x00,0x00,0x00,0x00,0x00,
    0x00,0x00,0x00,0x00,0x00,0x00,0x00,0x00,0x00,0x00,0x00,0x00,0x00,0x00,0x00,0x00,
    0x00,0x00,0x00,0x00,0x00,0x00,0x00,0x00,0x00,0x00,0x00,0x00,0x00,0x00,0x00,0x00,
    0x00,0x00,0x00,0x00,0x00,0x00,0x00,0x00,0x00,0x00,0x00,0x00,0x00,0x00,0x00,0x00,
    0x00,0x00,0x00,0x23,0xC5,0x6B,0x15,0x00,0x00,0x00,0x00,0x00,0x00,0x00,0x00,0x00,
    0x00,0x00,0x00,0x00,0x00,0x00,0x00,0x00,0x00,0x00,0x24,0xFF,0xFF,0xFB,0xB5,0x5B,
    0x0B,0x00,0x00,0x00,0x00,0x00,0x00,0x00,0x00,0x00,0x00,0x00,0x00,0x00,0x00,0x00,
    0x00,0x24,0xFF,0xFF,0xFF,0xFF,0xFF,0xF4,0xA5,0x4B,0x04,0x00,0x00,0x00,0x00,0x00,
    0x00,0x00,0x00,0x00,0x00,0x00,0x00,0x00,0x09,0x74,0xCA,0xFF,0xFF,0xFF,0xFF,0xFF,
    0xFF,0xEB,0x96,0x3B,0x01,0x00,0x00,0x00,0x00,0x00,0x00,0x00,0x00,0x00,0x00,0x00,
    0x00,0x00,0x20,0x76,0xCC,0xFF,0xFF,0xFF,0xFF,0xFF,0xFF,0xDF,0x86,0x2B,0x00,0x00,
    0x00,0x00,0x00,0x00,0x00,0x00,0x00,0x00,0x00,0x00,0x00,0x00,0x23,0x79,0xCF,0xFF,
    0xFF,0xFF,0xFF,0xFF,0xFF,0xD0,0x76,0x1D,0x00,0x00,0x00,0x00,0x00,0x00,0x00,0x00,
    0x00,0x00,0x00,0x00,0x00,0x00,0x25,0x7B,0xD1,0xFF,0xFF,0xFF,0xFF,0xFF,0xC4,0x00,
    0x00,0x00,0x00,0x00,0x00,0x00,0x00,0x00,0x00,0x00,0x00,0x00,0x00,0x00,0x00,0x00,
    0x48,0xE3,0xFF,0xFF,0xFF,0xC4,0x00,0x00,0x00,0x00,0x00,0x00,0x00,0x00,0x00,0x00,
    0x00,0x00,0x00,0x00,0x1F,0x74,0xCA,0xFF,0xFF,0xFF,0xFF,0xFF,0xC4,0x00,0x00,0x00,
    0x00,0x00,0x00,0x00,0x00,0x00,0x00,0x00,0x1F,0x73,0xC9,0xFF,0xFF,0xFF,0xFF,0xFF,
    0xFF,0xD1,0x77,0x1D,0x00,0x00,0x00,0x00,0x00,0x00,0x00,0x00,0x1E,0x73,0xC8,0xFF,
    0xFF,0xFF,0xFF,0xFF,0xFF,0xDF,0x87,0x2C,0x00,0x00,0x00,0x00,0x00,0x00,0x00,0x00,
    0x09,0x72,0xC8,0xFF,0xFF,0xFF,0xFF,0xFF,0xFF,0xEB,0x97,0x3C,0x01,0x00,0x00,0x00,
    0x00,0x00,0x00,0x00,0x00,0x00,0x00,0x24,0xFF,0xFF,0xFF,0xFF,0xFF,0xF5,0xA6,0x4C,
    0x05,0x00,0x00,0x00,0x00,0x00,0x00,0x00,0x00,0x00,0x00,0x00,0x00,0x00,0x24,0xFF,
    0xFF,0xFB,0xB6,0x5C,0x0B,0x00,0x00,0x00,0x00,0x00,0x00,0x00,0x00,0x00,0x00,0x00,
    0x00,0x00,0x00,0x00,0x00,0x23,0xC6,0x6C,0x15,0x00,0x00,0x00,0x00,0x00,0x00,0x00,
    0x00,0x00,0x00,0x00,0x00,0x00,0x00,0x00,0x00,0x00,0x00,0x00,0x00,0x00,0x00,0x00,
    0x00,0x00,0x00,0x00,0x00,0x00,0x00,0x00,0x00,0x00,0x00,0x00,0x00,0x00,0x00,0x00,
    0x00,0x00,0x24,0xFF,0xFF,0xFF,0xFF,0xFF,0xFC,0xEF,0xCE,0x93,0x31,0x00,0x00,0x00,
    0x00,0x00,0x24,0xFF,0xFF,0xFF,0xFF,0xFF,0xFF,0xFF,0xFF,0xFF,0xFE,0x88,0x00,0x00,
    0x00,0x00,0x24,0xFF,0xFF,0xFF,0xFF,0xFF,0xFF,0xFF,0xFF,0xFF,0xFF,0xFF,0x58,0x00,
    0x00,0x00,0x23,0xD1,0x86,0x43,0x23,0x08,0x19,0x8A,0xFF,0xFF,0xFF,0xFF,0xBC,0x00,
    0x00,0x00,0x00,0x00,0x00,0x00,0x00,0x00,0x00,0x00,0xE9,0xFF,0xFF,0xFF,0xDF,0x00,
    0x00,0x00,0x00,0x00,0x00,0x00,0x00,0x00,0x00,0x15,0xF8,0xFF,0xFF,0xFF,0xD0,0x00,
    0x00,0x00,0x00,0x00,0x00,0x00,0x00,0x00,0x0B,0xBE,0xFF,0xFF,0xFF,0xFF,0x86,0x00,
    0x00,0x00,0x00,0x00,0x00,0x00,0x00,0x0C,0xC3,0xFF,0xFF,0xFF,0xFF,0xDE,0x0F,0x00,
    0x00,0x00,0x00,0x00,0x00,0x00,0x04,0xB8,0xFF,0xFF,0xFF,0xFF,0xE2,0x23,0x00,0x00,
    0x00,0x00,0x00,0x00,0x00,0x00,0x88,0xFF,0xFF,0xFF,0xFF,0xE1,0x21,0x00,0x00,0x00,
    0x00,0x00,0x00,0x00,0x00,0x17,0xFB,0xFF,0xFF,0xFF,0xF2,0x27,0x00,0x00,0x00,0x00,
    0x00,0x00,0x00,0x00,0x00,0x53,0xFF,0xFF,0xFF,0xFF,0x82,0x00,0x00,0x00,0x00,0x00,
    0x00,0x00,0x00,0x00,0x00,0x67,0xFF,0xFF,0xFF,0xFF,0x59,0x00,0x00,0x00,0x00,0x00,
    0x00,0x00,0x00,0x00,0x00,0x00,0x00,0x00,0x00,0x00,0x00,0x00,0x00,0x00,0x00,0x00,
    0x00,0x00,0x00,0x00,0x00,0x00,0x00,0x00,0x00,0x00,0x00,0x00,0x00,0x00,0x00,0x00,
    0x00,0x00,0x00,0x00,0x00,0x68,0xFF,0xFF,0xFF,0xFF,0x58,0x00,0x00,0x00,0x00,0x00,
    0x00,0x00,0x00,0x00,0x00,0x68,0xFF,0xFF,0xFF,0xFF,0x58,0x00,0x00,0x00,0x00,0x00,
    0x00,0x00,0x00,0x00,0x00,0x68,0xFF,0xFF,0xFF,0xFF,0x58,0x00,0x00,0x00,0x00,0x00,
    0x00,0x00,0x00,0x00,0x00,0x68,0xFF,0xFF,0xFF,0xFF,0x58,0x00,0x00,0x00,0x00,0x00,
    0x00,0x00,0x00,0x00,0x00,0x68,0xFF,0xFF,0xFF,0xFF,0x58,0x00,0x00,0x00,0x00,0x00,
    0x00,0x00,0x00,0x00,0x00,0x00,0x00,0x00,0x00,0x00,0x36,0x83,0xC6,0xE2,0xF9,0xF4,
    0xDD,0xB3,0x70,0x18,0x00,0x00,0x00,0x00,0x00,0x00,0x00,0x00,0x00,0x00,0x00,0x00,
    0x00,0x00,0x00,0x3F,0xC6,0xFF,0xFF,0xFF,0xFF,0xFF,0xFF,0xFF,0xFF,0xFF,0xFB,0x9C,
    0x17,0x00,0x00,0x00,0x00,0x00,0x00,0x00,0x00,0x00,0x00,0x00,0x03,0x91,0xFF,0xFF,
    0xF4,0x9D,0x50,0x1D,0x07,0x12,0x2F,0x6C,0xC9,0xFF,0xFF,0xEA,0x44,0x00,0x00,0x00,
    0x00,0x00,0x00,0x00,0x00,0x00,0x06,0xB8,0xFF,0xFF,0xA3,0x16,0x00,0x00,0x00,0x00,
    0x00,0x00,0x00,0x00,0x51,0xE7,0xFF,0xF9,0x4B,0x00,0x00,0x00,0x00,0x00,0x00,0x00,
    0x00,0x9A,0xFF,0xFF,0x7C,0x00,0x00,0x00,0x00,0x00,0x00,0x00,0x00,0x00,0x00,0x00,
    0x18,0xDC,0xFF,0xF4,0x28,0x00,0x00,0x00,0x00,0x00,0x00,0x58,0xFF,0xFF,0x80,0x00,
    0x00,0x00,0x00,0x00,0x00,0x00,0x00,0x00,0x00,0x00,0x00,0x00,0x22,0xEC,0xFF,0xC3,
    0x00,0x00,0x00,0x00,0x00,0x05,0xDC,0xFF,0xCF,0x04,0x00,0x00,0x00,0x49,0xBE,0xF2,
    0xF4,0xC5,0x4E,0xA4,0xFF,0xFF,0x1C,0x00,0x63,0xFF,0xFF,0x41,0x00,0x00,0x00,0x00,
    0x5C,0xFF,0xFF,0x3C,0x00,0x00,0x00,0x71,0xFF,0xFF,0xFF,0xFF,0xFF,0xFE,0xDF,0xFF,
    0xFF,0x1C,0x00,0x05,0xE9,0xFF,0xA1,0x00,0x00,0x00,0x00,0xAC,0xFF,0xD4,0x00,0x00,
    0x00,0x34,0xFC,0xFF,0xF2,0x4A,0x08,0x47,0xEF,0xFF,0xFF,0xFF,0x1C,0x00,0x00,0xA3,
    0xFF,0xE1,0x00,0x00,0x00,0x01,0xF1,0xFF,0x8B,0x00,0x00,0x00,0xA6,0xFF,0xFF,0x77,
    0x00,0x00,0x00,0x6F,0xFF,0xFF,0xFF,0x1C,0x00,0x00,0x74,0xFF,0xFF,0x05,0x00,0x00,
    0x15,0xFF,0xFF,0x5C,0x00,0x00,0x00,0xEA,0xFF,0xFF,0x1F,0x00,0x00,0x00,0x15,0xFF,
    0xFF,0xFF,0x1C,0x00,0x00,0x65,0xFF,0xFF,0x12,0x00,0x00,0x2C,0xFF,0xFF,0x46,0x00,
    0x00,0x07,0xFF,0xFF,0xFD,0x03,0x00,0x00,0x00,0x00,0xF5,0xFF,0xFF,0x1C,0x00,0x00,
    0x7A,0xFF,0xFE,0x04,0x00,0x00,0x2C,0xFF,0xFF,0x4A,0x00,0x00,0x07,0xFF,0xFF,0xFD,
    0x03,0x00,0x00,0x00,0x00,0xF5,0xFF,0xFF,0x1C,0x00,0x00,0x9C,0xFF,0xDD,0x00,0x00,
    0x00,0x15,0xFF,0xFF,0x61,0x00,0x00,0x00,0xEB,0xFF,0xFF,0x20,0x00,0x00,0x00,0x16,
    0xFF,0xFF,0xFF,0x1C,0x00,0x0A,0xEE,0xFF,0x97,0x00,0x00,0x00,0x02,0xF4,0xFF,0x8D,
    0x00,0x00,0x00,0xA9,0xFF,0xFF,0x78,0x00,0x00,0x00,0x6F,0xFF,0xFF,0xFF,0x1C,0x00,
    0x7D,0xFF,0xFC,0x26,0x00,0x00,0x00,0x00,0xB2,0xFF,0xD4,0x00,0x00,0x00,0x38,0xFD,
    0xFF,0xF1,0x4A,0x07,0x45,0xEE,0xFF,0xFF,0xFF,0x37,0x8C,0xFE,0xFF,0x71,0x00,0x00,
    0x00,0x00,0x00,0x65,0xFF,0xFF,0x3B,0x00,0x00,0x00,0x79,0xFF,0xFF,0xFF,0xFF,0xFF,
    0xFE,0xDE,0xFF,0xFF,0xFF,0xFF,0xF8,0x6A,0x00,0x00,0x00,0x00,0x00,0x00,0x09,0xE5,
    0xFF,0xBE,0x00,0x00,0x00,0x00,0x4D,0xC1,0xF4,0xF4,0xC5,0x4D,0xA4,0xFF,0xF9,0xCA,
    0x84,0x1B,0x00,0x00,0x00,0x00,0x00,0x00,0x00,0x00,0x64,0xFF,0xFF,0x76,0x00,0x00,
    0x00,0x00,0x00,0x00,0x00,0x00,0x00,0x0F,0x0D,0x00,0x00,0x00,0x00,0x00,0x00,0x00,
    0x00,0x00,0x00,0x00,0x00,0x00,0xA7,0xFF,0xFC,0x63,0x00,0x00,0x00,0x00,0x00,0x00,
    0x00,0x00,0x00,0x00,0x00,0x00,0x00,0x00,0x00,0x00,0x00,0x00,0x00,0x00,0x00,0x00,
    0x00,0x09,0xC2,0xFF,0xFF,0x95,0x12,0x00,0x00,0x00,0x00,0x00,0x00,0x00,0x00,0x31,
    0xC4,0x36,0x00,0x00,0x00,0x00,0x00,0x00,0x00,0x00,0x00,0x00,0x00,0x06,0x9C,0xFF,
    0xFF,0xEE,0x91,0x44,0x1C,0x06,0x11,0x2F,0x6A,0xC0,0xFF,0xFF,0xE0,0x0B,0x00,0x00,
    0x00,0x00,0x00,0x00,0x00,0x00,0x00,0x00,0x00,0x00,0x4B,0xD0,0xFF,0xFF,0xFF,0xFF,
    0xFF,0xFF,0xFF,0xFF,0xFF,0xFF,0xC0,0x3D,0x00,0x00,0x00,0x00,0x00,0x00,0x00,0x00,
    0x00,0x00,0x00,0x00,0x00,0x00,0x01,0x3F,0x8B,0xCA,0xE4,0xF9,0xF2,0xDE,0xB1,0x78,
    0x23,0x00,0x00,0x00,0x00,0x00,0x00,0x00,0x00,0x00,0x00,0x00,0x00,0x00,0x00,0x00,
    0xC3,0xFF,0xFF,0xFF,0xFF,0xFF,0xA6,0x00,0x00,0x00,0x00,0x00,0x00,0x00,0x00,0x00,
    0x00,0x00,0x00,0x00,0x21,0xFE,0xFF,0xFF,0xFF,0xFF,0xFF,0xF6,0x0D,0x00,0x00,0x00,
    0x00,0x00,0x00,0x00,0x00,0x00,0x00,0x00,0x00,0x7E,0xFF,0xFF,0xFF,0xFF,0xFF,0xFF,
    0xFF,0x61,0x00,0x00,0x00,0x00,0x00,0x00,0x00,0x00,0x00,0x00,0x00,0x00,0xDA,0xFF,
    0xFF,0xFF,0xFF,0xFF,0xFF,0xFF,0xBE,0x00,0x00,0x00,0x00,0x00,0x00,0x00,0x00,0x00,
    0x00,0x00,0x39,0xFF,0xFF,0xFF,0xFF,0xFD,0xFF,0xFF,0xFF,0xFE,0x1D,0x00,0x00,0x00,
    0x00,0x00,0x00,0x00,0x00,0x00,0x00,0x96,0xFF,0xFF,0xFF,0xFF,0x8C,0xFF,0xFF,0xFF,
    0xFF,0x79,0x00,0x00,0x00,0x00,0x00,0x00,0x00,0x00,0x00,0x06,0xED,0xFF,0xFF,0xFF,
    0xE3,0x0B,0xF4,0xFF,0xFF,0xFF,0xD6,0x00,0x00,0x00,0x00,0x00,0x00,0x00,0x00,0x00,
    0x51,0xFF,0xFF,0xFF,0xFF,0x90,0x00,0xAB,0xFF,0xFF,0xFF,0xFF,0x34,0x00,0x00,0x00,
    0x00,0x00,0x00,0x00,0x00,0xAE,0xFF,0xFF,0xFF,0xFF,0x3C,0x00,0x57,0xFF,0xFF,0xFF,
    0xFF,0x91,0x00,0x00,0x00,0x00,0x00,0x00,0x00,0x12,0xF9,0xFF,0xFF,0xFF,0xE5,0x01,
    0x00,0x0B,0xF6,0xFF,0xFF,0xFF,0xEA,0x04,0x00,0x00,0x00,0x00,0x00,0x00,0x69,0xFF,
    0xFF,0xFF,0xFF,0x93,0x00,0x00,0x00,0xAF,0xFF,0xFF,0xFF,0xFF,0x4C,0x00,0x00,0x00,
    0x00,0x00,0x00,0xC6,0xFF,0xFF,0xFF,0xFF,0x3E,0x00,0x00,0x00,0x5B,0xFF,0xFF,0xFF,
    0xFF,0xA9,0x00,0x00,0x00,0x00,0x00,0x24,0xFF,0xFF,0xFF,0xFF,0xE7,0x02,0x00,0x00,
    0x00,0x0E,0xF8,0xFF,0xFF,0xFF,0xF7,0x0F,0x00,0x00,0x00,0x00,0x81,0xFF,0xFF,0xFF,
    0xFF,0xFF,0xFF,0xFF,0xFF,0xFF,0xFF,0xFF,0xFF,0xFF,0xFF,0xFF,0x64,0x00,0x00,0x00,
    0x00,0xDD,0xFF,0xFF,0xFF,0xFF,0xFF,0xFF,0xFF,0xFF,0xFF,0xFF,0xFF,0xFF,0xFF,0xFF,
    0xFF,0xC1,0x00,0x00,0x00,0x3C,0xFF,0xFF,0xFF,0xFF,0xFF,0xFF,0xFF,0xFF,0xFF,0xFF,
    0xFF,0xFF,0xFF,0xFF,0xFF,0xFF,0xFE,0x20,0x00,0x00,0x99,0xFF,0xFF,0xFF,0xFF,0x53,
    0x00,0x00,0x00,0x00,0x00,0x00,0x00,0x6D,0xFF,0xFF,0xFF,0xFF,0x7C,0x00,0x07,0xEF,
    0xFF,0xFF,0xFF,0xF7,0x0B,0x00,0x00,0x00,0x00,0x00,0x00,0x00,0x1E,0xFF,0xFF,0xFF,
    0xFF,0xD9,0x00,0x54,0xFF,0xFF,0xFF,0xFF,0xB3,0x00,0x00,0x00,0x00,0x00,0x00,0x00,
    0x00,0x00,0xCF,0xFF,0xFF,0xFF,0xFF,0x37,0xB1,0xFF,0xFF,0xFF,0xFF,0x63,0x00,0x00,
    0x00,0x00,0x00,0x00,0x00,0x00,0x00,0x80,0xFF,0xFF,0xFF,0xFF,0x95,0x00,0x00,0x84,
    0xFF,0xFF,0xFF,0xFF,0xFF,0xFF,0xFF,0xFB,0xF0,0xD8,0xB1,0x6C,0x11,0x00,0x00,0x00,
    0x00,0x00,0x00,0x00,0x84,0xFF,0xFF,0xFF,0xFF,0xFF,0xFF,0xFF,0xFF,0xFF,0xFF,0xFF,
    0xFF,0xF0,0x51,0x00,0x00,0x00,0x00,0x00,0x00,0x84,0xFF,0xFF,0xFF,0xFF,0xFF,0xFF,
    0xFF,0xFF,0xFF,0xFF,0xFF,0xFF,0xFF,0xFA,0x2C,0x00,0x00,0x00,0x00,0x00,0x84,0xFF,
    0xFF,0xFF,0xFF,0x8C,0x00,0x00,0x08,0x41,0xE4,0xFF,0xFF,0xFF,0xFF,0x98,0x00,0x00,
    0x00,0x00,0x00,0x84,0xFF,0xFF,0xFF,0xFF,0x8C,0x00,0x00,0x00,0x00,0x64,0xFF,0xFF,
    0xFF,0xFF,0xCC,0x00,0x00,0x00,0x00,0x00,0x84,0xFF,0xFF,0xFF,0xFF,0x8C,0x00,0x00,
    0x00,0x00,0x3D,0xFF,0xFF,0xFF,0xFF,0xD7,0x00,0x00,0x00,0x00,0x00,0x84,0xFF,0xFF,
    0xFF,0xFF,0x8C,0x00,0x00,0x00,0x00,0x62,0xFF,0xFF,0xFF,0xFF,0xB5,0x00,0x00,0x00,
    0x00,0x00,0x84,0xFF,0xFF,0xFF,0xFF,0x8C,0x00,0x00,0x07,0x3F,0xE2,0xFF,0xFF,0xFF,
    0xFF,0x54,0x00,0x00,0x00,0x00,0x00,0x84,0xFF,0xFF,0xFF,0xFF,0xFF,0xFF,0xFF,0xFF,
    0xFF,0xFF,0xFF,0xFF,0xFE,0x88,0x00,0x00,0x00,0x00,0x00,0x00,0x84,0xFF,0xFF,0xFF,
    0xFF,0xFF,0xFF,0xFF,0xFF,0xFF,0xFF,0xFF,0xFF,0xB7,0x1B,0x00,0x00,0x00,0x00,0x00,
    0x00,0x84,0xFF,0xFF,0xFF,0xFF,0xFF,0xFF,0xFF,0xFF,0xFF,0xFF,0xFF,0xFF,0xFF,0xF3,
    0x3A,0x00,0x00,0x00,0x00,0x00,0x84,0xFF,0xFF,0xFF,0xFF,0x8C,0x00,0x00,0x04,0x23,
    0x8F,0xFF,0xFF,0xFF,0xFF,0xEB,0x0A,0x00,0x00,0x00,0x00,0x84,0xFF,0xFF,0xFF,0xFF,
    0x8C,0x00,0x00,0x00,0x00,0x00,0xB7,0xFF,0xFF,0xFF,0xFF,0x66,0x00,0x00,0x00,0x00,
    0x84,0xFF,0xFF,0xFF,0xFF,0x8C,0x00,0x00,0x00,0x00,0x00,0x76,0xFF,0xFF,0xFF,0xFF,
    0x95,0x00,0x00,0x00,0x00,0x84,0xFF,0xFF,0xFF,0xFF,0x8C,0x00,0x00,0x00,0x00,0x00,
    0x78,0xFF,0xFF,0xFF,0xFF,0xA8,0x00,0x00,0x00,0x00,0x84,0xFF,0xFF,0xFF,0xFF,0x8C,
    0x00,0x00,0x00,0x00,0x00,0xBA,0xFF,0xFF,0xFF,0xFF,0x90,0x00,0x00,0x00,0x00,0x84,
    0xFF,0xFF,0xFF,0xFF,0x8C,0x00,0x00,0x03,0x23,0x92,0xFF,0xFF,0xFF,0xFF,0xFF,0x4B,
    0x00,0x00,0x00,0x00,0x84,0xFF,0xFF,0xFF,0xFF,0xFF,0xFF,0xFF,0xFF,0xFF,0xFF,0xFF,
    0xFF,0xFF,0xFF,0xC4,0x01,0x00,0x00,0x00,0x00,0x84,0xFF,0xFF,0xFF,0xFF,0xFF,0xFF,
    0xFF,0xFF,0xFF,0xFF,0xFF,0xFF,0xFF,0xBB,0x12,0x00,0x00,0x00,0x00,0x00,0x84,0xFF,
    0xFF,0xFF,0xFF,0xFF,0xFF,0xFF,0xFF,0xF9,0xEC,0xCA,0x96,0x41,0x00,0x00,0x00,0x00,
    0x00,0x00,0x00,0x00,0x00,0x00,0x00,0x00,0x41,0x8A,0xC6,0xE3,0xF5,0xFA,0xEC,0xCC,
    0x9E,0x5D,0x0F,0x00,0x00,0x00,0x00,0x00,0x00,0x00,0x44,0xCF,0xFF,0xFF,0xFF,0xFF,
    0xFF,0xFF,0xFF,0xFF,0xFF,0xFF,0xF7,0x13,0x00,0x00,0x00,0x00,0x00,0x7F,0xFD,0xFF,
    0xFF,0xFF,0xFF,0xFF,0xFF,0xFF,0xFF,0xFF,0xFF,0xFF,0xFF,0x18,0x00,0x00,0x00,0x00,
    0x78,0xFF,0xFF,0xFF,0xFF,0xFF,0xC1,0x50,0x16,0x05,0x17,0x47,0x94,0xF4,0xFF,0x18,
    0x00,0x00,0x00,0x37,0xFE,0xFF,0xFF,0xFF,0xFF,0x88,0x00,0x00,0x00,0x00,0x00,0x00,
    0x00,0x13,0x9F,0x17,0x00,0x00,0x00,0xBD,0xFF,0xFF,0xFF,0xFF,0xB9,0x00,0x00,0x00,
    0x00,0x00,0x00,0x00,0x00,0x00,0x00,0x00,0x00,0x00,0x1D,0xFF,0xFF,0xFF,0xFF,0xFF,
    0x37,0x00,0x00,0x00,0x00,0x00,0x00,0x00,0x00,0x00,0x00,0x00,0x00,0x00,0x63,0xFF,
    0xFF,0xFF,0xFF,0xE4,0x00,0x00,0x00,0x00,0x00,0x00,0x00,0x00,0x00,0x00,0x00,0x00,
    0x00,0x00,0x88,0xFF,0xFF,0xFF,0xFF,0xB3,0x00,0x00,0x00,0x00,0x00,0x00,0x00,0x00,
    0x00,0x00,0x00,0x00,0x00,0x00,0x9D,0xFF,0xFF,0xFF,0xFF,0x9F,0x00,0x00,0x00,0x00,
    0x00,0x00,0x00,0x00,0x00,0x00,0x00,0x00,0x00,0x00,0x9E,0xFF,0xFF,0xFF,0xFF,0x9F,
    0x00,0x00,0x00,0x00,0x00,0x00,0x00,0x00,0x00,0x00,0x00,0x00,0x00,0x00,0x88,0xFF,
    0xFF,0xFF,0xFF,0xB2,0x00,0x00,0x00,0x00,0x00,0x00,0x00,0x00,0x00,0x00,0x00,0x00,
    0x00,0x00,0x63,0xFF,0xFF,0xFF,0xFF,0xE3,0x00,0x00,0x00,0x00,0x00,0x00,0x00,0x00,
    0x00,0x00,0x00,0x00,0x00,0x00,0x1D,0xFF,0xFF,0xFF,0xFF,0xFF,0x36,0x00,0x00,0x00,
    0x00,0x00,0x00,0x00,0x00,0x00,0x00,0x00,0x00,0x00,0x00,0xBE,0xFF,0xFF,0xFF,0xFF,
    0xB7,0x00,0x00,0x00,0x00,0x00,0x00,0x00,0x00,0x00,0x00,0x00,0x00,0x00,0x00,0x38,
    0xFE,0xFF,0xFF,0xFF,0xFF,0x84,0x00,0x00,0x00,0x00,0x00,0x00,0x00,0x12,0x9E,0x17,
    0x00,0x00,0x00,0x00,0x7A,0xFF,0xFF,0xFF,0xFF,0xFF,0xBF,0x4E,0x14,0x05,0x16,0x46,
    0x93,0xF3,0xFF,0x18,0x00,0x00,0x00,0x00,0x00,0x83,0xFE,0xFF,0xFF,0xFF,0xFF,0xFF,
    0xFF,0xFF,0xFF,0xFF,0xFF,0xFF,0xFF,0x18,0x00,0x00,0x00,0x00,0x00,0x00,0x46,0xD1,
    0xFF,0xFF,0xFF,0xFF,0xFF,0xFF,0xFF,0xFF,0xFF,0xFF,0xF7,0x13,0x00,0x00,0x00,0x00,
    0x00,0x00,0x00,0x00,0x43,0x8C,0xC7,0xE4,0xF7,0xFA,0xED,0xCD,0x9F,0x5E,0x0F,0x00,
    0x00,0x00,0x00,0x84,0xFF,0xFF,0xFF,0xFF,0xFF,0xFC,0xF6,0xEA,0xD9,0xBB,0x91,0x51,
    0x05,0x00,0x00,0x00,0x00,0x00,0x00,0x00,0x00,0x84,0xFF,0xFF,0xFF,0xFF,0xFF,0xFF,
    0xFF,0xFF,0xFF,0xFF,0xFF,0xFF,0xE5,0x74,0x02,0x00,0x00,0x00,0x00,0x00,0x00,0x84,
    0xFF,0xFF,0xFF,0xFF,0xFF,0xFF,0xFF,0xFF,0xFF,0xFF,0xFF,0xFF,0xFF,0xFF,0xB8,0x12,
    0x00,0x00,0x00,0x00,0x00,0x84,0xFF,0xFF,0xFF,0xFF,0x8C,0x00,0x04,0x17,0x49,0xA3,
    0xFD,0xFF,0xFF,0xFF,0xFF,0xC4,0x07,0x00,0x00,0x00,0x00,0x84,0xFF,0xFF,0xFF,0xFF,
    0x8C,0x00,0x00,0x00,0x00,0x00,0x43,0xF2,0xFF,0xFF,0xFF,0xFF,0x8E,0x00,0x00,0x00,
    0x00,0x84,0xFF,0xFF,0xFF,0xFF,0x8C,0x00,0x00,0x00,0x00,0x00,0x00,0x5D,0xFF,0xFF,
    0xFF,0xFF,0xF8,0x1C,0x00,0x00,0x00,0x84,0xFF,0xFF,0xFF,0xFF,0x8C,0x00,0x00,0x00,
    0x00,0x00,0x00,0x01,0xD8,0xFF,0xFF,0xFF,0xFF,0x77,0x00,0x00,0x00,0x84,0xFF,0xFF,
    0xFF,0xFF,0x8C,0x00,0x00,0x00,0x00,0x00,0x00,0x00,0x88,0xFF,0xFF,0xFF,0xFF,0xBB,
    0x00,0x00,0x00,0x84,0xFF,0xFF,0xFF,0xFF,0x8C,0x00,0x00,0x00,0x00,0x00,0x00,0x00,
    0x58,0xFF,0xFF,0xFF,0xFF,0xE1,0x00,0x00,0x00,0x84,0xFF,0xFF,0xFF,0xFF,0x8C,0x00,
    0x00,0x00,0x00,0x00,0x00,0x00,0x44,0xFF,0xFF,0xFF,0xFF,0xF6,0x00,0x00,0x00,0x84,
    0xFF,0xFF,0xFF,0xFF,0x8C,0x00,0x00,0x00,0x00,0x00,0x00,0x00,0x45,0xFF,0xFF,0xFF,
    0xFF,0xF5,0x00,0x00,0x00,0x84,0xFF,0xFF,0xFF,0xFF,0x8C,0x00,0x00,0x00,0x00,0x00,
    0x00,0x00,0x59,0xFF,0xFF,0xFF,0xFF,0xE1,0x00,0x00,0x00,0x84,0xFF,0xFF,0xFF,0xFF,
    0x8C,0x00,0x00,0x00,0x00,0x00,0x00,0x00,0x89,0xFF,0xFF,0xFF,0xFF,0xBA,0x00,0x00,
    0x00,0x84,0xFF,0xFF,0xFF,0xFF,0x8C,0x00,0x00,0x00,0x00,0x00,0x00,0x01,0xDA,0xFF,
    0xFF,0xFF,0xFF,0x77,0x00,0x00,0x00,0x84,0xFF,0xFF,0xFF,0xFF,0x8C,0x00,0x00,0x00,
    0x00,0x00,0x00,0x60,0xFF,0xFF,0xFF,0xFF,0xF8,0x1D,0x00,0x00,0x00,0x84,0xFF,0xFF,
    0xFF,0xFF,0x8C,0x00,0x00,0x00,0x00,0x00,0x46,0xF3,0xFF,0xFF,0xFF,0xFF,0x8E,0x00,
    0x00,0x00,0x00,0x84,0xFF,0xFF,0xFF,0xFF,0x8C,0x00,0x03,0x15,0x49,0xA5,0xFD,0xFF,
    0xFF,0xFF,0xFF,0xC5,0x07,0x00,0x00,0x00,0x00,0x84,0xFF,0xFF,0xFF,0xFF,0xFF,0xFF,
    0xFF,0xFF,0xFF,0xFF,0xFF,0xFF,0xFF,0xFF,0xB8,0x12,0x00,0x00,0x00,0x00,0x00,0x84,
    0xFF,0xFF,0xFF,0xFF,0xFF,0xFF,0xFF,0xFF,0xFF,0xFF,0xFF,0xFF,0xE5,0x73,0x02,0x00,
    0x00,0x00,0x00,0x00,0x00,0x84,0xFF,0xFF,0xFF,0xFF,0xFF,0xFD,0xF8,0xEC,0xDA,0xBD,
    0x93,0x53,0x05,0x00,0x00,0x00,0x00,0x00,0x00,0x00,0x00,0x84,0xFF,0xFF,0xFF,0xFF,
    0xFF,0xFF,0xFF,0xFF,0xFF,0xFF,0xFF,0xFF,0xFF,0x2C,0x00,0x00,0x00,0x84,0xFF,0xFF,
    0xFF,0xFF,0xFF,0xFF,0xFF,0xFF,0xFF,0xFF,0xFF,0xFF,0xFF,0x2C,0x00,0x00,0x00,0x84,
    0xFF,0xFF,0xFF,0xFF,0xFF,0xFF,0xFF,0xFF,0xFF,0xFF,0xFF,0xFF,0xFF,0x2C,0x00,0x00,
    0x00,0x84,0xFF,0xFF,0xFF,0xFF,0x8C,0x00,0x00,0x00,0x00,0x00,0x00,0x00,0x00,0x00,
    0x00,0x00,0x00,0x84,0xFF,0xFF,0xFF,0xFF,0x8C,0x00,0x00,0x00,0x00,0x00,0x00,0x00,
    0x00,0x00,0x00,0x00,0x00,0x84,0xFF,0xFF,0xFF,0xFF,0x8C,0x00,0x00,0x00,0x00,0x00,
    0x00,0x00,0x00,0x00,0x00,0x00,0x00,0x84,0xFF,0xFF,0xFF,0xFF,0x8C,0x00,0x00,0x00,
    0x00,0x00,0x00,0x00,0x00,0x00,0x00,0x00,0x00,0x84,0xFF,0xFF,0xFF,0xFF,0x8C,0x00,
    0x00,0x00,0x00,0x00,0x00,0x00,0x00,0x00,0x00,0x00,0x00,0x84,0xFF,0xFF,0xFF,0xFF,
    0xFF,0xFF,0xFF,0xFF,0xFF,0xFF,0xFF,0xFF,0xA8,0x00,0x00,0x00,0x00,0x84,0xFF,0xFF,
    0xFF,0xFF,0xFF,0xFF,0xFF,0xFF,0xFF,0xFF,0xFF,0xFF,0xA8,0x00,0x00,0x00,0x00,0x84,
    0xFF,0xFF,0xFF,0xFF,0xFF,0xFF,0xFF,0xFF,0xFF,0xFF,0xFF,0xFF,0xA8,0x00,0x00,0x00,
    0x00,0x84,0xFF,0xFF,0xFF,0xFF,0x8C,0x00,0x00,0x00,0x00,0x00,0x00,0x00,0x00,0x00,
    0x00,0x00,0x00,0x84,0xFF,0xFF,0xFF,0xFF,0x8C,0x00,0x00,0x00,0x00,0x00,0x00,0x00,
    0x00,0x00,0x00,0x00,0x00,0x84,0xFF,0xFF,0xFF,0xFF,0x8C,0x00,0x00,0x00,0x00,0x00,
    0x00,0x00,0x00,0x00,0x00,0x00,0x00,0x84,0xFF,0xFF,0xFF,0xFF,0x8C,0x00,0x00,0x00,
    0x00,0x00,0x00,0x00,0x00,0x00,0x00,0x00,0x00,0x84,0xFF,0xFF,0xFF,0xFF,0x8C,0x00,
    0x00,0x00,0x00,0x00,0x00,0x00,0x00,0x00,0x00,0x00,0x00,0x84,0xFF,0xFF,0xFF,0xFF,
    0x8C,0x00,0x00,0x00,0x00,0x00,0x00,0x00,0x00,0x00,0x00,0x00,0x00,0x84,0xFF,0xFF,
    0xFF,0xFF,0xFF,0xFF,0xFF,0xFF,0xFF,0xFF,0xFF,0xFF,0xFF,0x78,0x00,0x00,0x00,0x84,
    0xFF,0xFF,0xFF,0xFF,0xFF,0xFF,0xFF,0xFF,0xFF,0xFF,0xFF,0xFF,0xFF,0x78,0x00,0x00,
    0x00,0x84,0xFF,0xFF,0xFF,0xFF,0xFF,0xFF,0xFF,0xFF,0xFF,0xFF,0xFF,0xFF,0xFF,0x78,
    0x00,0x00,0x00,0x84,0xFF,0xFF,0xFF,0xFF,0xFF,0xFF,0xFF,0xFF,0xFF,0xFF,0xFF,0xFF,
    0xFF,0x2C,0x00,0x00,0x00,0x84,0xFF,0xFF,0xFF,0xFF,0xFF,0xFF,0xFF,0xFF,0xFF,0xFF,
    0xFF,0xFF,0xFF,0x2C,0x00,0x00,0x00,0x84,0xFF,0xFF,0xFF,0xFF,0xFF,0xFF,0xFF,0xFF,
    0xFF,0xFF,0xFF,0xFF,0xFF,0x2C,0x00,0x00,0x00,0x84,0xFF,0xFF,0xFF,0xFF,0x8C,0x00,
    0x00,0x00,0x00,0x00,0x00,0x00,0x00,0x00,0x00,0x00,0x00,0x84,0xFF,0xFF,0xFF,0xFF,
    0x8C,0x00,0x00,0x00,0x00,0x00,0x00,0x00,0x00,0x00,0x00,0x00,0x00,0x84,0xFF,0xFF,
    0xFF,0xFF,0x8C,0x00,0x00,0x00,0x00,0x00,0x00,0x00,0x00,0x00,0x00,0x00,0x00,0x84,
    0xFF,0xFF,0xFF,0xFF,0x8C,0x00,0x00,0x00,0x00,0x00,0x00,0x00,0x00,0x00,0x00,0x00,
    0x00,0x84,0xFF,0xFF,0xFF,0xFF,0x8C,0x00,0x00,0x00,0x00,0x00,0x00,0x00,0x00,0x00,
    0x00,0x00,0x00,0x84,0xFF,0xFF,0xFF,0xFF,0xFF,0xFF,0xFF,0xFF,0xFF,0xFF,0xFF,0xFF,
    0xA8,0x00,0x00,0x00,0x00,0x84,0xFF,0xFF,0xFF,0xFF,0xFF,0xFF,0xFF,0xFF,0xFF,0xFF,
    0xFF,0xFF,0xA8,0x00,0x00,0x00,0x00,0x84,0xFF,0xFF,0xFF,0xFF,0xFF,0xFF,0xFF,0xFF,
    0xFF,0xFF,0xFF,0xFF,0xA8,0x00,0x00,0x00,0x00,0x84,0xFF,0xFF,0xFF,0xFF,0x8C,0x00,
    0x00,0x00,0x00,0x00,0x00,0x00,0x00,0x00,0x00,0x00,0x00,0x84,0xFF,0xFF,0xFF,0xFF,
    0x8C,0x00,0x00,0x00,0x00,0x00,0x00,0x00,0x00,0x00,0x00,0x00,0x00,0x84,0xFF,0xFF,
    0xFF,0xFF,0x8C,0x00,0x00,0x00,0x00,0x00,0x00,0x00,0x00,0x00,0x00,0x00,0x00,0x84,
    0xFF,0xFF,0xFF,0xFF,0x8C,0x00,0x00,0x00,0x00,0x00,0x00,0x00,0x00,0x00,0x00,0x00,
    0x00,0x84,0xFF,0xFF,0xFF,0xFF,0x8C,0x00,0x00,0x00,0x00,0x00,0x00,0x00,0x00,0x00,
    0x00,0x00,0x00,0x84,0xFF,0xFF,0xFF,0xFF,0x8C,0x00,0x00,0x00,0x00,0x00,0x00,0x00,
    0x00,0x00,0x00,0x00,0x00,0x84,0xFF,0xFF,0xFF,0xFF,0x8C,0x00,0x00,0x00,0x00,0x00,
    0x00,0x00,0x00,0x00,0x00,0x00,0x00,0x84,0xFF,0xFF,0xFF,0xFF,0x8C,0x00,0x00,0x00,
    0x00,0x00,0x00,0x00,0x00,0x00,0x00,0x00,0x00,0x84,0xFF,0xFF,0xFF,0xFF,0x8C,0x00,
    0x00,0x00,0x00,0x00,0x00,0x00,0x00,0x00,0x00,0x00,0x00,0x00,0x00,0x00,0x00,0x00,
    0x37,0x82,0xBD,0xDF,0xF1,0xFC,0xF4,0xE3,0xC4,0x9B,0x64,0x1D,0x00,0x00,0x00,0x00,
    0x00,0x00,0x00,0x00,0x3D,0xC7,0xFF,0xFF,0xFF,0xFF,0xFF,0xFF,0xFF,0xFF,0xFF,0xFF,
    0xFF,0xFF,0x66,0x00,0x00,0x00,0x00,0x00,0x00,0x7B,0xFC,0xFF,0xFF,0xFF,0xFF,0xFF,
    0xFF,0xFF,0xFF,0xFF,0xFF,0xFF,0xFF,0xFF,0x74,0x00,0x00,0x00,0x00,0x00,0x76,0xFF,
    0xFF,0xFF,0xFF,0xFF,0xD2,0x62,0x22,0x08,0x0C,0x23,0x58,0xA1,0xF5,0xFF,0x74,0x00,
    0x00,0x00,0x00,0x37,0xFE,0xFF,0xFF,0xFF,0xFF,0x96,0x03,0x00,0x00,0x00,0x00,0x00,
    0x00,0x00,0x0E,0x7F,0x66,0x00,0x00,0x00,0x00,0xBE,0xFF,0xFF,0xFF,0xFF,0xBD,0x01,
    0x00,0x00,0x00,0x00,0x00,0x00,0x00,0x00,0x00,0x00,0x00,0x00,0x00,0x00,0x1D,0xFF,
    0xFF,0xFF,0xFF,0xFF,0x38,0x00,0x00,0x00,0x00,0x00,0x00,0x00,0x00,0x00,0x00,0x00,
    0x00,0x00,0x00,0x00,0x63,0xFF,0xFF,0xFF,0xFF,0xE5,0x00,0x00,0x00,0x00,0x00,0x00,
    0x00,0x00,0x00,0x00,0x00,0x00,0x00,0x00,0x00,0x00,0x89,0xFF,0xFF,0xFF,0xFF,0xB3,
    0x00,0x00,0x00,0x00,0x00,0x00,0x00,0x00,0x00,0x00,0x00,0x00,0x00,0x00,0x00,0x00,
    0x9E,0xFF,0xFF,0xFF,0xFF,0xA0,0x00,0x00,0x00,0x00,0x00,0xBC,0xFF,0xFF,0xFF,0xFF,
    0xFF,0xFF,0xFF,0x2C,0x00,0x00,0x9E,0xFF,0xFF,0xFF,0xFF,0x9F,0x00,0x00,0x00,0x00,
    0x00,0xBC,0xFF,0xFF,0xFF,0xFF,0xFF,0xFF,0xFF,0x2C,0x00,0x00,0x88,0xFF,0xFF,0xFF,
    0xFF,0xB2,0x00,0x00,0x00,0x00,0x00,0xBC,0xFF,0xFF,0xFF,0xFF,0xFF,0xFF,0xFF,0x2C,
    0x00,0x00,0x63,0xFF,0xFF,0xFF,0xFF,0xE2,0x00,0x00,0x00,0x00,0x00,0x00,0x00,0x00,
    0xA4,0xFF,0xFF,0xFF,0xFF,0x2C,0x00,0x00,0x1D,0xFF,0xFF,0xFF,0xFF,0xFF,0x33,0x00,
    0x00,0x00,0x00,0x00,0x00,0x00,0xA4,0xFF,0xFF,0xFF,0xFF,0x2C,0x00,0x00,0x00,0xBE,
    0xFF,0xFF,0xFF,0xFF,0xB4,0x00,0x00,0x00,0x00,0x00,0x00,0x00,0xA4,0xFF,0xFF,0xFF,
    0xFF,0x2C,0x00,0x00,0x00,0x38,0xFE,0xFF,0xFF,0xFF,0xFF,0x85,0x00,0x00,0x00,0x00,
    0x00,0x00,0xA4,0xFF,0xFF,0xFF,0xFF,0x2C,0x00,0x00,0x00,0x00,0x7A,0xFF,0xFF,0xFF,
    0xFF,0xFF,0xC4,0x56,0x1A,0x05,0x0F,0x38,0xCB,0xFF,0xFF,0xFF,0xFF,0x2C,0x00,0x00,
    0x00,0x00,0x00,0x83,0xFE,0xFF,0xFF,0xFF,0xFF,0xFF,0xFF,0xFF,0xFF,0xFF,0xFF,0xFF,
    0xFF,0xFF,0xFF,0x2C,0x00,0x00,0x00,0x00,0x00,0x00,0x46,0xD1,0xFF,0xFF,0xFF,0xFF,
    0xFF,0xFF,0xFF,0xFF,0xFF,0xFF,0xFF,0xFB,0xBA,0x17,0x00,0x00,0x00,0x00,0x00,0x00,
    0x00,0x00,0x43,0x8C,0xC7,0xE4,0xF7,0xFA,0xEF,0xDB,0xB9,0x8E,0x54,0x14,0x00,0x00,
    0x00,0x00,0x00,0x84,0xFF,0xFF,0xFF,0xFF,0x8C,0x00,0x00,0x00,0x00,0x00,0x00,0x00,
    0xF4,0xFF,0xFF,0xFF,0xFF,0x20,0x00,0x00,0x00,0x00,0x84,0xFF,0xFF,0xFF,0xFF,0x8C,
    0x00,0x00,0x00,0x00,0x00,0x00,0x00,0xF4,0xFF,0xFF,0xFF,0xFF,0x20,0x00,0x00,0x00,
    0x00,0x84,0xFF,0xFF,0xFF,0xFF,0x8C,0x00,0x00,0x00,0x00,0x00,0x00,0x00,0xF4,0xFF,
    0xFF,0xFF,0xFF,0x20,0x00,0x00,0x00,0x00,0x84,0xFF,0xFF,0xFF,0xFF,0x8C,0x00,0x00,
    0x00,0x00,0x00,0x00,0x00,0xF4,0xFF,0xFF,0xFF,0xFF,0x20,0x00,0x00,0x00,0x00,0x84,
    0xFF,0xFF,0xFF,0xFF,0x8C,0x00,0x00,0x00,0x00,0x00,0x00,0x00,0xF4,0xFF,0xFF,0xFF,
    0xFF,0x20,0x00,0x00,0x00,0x00,0x84,0xFF,0xFF,0xFF,0xFF,0x8C,0x00,0x00,0x00,0x00,
    0x00,0x00,0x00,0xF4,0xFF,0xFF,0xFF,0xFF,0x20,0x00,0x00,0x00,0x00,0x84,0xFF,0xFF,
    0xFF,0xFF,0x8C,0x00,0x00,0x00,0x00,0x00,0x00,0x00,0xF4,0xFF,0xFF,0xFF,0xFF,0x20,
    0x00,0x00,0x00,0x00,0x84,0xFF,0xFF,0xFF,0xFF,0x8C,0x00,0x00,0x00,0x00,0x00,0x00,
    0x00,0xF4,0xFF,0xFF,0xFF,0xFF,0x20,0x00,0x00,0x00,0x00,0x84,0xFF,0xFF,0xFF,0xFF,
    0xFF,0xFF,0xFF,0xFF,0xFF,0xFF,0xFF,0xFF,0xFF,0xFF,0xFF,0xFF,0xFF,0x20,0x00,0x00,
    0x00,0x00,0x84,0xFF,0xFF,0xFF,0xFF,0xFF,0xFF,0xFF,0xFF,0xFF,0xFF,0xFF,0xFF,0xFF,
    0xFF,0xFF,0xFF,0xFF,0x20,0x00,0x00,0x00,0x00,0x84,0xFF,0xFF,0xFF,0xFF,0xFF,0xFF,
    0xFF,0xFF,0xFF,0xFF,0xFF,0xFF,0xFF,0xFF,0xFF,0xFF,0xFF,0x20,0x00,0x00,0x00,0x00,
    0x84,0xFF,0xFF,0xFF,0xFF,0x8C,0x00,0x00,0x00,0x00,0x00,0x00,0x00,0xF4,0xFF,0xFF,
    0xFF,0xFF,0x20,0x00,0x00,0x00,0x00,0x84,0xFF,0xFF,0xFF,0xFF,0x8C,0x00,0x00,0x00,
    0x00,0x00,0x00,0x00,0xF4,0xFF,0xFF,0xFF,0xFF,0x20,0x00,0x00,0x00,0x00,0x84,0xFF,
    0xFF,0xFF,0xFF,0x8C,0x00,0x00,0x00,0x00,0x00,0x00,0x00,0xF4,0xFF,0xFF,0xFF,0xFF,
    0x20,0x00,0x00,0x00,0x00,0x84,0xFF,0xFF,0xFF,0xFF,0x8C,0x00,0x00,0x00,0x00,0x00,
    0x00,0x00,0xF4,0xFF,0xFF,0xFF,0xFF,0x20,0x00,0x00,0x00,0x00,0x84,0xFF,0xFF,0xFF,
    0xFF,0x8C,0x00,0x00,0x00,0x00,0x00,0x00,0x00,0xF4,0xFF,0xFF,0xFF,0xFF,0x20,0x00,
    0x00,0x00,0x00,0x84,0xFF,0xFF,0xFF,0xFF,0x8C,0x00,0x00,0x00,0x00,0x00,0x00,0x00,
    0xF4,0xFF,0xFF,0xFF,0xFF,0x20,0x00,0x00,0x00,0x00,0x84,0xFF,0xFF,0xFF,0xFF,0x8C,
    0x00,0x00,0x00,0x00,0x00,0x00,0x00,0xF4,0xFF,0xFF,0xFF,0xFF,0x20,0x00,0x00,0x00,
    0x00,0x84,0xFF,0xFF,0xFF,0xFF,0x8C,0x00,0x00,0x00,0x00,0x00,0x00,0x00,0xF4,0xFF,
    0xFF,0xFF,0xFF,0x20,0x00,0x00,0x00,0x00,0x84,0xFF,0xFF,0xFF,0xFF,0x8C,0x00,0x00,
    0x00,0x00,0x00,0x00,0x00,0xF4,0xFF,0xFF,0xFF,0xFF,0x20,0x00,0x00,0x00,0x00,0x84,
    0xFF,0xFF,0xFF,0xFF,0x8C,0x00,0x00,0x00,0x00,0x84,0xFF,0xFF,0xFF,0xFF,0x8C,0x00,
    0x00,0x00,0x00,0x84,0xFF,0xFF,0xFF,0xFF,0x8C,0x00,0x00,0x00,0x00,0x84,0xFF,0xFF,
    0xFF,0xFF,0x8C,0x00,0x00,0x00,0x00,0x84,0xFF,0xFF,0xFF,0xFF,0x8C,0x00,0x00,0x00,
    0x00,0x84,0xFF,0xFF,0xFF,0xFF,0x8C,0x00,0x00,0x00,0x00,0x84,0xFF,0xFF,0xFF,0xFF,
    0x8C,0x00,0x00,0x00,0x00,0x84,0xFF,0xFF,0xFF,0xFF,0x8C,0x00,0x00,0x00,0x00,0x84,
    0xFF,0xFF,0xFF,0xFF,0x8C,0x00,0x00,0x00,0x00,0x84,0xFF,0xFF,0xFF,0xFF,0x8C,0x00,
    0x00,0x00,0x00,0x84,0xFF,0xFF,0xFF,0xFF,0x8C,0x00,0x00,0x00,0x00,0x84,0xFF,0xFF,
    0xFF,0xFF,0x8C,0x00,0x00,0x00,0x00,0x84,0xFF,0xFF,0xFF,0xFF,0x8C,0x00,0x00,0x00,
    0x00,0x84,0xFF,0xFF,0xFF,0xFF,0x8C,0x00,0x00,0x00,0x00,0x84,0xFF,0xFF,0xFF,0xFF,
    0x8C,0x00,0x00,0x00,0x00,0x84,0xFF,0xFF,0xFF,0xFF,0x8C,0x00,0x00,0x00,0x00,0x84,
    0xFF,0xFF,0xFF,0xFF,0x8C,0x00,0x00,0x00,0x00,0x84,0xFF,0xFF,0xFF,0xFF,0x8C,0x00,
    0x00,0x00,0x00,0x84,0xFF,0xFF,0xFF,0xFF,0x8C,0x00,0x00,0x00,0x00,0x84,0xFF,0xFF,
    0xFF,0xFF,0x8C,0x00,0x00,0x00,0x00,0x00,0x00,0x84,0xFF,0xFF,0xFF,0xFF,0x8C,0x00,
    0x00,0x00,0x00,0x00,0x00,0x84,0xFF,0xFF,0xFF,0xFF,0x8C,0x00,0x00,0x00,0x00,0x00,
    0x00,0x84,0xFF,0xFF,0xFF,0xFF,0x8C,0x00,0x00,0x00,0x00,0x00,0x00,0x84,0xFF,0xFF,
    0xFF,0xFF,0x8C,0x00,0x00,0x00,0x00,0x00,0x00,0x84,0xFF,0xFF,0xFF,0xFF,0x8C,0x00,
    0x00,0x00,0x00,0x00,0x00,0x84,0xFF,0xFF,0xFF,0xFF,0x8C,0x00,0x00,0x00,0x00,0x00,
    0x00,0x84,0xFF,0xFF,0xFF,0xFF,0x8C,0x00,0x00,0x00,0x00,0x00,0x00,0x84,0xFF,0xFF,
    0xFF,0xFF,0x8C,0x00,0x00,0x00,0x00,0x00,0x00,0x84,0xFF,0xFF,0xFF,0xFF,0x8C,0x00,
    0x00,0x00,0x00,0x00,0x00,0x84,0xFF,0xFF,0xFF,0xFF,0x8C,0x00,0x00,0x00,0x00,0x00,
    0x00,0x84,0xFF,0xFF,0xFF,0xFF,0x8C,0x00,0x00,0x00,0x00,0x00,0x00,0x84,0xFF,0xFF,
    0xFF,0xFF,0x8C,0x00,0x00,0x00,0x00,0x00,0x00,0x84,0xFF,0xFF,0xFF,0xFF,0x8C,0x00,
    0x00,0x00,0x00,0x00,0x00,0x84,0xFF,0xFF,0xFF,0xFF,0x8C,0x00,0x00,0x00,0x00,0x00,
    0x00,0x84,0xFF,0xFF,0xFF,0xFF,0x8C,0x00,0x00,0x00,0x00,0x00,0x00,0x84,0xFF,0xFF,
    0xFF,0xFF,0x8C,0x00,0x00,0x00,0x00,0x00,0x00,0x84,0xFF,0xFF,0xFF,0xFF,0x8C,0x00,
    0x00,0x00,0x00,0x00,0x00,0x84,0xFF,0xFF,0xFF,0xFF,0x8C,0x00,0x00,0x00,0x00,0x00,
    0x00,0x8A,0xFF,0xFF,0xFF,0xFF,0x88,0x00,0x00,0x00,0x00,0x00,0x00,0xA9,0xFF,0xFF,
    0xFF,0xFF,0x74,0x00,0x00,0x00,0x00,0x00,0x12,0xF0,0xFF,0xFF,0xFF,0xFF,0x44,0x00,
    0x00,0x00,0x0A,0x3A,0xC8,0xFF,0xFF,0xFF,0xFF,0xE5,0x07,0x00,0x00,0x84,0xFF,0xFF,
    0xFF,0xFF,0xFF,0xFF,0xFE,0x54,0x00,0x00,0x00,0x84,0xFF,0xFF,0xFF,0xFF,0xFF,0xEF,
    0x5A,0x00,0x00,0x00,0x00,0x84,0xFE,0xF3,0xDE,0xB2,0x6C,0x12,0x00,0x00,0x00,0x00,
    0x00,0x00,0x00,0x84,0xFF,0xFF,0xFF,0xFF,0x8C,0x00,0x00,0x00,0x00,0x00,0x02,0x9E,
    0xFF,0xFF,0xFF,0xFF,0xF8,0x4A,0x00,0x00,0x00,0x84,0xFF,0xFF,0xFF,0xFF,0x8C,0x00,
    0x00,0x00,0x00,0x02,0x9F,0xFF,0xFF,0xFF,0xFF,0xF8,0x4A,0x00,0x00,0x00,0x00,0x84,
    0xFF,0xFF,0xFF,0xFF,0x8C,0x00,0x00,0x00,0x02,0xA0,0xFF,0xFF,0xFF,0xFF,0xF8,0x4A,
    0x00,0x00,0x00,0x00,0x00,0x84,0xFF,0xFF,0xFF,0xFF,0x8C,0x00,0x00,0x02,0xA1,0xFF,
    0xFF,0xFF,0xFF,0xF8,0x49,0x00,0x00,0x00,0x00,0x00,0x00,0x84,0xFF,0xFF,0xFF,0xFF,
    0x8C,0x00,0x02,0xA2,0xFF,0xFF,0xFF,0xFF,0xF8,0x49,0x00,0x00,0x00,0x00,0x00,0x00,
    0x00,0x84,0xFF,0xFF,0xFF,0xFF,0x8C,0x02,0xA3,0xFF,0xFF,0xFF,0xFF,0xF8,0x49,0x00,
    0x00,0x00,0x00,0x00,0x00,0x00,0x00,0x84,0xFF,0xFF,0xFF,0xFF,0x8F,0xA4,0xFF,0xFF,
    0xFF,0xFF,0xF8,0x49,0x00,0x00,0x00,0x00,0x00,0x00,0x00,0x00,0x00,0x84,0xFF,0xFF,
    0xFF,0xFF,0xF4,0xFF,0xFF,0xFF,0xFF,0xF8,0x48,0x00,0x00,0x00,0x00,0x00,0x00,0x00,
    0x00,0x00,0x00,0x84,0xFF,0xFF,0xFF,0xFF,0xFF,0xFF,0xFF,0xFF,0xF8,0x48,0x00,0x00,
    0x00,0x00,0x00,0x00,0x00,0x00,0x00,0x00,0x00,0x84,0xFF,0xFF,0xFF,0xFF,0xFF,0xFF,
    0xFF,0xFF,0x87,0x00,0x00,0x00,0x00,0x00,0x00,0x00,0x00,0x00,0x00,0x00,0x00,0x84,
    0xFF,0xFF,0xFF,0xFF,0xFF,0xFF,0xFF,0xFF,0xFB,0x52,0x00,0x00,0x00,0x00,0x00,0x00,
    0x00,0x00,0x00,0x00,0x00,0x84,0xFF,0xFF,0xFF,0xFF,0xFF,0xFF,0xFF,0xFF,0xFF,0xFA,
    0x50,0x00,0x00,0x00,0x00,0x00,0x00,0x00,0x00,0x00,0x00,0x84,0xFF,0xFF,0xFF,0xFF,
    0xB5,0xE9,0xFF,0xFF,0xFF,0xFF,0xFA,0x4F,0x00,0x00,0x00,0x00,0x00,0x00,0x00,0x00,
    0x00,0x84,0xFF,0xFF,0xFF,0xFF,0x8C,0x2C,0xEA,0xFF,0xFF,0xFF,0xFF,0xF9,0x4D,0x00,
    0x00,0x00,0x00,0x00,0x00,0x00,0x00,0x84,0xFF,0xFF,0xFF,0xFF,0x8C,0x00,0x2C,0xEB,
    0xFF,0xFF,0xFF,0xFF,0xF9,0x4C,0x00,0x00,0x00,0x00,0x00,0x00,0x00,0x84,0xFF,0xFF,
    0xFF,0xFF,0x8C,0x00,0x00,0x2E,0xEB,0xFF,0xFF,0xFF,0xFF,0xF9,0x4B,0x00,0x00,0x00,
    0x00,0x00,0x00,0x84,0xFF,0xFF,0xFF,0xFF,0x8C,0x00,0x00,0x00,0x2E,0xEC,0xFF,0xFF,
    0xFF,0xFF,0xF8,0x49,0x00,0x00,0x00,0x00,0x00,0x84,0xFF,0xFF,0xFF,0xFF,0x8C,0x00,
    0x00,0x00,0x00,0x2F,0xEC,0xFF,0xFF,0xFF,0xFF,0xF8,0x47,0x00,0x00,0x00,0x00,0x84,
    0xFF,0xFF,0xFF,0xFF,0x8C,0x00,0x00,0x00,0x00,0x00,0x30,0xED,0xFF,0xFF,0xFF,0xFF,
    0xF7,0x46,0x00,0x00,0x00,0x84,0xFF,0xFF,0xFF,0xFF,0x8C,0x00,0x00,0x00,0x00,0x00,
    0x00,0x31,0xEE,0xFF,0xFF,0xFF,0xFF,0xF7,0x45,0x00,0x00,0x84,0xFF,0xFF,0xFF,0xFF,
    0x8C,0x00,0x00,0x00,0x00,0x00,0x00,0x00,0x00,0x00,0x00,0x00,0x84,0xFF,0xFF,0xFF,
    0xFF,0x8C,0x00,0x00,0x00,0x00,0x00,0x00,0x00,0x00,0x00,0x00,0x00,0x84,0xFF,0xFF,
    0xFF,0xFF,0x8C,0x00,0x00,0x00,0x00,0x00,0x00,0x00,0x00,0x00,0x00,0x00,0x84,0xFF,
    0xFF,0xFF,0xFF,0x8C,0x00,0x00,0x00,0x00,0x00,0x00,0x00,0x00,0x00,0x00,0x00,0x84,
    0xFF,0xFF,0xFF,0xFF,0x8C,0x00,0x00,0x00,0x00,0x00,0x00,0x00,0x00,0x00,0x00,0x00,
    0x84,0xFF,0xFF,0xFF,0xFF,0x8C,0x00,0x00,0x00,0x00,0x00,0x00,0x00,0x00,0x00,0x00,
    0x00,0x84,0xFF,0xFF,0xFF,0xFF,0x8C,0x00,0x00,0x00,0x00,0x00,0x00,0x00,0x00,0x00,
    0x00,0x00,0x84,0xFF,0xFF,0xFF,0xFF,0x8C,0x00,0x00,0x00,0x00,0x00,0x00,0x00,0x00,
    0x00,0x00,0x00,0x84,0xFF,0xFF,0xFF,0xFF,0x8C,0x00,0x00,0x00,0x00,0x00,0x00,0x00,
    0x00,0x00,0x00,0x00,0x84,0xFF,0xFF,0xFF,0xFF,0x8C,0x00,0x00,0x00,0x00,0x00,0x00,
    0x00,0x00,0x00,0x00,0x00,0x84,0xFF,0xFF,0xFF,0xFF,0x8C,0x00,0x00,0x00,0x00,0x00,
    0x00,0x00,0x00,0x00,0x00,0x00,0x84,0xFF,0xFF,0xFF,0xFF,0x8C,0x00,0x00,0x00,0x00,
    0x00,0x00,0x00,0x00,0x00,0x00,0x00,0x84,0xFF,0xFF,0xFF,0xFF,0x8C,0x00,0x00,0x00,
    0x00,0x00,0x00,0x00,0x00,0x00,0x00,0x00,0x84,0xFF,0xFF,0xFF,0xFF,0x8C,0x00,0x00,
    0x00,0x00,0x00,0x00,0x00,0x00,0x00,0x00,0x00,0x84,0xFF,0xFF,0xFF,0xFF,0x8C,0x00,
    0x00,0x00,0x00,0x00,0x00,0x00,0x00,0x00,0x00,0x00,0x84,0xFF,0xFF,0xFF,0xFF,0x8C,
    0x00,0x00,0x00,0x00,0x00,0x00,0x00,0x00,0x00,0x00,0x00,0x84,0xFF,0xFF,0xFF,0xFF,
    0x8C,0x00,0x00,0x00,0x00,0x00,0x00,0x00,0x00,0x00,0x00,0x00,0x84,0xFF,0xFF,0xFF,
    0xFF,0xFF,0xFF,0xFF,0xFF,0xFF,0xFF,0xFF,0xFF,0xFF,0x78,0x00,0x00,0x84,0xFF,0xFF,
    0xFF,0xFF,0xFF,0xFF,0xFF,0xFF,0xFF,0xFF,0xFF,0xFF,0xFF,0x78,0x00,0x00,0x84,0xFF,
    0xFF,0xFF,0xFF,0xFF,0xFF,0xFF,0xFF,0xFF,0xFF,0xFF,0xFF,0xFF,0x78,0x00,0x00,0x84,
    0xFF,0xFF,0xFF,0xFF,0xFF,0xFE,0x27,0x00,0x00,0x00,0x00,0x00,0x00,0x00,0x47,0xFF,
    0xFF,0xFF,0xFF,0xFF,0xFF,0x60,0x00,0x00,0x00,0x00,0x84,0xFF,0xFF,0xFF,0xFF,0xFF,
    0xFF,0x92,0x00,0x00,0x00,0x00,0x00,0x00,0x00,0xB4,0xFF,0xFF,0xFF,0xFF,0xFF,0xFF,
    0x60,0x00,0x00,0x00,0x00,0x84,0xFF,0xFF,0xFF,0xFF,0xFF,0xFF,0xF1,0x0C,0x00,0x00,
    0x00,0x00,0x00,0x23,0xFD,0xFF,0xFF,0xFF,0xFF,0xFF,0xFF,0x60,0x00,0x00,0x00,0x00,
    0x84,0xFF,0xFF,0xFF,0xFF,0xFF,0xFF,0xFF,0x6B,0x00,0x00,0x00,0x00,0x00,0x8E,0xFF,
    0xFF,0xFF,0xFF,0xFF,0xFF,0xFF,0x60,0x00,0x00,0x00,0x00,0x84,0xFF,0xFF,0xFF,0xFF,
    0xFF,0xFF,0xFF,0xD6,0x00,0x00,0x00,0x00,0x0B,0xEF,0xFF,0xFF,0xFF,0xFF,0xFF,0xFF,
    0xFF,0x60,0x00,0x00,0x00,0x00,0x84,0xFF,0xFF,0xFF,0xFF,0xE6,0xFF,0xFF,0xFF,0x43,
    0x00,0x00,0x00,0x68,0xFF,0xFF,0xFF,0xE6,0xFF,0xFF,0xFF,0xFF,0x60,0x00,0x00,0x00,
    0x00,0x84,0xFF,0xFF,0xFF,0xFF,0x7F,0xFF,0xFF,0xFF,0xB0,0x00,0x00,0x00,0xD4,0xFF,
    0xFF,0xFA,0x84,0xFF,0xFF,0xFF,0xFF,0x60,0x00,0x00,0x00,0x00,0x84,0xFF,0xFF,0xFF,
    0xFF,0x4C,0xC7,0xFF,0xFF,0xFC,0x1F,0x00,0x42,0xFF,0xFF,0xFF,0xA6,0x6C,0xFF,0xFF,
    0xFF,0xFF,0x60,0x00,0x00,0x00,0x00,0x84,0xFF,0xFF,0xFF,0xFF,0x4C,0x5A,0xFF,0xFF,
    0xFF,0x88,0x00,0xB0,0xFF,0xFF,0xFF,0x39,0x6C,0xFF,0xFF,0xFF,0xFF,0x60,0x00,0x00,
    0x00,0x00,0x84,0xFF,0xFF,0xFF,0xFF,0x4C,0x05,0xE7,0xFF,0xFF,0xEC,0x28,0xFD,0xFF,
    0xFF,0xCD,0x00,0x6C,0xFF,0xFF,0xFF,0xFF,0x60,0x00,0x00,0x00,0x00,0x84,0xFF,0xFF,
    0xFF,0xFF,0x4C,0x00,0x81,0xFF,0xFF,0xFF,0xD9,0xFF,0xFF,0xFF,0x60,0x00,0x6C,0xFF,
    0xFF,0xFF,0xFF,0x60,0x00,0x00,0x00,0x00,0x84,0xFF,0xFF,0xFF,0xFF,0x4C,0x00,0x19,
    0xFA,0xFF,0xFF,0xFF,0xFF,0xFF,0xEC,0x08,0x00,0x6C,0xFF,0xFF,0xFF,0xFF,0x60,0x00,
    0x00,0x00,0x00,0x84,0xFF,0xFF,0xFF,0xFF,0x4C,0x00,0x00,0xA8,0xFF,0xFF,0xFF,0xFF,
    0xFF,0x87,0x00,0x00,0x6C,0xFF,0xFF,0xFF,0xFF,0x60,0x00,0x00,0x00,0x00,0x84,0xFF,
    0xFF,0xFF,0xFF,0x4C,0x00,0x00,0x3C,0xFF,0xFF,0xFF,0xFF,0xFC,0x1E,0x00,0x00,0x6C,
    0xFF,0xFF,0xFF,0xFF,0x60,0x00,0x00,0x00,0x00,0x84,0xFF,0xFF,0xFF,0xFF,0x4C,0x00,
    0x00,0x00,0xCE,0xFF,0xFF,0xFF,0xAE,0x00,0x00,0x00,0x6C,0xFF,0xFF,0xFF,0xFF,0x60,
    0x00,0x00,0x00,0x00,0x84,0xFF,0xFF,0xFF,0xFF,0x4C,0x00,0x00,0x00,0x62,0xFF,0xFF,
    0xFF,0x42,0x00,0x00,0x00,0x6C,0xFF,0xFF,0xFF,0xFF,0x60,0x00,0x00,0x00,0x00,0x84,
    0xFF,0xFF,0xFF,0xFF,0x4C,0x00,0x00,0x00,0x00,0x00,0x00,0x00,0x00,0x00,0x00,0x00,
    0x6C,0xFF,0xFF,0xFF,0xFF,0x60,0x00,0x00,0x00,0x00,0x84,0xFF,0xFF,0xFF,0xFF,0x4C,
    0x00,0x00,0x00,0x00,0x00,0x00,0x00,0x00,0x00,0x00,0x00,0x6C,0xFF,0xFF,0xFF,0xFF,
    0x60,0x00,0x00,0x00,0x00,0x84,0xFF,0xFF,0xFF,0xFF,0x4C,0x00,0x00,0x00,0x00,0x00,
    0x00,0x00,0x00,0x00,0x00,0x00,0x6C,0xFF,0xFF,0xFF,0xFF,0x60,0x00,0x00,0x00,0x00,
    0x84,0xFF,0xFF,0xFF,0xFF,0x4C,0x00,0x00,0x00,0x00,0x00,0x00,0x00,0x00,0x00,0x00,
    0x00,0x6C,0xFF,0xFF,0xFF,0xFF,0x60,0x00,0x00,0x00,0x00,0x84,0xFF,0xFF,0xFF,0xFF,
    0xFF,0x66,0x00,0x00,0x00,0x00,0x00,0x00,0xB0,0xFF,0xFF,0xFF,0xFF,0x20,0x00,0x00,
    0x00,0x00,0x84,0xFF,0xFF,0xFF,0xFF,0xFF,0xE3,0x08,0x00,0x00,0x00,0x00,0x00,0xB0,
    0xFF,0xFF,0xFF,0xFF,0x20,0x00,0x00,0x00,0x00,0x84,0xFF,0xFF,0xFF,0xFF,0xFF,0xFF,
    0x72,0x00,0x00,0x00,0x00,0x00,0xB0,0xFF,0xFF,0xFF,0xFF,0x20,0x00,0x00,0x00,0x00,
    0x84,0xFF,0xFF,0xFF,0xFF,0xFF,0xFF,0xEB,0x0D,0x00,0x00,0x00,0x00,0xB0,0xFF,0xFF,
    0xFF,0xFF,0x20,0x00,0x00,0x00,0x00,0x84,0xFF,0xFF,0xFF,0xFF,0xFF,0xFF,0xFF,0x7E,
    0x00,0x00,0x00,0x00,0xB0,0xFF,0xFF,0xFF,0xFF,0x20,0x00,0x00,0x00,0x00,0x84,0xFF,
    0xFF,0xFF,0xFF,0xFF,0xFF,0xFF,0xF1,0x12,0x00,0x00,0x00,0xB0,0xFF,0xFF,0xFF,0xFF,
    0x20,0x00,0x00,0x00,0x00,0x84,0xFF,0xFF,0xFF,0xFF,0xDD,0xFF,0xFF,0xFF,0x89,0x00,
    0x00,0x00,0xB0,0xFF,0xFF,0xFF,0xFF,0x20,0x00,0x00,0x00,0x00,0x84,0xFF,0xFF,0xFF,
    0xFF,0x66,0xF7,0xFF,0xFF,0xF6,0x19,0x00,0x00,0xB0,0xFF,0xFF,0xFF,0xFF,0x20,0x00,
    0x00,0x00,0x00,0x84,0xFF,0xFF,0xFF,0xFF,0x4C,0x8C,0xFF,0xFF,0xFF,0x95,0x00,0x00,
    0xB0,0xFF,0xFF,0xFF,0xFF,0x20,0x00,0x00,0x00,0x00,0x84,0xFF,0xFF,0xFF,0xFF,0x4C,
    0x13,0xF2,0xFF,0xFF,0xFA,0x21,0x00,0xB0,0xFF,0xFF,0xFF,0xFF,0x20,0x00,0x00,0x00,
    0x00,0x84,0xFF,0xFF,0xFF,0xFF,0x4C,0x00,0x81,0xFF,0xFF,0xFF,0xA1,0x00,0xB0,0xFF,
    0xFF,0xFF,0xFF,0x20,0x00,0x00,0x00,0x00,0x84,0xFF,0xFF,0xFF,0xFF,0x4C,0x00,0x0E,
    0xED,0xFF,0xFF,0xFD,0x29,0xB0,0xFF,0xFF,0xFF,0xFF,0x20,0x00,0x00,0x00,0x00,0x84,
    0xFF,0xFF,0xFF,0xFF,0x4C,0x00,0x00,0x76,0xFF,0xFF,0xFF,0xAC,0xB0,0xFF,0xFF,0xFF,
    0xFF,0x20,0x00,0x00,0x00,0x00,0x84,0xFF,0xFF,0xFF,0xFF,0x4C,0x00,0x00,0x09,0xE6,
    0xFF,0xFF,0xFE,0xDE,0xFF,0xFF,0xFF,0xFF,0x20,0x00,0x00,0x00,0x00,0x84,0xFF,0xFF,
    0xFF,0xFF,0x4C,0x00,0x00,0x00,0x6B,0xFF,0xFF,0xFF,0xFF,0xFF,0xFF,0xFF,0xFF,0x20,
    0x00,0x00,0x00,0x00,0x84,0xFF,0xFF,0xFF,0xFF,0x4C,0x00,0x00,0x00,0x06,0xDF,0xFF,
    0xFF,0xFF,0xFF,0xFF,0xFF,0xFF,0x20,0x00,0x00,0x00,0x00,0x84,0xFF,0xFF,0xFF,0xFF,
    0x4C,0x00,0x00,0x00,0x00,0x60,0xFF,0xFF,0xFF,0xFF,0xFF,0xFF,0xFF,0x20,0x00,0x00,
    0x00,0x00,0x84,0xFF,0xFF,0xFF,0xFF,0x4C,0x00,0x00,0x00,0x00,0x03,0xD7,0xFF,0xFF,
    0xFF,0xFF,0xFF,0xFF,0x20,0x00,0x00,0x00,0x00,0x84,0xFF,0xFF,0xFF,0xFF,0x4C,0x00,
    0x00,0x00,0x00,0x00,0x55,0xFF,0xFF,0xFF,0xFF,0xFF,0xFF,0x20,0x00,0x00,0x00,0x00,
    0x84,0xFF,0xFF,0xFF,0xFF,0x4C,0x00,0x00,0x00,0x00,0x00,0x01,0xCD,0xFF,0xFF,0xFF,
    0xFF,0xFF,0x20,0x00,0x00,0x00,0x00,0x00,0x00,0x00,0x00,0x0C,0x64,0xA6,0xD8,0xED,
    0xFA,0xEB,0xD6,0xA2,0x5F,0x09,0x00,0x00,0x00,0x00,0x00,0x00,0x00,0x00,0x00,0x00,
    0x01,0x75,0xED,0xFF,0xFF,0xFF,0xFF,0xFF,0xFF,0xFF,0xFF,0xFF,0xE9,0x6B,0x00,0x00,
    0x00,0x00,0x00,0x00,0x00,0x00,0x09,0xB4,0xFF,0xFF,0xFF,0xFF,0xFF,0xFF,0xFF,0xFF,
    0xFF,0xFF,0xFF,0xFF,0xFF,0xA8,0x05,0x00,0x00,0x00,0x00,0x00,0x00,0xA6,0xFF,0xFF,
    0xFF,0xFF,0xF4,0x75,0x1F,0x07,0x22,0x7C,0xF7,0xFF,0xFF,0xFF,0xFF,0x96,0x00,0x00,
    0x00,0x00,0x00,0x55,0xFF,0xFF,0xFF,0xFF,0xF6,0x37,0x00,0x00,0x00,0x00,0x00,0x40,
    0xFA,0xFF,0xFF,0xFF,0xFF,0x44,0x00,0x00,0x00,0x00,0xD2,0xFF,0xFF,0xFF,0xFF,0x82,
    0x00,0x00,0x00,0x00,0x00,0x00,0x00,0x8F,0xFF,0xFF,0xFF,0xFF,0xC2,0x00,0x00,0x00,
    0x29,0xFF,0xFF,0xFF,0xFF,0xFE,0x1A,0x00,0x00,0x00,0x00,0x00,0x00,0x00,0x25,0xFF,
    0xFF,0xFF,0xFF,0xFF,0x18,0x00,0x00,0x69,0xFF,0xFF,0xFF,0xFF,0xD5,0x00,0x00,0x00,
    0x00,0x00,0x00,0x00,0x00,0x00,0xE2,0xFF,0xFF,0xFF,0xFF,0x59,0x00,0x00,0x8B,0xFF,
    0xFF,0xFF,0xFF,0xAD,0x00,0x00,0x00,0x00,0x00,0x00,0x00,0x00,0x00,0xBB,0xFF,0xFF,
    0xFF,0xFF,0x7A,0x00,0x00,0x9E,0xFF,0xFF,0xFF,0xFF,0x9E,0x00,0x00,0x00,0x00,0x00,
    0x00,0x00,0x00,0x00,0xAB,0xFF,0xFF,0xFF,0xFF,0x8E,0x00,0x00,0x9F,0xFF,0xFF,0xFF,
    0xFF,0x9D,0x00,0x00,0x00,0x00,0x00,0x00,0x00,0x00,0x00,0xAB,0xFF,0xFF,0xFF,0xFF,
    0x8D,0x00,0x00,0x8B,0xFF,0xFF,0xFF,0xFF,0xAD,0x00,0x00,0x00,0x00,0x00,0x00,0x00,
    0x00,0x00,0xBB,0xFF,0xFF,0xFF,0xFF,0x7A,0x00,0x00,0x69,0xFF,0xFF,0xFF,0xFF,0xD5,
    0x00,0x00,0x00,0x00,0x00,0x00,0x00,0x00,0x00,0xE1,0xFF,0xFF,0xFF,0xFF,0x59,0x00,
    0x00,0x29,0xFF,0xFF,0xFF,0xFF,0xFD,0x19,0x00,0x00,0x00,0x00,0x00,0x00,0x00,0x25,
    0xFF,0xFF,0xFF,0xFF,0xFF,0x19,0x00,0x00,0x00,0xD2,0xFF,0xFF,0xFF,0xFF,0x80,0x00,
    0x00,0x00,0x00,0x00,0x00,0x00,0x8D,0xFF,0xFF,0xFF,0xFF,0xC2,0x00,0x00,0x00,0x00,
    0x55,0xFF,0xFF,0xFF,0xFF,0xF6,0x34,0x00,0x00,0x00,0x00,0x00,0x3D,0xF9,0xFF,0xFF,
    0xFF,0xFF,0x45,0x00,0x00,0x00,0x00,0x00,0xA6,0xFF,0xFF,0xFF,0xFF,0xF3,0x74,0x1E,
    0x06,0x21,0x7A,0xF6,0xFF,0xFF,0xFF,0xFF,0x96,0x00,0x00,0x00,0x00,0x00,0x00,0x09,
    0xB4,0xFF,0xFF,0xFF,0xFF,0xFF,0xFF,0xFF,0xFF,0xFF,0xFF,0xFF,0xFF,0xFF,0xA9,0x05,
    0x00,0x00,0x00,0x00,0x00,0x00,0x00,0x01,0x77,0xEE,0xFF,0xFF,0xFF,0xFF,0xFF,0xFF,
    0xFF,0xFF,0xFF,0xEA,0x6D,0x00,0x00,0x00,0x00,0x00,0x00,0x00,0x00,0x00,0x00,0x00,
    0x0D,0x65,0xA7,0xDA,0xEE,0xFB,0xED,0xD8,0xA4,0x60,0x0A,0x00,0x00,0x00,0x00,0x00,
    0x00,0x00,0x00,0x84,0xFF,0xFF,0xFF,0xFF,0xFF,0xFF,0xFF,0xFF,0xF6,0xE5,0xBA,0x76,
    0x17,0x00,0x00,0x00,0x00,0x00,0x00,0x84,0xFF,0xFF,0xFF,0xFF,0xFF,0xFF,0xFF,0xFF,
    0xFF,0xFF,0xFF,0xFF,0xF4,0x67,0x00,0x00,0x00,0x00,0x00,0x84,0xFF,0xFF,0xFF,0xFF,
    0xFF,0xFF,0xFF,0xFF,0xFF,0xFF,0xFF,0xFF,0xFF,0xFF,0x68,0x00,0x00,0x00,0x00,0x84,
    0xFF,0xFF,0xFF,0xFF,0x8C,0x00,0x00,0x09,0x39,0xCB,0xFF,0xFF,0xFF,0xFF,0xF3,0x16,
    0x00,0x00,0x00,0x84,0xFF,0xFF,0xFF,0xFF,0x8C,0x00,0x00,0x00,0x00,0x15,0xF1,0xFF,
    0xFF,0xFF,0xFF,0x67,0x00,0x00,0x00,0x84,0xFF,0xFF,0xFF,0xFF,0x8C,0x00,0x00,0x00,
    0x00,0x00,0xAF,0xFF,0xFF,0xFF,0xFF,0x99,0x00,0x00,0x00,0x84,0xFF,0xFF,0xFF,0xFF,
    0x8C,0x00,0x00,0x00,0x00,0x00,0x95,0xFF,0xFF,0xFF,0xFF,0xAA,0x00,0x00,0x00,0x84,
    0xFF,0xFF,0xFF,0xFF,0x8C,0x00,0x00,0x00,0x00,0x00,0xAF,0xFF,0xFF,0xFF,0xFF,0x99,
    0x00,0x00,0x00,0x84,0xFF,0xFF,0xFF,0xFF,0x8C,0x00,0x00,0x00,0x00,0x16,0xF2,0xFF,
    0xFF,0xFF,0xFF,0x67,0x00,0x00,0x00,0x84,0xFF,0xFF,0xFF,0xFF,0x8C,0x00,0x00,0x08,
    0x39,0xCA,0xFF,0xFF,0xFF,0xFF,0xF3,0x16,0x00,0x00,0x00,0x84,0xFF,0xFF,0xFF,0xFF,
    0xFF,0xFF,0xFF,0xFF,0xFF,0xFF,0xFF,0xFF,0xFF,0xFF,0x69,0x00,0x00,0x00,0x00,0x84,
    0xFF,0xFF,0xFF,0xFF,0xFF,0xFF,0xFF,0xFF,0xFF,0xFF,0xFF,0xFF,0xF4,0x68,0x00,0x00,
    0x00,0x00,0x00,0x84,0xFF,0xFF,0xFF,0xFF,0xFF,0xFF,0xFF,0xFF,0xF7,0xE6,0xBB,0x77,
    0x17,0x00,0x00,0x00,0x00,0x00,0x00,0x84,0xFF,0xFF,0xFF,0xFF,0x8C,0x00,0x00,0x00,
    0x00,0x00,0x00,0x00,0x00,0x00,0x00,0x00,0x00,0x00,0x00,0x84,0xFF,0xFF,0xFF,0xFF,
    0x8C,0x00,0x00,0x00,0x00,0x00,0x00,0x00,0x00,0x00,0x00,0x00,0x00,0x00,0x00,0x84,
    0xFF,0xFF,0xFF,0xFF,0x8C,0x00,0x00,0x00,0x00,0x00,0x00,0x00,0x00,0x00,0x00,0x00,
    0x00,0x00,0x00,0x84,0xFF,0xFF,0xFF,0xFF,0x8C,0x00,0x00,0x00,0x00,0x00,0x00,0x00,
    0x00,0x00,0x00,0x00,0x00,0x00,0x00,0x84,0xFF,0xFF,0xFF,0xFF,0x8C,0x00,0x00,0x00,
    0x00,0x00,0x00,0x00,0x00,0x00,0x00,0x00,0x00,0x00,0x00,0x84,0xFF,0xFF,0xFF,0xFF,
    0x8C,0x00,0x00,0x00,0x00,0x00,0x00,0x00,0x00,0x00,0x00,0x00,0x00,0x00,0x00,0x84,
    0xFF,0xFF,0xFF,0xFF,0x8C,0x00,0x00,0x00,0x00,0x00,0x00,0x00,0x00,0x00,0x00,0x00,
    0x00,0x00,0x00,0x00,0x00,0x00,0x00,0x0C,0x63,0xA5,0xD8,0xED,0xFA,0xEB,0xD7,0xA3,
    0x61,0x0A,0x00,0x00,0x00,0x00,0x00,0x00,0x00,0x00,0x00,0x00,0x01,0x73,0xEC,0xFF,
    0xFF,0xFF,0xFF,0xFF,0xFF,0xFF,0xFF,0xFF,0xEB,0x6F,0x00,0x00,0x00,0x00,0x00,0x00,
    0x00,0x00,0x08,0xB1,0xFF,0xFF,0xFF,0xFF,0xFF,0xFF,0xFF,0xFF,0xFF,0xFF,0xFF,0xFF,
    0xFF,0xAB,0x06,0x00,0x00,0x00,0x00,0x00,0x00,0xA2,0xFF,0xFF,0xFF,0xFF,0xF4,0x75,
    0x1F,0x07,0x22,0x7C,0xF7,0xFF,0xFF,0xFF,0xFF,0x98,0x00,0x00,0x00,0x00,0x00,0x53,
    0xFF,0xFF,0xFF,0xFF,0xF6,0x37,0x00,0x00,0x00,0x00,0x00,0x40,0xFA,0xFF,0xFF,0xFF,
    0xFF,0x45,0x00,0x00,0x00,0x00,0xD0,0xFF,0xFF,0xFF,0xFF,0x82,0x00,0x00,0x00,0x00,
    0x00,0x00,0x00,0x8F,0xFF,0xFF,0xFF,0xFF,0xC1,0x00,0x00,0x00,0x28,0xFF,0xFF,0xFF,
    0xFF,0xFE,0x1A,0x00,0x00,0x00,0x00,0x00,0x00,0x00,0x25,0xFF,0xFF,0xFF,0xFF,0xFF,
    0x17,0x00,0x00,0x68,0xFF,0xFF,0xFF,0xFF,0xD5,0x00,0x00,0x00,0x00,0x00,0x00,0x00,
    0x00,0x00,0xE2,0xFF,0xFF,0xFF,0xFF,0x56,0x00,0x00,0x8B,0xFF,0xFF,0xFF,0xFF,0xAD,
    0x00,0x00,0x00,0x00,0x00,0x00,0x00,0x00,0x00,0xBB,0xFF,0xFF,0xFF,0xFF,0x79,0x00,
    0x00,0x9E,0xFF,0xFF,0xFF,0xFF,0x9E,0x00,0x00,0x00,0x00,0x00,0x00,0x00,0x00,0x00,
    0xAB,0xFF,0xFF,0xFF,0xFF,0x8C,0x00,0x00,0x9E,0xFF,0xFF,0xFF,0xFF,0x9D,0x00,0x00,
    0x00,0x00,0x00,0x00,0x00,0x00,0x00,0xAB,0xFF,0xFF,0xFF,0xFF,0x91,0x00,0x00,0x8B,
    0xFF,0xFF,0xFF,0xFF,0xAD,0x00,0x00,0x00,0x00,0x00,0x00,0x00,0x00,0x00,0xBB,0xFF,
    0xFF,0xFF,0xFF,0x81,0x00,0x00,0x6A,0xFF,0xFF,0xFF,0xFF,0xD2,0x00,0x00,0x00,0x00,
    0x00,0x00,0x00,0x00,0x00,0xE1,0xFF,0xFF,0xFF,0xFF,0x5A,0x00,0x00,0x2A,0xFF,0xFF,
    0xFF,0xFF,0xFC,0x15,0x00,0x00,0x00,0x00,0x00,0x00,0x00,0x25,0xFF,0xFF,0xFF,0xFF,
    0xFF,0x1F,0x00,0x00,0x00,0xD3,0xFF,0xFF,0xFF,0xFF,0x76,0x00,0x00,0x00,0x00,0x00,
    0x00,0x00,0x8D,0xFF,0xFF,0xFF,0xFF,0xC5,0x00,0x00,0x00,0x00,0x56,0xFF,0xFF,0xFF,
    0xFF,0xF1,0x2B,0x00,0x00,0x00,0x00,0x00,0x3D,0xF9,0xFF,0xFF,0xFF,0xFF,0x4A,0x00,
    0x00,0x00,0x00,0x00,0xA7,0xFF,0xFF,0xFF,0xFF,0xEE,0x6D,0x1B,0x06,0x21,0x7A,0xF6,
    0xFF,0xFF,0xFF,0xFF,0xA3,0x00,0x00,0x00,0x00,0x00,0x00,0x09,0xB4,0xFF,0xFF,0xFF,
    0xFF,0xFF,0xFF,0xFF,0xFF,0xFF,0xFF,0xFF,0xFF,0xFF,0xB9,0x08,0x00,0x00,0x00,0x00,
    0x00,0x00,0x00,0x01,0x75,0xED,0xFF,0xFF,0xFF,0xFF,0xFF,0xFF,0xFF,0xFF,0xFF,0xF8,
    0x83,0x04,0x00,0x00,0x00,0x00,0x00,0x00,0x00,0x00,0x00,0x00,0x0B,0x62,0xA3,0xD7,
    0xEC,0xFC,0xFF,0xFF,0xFF,0xFF,0x62,0x00,0x00,0x00,0x00,0x00,0x00,0x00,0x00,0x00,
    0x00,0x00,0x00,0x00,0x00,0x00,0x00,0x00,0x00,0x99,0xFF,0xFF,0xFF,0xEF,0x28,0x00,
    0x00,0x00,0x00,0x00,0x00,0x00,0x00,0x00,0x00,0x00,0x00,0x00,0x00,0x00,0x00,0x00,
    0x06,0xC5,0xFF,0xFF,0xFF,0xDD,0x14,0x00,0x00,0x00,0x00,0x00,0x00,0x00,0x00,0x00,
    0x00,0x00,0x00,0x00,0x00,0x00,0x00,0x00,0x18,0xE5,0xFF,0xFF,0xFF,0xC3,0x06,0x00,
    0x00,0x00,0x00,0x00,0x00,0x00,0x00,0x00,0x00,0x00,0x00,0x00,0x00,0x00,0x00,0x00,
    0x37,0xF8,0xFF,0xFF,0xFF,0xA2,0x00,0x00,0x00,0x00,0x00,0x84,0xFF,0xFF,0xFF,0xFF,
    0xFF,0xFF,0xFF,0xFC,0xF1,0xD8,0xAC,0x62,0x09,0x00,0x00,0x00,0x00,0x00,0x00,0x00,
    0x84,0xFF,0xFF,0xFF,0xFF,0xFF,0xFF,0xFF,0xFF,0xFF,0xFF,0xFF,0xFF,0xE3,0x35,0x00,
    0x00,0x00,0x00,0x00,0x00,0x84,0xFF,0xFF,0xFF,0xFF,0xFF,0xFF,0xFF,0xFF,0xFF,0xFF,
    0xFF,0xFF,0xFF,0xEC,0x13,0x00,0x00,0x00,0x00,0x00,0x84,0xFF,0xFF,0xFF,0xFF,0x8C,
    0x00,0x01,0x1B,0x6C,0xFB,0xFF,0xFF,0xFF,0xFF,0x72,0x00,0x00,0x00,0x00,0x00,0x84,
    0xFF,0xFF,0xFF,0xFF,0x8C,0x00,0x00,0x00,0x00,0x99,0xFF,0xFF,0xFF,0xFF,0xAA,0x00,
    0x00,0x00,0x00,0x00,0x84,0xFF,0xFF,0xFF,0xFF,0x8C,0x00,0x00,0x00,0x00,0x63,0xFF,
    0xFF,0xFF,0xFF,0xB8,0x00,0x00,0x00,0x00,0x00,0x84,0xFF,0xFF,0xFF,0xFF,0x8C,0x00,
    0x00,0x00,0x00,0x66,0xFF,0xFF,0xFF,0xFF,0x9B,0x00,0x00,0x00,0x00,0x00,0x84,0xFF,
    0xFF,0xFF,0xFF,0x8C,0x00,0x00,0x00,0x00,0x9C,0xFF,0xFF,0xFF,0xFF,0x5C,0x00,0x00,
    0x00,0x00,0x00,0x84,0xFF,0xFF,0xFF,0xFF,0x8C,0x00,0x01,0x1A,0x6F,0xFB,0xFF,0xFF,
    0xFF,0xD3,0x03,0x00,0x00,0x00,0x00,0x00,0x84,0xFF,0xFF,0xFF,0xFF,0xFF,0xFF,0xFF,
    0xFF,0xFF,0xFF,0xFF,0xFF,0xC3,0x15,0x00,0x00,0x00,0x00,0x00,0x00,0x84,0xFF,0xFF,
    0xFF,0xFF,0xFF,0xFF,0xFF,0xFF,0xFF,0xFF,0xFF,0x8D,0x01,0x00,0x00,0x00,0x00,0x00,
    0x00,0x00,0x84,0xFF,0xFF,0xFF,0xFF,0xFF,0xFF,0xFF,0xFF,0xFF,0xFF,0xFF,0xFF,0xB1,
    0x06,0x00,0x00,0x00,0x00,0x00,0x00,0x84,0xFF,0xFF,0xFF,0xFF,0x8C,0x00,0x11,0x58,
    0xEB,0xFF,0xFF,0xFF,0xFF,0x95,0x00,0x00,0x00,0x00,0x00,0x00,0x84,0xFF,0xFF,0xFF,
    0xFF,0x8C,0x00,0x00,0x00,0x40,0xFF,0xFF,0xFF,0xFF,0xFE,0x36,0x00,0x00,0x00,0x00,
    0x00,0x84,0xFF,0xFF,0xFF,0xFF,0x8C,0x00,0x00,0x00,0x00,0xAC,0xFF,0xFF,0xFF,0xFF,
    0xBA,0x00,0x00,0x00,0x00,0x00,0x84,0xFF,0xFF,0xFF,0xFF,0x8C,0x00,0x00,0x00,0x00,
    0x34,0xFF,0xFF,0xFF,0xFF,0xFF,0x30,0x00,0x00,0x00,0x00,0x84,0xFF,0xFF,0xFF,0xFF,
    0x8C,0x00,0x00,0x00,0x00,0x00,0xC0,0xFF,0xFF,0xFF,0xFF,0xA4,0x00,0x00,0x00,0x00,
    0x84,0xFF,0xFF,0xFF,0xFF,0x8C,0x00,0x00,0x00,0x00,0x00,0x4C,0xFF,0xFF,0xFF,0xFF,
    0xFB,0x1E,0x00,0x00,0x00,0x84,0xFF,0xFF,0xFF,0xFF,0x8C,0x00,0x00,0x00,0x00,0x00,
    0x01,0xD5,0xFF,0xFF,0xFF,0xFF,0x8F,0x00,0x00,0x00,0x84,0xFF,0xFF,0xFF,0xFF,0x8C,
    0x00,0x00,0x00,0x00,0x00,0x00,0x62,0xFF,0xFF,0xFF,0xFF,0xF3,0x11,0x00,0x00,0x00,
    0x00,0x05,0x56,0xAA,0xDC,0xF3,0xFB,0xED,0xDD,0xCB,0xA6,0x7B,0x50,0x09,0x00,0x00,
    0x00,0x00,0x00,0x26,0xD1,0xFF,0xFF,0xFF,0xFF,0xFF,0xFF,0xFF,0xFF,0xFF,0xFF,0xFF,
    0x2C,0x00,0x00,0x00,0x00,0x12,0xE2,0xFF,0xFF,0xFF,0xFF,0xFF,0xFF,0xFF,0xFF,0xFF,
    0xFF,0xFF,0xFF,0x2C,0x00,0x00,0x00,0x00,0x89,0xFF,0xFF,0xFF,0xFF,0x9D,0x31,0x0F,
    0x09,0x25,0x63,0xB7,0xFD,0xFF,0x2C,0x00,0x00,0x00,0x00,0xDC,0xFF,0xFF,0xFF,0xC3,
    0x00,0x00,0x00,0x00,0x00,0x00,0x00,0x22,0xA4,0x2A,0x00,0x00,0x00,0x03,0xFE,0xFF,
    0xFF,0xFF,0x98,0x00,0x00,0x00,0x00,0x00,0x00,0x00,0x00,0x00,0x00,0x00,0x00,0x00,
    0x09,0xFF,0xFF,0xFF,0xFF,0xDC,0x0E,0x00,0x00,0x00,0x00,0x00,0x00,0x00,0x00,0x00,
    0x00,0x00,0x00,0x00,0xEC,0xFF,0xFF,0xFF,0xFF,0xE8,0x88,0x3F,0x0B,0x00,0x00,0x00,
    0x00,0x00,0x00,0x00,0x00,0x00,0x00,0xA0,0xFF,0xFF,0xFF,0xFF,0xFF,0xFF,0xFF,0xFD,
    0xD2,0x95,0x49,0x04,0x00,0x00,0x00,0x00,0x00,0x00,0x21,0xEF,0xFF,0xFF,0xFF,0xFF,
    0xFF,0xFF,0xFF,0xFF,0xFF,0xFF,0xE0,0x54,0x00,0x00,0x00,0x00,0x00,0x00,0x2F,0xD6,
    0xFF,0xFF,0xFF,0xFF,0xFF,0xFF,0xFF,0xFF,0xFF,0xFF,0xFF,0x69,0x00,0x00,0x00,0x00,
    0x00,0x00,0x04,0x57,0xB2,0xF2,0xFF,0xFF,0xFF,0xFF,0xFF,0xFF,0xFF,0xFF,0xF3,0x11,
    0x00,0x00,0x00,0x00,0x00,0x00,0x00,0x00,0x04,0x34,0x70,0xB4,0xFA,0xFF,0xFF,0xFF,
    0xFF,0xFF,0x53,0x00,0x00,0x00,0x00,0x00,0x00,0x00,0x00,0x00,0x00,0x00,0x00,0x1F,
    0xDF,0xFF,0xFF,0xFF,0xFF,0x71,0x00,0x00,0x00,0x00,0x00,0x00,0x00,0x00,0x00,0x00,
    0x00,0x00,0x00,0x7D,0xFF,0xFF,0xFF,0xFF,0x68,0x00,0x00,0x00,0xB3,0x57,0x04,0x00,
    0x00,0x00,0x00,0x00,0x00,0x00,0x9B,0xFF,0xFF,0xFF,0xFF,0x45,0x00,0x00,0x00,0xE4,
    0xFF,0xEB,0x97,0x56,0x23,0x0C,0x08,0x26,0x84,0xFE,0xFF,0xFF,0xFF,0xEE,0x08,0x00,
    0x00,0x00,0xE4,0xFF,0xFF,0xFF,0xFF,0xFF,0xFF,0xFF,0xFF,0xFF,0xFF,0xFF,0xFF,0xFF,
    0x67,0x00,0x00,0x00,0x00,0xD8,0xFF,0xFF,0xFF,0xFF,0xFF,0xFF,0xFF,0xFF,0xFF,0xFF,
    0xFF,0xF7,0x71,0x00,0x00,0x00,0x00,0x00,0x03,0x38,0x74,0xA5,0xCA,0xE6,0xF5,0xFD,
    0xF5,0xE3,0xBA,0x79,0x1D,0x00,0x00,0x00,0x00,0xE0,0xFF,0xFF,0xFF,0xFF,0xFF,0xFF,
    0xFF,0xFF,0xFF,0xFF,0xFF,0xFF,0xFF,0xFF,0xFF,0xFF,0xFF,0x44,0xE0,0xFF,0xFF,0xFF,
    0xFF,0xFF,0xFF,0xFF,0xFF,0xFF,0xFF,0xFF,0xFF,0xFF,0xFF,0xFF,0xFF,0xFF,0x44,0xE0,
    0xFF,0xFF,0xFF,0xFF,0xFF,0xFF,0xFF,0xFF,0xFF,0xFF,0xFF,0xFF,0xFF,0xFF,0xFF,0xFF,
    0xFF,0x44,0x00,0x00,0x00,0x00,0x00,0x00,0x54,0xFF,0xFF,0xFF,0xFF,0xC0,0x00,0x00,
    0x00,0x00,0x00,0x00,0x00,0x00,0x00,0x00,0x00,0x00,0x00,0x54,0xFF,0xFF,0xFF,0xFF,
    0xC0,0x00,0x00,0x00,0x00,0x00,0x00,0x00,0x00,0x00,0x00,0x00,0x00,0x00,0x54,0xFF,
    0xFF,0xFF,0xFF,0xC0,0x00,0x00,0x00,0x00,0x00,0x00,0x00,0x00,0x00,0x00,0x00,0x00,
    0x00,0x54,0xFF,0xFF,0xFF,0xFF,0xC0,0x00,0x00,0x00,0x00,0x00,0x00,0x00,0x00,0x00,
    0x00,0x00,0x00,0x00,0x54,0xFF,0xFF,0xFF,0xFF,0xC0,0x00,0x00,0x00,0x00,0x00,0x00,
    0x00,0x00,0x00,0x00,0x00,0x00,0x00,0x54,0xFF,0xFF,0xFF,0xFF,0xC0,0x00,0x00,0x00,
    0x00,0x00,0x00,0x00,0x00,0x00,0x00,0x00,0x00,0x00,0x54,0xFF,0xFF,0xFF,0xFF,0xC0,
    0x00,0x00,0x00,0x00,0x00,0x00,0x00,0x00,0x00,0x00,0x00,0x00,0x00,0x54,0xFF,0xFF,
    0xFF,0xFF,0xC0,0x00,0x00,0x00,0x00,0x00,0x00,0x00,0x00,0x00,0x00,0x00,0x00,0x00,
    0x54,0xFF,0xFF,0xFF,0xFF,0xC0,0x00,0x00,0x00,0x00,0x00,0x00,0x00,0x00,0x00,0x00,
    0x00,0x00,0x00,0x54,0xFF,0xFF,0xFF,0xFF,0xC0,0x00,0x00,0x00,0x00,0x00,0x00,0x00,
    0x00,0x00,0x00,0x00,0x00,0x00,0x54,0xFF,0xFF,0xFF,0xFF,0xC0,0x00,0x00,0x00,0x00,
    0x00,0x00,0x00,0x00,0x00,0x00,0x00,0x00,0x00,0x54,0xFF,0xFF,0xFF,0xFF,0xC0,0x00,
    0x00,0x00,0x00,0x00,0x00,0x00,0x00,0x00,0x00,0x00,0x00,0x00,0x54,0xFF,0xFF,0xFF,
    0xFF,0xC0,0x00,0x00,0x00,0x00,0x00,0x00,0x00,0x00,0x00,0x00,0x00,0x00,0x00,0x54,
    0xFF,0xFF,0xFF,0xFF,0xC0,0x00,0x00,0x00,0x00,0x00,0x00,0x00,0x00,0x00,0x00,0x00,
    0x00,0x00,0x54,0xFF,0xFF,0xFF,0xFF,0xC0,0x00,0x00,0x00,0x00,0x00,0x00,0x00,0x00,
    0x00,0x00,0x00,0x00,0x00,0x54,0xFF,0xFF,0xFF,0xFF,0xC0,0x00,0x00,0x00,0x00,0x00,
    0x00,0x00,0x00,0x00,0x00,0x00,0x00,0x00,0x54,0xFF,0xFF,0xFF,0xFF,0xC0,0x00,0x00,
    0x00,0x00,0x00,0x00,0x00,0x00,0x00,0x84,0xFF,0xFF,0xFF,0xFF,0x8C,0x00,0x00,0x00,
    0x00,0x00,0x00,0xA0,0xFF,0xFF,0xFF,0xFF,0x74,0x00,0x00,0x00,0x00,0x84,0xFF,0xFF,
    0xFF,0xFF,0x8C,0x00,0x00,0x00,0x00,0x00,0x00,0xA0,0xFF,0xFF,0xFF,0xFF,0x74,0x00,
    0x00,0x00,0x00,0x84,0xFF,0xFF,0xFF,0xFF,0x8C,0x00,0x00,0x00,0x00,0x00,0x00,0xA0,
    0xFF,0xFF,0xFF,0xFF,0x74,0x00,0x00,0x00,0x00,0x84,0xFF,0xFF,0xFF,0xFF,0x8C,0x00,
    0x00,0x00,0x00,0x00,0x00,0xA0,0xFF,0xFF,0xFF,0xFF,0x74,0x00,0x00,0x00,0x00,0x84,
    0xFF,0xFF,0xFF,0xFF,0x8C,0x00,0x00,0x00,0x00,0x00,0x00,0xA0,0xFF,0xFF,0xFF,0xFF,
    0x74,0x00,0x00,0x00,0x00,0x84,0xFF,0xFF,0xFF,0xFF,0x8C,0x00,0x00,0x00,0x00,0x00,
    0x00,0xA0,0xFF,0xFF,0xFF,0xFF,0x74,0x00,0x00,0x00,0x00,0x84,0xFF,0xFF,0xFF,0xFF,
    0x8C,0x00,0x00,0x00,0x00,0x00,0x00,0xA0,0xFF,0xFF,0xFF,0xFF,0x74,0x00,0x00,0x00,
    0x00,0x84,0xFF,0xFF,0xFF,0xFF,0x8C,0x00,0x00,0x00,0x00,0x00,0x00,0xA0,0xFF,0xFF,
    0xFF,0xFF,0x74,0x00,0x00,0x00,0x00,0x84,0xFF,0xFF,0xFF,0xFF,0x8C,0x00,0x00,0x00,
    0x00,0x00,0x00,0xA0,0xFF,0xFF,0xFF,0xFF,0x74,0x00,0x00,0x00,0x00,0x84,0xFF,0xFF,
    0xFF,0xFF,0x8C,0x00,0x00,0x00,0x00,0x00,0x00,0xA0,0xFF,0xFF,0xFF,0xFF,0x74,0x00,
    0x00,0x00,0x00,0x84,0xFF,0xFF,0xFF,0xFF,0x8C,0x00,0x00,0x00,0x00,0x00,0x00,0xA0,
    0xFF,0xFF,0xFF,0xFF,0x74,0x00,0x00,0x00,0x00,0x84,0xFF,0xFF,0xFF,0xFF,0x8C,0x00,
    0x00,0x00,0x00,0x00,0x00,0xA0,0xFF,0xFF,0xFF,0xFF,0x74,0x00,0x00,0x00,0x00,0x7F,
    0xFF,0xFF,0xFF,0xFF,0x8E,0x00,0x00,0x00,0x00,0x00,0x00,0xA2,0xFF,0xFF,0xFF,0xFF,
    0x6E,0x00,0x00,0x00,0x00,0x6E,0xFF,0xFF,0xFF,0xFF,0x9C,0x00,0x00,0x00,0x00,0x00,
    0x00,0xB1,0xFF,0xFF,0xFF,0xFF,0x5D,0x00,0x00,0x00,0x00,0x4A,0xFF,0xFF,0xFF,0xFF,
    0xC6,0x00,0x00,0x00,0x00,0x00,0x00,0xDA,0xFF,0xFF,0xFF,0xFF,0x38,0x00,0x00,0x00,
    0x00,0x0E,0xF9,0xFF,0xFF,0xFF,0xFC,0x24,0x00,0x00,0x00,0x00,0x35,0xFF,0xFF,0xFF,
    0xFF,0xF1,0x05,0x00,0x00,0x00,0x00,0x00,0x98,0xFF,0xFF,0xFF,0xFF,0xD7,0x43,0x09,
    0x0B,0x4C,0xE1,0xFF,0xFF,0xFF,0xFF,0x86,0x00,0x00,0x00,0x00,0x00,0x00,0x12,0xDB,
    0xFF,0xFF,0xFF,0xFF,0xFF,0xFF,0xFF,0xFF,0xFF,0xFF,0xFF,0xFF,0xD0,0x0C,0x00,0x00,
    0x00,0x00,0x00,0x00,0x00,0x1B,0xBC,0xFF,0xFF,0xFF,0xFF,0xFF,0xFF,0xFF,0xFF,0xFF,
    0xFF,0xB1,0x15,0x00,0x00,0x00,0x00,0x00,0x00,0x00,0x00,0x00,0x00,0x3B,0x93,0xCA,
    0xEA,0xF9,0xF8,0xE9,0xC6,0x8F,0x34,0x00,0x00,0x00,0x00,0x00,0x00,0xB2,0xFF,0xFF,
    0xFF,0xFF,0x68,0x00,0x00,0x00,0x00,0x00,0x00,0x00,0x00,0x00,0x86,0xFF,0xFF,0xFF,
    0xFF,0x94,0x54,0xFF,0xFF,0xFF,0xFF,0xC3,0x00,0x00,0x00,0x00,0x00,0x00,0x00,0x00,
    0x00,0xDE,0xFF,0xFF,0xFF,0xFF,0x37,0x07,0xEF,0xFF,0xFF,0xFF,0xFE,0x1F,0x00,0x00,
    0x00,0x00,0x00,0x00,0x00,0x3A,0xFF,0xFF,0xFF,0xFF,0xD9,0x00,0x00,0x99,0xFF,0xFF,
    0xFF,0xFF,0x78,0x00,0x00,0x00,0x00,0x00,0x00,0x00,0x94,0xFF,0xFF,0xFF,0xFF,0x7C,
    0x00,0x00,0x3C,0xFF,0xFF,0xFF,0xFF,0xD2,0x00,0x00,0x00,0x00,0x00,0x00,0x04,0xE9,
    0xFF,0xFF,0xFF,0xFE,0x20,0x00,0x00,0x00,0xDD,0xFF,0xFF,0xFF,0xFF,0x2D,0x00,0x00,
    0x00,0x00,0x00,0x49,0xFF,0xFF,0xFF,0xFF,0xC1,0x00,0x00,0x00,0x00,0x81,0xFF,0xFF,
    0xFF,0xFF,0x87,0x00,0x00,0x00,0x00,0x00,0xA3,0xFF,0xFF,0xFF,0xFF,0x64,0x00,0x00,
    0x00,0x00,0x24,0xFF,0xFF,0xFF,0xFF,0xE0,0x01,0x00,0x00,0x00,0x09,0xF3,0xFF,0xFF,
    0xFF,0xF7,0x0F,0x00,0x00,0x00,0x00,0x00,0xC6,0xFF,0xFF,0xFF,0xFF,0x3C,0x00,0x00,
    0x00,0x57,0xFF,0xFF,0xFF,0xFF,0xA9,0x00,0x00,0x00,0x00,0x00,0x00,0x69,0xFF,0xFF,
    0xFF,0xFF,0x97,0x00,0x00,0x00,0xB1,0xFF,0xFF,0xFF,0xFF,0x4C,0x00,0x00,0x00,0x00,
    0x00,0x00,0x12,0xF9,0xFF,0xFF,0xFF,0xEC,0x05,0x00,0x11,0xF9,0xFF,0xFF,0xFF,0xEA,
    0x04,0x00,0x00,0x00,0x00,0x00,0x00,0x00,0xAE,0xFF,0xFF,0xFF,0xFF,0x4C,0x00,0x66,
    0xFF,0xFF,0xFF,0xFF,0x91,0x00,0x00,0x00,0x00,0x00,0x00,0x00,0x00,0x51,0xFF,0xFF,
    0xFF,0xFF,0xA6,0x00,0xC0,0xFF,0xFF,0xFF,0xFF,0x34,0x00,0x00,0x00,0x00,0x00,0x00,
    0x00,0x00,0x06,0xED,0xFF,0xFF,0xFF,0xF5,0x27,0xFD,0xFF,0xFF,0xFF,0xD6,0x00,0x00,
    0x00,0x00,0x00,0x00,0x00,0x00,0x00,0x00,0x96,0xFF,0xFF,0xFF,0xFF,0xCA,0xFF,0xFF,
    0xFF,0xFF,0x79,0x00,0x00,0x00,0x00,0x00,0x00,0x00,0x00,0x00,0x00,0x39,0xFF,0xFF,
    0xFF,0xFF,0xFF,0xFF,0xFF,0xFF,0xFE,0x1D,0x00,0x00,0x00,0x00,0x00,0x00,0x00,0x00,
    0x00,0x00,0x00,0xDA,0xFF,0xFF,0xFF,0xFF,0xFF,0xFF,0xFF,0xBE,0x00,0x00,0x00,0x00,
    0x00,0x00,0x00,0x00,0x00,0x00,0x00,0x00,0x7E,0xFF,0xFF,0xFF,0xFF,0xFF,0xFF,0xFF,
    0x61,0x00,0x00,0x00,0x00,0x00,0x00,0x00,0x00,0x00,0x00,0x00,0x00,0x21,0xFE,0xFF,
    0xFF,0xFF,0xFF,0xFF,0xF6,0x0D,0x00,0x00,0x00,0x00,0x00,0x00,0x00,0x00,0x00,0x00,
    0x00,0x00,0x00,0xC3,0xFF,0xFF,0xFF,0xFF,0xFF,0xA6,0x00,0x00,0x00,0x00,0x00,0x00,
    0x00,0x16,0xFF,0xFF,0xFF,0xFF,0xC9,0x00,0x00,0x00,0x00,0x00,0x00,0xAA,0xFF,0xFF,
    0xFF,0xFF,0x75,0x00,0x00,0x00,0x00,0x00,0x08,0xF9,0xFF,0xFF,0xFF,0xD1,0x00,0x00,
    0xDB,0xFF,0xFF,0xFF,0xFB,0x0A,0x00,0x00,0x00,0x00,0x00,0xE5,0xFF,0xFF,0xFF,0xFF,
    0xB0,0x00,0x00,0x00,0x00,0x00,0x3E,0xFF,0xFF,0xFF,0xFF,0x96,0x00,0x00,0x9F,0xFF,
    0xFF,0xFF,0xFF,0x42,0x00,0x00,0x00,0x00,0x21,0xFF,0xFF,0xFF,0xFF,0xFF,0xEB,0x00,
    0x00,0x00,0x00,0x00,0x7A,0xFF,0xFF,0xFF,0xFF,0x5B,0x00,0x00,0x63,0xFF,0xFF,0xFF,
    0xFF,0x7E,0x00,0x00,0x00,0x00,0x5C,0xFF,0xFF,0xFF,0xFF,0xFF,0xFF,0x27,0x00,0x00,
    0x00,0x00,0xB5,0xFF,0xFF,0xFF,0xFF,0x1F,0x00,0x00,0x27,0xFF,0xFF,0xFF,0xFF,0xBA,
    0x00,0x00,0x00,0x00,0x98,0xFF,0xFF,0xFD,0xFF,0xFF,0xFF,0x63,0x00,0x00,0x00,0x01,
    0xEE,0xFF,0xFF,0xFF,0xE4,0x00,0x00,0x00,0x00,0xE9,0xFF,0xFF,0xFF,0xF2,0x03,0x00,
    0x00,0x00,0xD3,0xFF,0xFF,0xB8,0xF2,0xFF,0xFF,0x9E,0x00,0x00,0x00,0x2D,0xFF,0xFF,
    0xFF,0xFF,0xA8,0x00,0x00,0x00,0x00,0xAF,0xFF,0xFF,0xFF,0xFF,0x32,0x00,0x00,0x10,
    0xFE,0xFF,0xFF,0x7A,0xBA,0xFF,0xFF,0xDA,0x00,0x00,0x00,0x69,0xFF,0xFF,0xFF,0xFF,
    0x6D,0x00,0x00,0x00,0x00,0x73,0xFF,0xFF,0xFF,0xFF,0x6E,0x00,0x00,0x4A,0xFF,0xFF,
    0xFF,0x3E,0x7E,0xFF,0xFF,0xFF,0x16,0x00,0x00,0xA4,0xFF,0xFF,0xFF,0xFF,0x32,0x00,
    0x00,0x00,0x00,0x37,0xFF,0xFF,0xFF,0xFF,0xAA,0x00,0x00,0x86,0xFF,0xFF,0xFA,0x09,
    0x42,0xFF,0xFF,0xFF,0x51,0x00,0x00,0xE0,0xFF,0xFF,0xFF,0xF3,0x03,0x00,0x00,0x00,
    0x00,0x05,0xF5,0xFF,0xFF,0xFF,0xE5,0x00,0x00,0xC1,0xFF,0xFF,0xC8,0x00,0x0A,0xFB,
    0xFF,0xFF,0x8C,0x00,0x1B,0xFF,0xFF,0xFF,0xFF,0xBB,0x00,0x00,0x00,0x00,0x00,0x00,
    0xBF,0xFF,0xFF,0xFF,0xFF,0x22,0x05,0xF6,0xFF,0xFF,0x8C,0x00,0x00,0xCA,0xFF,0xFF,
    0xC8,0x00,0x58,0xFF,0xFF,0xFF,0xFF,0x7F,0x00,0x00,0x00,0x00,0x00,0x00,0x83,0xFF,
    0xFF,0xFF,0xFF,0x5E,0x38,0xFF,0xFF,0xFF,0x51,0x00,0x00,0x8E,0xFF,0xFF,0xFA,0x09,
    0x93,0xFF,0xFF,0xFF,0xFF,0x44,0x00,0x00,0x00,0x00,0x00,0x00,0x47,0xFF,0xFF,0xFF,
    0xFF,0x9A,0x73,0xFF,0xFF,0xFF,0x16,0x00,0x00,0x52,0xFF,0xFF,0xFF,0x3E,0xCF,0xFF,
    0xFF,0xFF,0xFC,0x0C,0x00,0x00,0x00,0x00,0x00,0x00,0x0D,0xFC,0xFF,0xFF,0xFF,0xD6,
    0xAF,0xFF,0xFF,0xDA,0x00,0x00,0x00,0x16,0xFF,0xFF,0xFF,0x87,0xFC,0xFF,0xFF,0xFF,
    0xCD,0x00,0x00,0x00,0x00,0x00,0x00,0x00,0x00,0xCF,0xFF,0xFF,0xFF,0xFE,0xF0,0xFF,
    0xFF,0x9E,0x00,0x00,0x00,0x00,0xDA,0xFF,0xFF,0xEF,0xFF,0xFF,0xFF,0xFF,0x92,0x00,
    0x00,0x00,0x00,0x00,0x00,0x00,0x00,0x93,0xFF,0xFF,0xFF,0xFF,0xFF,0xFF,0xFF,0x63,
    0x00,0x00,0x00,0x00,0x9E,0xFF,0xFF,0xFF,0xFF,0xFF,0xFF,0xFF,0x56,0x00,0x00,0x00,
    0x00,0x00,0x00,0x00,0x00,0x57,0xFF,0xFF,0xFF,0xFF,0xFF,0xFF,0xFF,0x27,0x00,0x00,
    0x00,0x00,0x62,0xFF,0xFF,0xFF,0xFF,0xFF,0xFF,0xFF,0x1B,0x00,0x00,0x00,0x00,0x00,
    0x00,0x00,0x00,0x1A,0xFF,0xFF,0xFF,0xFF,0xFF,0xFF,0xEB,0x00,0x00,0x00,0x00,0x00,
    0x26,0xFF,0xFF,0xFF,0xFF,0xFF,0xFF,0xE0,0x00,0x00,0x00,0x00,0x00,0x00,0x00,0x00,
    0x00,0x00,0xDF,0xFF,0xFF,0xFF,0xFF,0xFF,0xB0,0x00,0x00,0x00,0x00,0x00,0x00,0xE9,
    0xFF,0xFF,0xFF,0xFF,0xFF,0xA4,0x00,0x00,0x00,0x00,0x00,0x00,0x00,0x00,0x00,0x00,
    0xA2,0xFF,0xFF,0xFF,0xFF,0xFF,0x75,0x00,0x00,0x00,0x00,0x00,0x00,0xAE,0xFF,0xFF,
    0xFF,0xFF,0xFF,0x69,0x00,0x00,0x00,0x00,0x00,0x09,0xD9,0xFF,0xFF,0xFF,0xFF,0x69,
    0x00,0x00,0x00,0x00,0x00,0x00,0x00,0xA6,0xFF,0xFF,0xFF,0xFF,0xAD,0x00,0x00,0x39,
    0xFD,0xFF,0xFF,0xFF,0xF3,0x20,0x00,0x00,0x00,0x00,0x00,0x50,0xFF,0xFF,0xFF,0xFF,
    0xEC,0x16,0x00,0x00,0x00,0x8C,0xFF,0xFF,0xFF,0xFF,0xBE,0x01,0x00,0x00,0x00,0x12,
    0xE8,0xFF,0xFF,0xFF,0xFF,0x57,0x00,0x00,0x00,0x00,0x08,0xD7,0xFF,0xFF,0xFF,0xFF,
    0x6B,0x00,0x00,0x00,0xA6,0xFF,0xFF,0xFF,0xFF,0xAB,0x00,0x00,0x00,0x00,0x00,0x00,
    0x38,0xFC,0xFF,0xFF,0xFF,0xF4,0x22,0x00,0x51,0xFF,0xFF,0xFF,0xFF,0xEA,0x15,0x00,
    0x00,0x00,0x00,0x00,0x00,0x00,0x89,0xFF,0xFF,0xFF,0xFF,0xC1,0x15,0xE8,0xFF,0xFF,
    0xFF,0xFF,0x54,0x00,0x00,0x00,0x00,0x00,0x00,0x00,0x00,0x07,0xD6,0xFF,0xFF,0xFF,
    0xFF,0xDF,0xFF,0xFF,0xFF,0xFF,0xA9,0x00,0x00,0x00,0x00,0x00,0x00,0x00,0x00,0x00,
    0x00,0x35,0xFC,0xFF,0xFF,0xFF,0xFF,0xFF,0xFF,0xFF,0xE9,0x14,0x00,0x00,0x00,0x00,
    0x00,0x00,0x00,0x00,0x00,0x00,0x00,0x87,0xFF,0xFF,0xFF,0xFF,0xFF,0xFF,0xFF,0x52,
    0x00,0x00,0x00,0x00,0x00,0x00,0x00,0x00,0x00,0x00,0x00,0x00,0x06,0xDB,0xFF,0xFF,
    0xFF,0xFF,0xFF,0xAD,0x00,0x00,0x00,0x00,0x00,0x00,0x00,0x00,0x00,0x00,0x00,0x00,
    0x00,0x28,0xF7,0xFF,0xFF,0xFF,0xFF,0xFF,0xDF,0x0C,0x00,0x00,0x00,0x00,0x00,0x00,
    0x00,0x00,0x00,0x00,0x00,0x03,0xC8,0xFF,0xFF,0xFF,0xFF,0xFF,0xFF,0xFF,0x97,0x00,
    0x00,0x00,0x00,0x00,0x00,0x00,0x00,0x00,0x00,0x00,0x77,0xFF,0xFF,0xFF,0xFF,0xFF,
    0xFF,0xFF,0xFF,0xFE,0x43,0x00,0x00,0x00,0x00,0x00,0x00,0x00,0x00,0x00,0x2A,0xF8,
    0xFF,0xFF,0xFF,0xFA,0x8F,0xFF,0xFF,0xFF,0xFF,0xE0,0x0D,0x00,0x00,0x00,0x00,0x00,
    0x00,0x00,0x03,0xCA,0xFF,0xFF,0xFF,0xFF,0x80,0x00,0xB6,0xFF,0xFF,0xFF,0xFF,0x99,
    0x00,0x00,0x00,0x00,0x00,0x00,0x00,0x79,0xFF,0xFF,0xFF,0xFF,0xD0,0x05,0x00,0x1B,
    0xEF,0xFF,0xFF,0xFF,0xFF,0x45,0x00,0x00,0x00,0x00,0x00,0x2B,0xF8,0xFF,0xFF,0xFF,
    0xFA,0x30,0x00,0x00,0x00,0x5D,0xFF,0xFF,0xFF,0xFF,0xE1,0x0E,0x00,0x00,0x00,0x04,
    0xCB,0xFF,0xFF,0xFF,0xFF,0x7F,0x00,0x00,0x00,0x00,0x00,0xB0,0xFF,0xFF,0xFF,0xFF,
    0x9B,0x00,0x00,0x00,0x7B,0xFF,0xFF,0xFF,0xFF,0xCF,0x05,0x00,0x00,0x00,0x00,0x00,
    0x17,0xEC,0xFF,0xFF,0xFF,0xFF,0x47,0x00,0x2C,0xF9,0xFF,0xFF,0xFF,0xFA,0x2F,0x00,
    0x00,0x00,0x00,0x00,0x00,0x00,0x56,0xFF,0xFF,0xFF,0xFF,0xE2,0x0F,0x0E,0xE3,0xFF,
    0xFF,0xFF,0xFF,0x98,0x00,0x00,0x00,0x00,0x00,0x00,0x00,0x1D,0xF3,0xFF,0xFF,0xFF,
    0xFF,0x7C,0x00,0x4C,0xFF,0xFF,0xFF,0xFF,0xFE,0x3B,0x00,0x00,0x00,0x00,0x00,0x00,
    0xB1,0xFF,0xFF,0xFF,0xFF,0xD1,0x05,0x00,0x00,0xA6,0xFF,0xFF,0xFF,0xFF,0xD4,0x05,
    0x00,0x00,0x00,0x00,0x53,0xFF,0xFF,0xFF,0xFF,0xFC,0x34,0x00,0x00,0x00,0x14,0xEB,
    0xFF,0xFF,0xFF,0xFF,0x7B,0x00,0x00,0x00,0x0E,0xE5,0xFF,0xFF,0xFF,0xFF,0x8B,0x00,
    0x00,0x00,0x00,0x00,0x5A,0xFF,0xFF,0xFF,0xFF,0xF7,0x25,0x00,0x00,0x95,0xFF,0xFF,
    0xFF,0xFF,0xDB,0x09,0x00,0x00,0x00,0x00,0x00,0x00,0xB4,0xFF,0xFF,0xFF,0xFF,0xBD,
    0x00,0x38,0xFD,0xFF,0xFF,0xFF,0xFE,0x40,0x00,0x00,0x00,0x00,0x00,0x00,0x00,0x1C,
    0xF1,0xFF,0xFF,0xFF,0xFF,0x63,0xD2,0xFF,0xFF,0xFF,0xFF,0x9A,0x00,0x00,0x00,0x00,
    0x00,0x00,0x00,0x00,0x00,0x69,0xFF,0xFF,0xFF,0xFF,0xFD,0xFF,0xFF,0xFF,0xFF,0xE4,
    0x0F,0x00,0x00,0x00,0x00,0x00,0x00,0x00,0x00,0x00,0x01,0xC1,0xFF,0xFF,0xFF,0xFF,
    0xFF,0xFF,0xFF,0xFF,0x4E,0x00,0x00,0x00,0x00,0x00,0x00,0x00,0x00,0x00,0x00,0x00,
    0x25,0xF7,0xFF,0xFF,0xFF,0xFF,0xFF,0xFF,0xA8,0x00,0x00,0x00,0x00,0x00,0x00,0x00,
    0x00,0x00,0x00,0x00,0x00,0x00,0x77,0xFF,0xFF,0xFF,0xFF,0xFF,0xEC,0x16,0x00,0x00,
    0x00,0x00,0x00,0x00,0x00,0x00,0x00,0x00,0x00,0x00,0x00,0x03,0xDB,0xFF,0xFF,0xFF,
    0xFF,0x6B,0x00,0x00,0x00,0x00,0x00,0x00,0x00,0x00,0x00,0x00,0x00,0x00,0x00,0x00,
    0x00,0xC4,0xFF,0xFF,0xFF,0xFF,0x50,0x00,0x00,0x00,0x00,0x00,0x00,0x00,0x00,0x00,
    0x00,0x00,0x00,0x00,0x00,0x00,0xC4,0xFF,0xFF,0xFF,0xFF,0x50,0x00,0x00,0x00,0x00,
    0x00,0x00,0x00,0x00,0x00,0x00,0x00,0x00,0x00,0x00,0x00,0xC4,0xFF,0xFF,0xFF,0xFF,
    0x50,0x00,0x00,0x00,0x00,0x00,0x00,0x00,0x00,0x00,0x00,0x00,0x00,0x00,0x00,0x00,
    0xC4,0xFF,0xFF,0xFF,0xFF,0x50,0x00,0x00,0x00,0x00,0x00,0x00,0x00,0x00,0x00,0x00,
    0x00,0x00,0x00,0x00,0x00,0xC4,0xFF,0xFF,0xFF,0xFF,0x50,0x00,0x00,0x00,0x00,0x00,
    0x00,0x00,0x00,0x00,0x00,0x00,0x00,0x00,0x00,0x00,0xC4,0xFF,0xFF,0xFF,0xFF,0x50,
    0x00,0x00,0x00,0x00,0x00,0x00,0x00,0x00,0x00,0x00,0x00,0x00,0x00,0x00,0x00,0xC4,
    0xFF,0xFF,0xFF,0xFF,0x50,0x00,0x00,0x00,0x00,0x00,0x00,0x00,0x00,0x00,0x00,0x00,
    0x00,0x00,0x00,0x00,0xC4,0xFF,0xFF,0xFF,0xFF,0x50,0x00,0x00,0x00,0x00,0x00,0x00,
    0x00,0x00,0x7C,0xFF,0xFF,0xFF,0xFF,0xFF,0xFF,0xFF,0xFF,0xFF,0xFF,0xFF,0xFF,0xFF,
    0xFF,0xFF,0xFF,0x10,0x00,0x00,0x7C,0xFF,0xFF,0xFF,0xFF,0xFF,0xFF,0xFF,0xFF,0xFF,
    0xFF,0xFF,0xFF,0xFF,0xFF,0xFF,0xFF,0x10,0x00,0x00,0x7C,0xFF,0xFF,0xFF,0xFF,0xFF,
    0xFF,0xFF,0xFF,0xFF,0xFF,0xFF,0xFF,0xFF,0xFF,0xFF,0xFF,0x10,0x00,0x00,0x00,0x00,
    0x00,0x00,0x00,0x00,0x00,0x00,0x00,0x00,0x9E,0xFF,0xFF,0xFF,0xFF,0xFF,0xD9,0x05,
    0x00,0x00,0x00,0x00,0x00,0x00,0x00,0x00,0x00,0x00,0x00,0x64,0xFF,0xFF,0xFF,0xFF,
    0xFF,0xF5,0x2C,0x00,0x00,0x00,0x00,0x00,0x00,0x00,0x00,0x00,0x00,0x00,0x31,0xF7,
    0xFF,0xFF,0xFF,0xFF,0xFF,0x5C,0x00,0x00,0x00,0x00,0x00,0x00,0x00,0x00,0x00,0x00,
    0x00,0x10,0xDD,0xFF,0xFF,0xFF,0xFF,0xFF,0x97,0x00,0x00,0x00,0x00,0x00,0x00,0x00,
    0x00,0x00,0x00,0x00,0x01,0xB1,0xFF,0xFF,0xFF,0xFF,0xFF,0xCB,0x07,0x00,0x00,0x00,
    0x00,0x00,0x00,0x00,0x00,0x00,0x00,0x00,0x78,0xFF,0xFF,0xFF,0xFF,0xFF,0xED,0x1F,
    0x00,0x00,0x00,0x00,0x00,0x00,0x00,0x00,0x00,0x00,0x00,0x40,0xFC,0xFF,0xFF,0xFF,
    0xFF,0xFE,0x49,0x00,0x00,0x00,0x00,0x00,0x00,0x00,0x00,0x00,0x00,0x00,0x19,0xE8,
    0xFF,0xFF,0xFF,0xFF,0xFF,0x82,0x00,0x00,0x00,0x00,0x00,0x00,0x00,0x00,0x00,0x00,
    0x00,0x04,0xC2,0xFF,0xFF,0xFF,0xFF,0xFF,0xBA,0x02,0x00,0x00,0x00,0x00,0x00,0x00,
    0x00,0x00,0x00,0x00,0x00,0x8C,0xFF,0xFF,0xFF,0xFF,0xFF,0xE3,0x14,0x00,0x00,0x00,
    0x00,0x00,0x00,0x00,0x00,0x00,0x00,0x00,0x51,0xFF,0xFF,0xFF,0xFF,0xFF,0xFA,0x38,
    0x00,0x00,0x00,0x00,0x00,0x00,0x00,0x00,0x00,0x00,0x00,0x24,0xF1,0xFF,0xFF,0xFF,
    0xFF,0xFF,0x6C,0x00,0x00,0x00,0x00,0x00,0x00,0x00,0x00,0x00,0x00,0x00,0x09,0xD1,
    0xFF,0xFF,0xFF,0xFF,0xFF,0xA7,0x00,0x00,0x00,0x00,0x00,0x00,0x00,0x00,0x00,0x00,
    0x00,0x00,0x97,0xFF,0xFF,0xFF,0xFF,0xFF,0xD6,0x0C,0x00,0x00,0x00,0x00,0x00,0x00,
    0x00,0x00,0x00,0x00,0x00,0x00,0xC8,0xFF,0xFF,0xFF,0xFF,0xFF,0xFF,0xFF,0xFF,0xFF,
    0xFF,0xFF,0xFF,0xFF,0xFF,0xFF,0xFF,0x5C,0x00,0x00,0xC8,0xFF,0xFF,0xFF,0xFF,0xFF,
    0xFF,0xFF,0xFF,0xFF,0xFF,0xFF,0xFF,0xFF,0xFF,0xFF,0xFF,0x5C,0x00,0x00,0xC8,0xFF,
    0xFF,0xFF,0xFF,0xFF,0xFF,0xFF,0xFF,0xFF,0xFF,0xFF,0xFF,0xFF,0xFF,0xFF,0xFF,0x5C,
    0x00,0x00,0x00,0xAC,0xFF,0xFF,0xFF,0xFF,0xFF,0xFF,0xFF,0x80,0x00,0x00,0x00,0xAC,
    0xFF,0xFF,0xFF,0xFF,0xFF,0xFF,0xFF,0x80,0x00,0x00,0x00,0xAC,0xFF,0xFF,0xFF,0xFF,
    0xFF,0xFF,0xFF,0x80,0x00,0x00,0x00,0xAC,0xFF,0xFF,0xFF,0xCC,0x00,0x00,0x00,0x00,
    0x00,0x00,0x00,0xAC,0xFF,0xFF,0xFF,0xCC,0x00,0x00,0x00,0x00,0x00,0x00,0x00,0xAC,
    0xFF,0xFF,0xFF,0xCC,0x00,0x00,0x00,0x00,0x00,0x00,0x00,0xAC,0xFF,0xFF,0xFF,0xCC,
    0x00,0x00,0x00,0x00,0x00,0x00,0x00,0xAC,0xFF,0xFF,0xFF,0xCC,0x00,0x00,0x00,0x00,
    0x00,0x00,0x00,0xAC,0xFF,0xFF,0xFF,0xCC,0x00,0x00,0x00,0x00,0x00,0x00,0x00,0xAC,
    0xFF,0xFF,0xFF,0xCC,0x00,0x00,0x00,0x00,0x00,0x00,0x00,0xAC,0xFF,0xFF,0xFF,0xCC,
    0x00,0x00,0x00,0x00,0x00,0x00,0x00,0xAC,0xFF,0xFF,0xFF,0xCC,0x00,0x00,0x00,0x00,
    0x00,0x00,0x00,0xAC,0xFF,0xFF,0xFF,0xCC,0x00,0x00,0x00,0x00,0x00,0x00,0x00,0xAC,
    0xFF,0xFF,0xFF,0xCC,0x00,0x00,0x00,0x00,0x00,0x00,0x00,0xAC,0xFF,0xFF,0xFF,0xCC,
    0x00,0x00,0x00,0x00,0x00,0x00,0x00,0xAC,0xFF,0xFF,0xFF,0xCC,0x00,0x00,0x00,0x00,
    0x00,0x00,0x00,0xAC,0xFF,0xFF,0xFF,0xCC,0x00,0x00,0x00,0x00,0x00,0x00,0x00,0xAC,
    0xFF,0xFF,0xFF,0xCC,0x00,0x00,0x00,0x00,0x00,0x00,0x00,0xAC,0xFF,0xFF,0xFF,0xCC,
    0x00,0x00,0x00,0x00,0x00,0x00,0x00,0xAC,0xFF,0xFF,0xFF,0xCC,0x00,0x00,0x00,0x00,
    0x00,0x00,0x00,0xAC,0xFF,0xFF,0xFF,0xCC,0x00,0x00,0x00,0x00,0x00,0x00,0x00,0xAC,
    0xFF,0xFF,0xFF,0xFF,0xFF,0xFF,0xFF,0x80,0x00,0x00,0x00,0xAC,0xFF,0xFF,0xFF,0xFF,
    0xFF,0xFF,0xFF,0x80,0x00,0x00,0x00,0xAC,0xFF,0xFF,0xFF,0xFF,0xFF,0xFF,0xFF,0x80,
    0x00,0xD8,0xFF,0xFC,0x13,0x00,0x00,0x00,0x00,0x00,0x00,0x87,0xFF,0xFF,0x60,0x00,
    0x00,0x00,0x00,0x00,0x00,0x36,0xFF,0xFF,0xB1,0x00,0x00,0x00,0x00,0x00,0x00,0x01,
    0xE4,0xFF,0xF7,0x0B,0x00,0x00,0x00,0x00,0x00,0x00,0x95,0xFF,0xFF,0x53,0x00,0x00,
    0x00,0x00,0x00,0x00,0x44,0xFF,0xFF,0xA4,0x00,0x00,0x00,0x00,0x00,0x00,0x04,0xEE,
    0xFF,0xF0,0x05,0x00,0x00,0x00,0x00,0x00,0x00,0xA3,0xFF,0xFF,0x46,0x00,0x00,0x00,
    0x00,0x00,0x00,0x52,0xFF,0xFF,0x97,0x00,0x00,0x00,0x00,0x00,0x00,0x0A,0xF6,0xFF,
    0xE6,0x01,0x00,0x00,0x00,0x00,0x00,0x00,0xB1,0xFF,0xFF,0x39,0x00,0x00,0x00,0x00,
    0x00,0x00,0x60,0xFF,0xFF,0x89,0x00,0x00,0x00,0x00,0x00,0x00,0x13,0xFC,0xFF,0xDA,
    0x00,0x00,0x00,0x00,0x00,0x00,0x00,0xBE,0xFF,0xFF,0x2B,0x00,0x00,0x00,0x00,0x00,
    0x00,0x6E,0xFF,0xFF,0x7C,0x00,0x00,0x00,0x00,0x00,0x00,0x1E,0xFF,0xFF,0xCD,0x00,
    0x00,0x00,0x00,0x00,0x00,0x00,0xCC,0xFF,0xFF,0x1F,0x00,0x00,0x00,0x00,0x00,0x00,
    0x7B,0xFF,0xFF,0x6F,0x00,0x00,0x00,0x00,0x00,0x00,0x2B,0xFF,0xFF,0xC0,0x00,0x00,
    0x00,0x00,0x00,0x00,0x00,0xDA,0xFF,0xFC,0x14,0x00,0x00,0x00,0x00,0x00,0x00,0x89,
    0xFF,0xFF,0x62,0x00,0x00,0x00,0x00,0x00,0x00,0x38,0xFF,0xFF,0xB3,0x00,0x2C,0xFF,
    0xFF,0xFF,0xFF,0xFF,0xFF,0xFF,0xFF,0x04,0x00,0x00,0x2C,0xFF,0xFF,0xFF,0xFF,0xFF,
    0xFF,0xFF,0xFF,0x04,0x00,0x00,0x2C,0xFF,0xFF,0xFF,0xFF,0xFF,0xFF,0xFF,0xFF,0x04,
    0x00,0x00,0x00,0x00,0x00,0x00,0x78,0xFF,0xFF,0xFF,0xFF,0x04,0x00,0x00,0x00,0x00,
    0x00,0x00,0x78,0xFF,0xFF,0xFF,0xFF,0x04,0x00,0x00,0x00,0x00,0x00,0x00,0x78,0xFF,
    0xFF,0xFF,0xFF,0x04,0x00,0x00,0x00,0x00,0x00,0x00,0x78,0xFF,0xFF,0xFF,0xFF,0x04,
    0x00,0x00,0x00,0x00,0x00,0x00,0x78,0xFF,0xFF,0xFF,0xFF,0x04,0x00,0x00,0x00,0x00,
    0x00,0x00,0x78,0xFF,0xFF,0xFF,0xFF,0x04,0x00,0x00,0x00,0x00,0x00,0x00,0x78,0xFF,
    0xFF,0xFF,0xFF,0x04,0x00,0x00,0x00,0x00,0x00,0x00,0x78,0xFF,0xFF,0xFF,0xFF,0x04,
    0x00,0x00,0x00,0x00,0x00,0x00,0x78,0xFF,0xFF,0xFF,0xFF,0x04,0x00,0x00,0x00,0x00,
    0x00,0x00,0x78,0xFF,0xFF,0xFF,0xFF,0x04,0x00,0x00,0x00,0x00,0x00,0x00,0x78,0xFF,
    0xFF,0xFF,0xFF,0x04,0x00,0x00,0x00,0x00,0x00,0x00,0x78,0xFF,0xFF,0xFF,0xFF,0x04,
    0x00,0x00,0x00,0x00,0x00,0x00,0x78,0xFF,0xFF,0xFF,0xFF,0x04,0x00,0x00,0x00,0x00,
    0x00,0x00,0x78,0xFF,0xFF,0xFF,0xFF,0x04,0x00,0x00,0x00,0x00,0x00,0x00,0x78,0xFF,
    0xFF,0xFF,0xFF,0x04,0x00,0x00,0x00,0x00,0x00,0x00,0x78,0xFF,0xFF,0xFF,0xFF,0x04,
    0x00,0x00,0x00,0x00,0x00,0x00,0x78,0xFF,0xFF,0xFF,0xFF,0x04,0x00,0x00,0x00,0x00,
    0x00,0x00,0x78,0xFF,0xFF,0xFF,0xFF,0x04,0x00,0x00,0x2C,0xFF,0xFF,0xFF,0xFF,0xFF,
    0xFF,0xFF,0xFF,0x04,0x00,0x00,0x2C,0xFF,0xFF,0xFF,0xFF,0xFF,0xFF,0xFF,0xFF,0x04,
    0x00,0x00,0x2C,0xFF,0xFF,0xFF,0xFF,0xFF,0xFF,0xFF,0xFF,0x04,0x00,0x00,0x00,0x00,
    0x00,0x00,0x00,0x00,0x00,0x0C,0xC3,0xFF,0xFF,0xFF,0x6F,0x00,0x00,0x00,0x00,0x00,
    0x00,0x00,0x00,0x00,0x00,0x00,0x00,0x00,0x00,0x00,0x00,0x0B,0xC2,0xFF,0xFF,0xFF,
    0xFF,0xFF,0x6D,0x00,0x00,0x00,0x00,0x00,0x00,0x00,0x00,0x00,0x00,0x00,0x00,0x00,
    0x00,0x0A,0xC0,0xFF,0xFF,0xFF,0xFF,0xFF,0xFF,0xFF,0x6B,0x00,0x00,0x00,0x00,0x00,
    0x00,0x00,0x00,0x00,0x00,0x00,0x00,0x0A,0xBF,0xFF,0xFF,0xFF,0xC6,0x6B,0xEF,0xFF,
    0xFF,0xFF,0x6A,0x00,0x00,0x00,0x00,0x00,0x00,0x00,0x00,0x00,0x00,0x09,0xBE,0xFF,
    0xFF,0xFB,0x7E,0x03,0x00,0x1D,0xBE,0xFF,0xFF,0xFE,0x68,0x00,0x00,0x00,0x00,0x00,
    0x00,0x00,0x00,0x09,0xBD,0xFF,0xFF,0xD9,0x35,0x00,0x00,0x00,0x00,0x01,0x73,0xF8,
    0xFF,0xFE,0x67,0x00,0x00,0x00,0x00,0x00,0x00,0x09,0xBB,0xFF,0xFF,0x98,0x0A,0x00,
    0x00,0x00,0x00,0x00,0x00,0x00,0x2D,0xD2,0xFF,0xFE,0x65,0x00,0x00,0x00,0x00,0x00,
    0x00,0x00,0x00,0x00,0x00,0x00,0x00,0x00,0x00,0x00,0x00,0x00,0x00,0x00,0x00,0x00,
    0x00,0x00,0x00,0x00,0x00,0x00,0x00,0x00,0x00,0x00,0x00,0x00,0x00,0x00,0x00,0x00,
    0x00,0x00,0x00,0x00,0x00,0x00,0x00,0x00,0x00,0x00,0x00,0x00,0x00,0x00,0x00,0x00,
    0x00,0x00,0x00,0x00,0x00,0x00,0x00,0x00,0x00,0x00,0x00,0x00,0x00,0x00,0x00,0x00,
    0x00,0x00,0x00,0x00,0x00,0x00,0x00,0x00,0x00,0x00,0x00,0x00,0x00,0x00,0x00,0x00,
    0x00,0x00,0x00,0x00,0x00,0x00,0x00,0x00,0x00,0x00,0x00,0x00,0x00,0x00,0x00,0x00,
    0x00,0x00,0x00,0x00,0x00,0x00,0x00,0x00,0x00,0x00,0x00,0x00,0x00,0x00,0x00,0x00,
    0x00,0x00,0x00,0x00,0x00,0x00,0x00,0x00,0x00,0x00,0x00,0x00,0x00,0x00,0x00,0x00,
    0x00,0x00,0x00,0x00,0x00,0x00,0x00,0x00,0x00,0x00,0x00,0x00,0x00,0x00,0x00,0x00,
    0x00,0x00,0x00,0x00,0x00,0x00,0x00,0x00,0x00,0x00,0x00,0x00,0x00,0x00,0x00,0x00,
    0x00,0x00,0x00,0x00,0x00,0x00,0x00,0x00,0x00,0x00,0x00,0x00,0x00,0x00,0x00,0x00,
    0x00,0x00,0x00,0x00,0x00,0x00,0x00,0x00,0x00,0x00,0x00,0x00,0x00,0x00,0x00,0x00,
    0x00,0x00,0x00,0x00,0x00,0x00,0x00,0x00,0x00,0x00,0x00,0x00,0x00,0x00,0x00,0x00,
    0x00,0x00,0x00,0x00,0x00,0x00,0x00,0x00,0x00,0x00,0x00,0x00,0x00,0x00,0x00,0x00,
    0x00,0x00,0x00,0x00,0x00,0x00,0x00,0x00,0x00,0x00,0x00,0x00,0x00,0x00,0x00,0x00,
    0x00,0x00,0x00,0x00,0x00,0x00,0x00,0x00,0x00,0x00,0x00,0x00,0x00,0x00,0x00,0x00,
    0x00,0x00,0x00,0x00,0x00,0x00,0x00,0x00,0x00,0x00,0x00,0x00,0x00,0x00,0x00,0x00,
    0x00,0x00,0x00,0x00,0x00,0x00,0x00,0x00,0x00,0x00,0x00,0x00,0x00,0x00,0x00,0x00,
    0x00,0x00,0x00,0x00,0x00,0x00,0x00,0x00,0x00,0x00,0x00,0x00,0x00,0x00,0x00,0x00,
    0x00,0x00,0x00,0x00,0x00,0x00,0x00,0x00,0x00,0x00,0x00,0x00,0x00,0x00,0x00,0x00,
    0x00,0x00,0x00,0x00,0x00,0x00,0x00,0x00,0x00,0x00,0x00,0x00,0x00,0x00,0x00,0x00,
    0x00,0x00,0x00,0xFF,0xFF,0xFF,0xFF,0xFF,0xFF,0xFF,0xFF,0xFF,0xFF,0xFF,0xFF,0xFF,
    0x80,0xFF,0xFF,0xFF,0xFF,0xFF,0xFF,0xFF,0xFF,0xFF,0xFF,0xFF,0xFF,0xFF,0x80,0xFF,
    0xFF,0xFF,0xFF,0xFF,0xFF,0xFF,0xFF,0xFF,0xFF,0xFF,0xFF,0xFF,0x80,0x00,0x4D,0xFA,
    0xFF,0xFF,0x57,0x00,0x00,0x00,0x00,0x00,0x00,0x00,0x00,0x00,0x00,0x52,0xFB,0xFF,
    0xF1,0x23,0x00,0x00,0x00,0x00,0x00,0x00,0x00,0x00,0x00,0x00,0x57,0xFC,0xFF,0xCC,
    0x06,0x00,0x00,0x00,0x00,0x00,0x00,0x00,0x00,0x00,0x00,0x5D,0xFD,0xFF,0x92,0x00,
    0x00,0x00,0x00,0x00,0x00,0x00,0x00,0x00,0x00,0x00,0x62,0xFE,0xFF,0x51,0x00,0x00,
    0x00,0x00,0x00,0x00,0x00,0x00,0x00,0x00,0x00,0x00,0x00,0x00,0x00,0x00,0x00,0x00,
    0x00,0x00,0x00,0x00,0x00,0x00,0x00,0x00,0x00,0x00,0x00,0x00,0x00,0x00,0x00,0x00,
    0x00,0x00,0x00,0x00,0x00,0x00,0x00,0x00,0x00,0x00,0x00,0x00,0x00,0x00,0x00,0x00,
    0x00,0x00,0x00,0x00,0x00,0x00,0x00,0x00,0x00,0x00,0x00,0x00,0x00,0x00,0x00,0x00,
    0x00,0x00,0x00,0x00,0x00,0x00,0x00,0x00,0x00,0x00,0x00,0x00,0x00,0x00,0x00,0x00,
    0x00,0x00,0x00,0x00,0x00,0x00,0x00,0x00,0x00,0x00,0x00,0x00,0x00,0x00,0x00,0x00,
    0x00,0x00,0x00,0x00,0x00,0x00,0x00,0x00,0x00,0x00,0x00,0x00,0x00,0x00,0x00,0x00,
    0x00,0x00,0x00,0x00,0x00,0x00,0x00,0x00,0x00,0x00,0x00,0x00,0x00,0x00,0x00,0x00,
    0x00,0x00,0x00,0x00,0x00,0x00,0x00,0x00,0x00,0x00,0x00,0x00,0x00,0x00,0x00,0x00,
    0x00,0x00,0x00,0x00,0x00,0x00,0x00,0x00,0x00,0x00,0x00,0x00,0x00,0x00,0x00,0x00,
    0x00,0x00,0x00,0x00,0x00,0x00,0x00,0x00,0x00,0x00,0x00,0x00,0x00,0x00,0x00,0x00,
    0x00,0x00,0x00,0x00,0x00,0x00,0x00,0x00,0x00,0x00,0x00,0x00,0x00,0x00,0x00,0x00,
    0x00,0x00,0x00,0x00,0x00,0x00,0x00,0x00,0x00,0x00,0x00,0x00,0x00,0x00,0x00,0x00,
    0x00,0x00,0x00,0x00,0x00,0x00,0x00,0x00,0x00,0x00,0x00,0x00,0x00,0x00,0x00,0x00,
    0x00,0x00,0x00,0x00,0x00,0x00,0x00,0x00,0x00,0x00,0x00,0x00,0x00,0x00,0x00,0x00,
    0x00,0x00,0x00,0x09,0x40,0x7E,0xB8,0xDC,0xF3,0xFC,0xF2,0xDD,0xAD,0x60,0x09,0x00,
    0x00,0x00,0x00,0x00,0x00,0x8C,0xFF,0xFF,0xFF,0xFF,0xFF,0xFF,0xFF,0xFF,0xFF,0xFF,
    0xDB,0x2E,0x00,0x00,0x00,0x00,0x00,0x8C,0xFF,0xFF,0xFF,0xFF,0xFF,0xFF,0xFF,0xFF,
    0xFF,0xFF,0xFF,0xE3,0x11,0x00,0x00,0x00,0x00,0x80,0xAD,0x5E,0x32,0x1B,0x06,0x13,
    0x3C,0xB3,0xFF,0xFF,0xFF,0xFF,0x7A,0x00,0x00,0x00,0x00,0x00,0x00,0x00,0x00,0x00,
    0x00,0x00,0x00,0x05,0xDE,0xFF,0xFF,0xFF,0xC9,0x00,0x00,0x00,0x00,0x00,0x00,0x00,
    0x00,0x00,0x00,0x00,0x00,0x00,0xAD,0xFF,0xFF,0xFF,0xF9,0x00,0x00,0x00,0x00,0x00,
    0x29,0x85,0xC0,0xE3,0xF5,0xFE,0xFF,0xFF,0xFF,0xFF,0xFF,0xFF,0xFF,0x0D,0x00,0x00,
    0x00,0x86,0xFE,0xFF,0xFF,0xFF,0xFF,0xFF,0xFF,0xFF,0xFF,0xFF,0xFF,0xFF,0xFF,0x17,
    0x00,0x00,0x56,0xFF,0xFF,0xFF,0xFF,0xFF,0xFF,0xFF,0xFF,0xFF,0xFF,0xFF,0xFF,0xFF,
    0xFF,0x18,0x00,0x00,0xB4,0xFF,0xFF,0xFF,0xFF,0x90,0x25,0x07,0x00,0x00,0xB1,0xFF,
    0xFF,0xFF,0xFF,0x18,0x00,0x00,0xD1,0xFF,0xFF,0xFF,0xF9,0x02,0x00,0x00,0x00,0x13,
    0xEB,0xFF,0xFF,0xFF,0xFF,0x18,0x00,0x00,0xBC,0xFF,0xFF,0xFF,0xFF,0x7C,0x13,0x0C,
    0x43,0xCF,0xFF,0xFF,0xFF,0xFF,0xFF,0x18,0x00,0x00,0x64,0xFF,0xFF,0xFF,0xFF,0xFF,
    0xFF,0xFF,0xFF,0xE3,0xBC,0xFF,0xFF,0xFF,0xFF,0x18,0x00,0x00,0x02,0xA9,0xFF,0xFF,
    0xFF,0xFF,0xFF,0xFF,0xEA,0x35,0xA8,0xFF,0xFF,0xFF,0xFF,0x18,0x00,0x00,0x00,0x01,
    0x5D,0xC1,0xF1,0xF8,0xDC,0x92,0x1D,0x00,0xA8,0xFF,0xFF,0xFF,0xFF,0x18,0x00,0x00,
    0x00,0xBC,0xFF,0xFF,0xFF,0xFC,0x00,0x00,0x00,0x00,0x00,0x00,0x00,0x00,0x00,0x00,
    0x00,0x00,0x00,0x00,0xBC,0xFF,0xFF,0xFF,0xFC,0x00,0x00,0x00,0x00,0x00,0x00,0x00,
    0x00,0x00,0x00,0x00,0x00,0x00,0x00,0xBC,0xFF,0xFF,0xFF,0xFC,0x00,0x00,0x00,0x00,
    0x00,0x00,0x00,0x00,0x00,0x00,0x00,0x00,0x00,0x00,0xBC,0xFF,0xFF,0xFF,0xFC,0x00,
    0x00,0x00,0x00,0x00,0x00,0x00,0x00,0x00,0x00,0x00,0x00,0x00,0x00,0xBC,0xFF,0xFF,
    0xFF,0xFC,0x00,0x00,0x00,0x00,0x00,0x00,0x00,0x00,0x00,0x00,0x00,0x00,0x00,0x00,
    0xBC,0xFF,0xFF,0xFF,0xFC,0x00,0x00,0x00,0x00,0x00,0x00,0x00,0x00,0x00,0x00,0x00,
    0x00,0x00,0x00,0xBC,0xFF,0xFF,0xFF,0xFC,0x00,0x03,0x6A,0xCC,0xF3,0xEF,0xC1,0x5D,
    0x01,0x00,0x00,0x00,0x00,0x00,0xBC,0xFF,0xFF,0xFF,0xFC,0x0A,0xBA,0xFF,0xFF,0xFF,
    0xFF,0xFF,0xFF,0xB2,0x07,0x00,0x00,0x00,0x00,0xBC,0xFF,0xFF,0xFF,0xFC,0xA2,0xFF,
    0xFF,0xFF,0xFF,0xFF,0xFF,0xFF,0xFF,0x9F,0x00,0x00,0x00,0x00,0xBC,0xFF,0xFF,0xFF,
    0xFF,0xFF,0x80,0x16,0x0B,0x5A,0xF3,0xFF,0xFF,0xFF,0xFF,0x3B,0x00,0x00,0x00,0xBC,
    0xFF,0xFF,0xFF,0xFF,0x9D,0x00,0x00,0x00,0x00,0x62,0xFF,0xFF,0xFF,0xFF,0xA5,0x00,
    0x00,0x00,0xBC,0xFF,0xFF,0xFF,0xFF,0x39,0x00,0x00,0x00,0x00,0x09,0xF7,0xFF,0xFF,
    0xFF,0xE6,0x00,0x00,0x00,0xBC,0xFF,0xFF,0xFF,0xFF,0x0B,0x00,0x00,0x00,0x00,0x00,
    0xD4,0xFF,0xFF,0xFF,0xFF,0x0A,0x00,0x00,0xBC,0xFF,0xFF,0xFF,0xFE,0x00,0x00,0x00,
    0x00,0x00,0x00,0xC7,0xFF,0xFF,0xFF,0xFF,0x17,0x00,0x00,0xBC,0xFF,0xFF,0xFF,0xFF,
    0x0B,0x00,0x00,0x00,0x00,0x00,0xD4,0xFF,0xFF,0xFF,0xFF,0x0A,0x00,0x00,0xBC,0xFF,
    0xFF,0xFF,0xFF,0x39,0x00,0x00,0x00,0x00,0x08,0xF7,0xFF,0xFF,0xFF,0xE6,0x00,0x00,
    0x00,0xBC,0xFF,0xFF,0xFF,0xFF,0x9D,0x00,0x00,0x00,0x00,0x62,0xFF,0xFF,0xFF,0xFF,
    0xA5,0x00,0x00,0x00,0xBC,0xFF,0xFF,0xFF,0xFF,0xFF,0x80,0x14,0x0A,0x59,0xF2,0xFF,
    0xFF,0xFF,0xFF,0x3C,0x00,0x00,0x00,0xBC,0xFF,0xFF,0xFF,0xFC,0xA3,0xFF,0xFF,0xFF,
    0xFF,0xFF,0xFF,0xFF,0xFF,0xA1,0x00,0x00,0x00,0x00,0xBC,0xFF,0xFF,0xFF,0xFC,0x0B,
    0xBC,0xFF,0xFF,0xFF,0xFF,0xFF,0xFF,0xB5,0x08,0x00,0x00,0x00,0x00,0xBC,0xFF,0xFF,
    0xFF,0xFC,0x00,0x04,0x6D,0xCE,0xF4,0xF0,0xC3,0x5F,0x01,0x00,0x00,0x00,0x00,0x00,
    0x00,0x00,0x00,0x3E,0x96,0xCE,0xEB,0xFA,0xE8,0xCC,0x90,0x3B,0x01,0x00,0x00,0x00,
    0x00,0x21,0xC3,0xFF,0xFF,0xFF,0xFF,0xFF,0xFF,0xFF,0xFF,0xFF,0x34,0x00,0x00,0x00,
    0x24,0xEA,0xFF,0xFF,0xFF,0xFF,0xFF,0xFF,0xFF,0xFF,0xFF,0xFF,0x34,0x00,0x00,0x01,
    0xCD,0xFF,0xFF,0xFF,0xFF,0xD9,0x54,0x12,0x09,0x28,0x54,0xAE,0x31,0x00,0x00,0x4E,
    0xFF,0xFF,0xFF,0xFF,0xE1,0x12,0x00,0x00,0x00,0x00,0x00,0x00,0x00,0x00,0x00,0x9B,
    0xFF,0xFF,0xFF,0xFF,0x6A,0x00,0x00,0x00,0x00,0x00,0x00,0x00,0x00,0x00,0x00,0xC3,
    0xFF,0xFF,0xFF,0xFF,0x29,0x00,0x00,0x00,0x00,0x00,0x00,0x00,0x00,0x00,0x00,0xD3,
    0xFF,0xFF,0xFF,0xFF,0x18,0x00,0x00,0x00,0x00,0x00,0x00,0x00,0x00,0x00,0x00,0xC3,
    0xFF,0xFF,0xFF,0xFF,0x29,0x00,0x00,0x00,0x00,0x00,0x00,0x00,0x00,0x00,0x00,0x9B,
    0xFF,0xFF,0xFF,0xFF,0x6A,0x00,0x00,0x00,0x00,0x00,0x00,0x00,0x00,0x00,0x00,0x4E,
    0xFF,0xFF,0xFF,0xFF,0xE1,0x12,0x00,0x00,0x00,0x00,0x00,0x00,0x00,0x00,0x00,0x01,
    0xCE,0xFF,0xFF,0xFF,0xFF,0xD9,0x53,0x11,0x08,0x25,0x53,0xB6,0x31,0x00,0x00,0x00,
    0x25,0xEA,0xFF,0xFF,0xFF,0xFF,0xFF,0xFF,0xFF,0xFF,0xFF,0xFF,0x34,0x00,0x00,0x00,
    0x00,0x22,0xC4,0xFF,0xFF,0xFF,0xFF,0xFF,0xFF,0xFF,0xFF,0xFF,0x34,0x00,0x00,0x00,
    0x00,0x00,0x00,0x40,0x97,0xD0,0xED,0xFB,0xE9,0xCC,0x92,0x3C,0x01,0x00,0x00,0x00,
    0x00,0x00,0x00,0x00,0x00,0x00,0x00,0x00,0x00,0x00,0xB0,0xFF,0xFF,0xFF,0xFF,0x10,
    0x00,0x00,0x00,0x00,0x00,0x00,0x00,0x00,0x00,0x00,0x00,0x00,0x00,0xB0,0xFF,0xFF,
    0xFF,0xFF,0x10,0x00,0x00,0x00,0x00,0x00,0x00,0x00,0x00,0x00,0x00,0x00,0x00,0x00,
    0xB0,0xFF,0xFF,0xFF,0xFF,0x10,0x00,0x00,0x00,0x00,0x00,0x00,0x00,0x00,0x00,0x00,
    0x00,0x00,0x00,0xB0,0xFF,0xFF,0xFF,0xFF,0x10,0x00,0x00,0x00,0x00,0x00,0x00,0x00,
    0x00,0x00,0x00,0x00,0x00,0x00,0xB0,0xFF,0xFF,0xFF,0xFF,0x10,0x00,0x00,0x00,0x00,
    0x00,0x00,0x00,0x00,0x00,0x00,0x00,0x00,0x00,0xB0,0xFF,0xFF,0xFF,0xFF,0x10,0x00,
    0x00,0x00,0x00,0x00,0x32,0xA6,0xE6,0xF8,0xDD,0x8D,0x16,0x00,0xB0,0xFF,0xFF,0xFF,
    0xFF,0x10,0x00,0x00,0x00,0x00,0x6A,0xFC,0xFF,0xFF,0xFF,0xFF,0xFF,0xE3,0x2D,0xB0,
    0xFF,0xFF,0xFF,0xFF,0x10,0x00,0x00,0x00,0x4C,0xFF,0xFF,0xFF,0xFF,0xFF,0xFF,0xFF,
    0xFF,0xDD,0xC0,0xFF,0xFF,0xFF,0xFF,0x10,0x00,0x00,0x04,0xE2,0xFF,0xFF,0xFF,0xFF,
    0x93,0x1A,0x09,0x50,0xEB,0xFF,0xFF,0xFF,0xFF,0xFF,0x10,0x00,0x00,0x51,0xFF,0xFF,
    0xFF,0xFF,0xB9,0x00,0x00,0x00,0x00,0x4E,0xFF,0xFF,0xFF,0xFF,0xFF,0x10,0x00,0x00,
    0x92,0xFF,0xFF,0xFF,0xFF,0x58,0x00,0x00,0x00,0x00,0x02,0xEA,0xFF,0xFF,0xFF,0xFF,
    0x10,0x00,0x00,0xB7,0xFF,0xFF,0xFF,0xFF,0x2A,0x00,0x00,0x00,0x00,0x00,0xC0,0xFF,
    0xFF,0xFF,0xFF,0x10,0x00,0x00,0xC4,0xFF,0xFF,0xFF,0xFF,0x1E,0x00,0x00,0x00,0x00,
    0x00,0xB3,0xFF,0xFF,0xFF,0xFF,0x10,0x00,0x00,0xB7,0xFF,0xFF,0xFF,0xFF,0x2A,0x00,
    0x00,0x00,0x00,0x00,0xC0,0xFF,0xFF,0xFF,0xFF,0x10,0x00,0x00,0x93,0xFF,0xFF,0xFF,
    0xFF,0x58,0x00,0x00,0x00,0x00,0x02,0xEA,0xFF,0xFF,0xFF,0xFF,0x10,0x00,0x00,0x52,
    0xFF,0xFF,0xFF,0xFF,0xB9,0x00,0x00,0x00,0x00,0x4E,0xFF,0xFF,0xFF,0xFF,0xFF,0x10,
    0x00,0x00,0x05,0xE3,0xFF,0xFF,0xFF,0xFF,0x93,0x19,0x08,0x4F,0xEB,0xFF,0xFF,0xFF,
    0xFF,0xFF,0x10,0x00,0x00,0x00,0x4E,0xFF,0xFF,0xFF,0xFF,0xFF,0xFF,0xFF,0xFF,0xDE,
    0xC0,0xFF,0xFF,0xFF,0xFF,0x10,0x00,0x00,0x00,0x00,0x6D,0xFD,0xFF,0xFF,0xFF,0xFF,
    0xFF,0xE6,0x2F,0xB0,0xFF,0xFF,0xFF,0xFF,0x10,0x00,0x00,0x00,0x00,0x00,0x33,0xA8,
    0xE7,0xF8,0xDE,0x91,0x1A,0x00,0xB0,0xFF,0xFF,0xFF,0xFF,0x10,0x00,0x00,0x00,0x00,
    0x00,0x02,0x4F,0xA2,0xD9,0xF0,0xFA,0xE7,0xBB,0x70,0x0B,0x00,0x00,0x00,0x00,0x00,
    0x00,0x00,0x29,0xD0,0xFF,0xFF,0xFF,0xFF,0xFF,0xFF,0xFF,0xFF,0xE9,0x43,0x00,0x00,
    0x00,0x00,0x00,0x2B,0xF0,0xFF,0xFF,0xFF,0xFF,0xFF,0xFF,0xFF,0xFF,0xFF,0xFF,0xFB,
    0x43,0x00,0x00,0x00,0x02,0xD3,0xFF,0xFF,0xFF,0xFF,0x8B,0x22,0x0D,0x48,0xE0,0xFF,
    0xFF,0xFF,0xEA,0x0C,0x00,0x00,0x51,0xFF,0xFF,0xFF,0xFF,0x93,0x00,0x00,0x00,0x00,
    0x39,0xFF,0xFF,0xFF,0xFF,0x72,0x00,0x00,0x9D,0xFF,0xFF,0xFF,0xFF,0x2C,0x00,0x00,
    0x00,0x00,0x00,0xEC,0xFF,0xFF,0xFF,0xBE,0x00,0x00,0xC4,0xFF,0xFF,0xFF,0xFF,0xFF,
    0xFF,0xFF,0xFF,0xFF,0xFF,0xFF,0xFF,0xFF,0xFF,0xE8,0x00,0x00,0xD3,0xFF,0xFF,0xFF,
    0xFF,0xFF,0xFF,0xFF,0xFF,0xFF,0xFF,0xFF,0xFF,0xFF,0xFF,0xFC,0x00,0x00,0xC3,0xFF,
    0xFF,0xFF,0xFF,0xFF,0xFF,0xFF,0xFF,0xFF,0xFF,0xFF,0xFF,0xFF,0xFF,0xFF,0x00,0x00,
    0x9D,0xFF,0xFF,0xFF,0xFF,0x1D,0x00,0x00,0x00,0x00,0x00,0x00,0x00,0x00,0x00,0x00,
    0x00,0x00,0x52,0xFF,0xFF,0xFF,0xFF,0x8B,0x00,0x00,0x00,0x00,0x00,0x00,0x00,0x00,
    0x00,0x00,0x00,0x00,0x02,0xD4,0xFF,0xFF,0xFF,0xFF,0x9C,0x34,0x0F,0x09,0x1E,0x33,
    0x58,0x93,0xCF,0x4D,0x00,0x00,0x00,0x2B,0xEF,0xFF,0xFF,0xFF,0xFF,0xFF,0xFF,0xFF,
    0xFF,0xFF,0xFF,0xFF,0xFF,0x50,0x00,0x00,0x00,0x00,0x28,0xCC,0xFF,0xFF,0xFF,0xFF,
    0xFF,0xFF,0xFF,0xFF,0xFF,0xFF,0xFF,0x50,0x00,0x00,0x00,0x00,0x00,0x01,0x48,0x9C,
    0xD3,0xEE,0xFB,0xEF,0xDC,0xC9,0xA1,0x68,0x2F,0x02,0x00,0x00,0x00,0x00,0x00,0x17,
    0x89,0xD1,0xF3,0xFE,0xFF,0xFF,0xFC,0x00,0x00,0x00,0x25,0xE9,0xFF,0xFF,0xFF,0xFF,
    0xFF,0xFF,0xFC,0x00,0x00,0x00,0xB3,0xFF,0xFF,0xFF,0xFF,0xFF,0xFF,0xFF,0xFC,0x00,
    0x00,0x07,0xF9,0xFF,0xFF,0xFF,0xE3,0x2A,0x02,0x00,0x00,0x00,0x00,0x1D,0xFF,0xFF,
    0xFF,0xFF,0x9D,0x00,0x00,0x00,0x00,0x00,0x00,0x24,0xFF,0xFF,0xFF,0xFF,0x94,0x00,
    0x00,0x00,0x00,0x7C,0xFF,0xFF,0xFF,0xFF,0xFF,0xFF,0xFF,0xFF,0xFF,0xFF,0x9C,0x7C,
    0xFF,0xFF,0xFF,0xFF,0xFF,0xFF,0xFF,0xFF,0xFF,0xFF,0x9C,0x7C,0xFF,0xFF,0xFF,0xFF,
    0xFF,0xFF,0xFF,0xFF,0xFF,0xFF,0x9C,0x00,0x00,0x24,0xFF,0xFF,0xFF,0xFF,0x94,0x00,
    0x00,0x00,0x00,0x00,0x00,0x24,0xFF,0xFF,0xFF,0xFF,0x94,0x00,0x00,0x00,0x00,0x00,
    0x00,0x24,0xFF,0xFF,0xFF,0xFF,0x94,0x00,0x00,0x00,0x00,0x00,0x00,0x24,0xFF,0xFF,
    0xFF,0xFF,0x94,0x00,0x00,0x00,0x00,0x00,0x00,0x24,0xFF,0xFF,0xFF,0xFF,0x94,0x00,
    0x00,0x00,0x00,0x00,0x00,0x24,0xFF,0xFF,0xFF,0xFF,0x94,0x00,0x00,0x00,0x00,0x00,
    0x00,0x24,0xFF,0xFF,0xFF,0xFF,0x94,0x00,0x00,0x00,0x00,0x00,0x00,0x24,0xFF,0xFF,
    0xFF,0xFF,0x94,0x00,0x00,0x00,0x00,0x00,0x00,0x24,0xFF,0xFF,0xFF,0xFF,0x94,0x00,
    0x00,0x00,0x00,0x00,0x00,0x24,0xFF,0xFF,0xFF,0xFF,0x94,0x00,0x00,0x00,0x00,0x00,
    0x00,0x24,0xFF,0xFF,0xFF,0xFF,0x94,0x00,0x00,0x00,0x00,0x00,0x00,0x24,0xFF,0xFF,
    0xFF,0xFF,0x94,0x00,0x00,0x00,0x00,0x00,0x00,0x00,0x00,0x2F,0xA5,0xE6,0xF8,0xDE,
    0x90,0x1A,0x00,0xB0,0xFF,0xFF,0xFF,0xFF,0x10,0x00,0x00,0x00,0x00,0x66,0xFB,0xFF,
    0xFF,0xFF,0xFF,0xFF,0xE6,0x2F,0xB0,0xFF,0xFF,0xFF,0xFF,0x10,0x00,0x00,0x00,0x49,
    0xFE,0xFF,0xFF,0xFF,0xFF,0xFF,0xFF,0xFF,0xDE,0xC0,0xFF,0xFF,0xFF,0xFF,0x10,0x00,
    0x00,0x04,0xE1,0xFF,0xFF,0xFF,0xFF,0x9B,0x1C,0x09,0x55,0xF0,0xFF,0xFF,0xFF,0xFF,
    0xFF,0x10,0x00,0x00,0x50,0xFF,0xFF,0xFF,0xFF,0xCA,0x01,0x00,0x00,0x00,0x62,0xFF,
    0xFF,0xFF,0xFF,0xFF,0x10,0x00,0x00,0x92,0xFF,0xFF,0xFF,0xFF,0x61,0x00,0x00,0x00,
    0x00,0x07,0xEF,0xFF,0xFF,0xFF,0xFF,0x10,0x00,0x00,0xB7,0xFF,0xFF,0xFF,0xFF,0x37,
    0x00,0x00,0x00,0x00,0x00,0xCC,0xFF,0xFF,0xFF,0xFF,0x10,0x00,0x00,0xC4,0xFF,0xFF,
    0xFF,0xFF,0x20,0x00,0x00,0x00,0x00,0x00,0xB7,0xFF,0xFF,0xFF,0xFF,0x10,0x00,0x00,
    0xB7,0xFF,0xFF,0xFF,0xFF,0x2A,0x00,0x00,0x00,0x00,0x00,0xCC,0xFF,0xFF,0xFF,0xFF,
    0x10,0x00,0x00,0x91,0xFF,0xFF,0xFF,0xFF,0x55,0x00,0x00,0x00,0x00,0x07,0xEF,0xFF,
    0xFF,0xFF,0xFF,0x10,0x00,0x00,0x4F,0xFF,0xFF,0xFF,0xFF,0xB4,0x00,0x00,0x00,0x00,
    0x61,0xFF,0xFF,0xFF,0xFF,0xFF,0x10,0x00,0x00,0x04,0xE0,0xFF,0xFF,0xFF,0xFF,0x8E,
    0x19,0x09,0x53,0xEF,0xFF,0xFF,0xFF,0xFF,0xFF,0x10,0x00,0x00,0x00,0x49,0xFE,0xFF,
    0xFF,0xFF,0xFF,0xFF,0xFF,0xFF,0xDE,0xC0,0xFF,0xFF,0xFF,0xFF,0x10,0x00,0x00,0x00,
    0x00,0x66,0xFC,0xFF,0xFF,0xFF,0xFF,0xFF,0xE6,0x2E,0xB5,0xFF,0xFF,0xFF,0xFF,0x09,
    0x00,0x00,0x00,0x00,0x00,0x30,0xA6,0xE7,0xF8,0xDE,0x91,0x1A,0x00,0xCB,0xFF,0xFF,
    0xFF,0xF6,0x00,0x00,0x00,0x00,0x00,0x00,0x00,0x00,0x00,0x00,0x00,0x00,0x00,0x0F,
    0xF8,0xFF,0xFF,0xFF,0xC8,0x00,0x00,0x00,0x00,0x00,0x00,0x00,0x00,0x00,0x00,0x00,
    0x00,0x00,0x88,0xFF,0xFF,0xFF,0xFF,0x7C,0x00,0x00,0x00,0x00,0x00,0xD4,0x89,0x42,
    0x23,0x09,0x0A,0x35,0x9E,0xFF,0xFF,0xFF,0xFF,0xEE,0x11,0x00,0x00,0x00,0x00,0x00,
    0xFC,0xFF,0xFF,0xFF,0xFF,0xFF,0xFF,0xFF,0xFF,0xFF,0xFF,0xFA,0x46,0x00,0x00,0x00,
    0x00,0x00,0x00,0xFC,0xFF,0xFF,0xFF,0xFF,0xFF,0xFF,0xFF,0xFF,0xFF,0xDB,0x3B,0x00,
    0x00,0x00,0x00,0x00,0x00,0x00,0x24,0x6E,0xB4,0xD6,0xED,0xFB,0xED,0xD3,0x9F,0x51,
    0x03,0x00,0x00,0x00,0x00,0x00,0x00,0x00,0xBC,0xFF,0xFF,0xFF,0xFC,0x00,0x00,0x00,
    0x00,0x00,0x00,0x00,0x00,0x00,0x00,0x00,0x00,0x00,0x00,0xBC,0xFF,0xFF,0xFF,0xFC,
    0x00,0x00,0x00,0x00,0x00,0x00,0x00,0x00,0x00,0x00,0x00,0x00,0x00,0x00,0xBC,0xFF,
    0xFF,0xFF,0xFC,0x00,0x00,0x00,0x00,0x00,0x00,0x00,0x00,0x00,0x00,0x00,0x00,0x00,
    0x00,0xBC,0xFF,0xFF,0xFF,0xFC,0x00,0x00,0x00,0x00,0x00,0x00,0x00,0x00,0x00,0x00,
    0x00,0x00,0x00,0x00,0xBC,0xFF,0xFF,0xFF,0xFC,0x00,0x00,0x00,0x00,0x00,0x00,0x00,
    0x00,0x00,0x00,0x00,0x00,0x00,0x00,0xBC,0xFF,0xFF,0xFF,0xFC,0x00,0x00,0x00,0x00,
    0x00,0x00,0x00,0x00,0x00,0x00,0x00,0x00,0x00,0x00,0xBC,0xFF,0xFF,0xFF,0xFC,0x00,
    0x00,0x5C,0xC5,0xF1,0xF4,0xCD,0x73,0x06,0x00,0x00,0x00,0x00,0x00,0xBC,0xFF,0xFF,
    0xFF,0xFC,0x06,0xAA,0xFF,0xFF,0xFF,0xFF,0xFF,0xFF,0xBE,0x05,0x00,0x00,0x00,0x00,
    0xBC,0xFF,0xFF,0xFF,0xFC,0x9B,0xFF,0xFF,0xFF,0xFF,0xFF,0xFF,0xFF,0xFF,0x73,0x00,
    0x00,0x00,0x00,0xBC,0xFF,0xFF,0xFF,0xFF,0xFF,0x8B,0x18,0x0E,0x8E,0xFF,0xFF,0xFF,
    0xFF,0xD4,0x00,0x00,0x00,0x00,0xBC,0xFF,0xFF,0xFF,0xFF,0xB1,0x00,0x00,0x00,0x00,
    0xDC,0xFF,0xFF,0xFF,0xFE,0x07,0x00,0x00,0x00,0xBC,0xFF,0xFF,0xFF,0xFF,0x43,0x00,
    0x00,0x00,0x00,0xB4,0xFF,0xFF,0xFF,0xFF,0x17,0x00,0x00,0x00,0xBC,0xFF,0xFF,0xFF,
    0xFF,0x17,0x00,0x00,0x00,0x00,0xA8,0xFF,0xFF,0xFF,0xFF,0x1C,0x00,0x00,0x00,0xBC,
    0xFF,0xFF,0xFF,0xFD,0x01,0x00,0x00,0x00,0x00,0xA4,0xFF,0xFF,0xFF,0xFF,0x1C,0x00,
    0x00,0x00,0xBC,0xFF,0xFF,0xFF,0xFC,0x00,0x00,0x00,0x00,0x00,0xA4,0xFF,0xFF,0xFF,
    0xFF,0x1C,0x00,0x00,0x00,0xBC,0xFF,0xFF,0xFF,0xFC,0x00,0x00,0x00,0x00,0x00,0xA4,
    0xFF,0xFF,0xFF,0xFF,0x1C,0x00,0x00,0x00,0xBC,0xFF,0xFF,0xFF,0xFC,0x00,0x00,0x00,
    0x00,0x00,0xA4,0xFF,0xFF,0xFF,0xFF,0x1C,0x00,0x00,0x00,0xBC,0xFF,0xFF,0xFF,0xFC,
    0x00,0x00,0x00,0x00,0x00,0xA4,0xFF,0xFF,0xFF,0xFF,0x1C,0x00,0x00,0x00,0xBC,0xFF,
    0xFF,0xFF,0xFC,0x00,0x00,0x00,0x00,0x00,0xA4,0xFF,0xFF,0xFF,0xFF,0x1C,0x00,0x00,
    0x00,0xBC,0xFF,0xFF,0xFF,0xFC,0x00,0x00,0x00,0x00,0x00,0xA4,0xFF,0xFF,0xFF,0xFF,
    0x1C,0x00,0x00,0x00,0xBC,0xFF,0xFF,0xFF,0xFC,0x00,0x00,0x00,0x00,0x00,0xA4,0xFF,
    0xFF,0xFF,0xFF,0x1C,0x00,0x00,0x00,0xBC,0xFF,0xFF,0xFF,0xFC,0x00,0x00,0x00,0x00,
    0xBC,0xFF,0xFF,0xFF,0xFC,0x00,0x00,0x00,0x00,0xBC,0xFF,0xFF,0xFF,0xFC,0x00,0x00,
    0x00,0x00,0xBC,0xFF,0xFF,0xFF,0xFC,0x00,0x00,0x00,0x00,0x00,0x00,0x00,0x00,0x00,
    0x00,0x00,0x00,0x00,0x00,0x00,0x00,0x00,0x00,0x00,0x00,0x00,0x00,0xBC,0xFF,0xFF,
    0xFF,0xFC,0x00,0x00,0x00,0x00,0xBC,0xFF,0xFF,0xFF,0xFC,0x00,0x00,0x00,0x00,0xBC,
    0xFF,0xFF,0xFF,0xFC,0x00,0x00,0x00,0x00,0xBC,0xFF,0xFF,0xFF,0xFC,0x00,0x00,0x00,
    0x00,0xBC,0xFF,0xFF,0xFF,0xFC,0x00,0x00,0x00,0x00,0xBC,0xFF,0xFF,0xFF,0xFC,0x00,
    0x00,0x00,0x00,0xBC,0xFF,0xFF,0xFF,0xFC,0x00,0x00,0x00,0x00,0xBC,0xFF,0xFF,0xFF,
    0xFC,0x00,0x00,0x00,0x00,0xBC,0xFF,0xFF,0xFF,0xFC,0x00,0x00,0x00,0x00,0xBC,0xFF,
    0xFF,0xFF,0xFC,0x00,0x00,0x00,0x00,0xBC,0xFF,0xFF,0xFF,0xFC,0x00,0x00,0x00,0x00,
    0xBC,0xFF,0xFF,0xFF,0xFC,0x00,0x00,0x00,0x00,0xBC,0xFF,0xFF,0xFF,0xFC,0x00,0x00,
    0x00,0x00,0xBC,0xFF,0xFF,0xFF,0xFC,0x00,0x00,0x00,0x00,0xBC,0xFF,0xFF,0xFF,0xFC,
    0x00,0x00,0x00,0x00,0x00,0xBC,0xFF,0xFF,0xFF,0xFC,0x00,0x00,0x00,0x00,0x00,0xBC,
    0xFF,0xFF,0xFF,0xFC,0x00,0x00,0x00,0x00,0x00,0xBC,0xFF,0xFF,0xFF,0xFC,0x00,0x00,
    0x00,0x00,0x00,0xBC,0xFF,0xFF,0xFF,0xFC,0x00,0x00,0x00,0x00,0x00,0x00,0x00,0x00,
    0x00,0x00,0x00,0x00,0x00,0x00,0x00,0x00,0x00,0x00,0x00,0x00,0x00,0x00,0x00,0x00,
    0x00,0xBC,0xFF,0xFF,0xFF,0xFC,0x00,0x00,0x00,0x00,0x00,0xBC,0xFF,0xFF,0xFF,0xFC,
    0x00,0x00,0x00,0x00,0x00,0xBC,0xFF,0xFF,0xFF,0xFC,0x00,0x00,0x00,0x00,0x00,0xBC,
    0xFF,0xFF,0xFF,0xFC,0x00,0x00,0x00,0x00,0x00,0xBC,0xFF,0xFF,0xFF,0xFC,0x00,0x00,
    0x00,0x00,0x00,0xBC,0xFF,0xFF,0xFF,0xFC,0x00,0x00,0x00,0x00,0x00,0xBC,0xFF,0xFF,
    0xFF,0xFC,0x00,0x00,0x00,0x00,0x00,0xBC,0xFF,0xFF,0xFF,0xFC,0x00,0x00,0x00,0x00,
    0x00,0xBC,0xFF,0xFF,0xFF,0xFC,0x00,0x00,0x00,0x00,0x00,0xBC,0xFF,0xFF,0xFF,0xFC,
    0x00,0x00,0x00,0x00,0x00,0xBC,0xFF,0xFF,0xFF,0xFC,0x00,0x00,0x00,0x00,0x00,0xBC,
    0xFF,0xFF,0xFF,0xFC,0x00,0x00,0x00,0x00,0x00,0xBC,0xFF,0xFF,0xFF,0xFC,0x00,0x00,
    0x00,0x00,0x00,0xBC,0xFF,0xFF,0xFF,0xFC,0x00,0x00,0x00,0x00,0x00,0xBC,0xFF,0xFF,
    0xFF,0xFB,0x00,0x00,0x00,0x00,0x00,0xC2,0xFF,0xFF,0xFF,0xF2,0x00,0x00,0x00,0x00,
    0x00,0xE3,0xFF,0xFF,0xFF,0xD8,0x00,0x00,0x00,0x14,0x7B,0xFF,0xFF,0xFF,0xFF,0x9C,
    0x00,0x00,0xE4,0xFF,0xFF,0xFF,0xFF,0xFF,0xFD,0x32,0x00,0x00,0xE4,0xFF,0xFF,0xFF,
    0xFF,0xFF,0x73,0x00,0x00,0x00,0xE4,0xFF,0xFC,0xE9,0xB0,0x41,0x00,0x00,0x00,0x00,
    0x00,0x00,0xBC,0xFF,0xFF,0xFF,0xFC,0x00,0x00,0x00,0x00,0x00,0x00,0x00,0x00,0x00,
    0x00,0x00,0x00,0x00,0x00,0xBC,0xFF,0xFF,0xFF,0xFC,0x00,0x00,0x00,0x00,0x00,0x00,
    0x00,0x00,0x00,0x00,0x00,0x00,0x00,0x00,0xBC,0xFF,0xFF,0xFF,0xFC,0x00,0x00,0x00,
    0x00,0x00,0x00,0x00,0x00,0x00,0x00,0x00,0x00,0x00,0x00,0xBC,0xFF,0xFF,0xFF,0xFC,
    0x00,0x00,0x00,0x00,0x00,0x00,0x00,0x00,0x00,0x00,0x00,0x00,0x00,0x00,0xBC,0xFF,
    0xFF,0xFF,0xFC,0x00,0x00,0x00,0x00,0x00,0x00,0x00,0x00,0x00,0x00,0x00,0x00,0x00,
    0x00,0xBC,0xFF,0xFF,0xFF,0xFC,0x00,0x00,0x00,0x00,0x00,0x00,0x00,0x00,0x00,0x00,
    0x00,0x00,0x00,0x00,0xBC,0xFF,0xFF,0xFF,0xFC,0x00,0x00,0x00,0x00,0x29,0xE9,0xFF,
    0xFF,0xFF,0xFD,0x64,0x00,0x00,0x00,0xBC,0xFF,0xFF,0xFF,0xFC,0x00,0x00,0x00,0x27,
    0xE7,0xFF,0xFF,0xFF,0xFB,0x59,0x00,0x00,0x00,0x00,0xBC,0xFF,0xFF,0xFF,0xFC,0x00,
    0x00,0x26,0xE6,0xFF,0xFF,0xFF,0xF9,0x50,0x00,0x00,0x00,0x00,0x00,0xBC,0xFF,0xFF,
    0xFF,0xFC,0x00,0x24,0xE5,0xFF,0xFF,0xFF,0xF6,0x47,0x00,0x00,0x00,0x00,0x00,0x00,
    0xBC,0xFF,0xFF,0xFF,0xFC,0x23,0xE3,0xFF,0xFF,0xFF,0xF2,0x3E,0x00,0x00,0x00,0x00,
    0x00,0x00,0x00,0xBC,0xFF,0xFF,0xFF,0xFE,0xE2,0xFF,0xFF,0xFF,0xEE,0x36,0x00,0x00,
    0x00,0x00,0x00,0x00,0x00,0x00,0xBC,0xFF,0xFF,0xFF,0xFF,0xFF,0xFF,0xFF,0xEC,0x2E,
    0x00,0x00,0x00,0x00,0x00,0x00,0x00,0x00,0x00,0xBC,0xFF,0xFF,0xFF,0xFF,0xFF,0xFF,
    0xFF,0xFA,0x4B,0x00,0x00,0x00,0x00,0x00,0x00,0x00,0x00,0x00,0xBC,0xFF,0xFF,0xFF,
    0xFF,0xF9,0xFF,0xFF,0xFF,0xF7,0x43,0x00,0x00,0x00,0x00,0x00,0x00,0x00,0x00,0xBC,
    0xFF,0xFF,0xFF,0xFC,0x55,0xFD,0xFF,0xFF,0xFF,0xF4,0x3B,0x00,0x00,0x00,0x00,0x00,
    0x00,0x00,0xBC,0xFF,0xFF,0xFF,0xFC,0x00,0x67,0xFF,0xFF,0xFF,0xFF,0xF1,0x34,0x00,
    0x00,0x00,0x00,0x00,0x00,0xBC,0xFF,0xFF,0xFF,0xFC,0x00,0x00,0x7B,0xFF,0xFF,0xFF,
    0xFF,0xED,0x2E,0x00,0x00,0x00,0x00,0x00,0xBC,0xFF,0xFF,0xFF,0xFC,0x00,0x00,0x00,
    0x8E,0xFF,0xFF,0xFF,0xFF,0xE9,0x27,0x00,0x00,0x00,0x00,0xBC,0xFF,0xFF,0xFF,0xFC,
    0x00,0x00,0x00,0x01,0xA1,0xFF,0xFF,0xFF,0xFF,0xE4,0x22,0x00,0x00,0x00,0xBC,0xFF,
    0xFF,0xFF,0xFC,0x00,0x00,0x00,0x00,0x04,0xB2,0xFF,0xFF,0xFF,0xFF,0xDF,0x1D,0x00,
    0x00,0xBC,0xFF,0xFF,0xFF,0xFC,0x00,0x00,0x00,0x00,0xBC,0xFF,0xFF,0xFF,0xFC,0x00,
    0x00,0x00,0x00,0xBC,0xFF,0xFF,0xFF,0xFC,0x00,0x00,0x00,0x00,0xBC,0xFF,0xFF,0xFF,
    0xFC,0x00,0x00,0x00,0x00,0xBC,0xFF,0xFF,0xFF,0xFC,0x00,0x00,0x00,0x00,0xBC,0xFF,
    0xFF,0xFF,0xFC,0x00,0x00,0x00,0x00,0xBC,0xFF,0xFF,0xFF,0xFC,0x00,0x00,0x00,0x00,
    0xBC,0xFF,0xFF,0xFF,0xFC,0x00,0x00,0x00,0x00,0xBC,0xFF,0xFF,0xFF,0xFC,0x00,0x00,
    0x00,0x00,0xBC,0xFF,0xFF,0xFF,0xFC,0x00,0x00,0x00,0x00,0xBC,0xFF,0xFF,0xFF,0xFC,
    0x00,0x00,0x00,0x00,0xBC,0xFF,0xFF,0xFF,0xFC,0x00,0x00,0x00,0x00,0xBC,0xFF,0xFF,
    0xFF,0xFC,0x00,0x00,0x00,0x00,0xBC,0xFF,0xFF,0xFF,0xFC,0x00,0x00,0x00,0x00,0xBC,
    0xFF,0xFF,0xFF,0xFC,0x00,0x00,0x00,0x00,0xBC,0xFF,0xFF,0xFF,0xFC,0x00,0x00,0x00,
    0x00,0xBC,0xFF,0xFF,0xFF,0xFC,0x00,0x00,0x00,0x00,0xBC,0xFF,0xFF,0xFF,0xFC,0x00,
    0x00,0x00,0x00,0xBC,0xFF,0xFF,0xFF,0xFC,0x00,0x00,0x00,0x00,0xBC,0xFF,0xFF,0xFF,
    0xFC,0x00,0x00,0x00,0x00,0xBC,0xFF,0xFF,0xFF,0xFC,0x00,0x00,0x00,0x00,0xC4,0xFF,
    0xFF,0xFF,0xFC,0x00,0x09,0x7B,0xDA,0xF6,0xDB,0x85,0x10,0x00,0x00,0x04,0x6B,0xCD,
    0xF4,0xF1,0xC6,0x66,0x02,0x00,0x00,0x00,0x00,0x00,0xC4,0xFF,0xFF,0xFF,0xFC,0x0F,
    0xC6,0xFF,0xFF,0xFF,0xFF,0xFF,0xD4,0x17,0x0E,0xBE,0xFF,0xFF,0xFF,0xFF,0xFF,0xFF,
    0xA7,0x00,0x00,0x00,0x00,0x00,0xC4,0xFF,0xFF,0xFF,0xFC,0xA7,0xFF,0xFF,0xFF,0xFF,
    0xFF,0xFF,0xFF,0xA7,0xAA,0xFF,0xFF,0xFF,0xFF,0xFF,0xFF,0xFF,0xFF,0x57,0x00,0x00,
    0x00,0x00,0xC4,0xFF,0xFF,0xFF,0xFF,0xFC,0x68,0x0C,0x29,0xD9,0xFF,0xFF,0xFF,0xFF,
    0xFF,0xC9,0x2A,0x0D,0x7B,0xFF,0xFF,0xFF,0xFF,0xB8,0x00,0x00,0x00,0x00,0xC4,0xFF,
    0xFF,0xFF,0xFF,0x96,0x00,0x00,0x00,0x70,0xFF,0xFF,0xFF,0xFF,0xF9,0x1C,0x00,0x00,
    0x02,0xE8,0xFF,0xFF,0xFF,0xE9,0x00,0x00,0x00,0x00,0xC4,0xFF,0xFF,0xFF,0xFF,0x38,
    0x00,0x00,0x00,0x4F,0xFF,0xFF,0xFF,0xFF,0xBB,0x00,0x00,0x00,0x00,0xC5,0xFF,0xFF,
    0xFF,0xFB,0x00,0x00,0x00,0x00,0xC4,0xFF,0xFF,0xFF,0xFF,0x13,0x00,0x00,0x00,0x44,
    0xFF,0xFF,0xFF,0xFF,0x90,0x00,0x00,0x00,0x00,0xBB,0xFF,0xFF,0xFF,0xFF,0x00,0x00,
    0x00,0x00,0xC4,0xFF,0xFF,0xFF,0xFD,0x01,0x00,0x00,0x00,0x40,0xFF,0xFF,0xFF,0xFF,
    0x81,0x00,0x00,0x00,0x00,0xC0,0xFF,0xFF,0xFF,0xFF,0x00,0x00,0x00,0x00,0xC4,0xFF,
    0xFF,0xFF,0xFC,0x00,0x00,0x00,0x00,0x40,0xFF,0xFF,0xFF,0xFF,0x80,0x00,0x00,0x00,
    0x00,0xC0,0xFF,0xFF,0xFF,0xFF,0x00,0x00,0x00,0x00,0xC4,0xFF,0xFF,0xFF,0xFC,0x00,
    0x00,0x00,0x00,0x40,0xFF,0xFF,0xFF,0xFF,0x80,0x00,0x00,0x00,0x00,0xC0,0xFF,0xFF,
    0xFF,0xFF,0x00,0x00,0x00,0x00,0xC4,0xFF,0xFF,0xFF,0xFC,0x00,0x00,0x00,0x00,0x40,
    0xFF,0xFF,0xFF,0xFF,0x80,0x00,0x00,0x00,0x00,0xC0,0xFF,0xFF,0xFF,0xFF,0x00,0x00,
    0x00,0x00,0xC4,0xFF,0xFF,0xFF,0xFC,0x00,0x00,0x00,0x00,0x40,0xFF,0xFF,0xFF,0xFF,
    0x80,0x00,0x00,0x00,0x00,0xC0,0xFF,0xFF,0xFF,0xFF,0x00,0x00,0x00,0x00,0xC4,0xFF,
    0xFF,0xFF,0xFC,0x00,0x00,0x00,0x00,0x40,0xFF,0xFF,0xFF,0xFF,0x80,0x00,0x00,0x00,
    0x00,0xC0,0xFF,0xFF,0xFF,0xFF,0x00,0x00,0x00,0x00,0xC4,0xFF,0xFF,0xFF,0xFC,0x00,
    0x00,0x00,0x00,0x40,0xFF,0xFF,0xFF,0xFF,0x80,0x00,0x00,0x00,0x00,0xC0,0xFF,0xFF,
    0xFF,0xFF,0x00,0x00,0x00,0x00,0xC4,0xFF,0xFF,0xFF,0xFC,0x00,0x00,0x00,0x00,0x40,
    0xFF,0xFF,0xFF,0xFF,0x80,0x00,0x00,0x00,0x00,0xC0,0xFF,0xFF,0xFF,0xFF,0x00,0x00,
    0x00,0x00,0xBC,0xFF,0xFF,0xFF,0xFC,0x00,0x00,0x5C,0xC5,0xF1,0xF4,0xCD,0x73,0x06,
    0x00,0x00,0x00,0x00,0x00,0xBC,0xFF,0xFF,0xFF,0xFC,0x06,0xAA,0xFF,0xFF,0xFF,0xFF,
    0xFF,0xFF,0xBE,0x05,0x00,0x00,0x00,0x00,0xBC,0xFF,0xFF,0xFF,0xFC,0x9B,0xFF,0xFF,
    0xFF,0xFF,0xFF,0xFF,0xFF,0xFF,0x73,0x00,0x00,0x00,0x00,0xBC,0xFF,0xFF,0xFF,0xFF,
    0xFF,0x8B,0x18,0x0E,0x8E,0xFF,0xFF,0xFF,0xFF,0xD4,0x00,0x00,0x00,0x00,0xBC,0xFF,
    0xFF,0xFF,0xFF,0xB1,0x00,0x00,0x00,0x00,0xDC,0xFF,0xFF,0xFF,0xFE,0x07,0x00,0x00,
    0x00,0xBC,0xFF,0xFF,0xFF,0xFF,0x43,0x00,0x00,0x00,0x00,0xB4,0xFF,0xFF,0xFF,0xFF,
    0x17,0x00,0x00,0x00,0xBC,0xFF,0xFF,0xFF,0xFF,0x17,0x00,0x00,0x00,0x00,0xA8,0xFF,
    0xFF,0xFF,0xFF,0x1C,0x00,0x00,0x00,0xBC,0xFF,0xFF,0xFF,0xFD,0x01,0x00,0x00,0x00,
    0x00,0xA4,0xFF,0xFF,0xFF,0xFF,0x1C,0x00,0x00,0x00,0xBC,0xFF,0xFF,0xFF,0xFC,0x00,
    0x00,0x00,0x00,0x00,0xA4,0xFF,0xFF,0xFF,0xFF,0x1C,0x00,0x00,0x00,0xBC,0xFF,0xFF,
    0xFF,0xFC,0x00,0x00,0x00,0x00,0x00,0xA4,0xFF,0xFF,0xFF,0xFF,0x1C,0x00,0x00,0x00,
    0xBC,0xFF,0xFF,0xFF,0xFC,0x00,0x00,0x00,0x00,0x00,0xA4,0xFF,0xFF,0xFF,0xFF,0x1C,
    0x00,0x00,0x00,0xBC,0xFF,0xFF,0xFF,0xFC,0x00,0x00,0x00,0x00,0x00,0xA4,0xFF,0xFF,
    0xFF,0xFF,0x1C,0x00,0x00,0x00,0xBC,0xFF,0xFF,0xFF,0xFC,0x00,0x00,0x00,0x00,0x00,
    0xA4,0xFF,0xFF,0xFF,0xFF,0x1C,0x00,0x00,0x00,0xBC,0xFF,0xFF,0xFF,0xFC,0x00,0x00,
    0x00,0x00,0x00,0xA4,0xFF,0xFF,0xFF,0xFF,0x1C,0x00,0x00,0x00,0xBC,0xFF,0xFF,0xFF,
    0xFC,0x00,0x00,0x00,0x00,0x00,0xA4,0xFF,0xFF,0xFF,0xFF,0x1C,0x00,0x00,0x00,0x00,
    0x00,0x02,0x53,0xA4,0xDB,0xF1,0xFA,0xEA,0xC7,0x88,0x24,0x00,0x00,0x00,0x00,0x00,
    0x00,0x00,0x00,0x2C,0xD4,0xFF,0xFF,0xFF,0xFF,0xFF,0xFF,0xFF,0xFF,0xFD,0x8E,0x05,
    0x00,0x00,0x00,0x00,0x00,0x2D,0xF1,0xFF,0xFF,0xFF,0xFF,0xFF,0xFF,0xFF,0xFF,0xFF,
    0xFF,0xFF,0xAB,0x01,0x00,0x00,0x00,0x03,0xD5,0xFF,0xFF,0xFF,0xFF,0x95,0x1D,0x07,
    0x42,0xDE,0xFF,0xFF,0xFF,0xFF,0x65,0x00,0x00,0x00,0x53,0xFF,0xFF,0xFF,0xFF,0xB5,
    0x00,0x00,0x00,0x00,0x2F,0xFE,0xFF,0xFF,0xFF,0xDF,0x00,0x00,0x00,0x9D,0xFF,0xFF,
    0xFF,0xFF,0x51,0x00,0x00,0x00,0x00,0x00,0xC7,0xFF,0xFF,0xFF,0xFF,0x28,0x00,0x00,
    0xC4,0xFF,0xFF,0xFF,0xFF,0x23,0x00,0x00,0x00,0x00,0x00,0x99,0xFF,0xFF,0xFF,0xFF,
    0x4E,0x00,0x00,0xD3,0xFF,0xFF,0xFF,0xFF,0x17,0x00,0x00,0x00,0x00,0x00,0x8B,0xFF,
    0xFF,0xFF,0xFF,0x5E,0x00,0x00,0xC4,0xFF,0xFF,0xFF,0xFF,0x23,0x00,0x00,0x00,0x00,
    0x00,0x99,0xFF,0xFF,0xFF,0xFF,0x4E,0x00,0x00,0x9D,0xFF,0xFF,0xFF,0xFF,0x51,0x00,
    0x00,0x00,0x00,0x00,0xC7,0xFF,0xFF,0xFF,0xFF,0x29,0x00,0x00,0x53,0xFF,0xFF,0xFF,
    0xFF,0xB5,0x00,0x00,0x00,0x00,0x2E,0xFE,0xFF,0xFF,0xFF,0xDF,0x00,0x00,0x00,0x03,
    0xD7,0xFF,0xFF,0xFF,0xFF,0x94,0x1C,0x07,0x41,0xDD,0xFF,0xFF,0xFF,0xFF,0x66,0x00,
    0x00,0x00,0x00,0x2F,0xF2,0xFF,0xFF,0xFF,0xFF,0xFF,0xFF,0xFF,0xFF,0xFF,0xFF,0xFF,
    0xAE,0x02,0x00,0x00,0x00,0x00,0x00,0x2F,0xD7,0xFF,0xFF,0xFF,0xFF,0xFF,0xFF,0xFF,
    0xFF,0xFE,0x92,0x07,0x00,0x00,0x00,0x00,0x00,0x00,0x00,0x03,0x55,0xA6,0xDC,0xF2,
    0xFB,0xEB,0xC8,0x8A,0x26,0x00,0x00,0x00,0x00,0x00,0x00,0x00,0xBC,0xFF,0xFF,0xFF,
    0xFC,0x00,0x03,0x6A,0xCC,0xF3,0xEF,0xC1,0x5D,0x01,0x00,0x00,0x00,0x00,0x00,0xBC,
    0xFF,0xFF,0xFF,0xFC,0x0A,0xBA,0xFF,0xFF,0xFF,0xFF,0xFF,0xFF,0xB2,0x07,0x00,0x00,
    0x00,0x00,0xBC,0xFF,0xFF,0xFF,0xFC,0xA2,0xFF,0xFF,0xFF,0xFF,0xFF,0xFF,0xFF,0xFF,
    0x9F,0x00,0x00,0x00,0x00,0xBC,0xFF,0xFF,0xFF,0xFF,0xFF,0x80,0x16,0x0B,0x5A,0xF3,
    0xFF,0xFF,0xFF,0xFF,0x3B,0x00,0x00,0x00,0xBC,0xFF,0xFF,0xFF,0xFF,0x9D,0x00,0x00,
    0x00,0x00,0x62,0xFF,0xFF,0xFF,0xFF,0xA5,0x00,0x00,0x00,0xBC,0xFF,0xFF,0xFF,0xFF,
    0x39,0x00,0x00,0x00,0x00,0x09,0xF7,0xFF,0xFF,0xFF,0xE6,0x00,0x00,0x00,0xBC,0xFF,
    0xFF,0xFF,0xFF,0x0B,0x00,0x00,0x00,0x00,0x00,0xD4,0xFF,0xFF,0xFF,0xFF,0x0A,0x00,
    0x00,0xBC,0xFF,0xFF,0xFF,0xFE,0x00,0x00,0x00,0x00,0x00,0x00,0xC7,0xFF,0xFF,0xFF,
    0xFF,0x17,0x00,0x00,0xBC,0xFF,0xFF,0xFF,0xFF,0x0B,0x00,0x00,0x00,0x00,0x00,0xD4,
    0xFF,0xFF,0xFF,0xFF,0x0A,0x00,0x00,0xBC,0xFF,0xFF,0xFF,0xFF,0x39,0x00,0x00,0x00,
    0x00,0x08,0xF7,0xFF,0xFF,0xFF,0xE6,0x00,0x00,0x00,0xBC,0xFF,0xFF,0xFF,0xFF,0x9D,
    0x00,0x00,0x00,0x00,0x62,0xFF,0xFF,0xFF,0xFF,0xA5,0x00,0x00,0x00,0xBC,0xFF,0xFF,
    0xFF,0xFF,0xFF,0x80,0x14,0x0A,0x59,0xF2,0xFF,0xFF,0xFF,0xFF,0x3C,0x00,0x00,0x00,
    0xBC,0xFF,0xFF,0xFF,0xFC,0xA3,0xFF,0xFF,0xFF,0xFF,0xFF,0xFF,0xFF,0xFF,0xA1,0x00,
    0x00,0x00,0x00,0xBC,0xFF,0xFF,0xFF,0xFC,0x0B,0xBC,0xFF,0xFF,0xFF,0xFF,0xFF,0xFF,
    0xB5,0x08,0x00,0x00,0x00,0x00,0xBC,0xFF,0xFF,0xFF,0xFC,0x00,0x04,0x6D,0xCE,0xF4,
    0xF0,0xC3,0x5F,0x01,0x00,0x00,0x00,0x00,0x00,0xBC,0xFF,0xFF,0xFF,0xFC,0x00,0x00,
    0x00,0x00,0x00,0x00,0x00,0x00,0x00,0x00,0x00,0x00,0x00,0x00,0xBC,0xFF,0xFF,0xFF,
    0xFC,0x00,0x00,0x00,0x00,0x00,0x00,0x00,0x00,0x00,0x00,0x00,0x00,0x00,0x00,0xBC,
    0xFF,0xFF,0xFF,0xFC,0x00,0x00,0x00,0x00,0x00,0x00,0x00,0x00,0x00,0x00,0x00,0x00,
    0x00,0x00,0xBC,0xFF,0xFF,0xFF,0xFC,0x00,0x00,0x00,0x00,0x00,0x00,0x00,0x00,0x00,
    0x00,0x00,0x00,0x00,0x00,0xBC,0xFF,0xFF,0xFF,0xFC,0x00,0x00,0x00,0x00,0x00,0x00,
    0x00,0x00,0x00,0x00,0x00,0x00,0x00,0x00,0xBC,0xFF,0xFF,0xFF,0xFC,0x00,0x00,0x00,
    0x00,0x00,0x00,0x00,0x00,0x00,0x00,0x00,0x00,0x00,0x00,0x00,0x00,0x33,0xA6,0xE6,
    0xF8,0xDE,0x90,0x1A,0x00,0xB0,0xFF,0xFF,0xFF,0xFF,0x10,0x00,0x00,0x00,0x00,0x6D,
    0xFD,0xFF,0xFF,0xFF,0xFF,0xFF,0xE6,0x2F,0xB0,0xFF,0xFF,0xFF,0xFF,0x10,0x00,0x00,
    0x00,0x4F,0xFF,0xFF,0xFF,0xFF,0xFF,0xFF,0xFF,0xFF,0xDE,0xC0,0xFF,0xFF,0xFF,0xFF,
    0x10,0x00,0x00,0x05,0xE4,0xFF,0xFF,0xFF,0xFF,0x93,0x1A,0x09,0x50,0xEB,0xFF,0xFF,
    0xFF,0xFF,0xFF,0x10,0x00,0x00,0x53,0xFF,0xFF,0xFF,0xFF,0xB9,0x00,0x00,0x00,0x00,
    0x4E,0xFF,0xFF,0xFF,0xFF,0xFF,0x10,0x00,0x00,0x94,0xFF,0xFF,0xFF,0xFF,0x58,0x00,
    0x00,0x00,0x00,0x02,0xEA,0xFF,0xFF,0xFF,0xFF,0x10,0x00,0x00,0xB7,0xFF,0xFF,0xFF,
    0xFF,0x2A,0x00,0x00,0x00,0x00,0x00,0xC0,0xFF,0xFF,0xFF,0xFF,0x10,0x00,0x00,0xC3,
    0xFF,0xFF,0xFF,0xFF,0x1E,0x00,0x00,0x00,0x00,0x00,0xB3,0xFF,0xFF,0xFF,0xFF,0x10,
    0x00,0x00,0xB6,0xFF,0xFF,0xFF,0xFF,0x2A,0x00,0x00,0x00,0x00,0x00,0xC0,0xFF,0xFF,
    0xFF,0xFF,0x10,0x00,0x00,0x92,0xFF,0xFF,0xFF,0xFF,0x58,0x00,0x00,0x00,0x00,0x02,
    0xEA,0xFF,0xFF,0xFF,0xFF,0x10,0x00,0x00,0x51,0xFF,0xFF,0xFF,0xFF,0xB9,0x00,0x00,
    0x00,0x00,0x4E,0xFF,0xFF,0xFF,0xFF,0xFF,0x10,0x00,0x00,0x05,0xE3,0xFF,0xFF,0xFF,
    0xFF,0x93,0x19,0x08,0x4F,0xEB,0xFF,0xFF,0xFF,0xFF,0xFF,0x10,0x00,0x00,0x00,0x4E,
    0xFF,0xFF,0xFF,0xFF,0xFF,0xFF,0xFF,0xFF,0xDE,0xC0,0xFF,0xFF,0xFF,0xFF,0x10,0x00,
    0x00,0x00,0x00,0x6D,0xFD,0xFF,0xFF,0xFF,0xFF,0xFF,0xE6,0x2F,0xB0,0xFF,0xFF,0xFF,
    0xFF,0x10,0x00,0x00,0x00,0x00,0x00,0x33,0xA8,0xE7,0xF8,0xDE,0x91,0x1A,0x00,0xB0,
    0xFF,0xFF,0xFF,0xFF,0x10,0x00,0x00,0x00,0x00,0x00,0x00,0x00,0x00,0x00,0x00,0x00,
    0x00,0x00,0xB0,0xFF,0xFF,0xFF,0xFF,0x10,0x00,0x00,0x00,0x00,0x00,0x00,0x00,0x00,
    0x00,0x00,0x00,0x00,0x00,0xB0,0xFF,0xFF,0xFF,0xFF,0x10,0x00,0x00,0x00,0x00,0x00,
    0x00,0x00,0x00,0x00,0x00,0x00,0x00,0x00,0xB0,0xFF,0xFF,0xFF,0xFF,0x10,0x00,0x00,
    0x00,0x00,0x00,0x00,0x00,0x00,0x00,0x00,0x00,0x00,0x00,0xB0,0xFF,0xFF,0xFF,0xFF,
    0x10,0x00,0x00,0x00,0x00,0x00,0x00,0x00,0x00,0x00,0x00,0x00,0x00,0x00,0xB0,0xFF,
    0xFF,0xFF,0xFF,0x10,0x00,0x00,0x00,0x00,0x00,0x00,0x00,0x00,0x00,0x00,0x00,0x00,
    0x00,0xB0,0xFF,0xFF,0xFF,0xFF,0x10,0x00,0x00,0x00,0xBC,0xFF,0xFF,0xFF,0xFC,0x00,
    0x07,0x75,0xD0,0xF3,0xFF,0x37,0x00,0x00,0xBC,0xFF,0xFF,0xFF,0xFC,0x0F,0xC6,0xFF,
    0xFF,0xFF,0xFF,0x38,0x00,0x00,0xBC,0xFF,0xFF,0xFF,0xFC,0xA7,0xFF,0xFF,0xFF,0xFF,
    0xFF,0x39,0x00,0x00,0xBC,0xFF,0xFF,0xFF,0xFF,0xFF,0xC3,0x38,0x08,0x27,0x83,0x35,
    0x00,0x00,0xBC,0xFF,0xFF,0xFF,0xFF,0xD5,0x09,0x00,0x00,0x00,0x00,0x00,0x00,0x00,
    0xBC,0xFF,0xFF,0xFF,0xFF,0x5E,0x00,0x00,0x00,0x00,0x00,0x00,0x00,0x00,0xBC,0xFF,
    0xFF,0xFF,0xFF,0x1D,0x00,0x00,0x00,0x00,0x00,0x00,0x00,0x00,0xBC,0xFF,0xFF,0xFF,
    0xFF,0x03,0x00,0x00,0x00,0x00,0x00,0x00,0x00,0x00,0xBC,0xFF,0xFF,0xFF,0xFC,0x00,
    0x00,0x00,0x00,0x00,0x00,0x00,0x00,0x00,0xBC,0xFF,0xFF,0xFF,0xFC,0x00,0x00,0x00,
    0x00,0x00,0x00,0x00,0x00,0x00,0xBC,0xFF,0xFF,0xFF,0xFC,0x00,0x00,0x00,0x00,0x00,
    0x00,0x00,0x00,0x00,0xBC,0xFF,0xFF,0xFF,0xFC,0x00,0x00,0x00,0x00,0x00,0x00,0x00,
    0x00,0x00,0xBC,0xFF,0xFF,0xFF,0xFC,0x00,0x00,0x00,0x00,0x00,0x00,0x00,0x00,0x00,
    0xBC,0xFF,0xFF,0xFF,0xFC,0x00,0x00,0x00,0x00,0x00,0x00,0x00,0x00,0x00,0xBC,0xFF,
    0xFF,0xFF,0xFC,0x00,0x00,0x00,0x00,0x00,0x00,0x00,0x00,0x00,0x00,0x28,0x8C,0xCA,
    0xED,0xFA,0xF2,0xDB,0xC2,0x94,0x5A,0x15,0x00,0x00,0x00,0x00,0x69,0xFC,0xFF,0xFF,
    0xFF,0xFF,0xFF,0xFF,0xFF,0xFF,0xFF,0xCC,0x00,0x00,0x00,0x29,0xFB,0xFF,0xFF,0xFF,
    0xFF,0xFF,0xFF,0xFF,0xFF,0xFF,0xFF,0xCC,0x00,0x00,0x00,0x7C,0xFF,0xFF,0xFF,0xE0,
    0x3D,0x0C,0x08,0x20,0x37,0x69,0xAB,0xB7,0x00,0x00,0x00,0x96,0xFF,0xFF,0xFF,0xAA,
    0x00,0x00,0x00,0x00,0x00,0x00,0x00,0x00,0x00,0x00,0x00,0x85,0xFF,0xFF,0xFF,0xFF,
    0xC0,0x89,0x61,0x39,0x0E,0x00,0x00,0x00,0x00,0x00,0x00,0x3D,0xFF,0xFF,0xFF,0xFF,
    0xFF,0xFF,0xFF,0xFF,0xFD,0xCC,0x71,0x08,0x00,0x00,0x00,0x00,0x95,0xFF,0xFF,0xFF,
    0xFF,0xFF,0xFF,0xFF,0xFF,0xFF,0xFF,0xCF,0x0C,0x00,0x00,0x00,0x00,0x48,0xAE,0xF0,
    0xFF,0xFF,0xFF,0xFF,0xFF,0xFF,0xFF,0xFF,0x77,0x00,0x00,0x00,0x00,0x00,0x00,0x01,
    0x20,0x46,0x6C,0xA9,0xFF,0xFF,0xFF,0xFF,0xB7,0x00,0x00,0x00,0x00,0x00,0x00,0x00,
    0x00,0x00,0x00,0x00,0xC2,0xFF,0xFF,0xFF,0xC5,0x00,0x00,0x5B,0xC5,0x83,0x46,0x2A,
    0x15,0x04,0x13,0x59,0xF4,0xFF,0xFF,0xFF,0xA4,0x00,0x00,0x60,0xFF,0xFF,0xFF,0xFF,
    0xFF,0xFF,0xFF,0xFF,0xFF,0xFF,0xFF,0xFF,0x42,0x00,0x00,0x60,0xFF,0xFF,0xFF,0xFF,
    0xFF,0xFF,0xFF,0xFF,0xFF,0xFF,0xFB,0x72,0x00,0x00,0x00,0x04,0x35,0x71,0xAC,0xCE,
    0xE3,0xF8,0xF9,0xEA,0xC5,0x86,0x24,0x00,0x00,0x00,0x00,0x00,0x4C,0xFF,0xFF,0xFF,
    0xFF,0x6C,0x00,0x00,0x00,0x00,0x00,0x00,0x00,0x4C,0xFF,0xFF,0xFF,0xFF,0x6C,0x00,
    0x00,0x00,0x00,0x00,0x00,0x00,0x4C,0xFF,0xFF,0xFF,0xFF,0x6C,0x00,0x00,0x00,0x00,
    0x00,0x00,0x00,0x4C,0xFF,0xFF,0xFF,0xFF,0x6C,0x00,0x00,0x00,0x00,0x00,0xA4,0xFF,
    0xFF,0xFF,0xFF,0xFF,0xFF,0xFF,0xFF,0xFF,0xFF,0xFF,0x48,0xA4,0xFF,0xFF,0xFF,0xFF,
    0xFF,0xFF,0xFF,0xFF,0xFF,0xFF,0xFF,0x48,0xA4,0xFF,0xFF,0xFF,0xFF,0xFF,0xFF,0xFF,
    0xFF,0xFF,0xFF,0xFF,0x48,0x00,0x00,0x4C,0xFF,0xFF,0xFF,0xFF,0x6C,0x00,0x00,0x00,
    0x00,0x00,0x00,0x00,0x4C,0xFF,0xFF,0xFF,0xFF,0x6C,0x00,0x00,0x00,0x00,0x00,0x00,
    0x00,0x4C,0xFF,0xFF,0xFF,0xFF,0x6C,0x00,0x00,0x00,0x00,0x00,0x00,0x00,0x4C,0xFF,
    0xFF,0xFF,0xFF,0x6C,0x00,0x00,0x00,0x00,0x00,0x00,0x00,0x4C,0xFF,0xFF,0xFF,0xFF,
    0x6C,0x00,0x00,0x00,0x00,0x00,0x00,0x00,0x4C,0xFF,0xFF,0xFF,0xFF,0x6C,0x00,0x00,
    0x00,0x00,0x00,0x00,0x00,0x4C,0xFF,0xFF,0xFF,0xFF,0x6C,0x00,0x00,0x00,0x00,0x00,
    0x00,0x00,0x45,0xFF,0xFF,0xFF,0xFF,0x78,0x00,0x00,0x00,0x00,0x00,0x00,0x00,0x2D,
    0xFF,0xFF,0xFF,0xFF,0xCC,0x21,0x02,0x00,0x00,0x00,0x00,0x00,0x03,0xEA,0xFF,0xFF,
    0xFF,0xFF,0xFF,0xFF,0xFF,0xE0,0x00,0x00,0x00,0x00,0x6A,0xFF,0xFF,0xFF,0xFF,0xFF,
    0xFF,0xFF,0xE0,0x00,0x00,0x00,0x00,0x00,0x4D,0xB6,0xE8,0xFB,0xFF,0xFF,0xFF,0xE0,
    0x00,0x00,0x00,0xE4,0xFF,0xFF,0xFF,0xDC,0x00,0x00,0x00,0x00,0x00,0xC4,0xFF,0xFF,
    0xFF,0xF4,0x00,0x00,0x00,0x00,0xE4,0xFF,0xFF,0xFF,0xDB,0x00,0x00,0x00,0x00,0x00,
    0xC4,0xFF,0xFF,0xFF,0xF4,0x00,0x00,0x00,0x00,0xE4,0xFF,0xFF,0xFF,0xDA,0x00,0x00,
    0x00,0x00,0x00,0xC4,0xFF,0xFF,0xFF,0xF4,0x00,0x00,0x00,0x00,0xE4,0xFF,0xFF,0xFF,
    0xD9,0x00,0x00,0x00,0x00,0x00,0xC4,0xFF,0xFF,0xFF,0xF4,0x00,0x00,0x00,0x00,0xE4,
    0xFF,0xFF,0xFF,0xD8,0x00,0x00,0x00,0x00,0x00,0xC4,0xFF,0xFF,0xFF,0xF4,0x00,0x00,
    0x00,0x00,0xE4,0xFF,0xFF,0xFF,0xD6,0x00,0x00,0x00,0x00,0x00,0xC4,0xFF,0xFF,0xFF,
    0xF4,0x00,0x00,0x00,0x00,0xE4,0xFF,0xFF,0xFF,0xD4,0x00,0x00,0x00,0x00,0x00,0xC4,
    0xFF,0xFF,0xFF,0xF4,0x00,0x00,0x00,0x00,0xE4,0xFF,0xFF,0xFF,0xD4,0x00,0x00,0x00,
    0x00,0x00,0xC6,0xFF,0xFF,0xFF,0xF4,0x00,0x00,0x00,0x00,0xE4,0xFF,0xFF,0xFF,0xD8,
    0x00,0x00,0x00,0x00,0x00,0xDF,0xFF,0xFF,0xFF,0xF4,0x00,0x00,0x00,0x00,0xE0,0xFF,
    0xFF,0xFF,0xE5,0x00,0x00,0x00,0x00,0x0F,0xFA,0xFF,0xFF,0xFF,0xF4,0x00,0x00,0x00,
    0x00,0xCE,0xFF,0xFF,0xFF,0xFE,0x12,0x00,0x00,0x00,0x78,0xFF,0xFF,0xFF,0xFF,0xF4,
    0x00,0x00,0x00,0x00,0x9D,0xFF,0xFF,0xFF,0xFF,0xB5,0x21,0x0D,0x64,0xF8,0xFF,0xFF,
    0xFF,0xFF,0xF4,0x00,0x00,0x00,0x00,0x3E,0xFF,0xFF,0xFF,0xFF,0xFF,0xFF,0xFF,0xFF,
    0xCA,0xCC,0xFF,0xFF,0xFF,0xF4,0x00,0x00,0x00,0x00,0x00,0x90,0xFF,0xFF,0xFF,0xFF,
    0xFF,0xFF,0xD0,0x1A,0xC4,0xFF,0xFF,0xFF,0xF4,0x00,0x00,0x00,0x00,0x00,0x00,0x58,
    0xBF,0xEF,0xF8,0xD6,0x7B,0x0A,0x00,0xC4,0xFF,0xFF,0xFF,0xF4,0x00,0x00,0x67,0xFF,
    0xFF,0xFF,0xFF,0x4D,0x00,0x00,0x00,0x00,0x00,0x00,0xB6,0xFF,0xFF,0xFF,0xF4,0x0D,
    0x0E,0xF5,0xFF,0xFF,0xFF,0xA8,0x00,0x00,0x00,0x00,0x00,0x14,0xFB,0xFF,0xFF,0xFF,
    0x9E,0x00,0x00,0xA1,0xFF,0xFF,0xFF,0xF6,0x0D,0x00,0x00,0x00,0x00,0x6A,0xFF,0xFF,
    0xFF,0xFF,0x3B,0x00,0x00,0x3E,0xFF,0xFF,0xFF,0xFF,0x5E,0x00,0x00,0x00,0x00,0xC5,
    0xFF,0xFF,0xFF,0xD8,0x00,0x00,0x00,0x00,0xDA,0xFF,0xFF,0xFF,0xB9,0x00,0x00,0x00,
    0x1F,0xFE,0xFF,0xFF,0xFF,0x75,0x00,0x00,0x00,0x00,0x78,0xFF,0xFF,0xFF,0xFC,0x18,
    0x00,0x00,0x79,0xFF,0xFF,0xFF,0xFB,0x17,0x00,0x00,0x00,0x00,0x19,0xFC,0xFF,0xFF,
    0xFF,0x6F,0x00,0x00,0xD3,0xFF,0xFF,0xFF,0xAE,0x00,0x00,0x00,0x00,0x00,0x00,0xB2,
    0xFF,0xFF,0xFF,0xCB,0x00,0x2E,0xFF,0xFF,0xFF,0xFF,0x4B,0x00,0x00,0x00,0x00,0x00,
    0x00,0x4F,0xFF,0xFF,0xFF,0xFF,0x26,0x88,0xFF,0xFF,0xFF,0xE5,0x03,0x00,0x00,0x00,
    0x00,0x00,0x00,0x04,0xE7,0xFF,0xFF,0xFF,0x82,0xE1,0xFF,0xFF,0xFF,0x85,0x00,0x00,
    0x00,0x00,0x00,0x00,0x00,0x00,0x89,0xFF,0xFF,0xFF,0xF4,0xFF,0xFF,0xFF,0xFE,0x23,
    0x00,0x00,0x00,0x00,0x00,0x00,0x00,0x00,0x27,0xFF,0xFF,0xFF,0xFF,0xFF,0xFF,0xFF,
    0xBE,0x00,0x00,0x00,0x00,0x00,0x00,0x00,0x00,0x00,0x00,0xC3,0xFF,0xFF,0xFF,0xFF,
    0xFF,0xFF,0x5B,0x00,0x00,0x00,0x00,0x00,0x00,0x00,0x00,0x00,0x00,0x60,0xFF,0xFF,
    0xFF,0xFF,0xFF,0xEF,0x09,0x00,0x00,0x00,0x00,0x00,0x00,0x00,0x00,0x00,0x00,0x0B,
    0xF2,0xFF,0xFF,0xFF,0xFF,0x95,0x00,0x00,0x00,0x00,0x00,0x00,0x01,0xE9,0xFF,0xFF,
    0xFF,0xA6,0x00,0x00,0x00,0x00,0x9F,0xFF,0xFF,0xFF,0x92,0x00,0x00,0x00,0x00,0xB4,
    0xFF,0xFF,0xFF,0xDE,0x00,0x00,0xA9,0xFF,0xFF,0xFF,0xE3,0x00,0x00,0x00,0x00,0xDC,
    0xFF,0xFF,0xFF,0xD0,0x00,0x00,0x00,0x02,0xEF,0xFF,0xFF,0xFF,0x9C,0x00,0x00,0x66,
    0xFF,0xFF,0xFF,0xFF,0x21,0x00,0x00,0x1A,0xFF,0xFF,0xFF,0xFF,0xFD,0x10,0x00,0x00,
    0x31,0xFF,0xFF,0xFF,0xFF,0x5A,0x00,0x00,0x24,0xFF,0xFF,0xFF,0xFF,0x5E,0x00,0x00,
    0x57,0xFF,0xFF,0xFF,0xFF,0xFF,0x4C,0x00,0x00,0x6F,0xFF,0xFF,0xFF,0xFF,0x18,0x00,
    0x00,0x00,0xE1,0xFF,0xFF,0xFF,0x9C,0x00,0x00,0x95,0xFF,0xFF,0xF9,0xFF,0xFF,0x89,
    0x00,0x00,0xAE,0xFF,0xFF,0xFF,0xD6,0x00,0x00,0x00,0x00,0x9F,0xFF,0xFF,0xFF,0xD9,
    0x00,0x00,0xD2,0xFF,0xFF,0x9B,0xFF,0xFF,0xC7,0x00,0x01,0xEA,0xFF,0xFF,0xFF,0x94,
    0x00,0x00,0x00,0x00,0x5D,0xFF,0xFF,0xFF,0xFF,0x17,0x11,0xFE,0xFF,0xFC,0x24,0xFF,
    0xFF,0xFA,0x0A,0x2B,0xFF,0xFF,0xFF,0xFF,0x52,0x00,0x00,0x00,0x00,0x1A,0xFF,0xFF,
    0xFF,0xFF,0x54,0x4D,0xFF,0xFF,0xCB,0x00,0xDA,0xFF,0xFF,0x43,0x69,0xFF,0xFF,0xFF,
    0xFD,0x12,0x00,0x00,0x00,0x00,0x00,0xD8,0xFF,0xFF,0xFF,0x92,0x8B,0xFF,0xFF,0x8D,
    0x00,0x9C,0xFF,0xFF,0x80,0xA8,0xFF,0xFF,0xFF,0xCD,0x00,0x00,0x00,0x00,0x00,0x00,
    0x96,0xFF,0xFF,0xFF,0xCF,0xC8,0xFF,0xFF,0x50,0x00,0x5E,0xFF,0xFF,0xBE,0xE5,0xFF,
    0xFF,0xFF,0x8B,0x00,0x00,0x00,0x00,0x00,0x00,0x53,0xFF,0xFF,0xFF,0xFD,0xFB,0xFF,
    0xFF,0x14,0x00,0x20,0xFF,0xFF,0xFC,0xFF,0xFF,0xFF,0xFF,0x49,0x00,0x00,0x00,0x00,
    0x00,0x00,0x12,0xFE,0xFF,0xFF,0xFF,0xFF,0xFF,0xD6,0x00,0x00,0x00,0xE1,0xFF,0xFF,
    0xFF,0xFF,0xFF,0xFA,0x0C,0x00,0x00,0x00,0x00,0x00,0x00,0x00,0xCE,0xFF,0xFF,0xFF,
    0xFF,0xFF,0x98,0x00,0x00,0x00,0xA4,0xFF,0xFF,0xFF,0xFF,0xFF,0xC5,0x00,0x00,0x00,
    0x00,0x00,0x00,0x00,0x00,0x8C,0xFF,0xFF,0xFF,0xFF,0xFF,0x5B,0x00,0x00,0x00,0x66,
    0xFF,0xFF,0xFF,0xFF,0xFF,0x83,0x00,0x00,0x00,0x00,0x00,0x00,0x00,0x00,0x49,0xFF,
    0xFF,0xFF,0xFF,0xFF,0x1E,0x00,0x00,0x00,0x27,0xFF,0xFF,0xFF,0xFF,0xFF,0x41,0x00,
    0x00,0x00,0x00,0x13,0xE4,0xFF,0xFF,0xFF,0xEB,0x16,0x00,0x00,0x00,0x00,0x99,0xFF,
    0xFF,0xFF,0xFF,0x62,0x00,0x3F,0xFD,0xFF,0xFF,0xFF,0xAF,0x00,0x00,0x00,0x48,0xFF,
    0xFF,0xFF,0xFF,0xA7,0x00,0x00,0x00,0x83,0xFF,0xFF,0xFF,0xFF,0x5D,0x00,0x12,0xE6,
    0xFF,0xFF,0xFF,0xDE,0x0E,0x00,0x00,0x00,0x03,0xC5,0xFF,0xFF,0xFF,0xEF,0x1B,0xA8,
    0xFF,0xFF,0xFF,0xFA,0x37,0x00,0x00,0x00,0x00,0x00,0x1F,0xEF,0xFF,0xFF,0xFF,0xDC,
    0xFF,0xFF,0xFF,0xFF,0x76,0x00,0x00,0x00,0x00,0x00,0x00,0x00,0x54,0xFF,0xFF,0xFF,
    0xFF,0xFF,0xFF,0xFF,0xBA,0x01,0x00,0x00,0x00,0x00,0x00,0x00,0x00,0x00,0x9B,0xFF,
    0xFF,0xFF,0xFF,0xFF,0xE9,0x17,0x00,0x00,0x00,0x00,0x00,0x00,0x00,0x00,0x00,0x34,
    0xFF,0xFF,0xFF,0xFF,0xFF,0xA1,0x00,0x00,0x00,0x00,0x00,0x00,0x00,0x00,0x00,0x08,
    0xD2,0xFF,0xFF,0xFF,0xFF,0xFF,0xFF,0x4B,0x00,0x00,0x00,0x00,0x00,0x00,0x00,0x00,
    0x96,0xFF,0xFF,0xFF,0xFF,0xFF,0xFF,0xFF,0xEA,0x19,0x00,0x00,0x00,0x00,0x00,0x00,
    0x50,0xFF,0xFF,0xFF,0xFF,0xA7,0xF8,0xFF,0xFF,0xFF,0xBB,0x01,0x00,0x00,0x00,0x00,
    0x1D,0xED,0xFF,0xFF,0xFF,0xCF,0x05,0x73,0xFF,0xFF,0xFF,0xFF,0x76,0x00,0x00,0x00,
    0x03,0xC2,0xFF,0xFF,0xFF,0xF7,0x2B,0x00,0x01,0xBE,0xFF,0xFF,0xFF,0xFA,0x35,0x00,
    0x00,0x80,0xFF,0xFF,0xFF,0xFF,0x71,0x00,0x00,0x00,0x1D,0xEF,0xFF,0xFF,0xFF,0xDC,
    0x0D,0x3D,0xFC,0xFF,0xFF,0xFF,0xBE,0x01,0x00,0x00,0x00,0x00,0x5A,0xFF,0xFF,0xFF,
    0xFF,0xA3,0x77,0xFF,0xFF,0xFF,0xFF,0x3D,0x00,0x00,0x00,0x00,0x00,0x00,0xC7,0xFF,
    0xFF,0xFF,0xE8,0x04,0x13,0xF7,0xFF,0xFF,0xFF,0xA1,0x00,0x00,0x00,0x00,0x00,0x1C,
    0xFE,0xFF,0xFF,0xFF,0x8C,0x00,0x00,0x9F,0xFF,0xFF,0xFF,0xF5,0x0F,0x00,0x00,0x00,
    0x00,0x70,0xFF,0xFF,0xFF,0xFF,0x2C,0x00,0x00,0x33,0xFF,0xFF,0xFF,0xFF,0x69,0x00,
    0x00,0x00,0x00,0xC5,0xFF,0xFF,0xFF,0xCD,0x00,0x00,0x00,0x00,0xC8,0xFF,0xFF,0xFF,
    0xCD,0x00,0x00,0x00,0x1B,0xFE,0xFF,0xFF,0xFF,0x6D,0x00,0x00,0x00,0x00,0x5D,0xFF,
    0xFF,0xFF,0xFF,0x31,0x00,0x00,0x6F,0xFF,0xFF,0xFF,0xFA,0x14,0x00,0x00,0x00,0x00,
    0x07,0xEA,0xFF,0xFF,0xFF,0x95,0x00,0x00,0xC4,0xFF,0xFF,0xFF,0xAE,0x00,0x00,0x00,
    0x00,0x00,0x00,0x86,0xFF,0xFF,0xFF,0xEF,0x09,0x1A,0xFE,0xFF,0xFF,0xFF,0x4F,0x00,
    0x00,0x00,0x00,0x00,0x00,0x1D,0xFC,0xFF,0xFF,0xFF,0x5C,0x6E,0xFF,0xFF,0xFF,0xEA,
    0x05,0x00,0x00,0x00,0x00,0x00,0x00,0x00,0xAE,0xFF,0xFF,0xFF,0xC0,0xC3,0xFF,0xFF,
    0xFF,0x90,0x00,0x00,0x00,0x00,0x00,0x00,0x00,0x00,0x43,0xFF,0xFF,0xFF,0xFF,0xFE,
    0xFF,0xFF,0xFF,0x30,0x00,0x00,0x00,0x00,0x00,0x00,0x00,0x00,0x00,0xD6,0xFF,0xFF,
    0xFF,0xFF,0xFF,0xFF,0xD1,0x00,0x00,0x00,0x00,0x00,0x00,0x00,0x00,0x00,0x00,0x6C,
    0xFF,0xFF,0xFF,0xFF,0xFF,0xFF,0x71,0x00,0x00,0x00,0x00,0x00,0x00,0x00,0x00,0x00,
    0x00,0x0D,0xF2,0xFF,0xFF,0xFF,0xFF,0xFB,0x16,0x00,0x00,0x00,0x00,0x00,0x00,0x00,
    0x00,0x00,0x00,0x00,0x95,0xFF,0xFF,0xFF,0xFF,0xB2,0x00,0x00,0x00,0x00,0x00,0x00,
    0x00,0x00,0x00,0x00,0x00,0x00,0x33,0xFF,0xFF,0xFF,0xFF,0x53,0x00,0x00,0x00,0x00,
    0x00,0x00,0x00,0x00,0x00,0x00,0x00,0x00,0x63,0xFF,0xFF,0xFF,0xEC,0x06,0x00,0x00,
    0x00,0x00,0x00,0x00,0x00,0x00,0x00,0x00,0x08,0x3E,0xE6,0xFF,0xFF,0xFF,0x85,0x00,
    0x00,0x00,0x00,0x00,0x00,0x00,0x00,0x00,0x4C,0xFF,0xFF,0xFF,0xFF,0xFF,0xFF,0xEB,
    0x11,0x00,0x00,0x00,0x00,0x00,0x00,0x00,0x00,0x00,0x4C,0xFF,0xFF,0xFF,0xFF,0xFF,
    0xF8,0x46,0x00,0x00,0x00,0x00,0x00,0x00,0x00,0x00,0x00,0x00,0x4C,0xFF,0xFF,0xFA,
    0xDD,0xA2,0x27,0x00,0x00,0x00,0x00,0x00,0x00,0x00,0x00,0x00,0x00,0x74,0xFF,0xFF,
    0xFF,0xFF,0xFF,0xFF,0xFF,0xFF,0xFF,0xFF,0xFF,0xFF,0x6C,0x00,0x00,0x74,0xFF,0xFF,
    0xFF,0xFF,0xFF,0xFF,0xFF,0xFF,0xFF,0xFF,0xFF,0xFF,0x6C,0x00,0x00,0x74,0xFF,0xFF,
    0xFF,0xFF,0xFF,0xFF,0xFF,0xFF,0xFF,0xFF,0xFF,0xFF,0x6C,0x00,0x00,0x00,0x00,0x00,
    0x00,0x00,0x00,0x00,0x79,0xFF,0xFF,0xFF,0xFF,0xFF,0x4B,0x00,0x00,0x00,0x00,0x00,
    0x00,0x00,0x00,0x62,0xFF,0xFF,0xFF,0xFF,0xFF,0x7A,0x00,0x00,0x00,0x00,0x00,0x00,
    0x00,0x00,0x4E,0xFC,0xFF,0xFF,0xFF,0xFF,0x91,0x00,0x00,0x00,0x00,0x00,0x00,0x00,
    0x00,0x3C,0xF7,0xFF,0xFF,0xFF,0xFF,0xA6,0x01,0x00,0x00,0x00,0x00,0x00,0x00,0x00,
    0x2D,0xEF,0xFF,0xFF,0xFF,0xFF,0xB8,0x05,0x00,0x00,0x00,0x00,0x00,0x00,0x00,0x20,
    0xE5,0xFF,0xFF,0xFF,0xFF,0xC9,0x0B,0x00,0x00,0x00,0x00,0x00,0x00,0x00,0x15,0xD9,
    0xFF,0xFF,0xFF,0xFF,0xD7,0x13,0x00,0x00,0x00,0x00,0x00,0x00,0x00,0x0C,0xCB,0xFF,
    0xFF,0xFF,0xFF,0xE3,0x1E,0x00,0x00,0x00,0x00,0x00,0x00,0x00,0x00,0xA7,0xFF,0xFF,
    0xFF,0xFF,0xEE,0x2A,0x00,0x00,0x00,0x00,0x00,0x00,0x00,0x00,0x00,0xC8,0xFF,0xFF,
    0xFF,0xFF,0xFF,0xFF,0xFF,0xFF,0xFF,0xFF,0xFF,0xFF,0x6C,0x00,0x00,0xC8,0xFF,0xFF,
    0xFF,0xFF,0xFF,0xFF,0xFF,0xFF,0xFF,0xFF,0xFF,0xFF,0x6C,0x00,0x00,0xC8,0xFF,0xFF,
    0xFF,0xFF,0xFF,0xFF,0xFF,0xFF,0xFF,0xFF,0xFF,0xFF,0x6C,0x00,0x00,0x00,0x00,0x00,
    0x00,0x00,0x00,0x00,0x00,0x4A,0xAF,0xE3,0xF9,0xFF,0xFF,0xD8,0x00,0x00,0x00,0x00,
    0x00,0x00,0x00,0x00,0x00,0x00,0x00,0x80,0xFF,0xFF,0xFF,0xFF,0xFF,0xFF,0xD8,0x00,
    0x00,0x00,0x00,0x00,0x00,0x00,0x00,0x00,0x00,0x20,0xFC,0xFF,0xFF,0xFF,0xFF,0xFF,
    0xFF,0xD8,0x00,0x00,0x00,0x00,0x00,0x00,0x00,0x00,0x00,0x00,0x66,0xFF,0xFF,0xFF,
    0xFF,0xA8,0x25,0x05,0x00,0x00,0x00,0x00,0x00,0x00,0x00,0x00,0x00,0x00,0x00,0x81,
    0xFF,0xFF,0xFF,0xFF,0x1B,0x00,0x00,0x00,0x00,0x00,0x00,0x00,0x00,0x00,0x00,0x00,
    0x00,0x00,0x88,0xFF,0xFF,0xFF,0xF9,0x00,0x00,0x00,0x00,0x00,0x00,0x00,0x00,0x00,
    0x00,0x00,0x00,0x00,0x00,0x88,0xFF,0xFF,0xFF,0xF4,0x00,0x00,0x00,0x00,0x00,0x00,
    0x00,0x00,0x00,0x00,0x00,0x00,0x00,0x00,0x89,0xFF,0xFF,0xFF,0xF4,0x00,0x00,0x00,
    0x00,0x00,0x00,0x00,0x00,0x00,0x00,0x00,0x00,0x00,0x00,0x9A,0xFF,0xFF,0xFF,0xF0,
    0x00,0x00,0x00,0x00,0x00,0x00,0x00,0x00,0x00,0x00,0x00,0x00,0x00,0x01,0xD5,0xFF,
    0xFF,0xFF,0xDC,0x00,0x00,0x00,0x00,0x00,0x00,0x00,0x00,0x00,0x00,0x00,0x04,0x24,
    0x97,0xFF,0xFF,0xFF,0xFF,0xA0,0x00,0x00,0x00,0x00,0x00,0x00,0x00,0x00,0x00,0x00,
    0xA0,0xFF,0xFF,0xFF,0xFF,0xFF,0xFF,0xDD,0x1E,0x00,0x00,0x00,0x00,0x00,0x00,0x00,
    0x00,0x00,0x00,0xA0,0xFF,0xFF,0xFF,0xFF,0xFF,0xD1,0x24,0x00,0x00,0x00,0x00,0x00,
    0x00,0x00,0x00,0x00,0x00,0x00,0xA0,0xFF,0xFF,0xFF,0xFF,0xFF,0xFF,0xEF,0x2F,0x00,
    0x00,0x00,0x00,0x00,0x00,0x00,0x00,0x00,0x00,0x00,0x05,0x29,0xA5,0xFF,0xFF,0xFF,
    0xFF,0xAC,0x00,0x00,0x00,0x00,0x00,0x00,0x00,0x00,0x00,0x00,0x00,0x00,0x00,0x04,
    0xE0,0xFF,0xFF,0xFF,0xDF,0x00,0x00,0x00,0x00,0x00,0x00,0x00,0x00,0x00,0x00,0x00,
    0x00,0x00,0x00,0xA1,0xFF,0xFF,0xFF,0xF1,0x00,0x00,0x00,0x00,0x00,0x00,0x00,0x00,
    0x00,0x00,0x00,0x00,0x00,0x00,0x8B,0xFF,0xFF,0xFF,0xF4,0x00,0x00,0x00,0x00,0x00,
    0x00,0x00,0x00,0x00,0x00,0x00,0x00,0x00,0x00,0x88,0xFF,0xFF,0xFF,0xF4,0x00,0x00,
    0x00,0x00,0x00,0x00,0x00,0x00,0x00,0x00,0x00,0x00,0x00,0x00,0x88,0xFF,0xFF,0xFF,
    0xF9,0x00,0x00,0x00,0x00,0x00,0x00,0x00,0x00,0x00,0x00,0x00,0x00,0x00,0x00,0x81,
    0xFF,0xFF,0xFF,0xFF,0x1C,0x00,0x00,0x00,0x00,0x00,0x00,0x00,0x00,0x00,0x00,0x00,
    0x00,0x00,0x64,0xFF,0xFF,0xFF,0xFF,0xA8,0x24,0x04,0x00,0x00,0x00,0x00,0x00,0x00,
    0x00,0x00,0x00,0x00,0x00,0x1E,0xFB,0xFF,0xFF,0xFF,0xFF,0xFF,0xFF,0xD8,0x00,0x00,
    0x00,0x00,0x00,0x00,0x00,0x00,0x00,0x00,0x00,0x7C,0xFF,0xFF,0xFF,0xFF,0xFF,0xFF,
    0xD8,0x00,0x00,0x00,0x00,0x00,0x00,0x00,0x00,0x00,0x00,0x00,0x00,0x49,0xAF,0xE4,
    0xF9,0xFF,0xFF,0xD8,0x00,0x00,0x00,0x00,0x00,0x00,0x94,0xFF,0xFF,0x6C,0x00,0x00,
    0x00,0x00,0x00,0x00,0x94,0xFF,0xFF,0x6C,0x00,0x00,0x00,0x00,0x00,0x00,0x94,0xFF,
    0xFF,0x6C,0x00,0x00,0x00,0x00,0x00,0x00,0x94,0xFF,0xFF,0x6C,0x00,0x00,0x00,0x00,
    0x00,0x00,0x94,0xFF,0xFF,0x6C,0x00,0x00,0x00,0x00,0x00,0x00,0x94,0xFF,0xFF,0x6C,
    0x00,0x00,0x00,0x00,0x00,0x00,0x94,0xFF,0xFF,0x6C,0x00,0x00,0x00,0x00,0x00,0x00,
    0x94,0xFF,0xFF,0x6C,0x00,0x00,0x00,0x00,0x00,0x00,0x94,0xFF,0xFF,0x6C,0x00,0x00,
    0x00,0x00,0x00,0x00,0x94,0xFF,0xFF,0x6C,0x00,0x00,0x00,0x00,0x00,0x00,0x94,0xFF,
    0xFF,0x6C,0x00,0x00,0x00,0x00,0x00,0x00,0x94,0xFF,0xFF,0x6C,0x00,0x00,0x00,0x00,
    0x00,0x00,0x94,0xFF,0xFF,0x6C,0x00,0x00,0x00,0x00,0x00,0x00,0x94,0xFF,0xFF,0x6C,
    0x00,0x00,0x00,0x00,0x00,0x00,0x94,0xFF,0xFF,0x6C,0x00,0x00,0x00,0x00,0x00,0x00,
    0x94,0xFF,0xFF,0x6C,0x00,0x00,0x00,0x00,0x00,0x00,0x94,0xFF,0xFF,0x6C,0x00,0x00,
    0x00,0x00,0x00,0x00,0x94,0xFF,0xFF,0x6C,0x00,0x00,0x00,0x00,0x00,0x00,0x94,0xFF,
    0xFF,0x6C,0x00,0x00,0x00,0x00,0x00,0x00,0x94,0xFF,0xFF,0x6C,0x00,0x00,0x00,0x00,
    0x00,0x00,0x94,0xFF,0xFF,0x6C,0x00,0x00,0x00,0x00,0x00,0x00,0x94,0xFF,0xFF,0x6C,
    0x00,0x00,0x00,0x00,0x00,0x00,0x94,0xFF,0xFF,0x6C,0x00,0x00,0x00,0x00,0x00,0x00,
    0x94,0xFF,0xFF,0x6C,0x00,0x00,0x00,0x00,0x00,0x00,0x94,0xFF,0xFF,0x6C,0x00,0x00,
    0x00,0x00,0x00,0x00,0x94,0xFF,0xFF,0x6C,0x00,0x00,0x00,0x00,0x00,0x00,0x94,0xFF,
    0xFF,0x6C,0x00,0x00,0x00,0x00,0x00,0x00,0xA0,0xFF,0xFF,0xFB,0xEA,0xBE,0x65,0x03,
    0x00,0x00,0x00,0x00,0x00,0x00,0x00,0x00,0x00,0x00,0x00,0xA0,0xFF,0xFF,0xFF,0xFF,
    0xFF,0xFF,0xB2,0x01,0x00,0x00,0x00,0x00,0x00,0x00,0x00,0x00,0x00,0x00,0xA0,0xFF,
    0xFF,0xFF,0xFF,0xFF,0xFF,0xFF,0x52,0x00,0x00,0x00,0x00,0x00,0x00,0x00,0x00,0x00,
    0x00,0x00,0x03,0x19,0x7E,0xFF,0xFF,0xFF,0xFF,0x9C,0x00,0x00,0x00,0x00,0x00,0x00,
    0x00,0x00,0x00,0x00,0x00,0x00,0x00,0x00,0xE3,0xFF,0xFF,0xFF,0xB9,0x00,0x00,0x00,
    0x00,0x00,0x00,0x00,0x00,0x00,0x00,0x00,0x00,0x00,0x00,0xC1,0xFF,0xFF,0xFF,0xC0,
    0x00,0x00,0x00,0x00,0x00,0x00,0x00,0x00,0x00,0x00,0x00,0x00,0x00,0x00,0xBC,0xFF,
    0xFF,0xFF,0xC0,0x00,0x00,0x00,0x00,0x00,0x00,0x00,0x00,0x00,0x00,0x00,0x00,0x00,
    0x00,0xBC,0xFF,0xFF,0xFF,0xC1,0x00,0x00,0x00,0x00,0x00,0x00,0x00,0x00,0x00,0x00,
    0x00,0x00,0x00,0x00,0xB8,0xFF,0xFF,0xFF,0xD0,0x00,0x00,0x00,0x00,0x00,0x00,0x00,
    0x00,0x00,0x00,0x00,0x00,0x00,0x00,0xA4,0xFF,0xFF,0xFF,0xF9,0x12,0x00,0x00,0x00,
    0x00,0x00,0x00,0x00,0x00,0x00,0x00,0x00,0x00,0x00,0x69,0xFF,0xFF,0xFF,0xFF,0xBA,
    0x33,0x07,0x00,0x00,0x00,0x00,0x00,0x00,0x00,0x00,0x00,0x00,0x00,0x08,0xB9,0xFF,
    0xFF,0xFF,0xFF,0xFF,0xFF,0xD8,0x00,0x00,0x00,0x00,0x00,0x00,0x00,0x00,0x00,0x00,
    0x00,0x0E,0xAA,0xFF,0xFF,0xFF,0xFF,0xFF,0xD8,0x00,0x00,0x00,0x00,0x00,0x00,0x00,
    0x00,0x00,0x00,0x11,0xD4,0xFF,0xFF,0xFF,0xFF,0xFF,0xFF,0xD8,0x00,0x00,0x00,0x00,
    0x00,0x00,0x00,0x00,0x00,0x00,0x75,0xFF,0xFF,0xFF,0xFF,0xC6,0x39,0x09,0x00,0x00,
    0x00,0x00,0x00,0x00,0x00,0x00,0x00,0x00,0x00,0xA8,0xFF,0xFF,0xFF,0xFD,0x1C,0x00,
    0x00,0x00,0x00,0x00,0x00,0x00,0x00,0x00,0x00,0x00,0x00,0x00,0xB9,0xFF,0xFF,0xFF,
    0xD7,0x00,0x00,0x00,0x00,0x00,0x00,0x00,0x00,0x00,0x00,0x00,0x00,0x00,0x00,0xBC,
    0xFF,0xFF,0xFF,0xC3,0x00,0x00,0x00,0x00,0x00,0x00,0x00,0x00,0x00,0x00,0x00,0x00,
    0x00,0x00,0xBC,0xFF,0xFF,0xFF,0xC0,0x00,0x00,0x00,0x00,0x00,0x00,0x00,0x00,0x00,
    0x00,0x00,0x00,0x00,0x00,0xC2,0xFF,0xFF,0xFF,0xC0,0x00,0x00,0x00,0x00,0x00,0x00,
    0x00,0x00,0x00,0x00,0x00,0x00,0x00,0x00,0xE4,0xFF,0xFF,0xFF,0xB8,0x00,0x00,0x00,
    0x00,0x00,0x00,0x00,0x00,0x00,0x00,0x00,0x02,0x18,0x7D,0xFF,0xFF,0xFF,0xFF,0x9B,
    0x00,0x00,0x00,0x00,0x00,0x00,0x00,0x00,0x00,0x00,0xA0,0xFF,0xFF,0xFF,0xFF,0xFF,
    0xFF,0xFF,0x4F,0x00,0x00,0x00,0x00,0x00,0x00,0x00,0x00,0x00,0x00,0xA0,0xFF,0xFF,
    0xFF,0xFF,0xFF,0xFF,0xAF,0x01,0x00,0x00,0x00,0x00,0x00,0x00,0x00,0x00,0x00,0x00,
    0xA0,0xFF,0xFF,0xFC,0xEB,0xBE,0x64,0x02,0x00,0x00,0x00,0x00,0x00,0x00,0x00,0x00,
    0x00,0x00,0x00,0x00,0x00,0x00,0x00,0x00,0x00,0x00,0x00,0x00,0x00,0x00,0x00,0x00,
    0x00,0x00,0x00,0x0E,0x00,0x00,0x00,0x00,0x00,0x00,0x00,0x11,0x7F,0xD0,0xF5,0xEA,
    0xBD,0x66,0x0F,0x00,0x00,0x00,0x00,0x00,0x00,0x4C,0xB3,0x00,0x00,0x00,0x00,0x00,
    0x00,0x56,0xEE,0xFF,0xFF,0xFF,0xFF,0xFF,0xFF,0xF3,0x9F,0x46,0x15,0x0D,0x41,0xAC,
    0xFF,0xC4,0x00,0x00,0x00,0x00,0x00,0x21,0xFF,0xFF,0xFF,0xFF,0xFF,0xFF,0xFF,0xFF,
    0xFF,0xFF,0xFF,0xFF,0xFF,0xFF,0xFF,0xFF,0xC1,0x00,0x00,0x00,0x00,0x00,0x24,0xFF,
    0xE7,0x73,0x24,0x08,0x25,0x66,0xC3,0xFF,0xFF,0xFF,0xFF,0xFF,0xFF,0xFF,0xC6,0x21,
    0x00,0x00,0x00,0x00,0x00,0x24,0xA0,0x0C,0x00,0x00,0x00,0x00,0x00,0x00,0x2B,0x8A,
    0xD3,0xF6,0xED,0xB9,0x58,0x01,0x00,0x00,0x00,0x00,0x00,0x00,0x02,0x00,0x00,0x00,
    0x00,0x00,0x00,0x00,0x00,0x00,0x00,0x00,0x00,0x00,0x00,0x00,0x00,0x00,0x00,0x00,
    0x00,0x00,0x00,0x00,0x00,0x00,0x00,0x00,0x00,0x00,0x00,0x00,0x00,0x00,0x00,0x00,
    0x00,0x00,0x00,0x00,0x00,0x00,0x00,0x00,0x00,0x00,0x00,0x00,0x00,0x00,0x00,0x00,
    0x00,0x00,0x00,0x00,0x00,0x00,0x00,0x00,0x00,0x00,0x00,0x00,0x00,0x00,0x00,0x00,
    0x00,0x00,0x00,0x00,0x00,0x00,0x00,0x00,0x00,0x00,0x00,0x00,0x00,0x00,0x00,0x00,
    0x00,0x00,0x00,0x00,0x00,0x00,0x00,0x00,0x00,0x00,0x00,0x00,0x00,0x00,0x00,0x00,
    0x00,0x00,0x00,0x00,0x00,0x00,0x00,0x00,0x00,0x00,0x00,0x00,0x00,0x00,0x00,0x00,
    0x00,0x00,0x00,0x00,0x00,0x00,0x00,0x00,0x00,0x00,0x00,0x00,0x00,0x00,0x00,0x00,
    0x00,0x00,0x00,0x00,0x00,0x00,0x00,0x00,0x5D,0xCF,0xF8,0xE8,0x97,0x15,0x00,0x00,
    0x00,0x00,0x00,0x00,0x00,0x86,0xFF,0xFF,0xFF,0xFF,0xFF,0xE0,0x18,0x00,0x00,0x00,
    0x00,0x00,0x33,0xFF,0xFF,0x7A,0x11,0x33,0xD7,0xFF,0xA6,0x00,0x00,0x00,0x00,0x00,
    0x88,0xFF,0xB8,0x00,0x00,0x00,0x3A,0xFF,0xF7,0x06,0x00,0x00,0x00,0x00,0xA2,0xFF,
    0x86,0x00,0x00,0x00,0x07,0xFF,0xFF,0x19,0x00,0x00,0x00,0x00,0x8A,0xFF,0xB4,0x00,
    0x00,0x00,0x37,0xFF,0xF8,0x06,0x00,0x00,0x00,0x00,0x38,0xFF,0xFF,0x74,0x0F,0x30,
    0xD3,0xFF,0xA8,0x00,0x00,0x00,0x00,0x00,0x00,0x90,0xFF,0xFF,0xFF,0xFF,0xFF,0xE2,
    0x1B,0x00,0x00,0x00,0x00,0x00,0x00,0x00,0x65,0xD2,0xF9,0xE8,0x99,0x17,0x00,0x00,
    0x00,0x00,0x00,0x00,0x00,0x00,0x00,0x00,0x00,0x00,0x00,0x00,0x00,0x00,0x00,0x00,
    0x00,0x00,0x00,0x00,0x00,0x00,0x00,0x00,0x00,0x00,0x00,0x00,0x00,0x00,0x00,0x00,
    0x00,0x00,0x00,0x00,0x00,0x00,0x00,0x00,0x00,0x00,0x00,0x00,0x00,0x00,0x00,0x00,
    0x00,0x00,0x00,0x00,0x00,0x00,0x00,0x00,0x00,0x00,0x00,0x00,0x00,0x00,0x00,0x00,
    0x00,0x00,0x00,0x00,0x00,0x00,0x00,0x00,0x00,0x00,0x00,0x00,0x00,0x00,0x00,0x00,
    0x00,0x00,0x00,0x00,0x00,0x00,0x00,0x00,0x00,0x00,0x00,0x00,0x00,0x00,0x00,0x00,
    0x00,0x00,0x00,0x00,0x00,0x00,0x00,0x00,0x00,0x00,0x00,0x00,0x00,0x00,0x00,0x00,
    0x00,0x00,0x00,0x00,0x00,0x00,0x00,0x00,0x00,0x00,0x00,0x00,0x00,0x00,0x00,0x00,
    0x00,0x00,0x00,0x00,0x00,0x00,0x00,0x00,0x00,0x00,0x00,0x00,0x00,0x00,0x00,0x00,
    0x00,0x00,0x00,0x00,0x00,0x00,0x00,0x00,0x00,0x00,0x00,0x00,0x00,0x00,0x00,0x00,
    0x00,0x08,0x9F,0xFF,0xFF,0xD3,0x0F,0x00,0x00,0x00,0x00,0x00,0x00,0x00,0x00,0x00,
    0x00,0x00,0x00,0x00,0x00,0x00,0x00,0x00,0x6C,0xFA,0xFF,0xBC,0x05,0x00,0x00,0x00,
    0x00,0x00,0x00,0x00,0x00,0x00,0x00,0x00,0x00,0x00,0x00,0x00,0x00,0x00,0x3D,0xE8,
    0xFF,0x9F,0x00,0x00,0x00,0x00,0x00,0x00,0x00,0x00,0x00,0x00,0x00,0x00,0x00,0x00,
    0x00,0x00,0x00,0x00,0x00,0x00,0x00,0x00,0x00,0x00,0x00,0x00,0x00,0x00,0x00,0x00,
    0x00,0x00,0x00,0x00,0x00,0x00,0x00,0x00,0x00,0x00,0x00,0x00,0x00,0x00,0x00,0x00,
    0x00,0x00,0x00,0x00,0x00,0x00,0x00,0x00,0x00,0x00,0x00,0x00,0xC3,0xFF,0xFF,0xFF,
    0xFF,0xFF,0xA6,0x00,0x00,0x00,0x00,0x00,0x00,0x00,0x00,0x00,0x00,0x00,0x00,0x00,
    0x21,0xFE,0xFF,0xFF,0xFF,0xFF,0xFF,0xF6,0x0D,0x00,0x00,0x00,0x00,0x00,0x00,0x00,
    0x00,0x00,0x00,0x00,0x00,0x7E,0xFF,0xFF,0xFF,0xFF,0xFF,0xFF,0xFF,0x61,0x00,0x00,
    0x00,0x00,0x00,0x00,0x00,0x00,0x00,0x00,0x00,0x00,0xDA,0xFF,0xFF,0xFF,0xFF,0xFF,
    0xFF,0xFF,0xBE,0x00,0x00,0x00,0x00,0x00,0x00,0x00,0x00,0x00,0x00,0x00,0x39,0xFF,
    0xFF,0xFF,0xFF,0xFD,0xFF,0xFF,0xFF,0xFE,0x1D,0x00,0x00,0x00,0x00,0x00,0x00,0x00,
    0x00,0x00,0x00,0x96,0xFF,0xFF,0xFF,0xFF,0x8C,0xFF,0xFF,0xFF,0xFF,0x79,0x00,0x00,
    0x00,0x00,0x00,0x00,0x00,0x00,0x00,0x06,0xED,0xFF,0xFF,0xFF,0xE3,0x0B,0xF4,0xFF,
    0xFF,0xFF,0xD6,0x00,0x00,0x00,0x00,0x00,0x00,0x00,0x00,0x00,0x51,0xFF,0xFF,0xFF,
    0xFF,0x90,0x00,0xAB,0xFF,0xFF,0xFF,0xFF,0x34,0x00,0x00,0x00,0x00,0x00,0x00,0x00,
    0x00,0xAE,0xFF,0xFF,0xFF,0xFF,0x3C,0x00,0x57,0xFF,0xFF,0xFF,0xFF,0x91,0x00,0x00,
    0x00,0x00,0x00,0x00,0x00,0x12,0xF9,0xFF,0xFF,0xFF,0xE5,0x01,0x00,0x0B,0xF6,0xFF,
    0xFF,0xFF,0xEA,0x04,0x00,0x00,0x00,0x00,0x00,0x00,0x69,0xFF,0xFF,0xFF,0xFF,0x93,
    0x00,0x00,0x00,0xAF,0xFF,0xFF,0xFF,0xFF,0x4C,0x00,0x00,0x00,0x00,0x00,0x00,0xC6,
    0xFF,0xFF,0xFF,0xFF,0x3E,0x00,0x00,0x00,0x5B,0xFF,0xFF,0xFF,0xFF,0xA9,0x00,0x00,
    0x00,0x00,0x00,0x24,0xFF,0xFF,0xFF,0xFF,0xE7,0x02,0x00,0x00,0x00,0x0E,0xF8,0xFF,
    0xFF,0xFF,0xF7,0x0F,0x00,0x00,0x00,0x00,0x81,0xFF,0xFF,0xFF,0xFF,0xFF,0xFF,0xFF,
    0xFF,0xFF,0xFF,0xFF,0xFF,0xFF,0xFF,0xFF,0x64,0x00,0x00,0x00,0x00,0xDD,0xFF,0xFF,
    0xFF,0xFF,0xFF,0xFF,0xFF,0xFF,0xFF,0xFF,0xFF,0xFF,0xFF,0xFF,0xFF,0xC1,0x00,0x00,
    0x00,0x3C,0xFF,0xFF,0xFF,0xFF,0xFF,0xFF,0xFF,0xFF,0xFF,0xFF,0xFF,0xFF,0xFF,0xFF,
    0xFF,0xFF,0xFE,0x20,0x00,0x00,0x99,0xFF,0xFF,0xFF,0xFF,0x53,0x00,0x00,0x00,0x00,
    0x00,0x00,0x00,0x6D,0xFF,0xFF,0xFF,0xFF,0x7C,0x00,0x07,0xEF,0xFF,0xFF,0xFF,0xF7,
    0x0B,0x00,0x00,0x00,0x00,0x00,0x00,0x00,0x1E,0xFF,0xFF,0xFF,0xFF,0xD9,0x00,0x54,
    0xFF,0xFF,0xFF,0xFF,0xB3,0x00,0x00,0x00,0x00,0x00,0x00,0x00,0x00,0x00,0xCF,0xFF,
    0xFF,0xFF,0xFF,0x37,0xB1,0xFF,0xFF,0xFF,0xFF,0x63,0x00,0x00,0x00,0x00,0x00,0x00,
    0x00,0x00,0x00,0x80,0xFF,0xFF,0xFF,0xFF,0x95,0x00,0x00,0x00,0x00,0x00,0x00,0x00,
    0x00,0x00,0x00,0xA2,0xFF,0xFF,0xCA,0x1C,0x00,0x00,0x00,0x00,0x00,0x00,0x00,0x00,
    0x00,0x00,0x00,0x00,0x00,0x00,0x00,0x82,0xFF,0xFF,0x9E,0x07,0x00,0x00,0x00,0x00,
    0x00,0x00,0x00,0x00,0x00,0x00,0x00,0x00,0x00,0x00,0x00,0x61,0xFF,0xFA,0x6B,0x00,
    0x00,0x00,0x00,0x00,0x00,0x00,0x00,0x00,0x00,0x00,0x00,0x00,0x00,0x00,0x00,0x00,
    0x00,0x00,0x00,0x00,0x00,0x00,0x00,0x00,0x00,0x00,0x00,0x00,0x00,0x00,0x00,0x00,
    0x00,0x00,0x00,0x00,0x00,0x00,0x00,0x00,0x00,0x00,0x00,0x00,0x00,0x00,0x00,0x00,
    0x00,0x00,0x00,0x00,0x00,0x00,0x00,0x00,0x00,0xC3,0xFF,0xFF,0xFF,0xFF,0xFF,0xA6,
    0x00,0x00,0x00,0x00,0x00,0x00,0x00,0x00,0x00,0x00,0x00,0x00,0x00,0x21,0xFE,0xFF,
    0xFF,0xFF,0xFF,0xFF,0xF6,0x0D,0x00,0x00,0x00,0x00,0x00,0x00,0x00,0x00,0x00,0x00,
    0x00,0x00,0x7E,0xFF,0xFF,0xFF,0xFF,0xFF,0xFF,0xFF,0x61,0x00,0x00,0x00,0x00,0x00,
    0x00,0x00,0x00,0x00,0x00,0x00,0x00,0xDA,0xFF,0xFF,0xFF,0xFF,0xFF,0xFF,0xFF,0xBE,
    0x00,0x00,0x00,0x00,0x00,0x00,0x00,0x00,0x00,0x00,0x00,0x39,0xFF,0xFF,0xFF,0xFF,
    0xFD,0xFF,0xFF,0xFF,0xFE,0x1D,0x00,0x00,0x00,0x00,0x00,0x00,0x00,0x00,0x00,0x00,
    0x96,0xFF,0xFF,0xFF,0xFF,0x8C,0xFF,0xFF,0xFF,0xFF,0x79,0x00,0x00,0x00,0x00,0x00,
    0x00,0x00,0x00,0x00,0x06,0xED,0xFF,0xFF,0xFF,0xE3,0x0B,0xF4,0xFF,0xFF,0xFF,0xD6,
    0x00,0x00,0x00,0x00,0x00,0x00,0x00,0x00,0x00,0x51,0xFF,0xFF,0xFF,0xFF,0x90,0x00,
    0xAB,0xFF,0xFF,0xFF,0xFF,0x34,0x00,0x00,0x00,0x00,0x00,0x00,0x00,0x00,0xAE,0xFF,
    0xFF,0xFF,0xFF,0x3C,0x00,0x57,0xFF,0xFF,0xFF,0xFF,0x91,0x00,0x00,0x00,0x00,0x00,
    0x00,0x00,0x12,0xF9,0xFF,0xFF,0xFF,0xE5,0x01,0x00,0x0B,0xF6,0xFF,0xFF,0xFF,0xEA,
    0x04,0x00,0x00,0x00,0x00,0x00,0x00,0x69,0xFF,0xFF,0xFF,0xFF,0x93,0x00,0x00,0x00,
    0xAF,0xFF,0xFF,0xFF,0xFF,0x4C,0x00,0x00,0x00,0x00,0x00,0x00,0xC6,0xFF,0xFF,0xFF,
    0xFF,0x3E,0x00,0x00,0x00,0x5B,0xFF,0xFF,0xFF,0xFF,0xA9,0x00,0x00,0x00,0x00,0x00,
    0x24,0xFF,0xFF,0xFF,0xFF,0xE7,0x02,0x00,0x00,0x00,0x0E,0xF8,0xFF,0xFF,0xFF,0xF7,
    0x0F,0x00,0x00,0x00,0x00,0x81,0xFF,0xFF,0xFF,0xFF,0xFF,0xFF,0xFF,0xFF,0xFF,0xFF,
    0xFF,0xFF,0xFF,0xFF,0xFF,0x64,0x00,0x00,0x00,0x00,0xDD,0xFF,0xFF,0xFF,0xFF,0xFF,
    0xFF,0xFF,0xFF,0xFF,0xFF,0xFF,0xFF,0xFF,0xFF,0xFF,0xC1,0x00,0x00,0x00,0x3C,0xFF,
    0xFF,0xFF,0xFF,0xFF,0xFF,0xFF,0xFF,0xFF,0xFF,0xFF,0xFF,0xFF,0xFF,0xFF,0xFF,0xFE,
    0x20,0x00,0x00,0x99,0xFF,0xFF,0xFF,0xFF,0x53,0x00,0x00,0x00,0x00,0x00,0x00,0x00,
    0x6D,0xFF,0xFF,0xFF,0xFF,0x7C,0x00,0x07,0xEF,0xFF,0xFF,0xFF,0xF7,0x0B,0x00,0x00,
    0x00,0x00,0x00,0x00,0x00,0x1E,0xFF,0xFF,0xFF,0xFF,0xD9,0x00,0x54,0xFF,0xFF,0xFF,
    0xFF,0xB3,0x00,0x00,0x00,0x00,0x00,0x00,0x00,0x00,0x00,0xCF,0xFF,0xFF,0xFF,0xFF,
    0x37,0xB1,0xFF,0xFF,0xFF,0xFF,0x63,0x00,0x00,0x00,0x00,0x00,0x00,0x00,0x00,0x00,
    0x80,0xFF,0xFF,0xFF,0xFF,0x95,0x00,0x00,0x00,0x00,0x00,0x00,0x00,0x2A,0xEA,0xFF,
    0xFF,0xFF,0xDA,0x1A,0x00,0x00,0x00,0x00,0x00,0x00,0x00,0x00,0x00,0x00,0x00,0x00,
    0x00,0x27,0xE8,0xFF,0xCD,0x59,0xDD,0xFF,0xD7,0x17,0x00,0x00,0x00,0x00,0x00,0x00,
    0x00,0x00,0x00,0x00,0x00,0x24,0xE5,0xFC,0x86,0x05,0x00,0x0C,0x9C,0xFF,0xD4,0x15,
    0x00,0x00,0x00,0x00,0x00,0x00,0x00,0x00,0x00,0x00,0x00,0x00,0x00,0x00,0x00,0x00,
    0x00,0x00,0x00,0x00,0x00,0x00,0x00,0x00,0x00,0x00,0x00,0x00,0x00,0x00,0x00,0x00,
    0x00,0x00,0x00,0x00,0x00,0x00,0x00,0x00,0x00,0x00,0x00,0x00,0x00,0x00,0x00,0x00,
    0x00,0x00,0x00,0x00,0x00,0x00,0xC3,0xFF,0xFF,0xFF,0xFF,0xFF,0xA6,0x00,0x00,0x00,
    0x00,0x00,0x00,0x00,0x00,0x00,0x00,0x00,0x00,0x00,0x21,0xFE,0xFF,0xFF,0xFF,0xFF,
    0xFF,0xF6,0x0D,0x00,0x00,0x00,0x00,0x00,0x00,0x00,0x00,0x00,0x00,0x00,0x00,0x7E,
    0xFF,0xFF,0xFF,0xFF,0xFF,0xFF,0xFF,0x61,0x00,0x00,0x00,0x00,0x00,0x00,0x00,0x00,
    0x00,0x00,0x00,0x00,0xDA,0xFF,0xFF,0xFF,0xFF,0xFF,0xFF,0xFF,0xBE,0x00,0x00,0x00,
    0x00,0x00,0x00,0x00,0x00,0x00,0x00,0x00,0x39,0xFF,0xFF,0xFF,0xFF,0xFD,0xFF,0xFF,
    0xFF,0xFE,0x1D,0x00,0x00,0x00,0x00,0x00,0x00,0x00,0x00,0x00,0x00,0x96,0xFF,0xFF,
    0xFF,0xFF,0x8C,0xFF,0xFF,0xFF,0xFF,0x79,0x00,0x00,0x00,0x00,0x00,0x00,0x00,0x00,
    0x00,0x06,0xED,0xFF,0xFF,0xFF,0xE3,0x0B,0xF4,0xFF,0xFF,0xFF,0xD6,0x00,0x00,0x00,
    0x00,0x00,0x00,0x00,0x00,0x00,0x51,0xFF,0xFF,0xFF,0xFF,0x90,0x00,0xAB,0xFF,0xFF,
    0xFF,0xFF,0x34,0x00,0x00,0x00,0x00,0x00,0x00,0x00,0x00,0xAE,0xFF,0xFF,0xFF,0xFF,
    0x3C,0x00,0x57,0xFF,0xFF,0xFF,0xFF,0x91,0x00,0x00,0x00,0x00,0x00,0x00,0x00,0x12,
    0xF9,0xFF,0xFF,0xFF,0xE5,0x01,0x00,0x0B,0xF6,0xFF,0xFF,0xFF,0xEA,0x04,0x00,0x00,
    0x00,0x00,0x00,0x00,0x69,0xFF,0xFF,0xFF,0xFF,0x93,0x00,0x00,0x00,0xAF,0xFF,0xFF,
    0xFF,0xFF,0x4C,0x00,0x00,0x00,0x00,0x00,0x00,0xC6,0xFF,0xFF,0xFF,0xFF,0x3E,0x00,
    0x00,0x00,0x5B,0xFF,0xFF,0xFF,0xFF,0xA9,0x00,0x00,0x00,0x00,0x00,0x24,0xFF,0xFF,
    0xFF,0xFF,0xE7,0x02,0x00,0x00,0x00,0x0E,0xF8,0xFF,0xFF,0xFF,0xF7,0x0F,0x00,0x00,
    0x00,0x00,0x81,0xFF,0xFF,0xFF,0xFF,0xFF,0xFF,0xFF,0xFF,0xFF,0xFF,0xFF,0xFF,0xFF,
    0xFF,0xFF,0x64,0x00,0x00,0x00,0x00,0xDD,0xFF,0xFF,0xFF,0xFF,0xFF,0xFF,0xFF,0xFF,
    0xFF,0xFF,0xFF,0xFF,0xFF,0xFF,0xFF,0xC1,0x00,0x00,0x00,0x3C,0xFF,0xFF,0xFF,0xFF,
    0xFF,0xFF,0xFF,0xFF,0xFF,0xFF,0xFF,0xFF,0xFF,0xFF,0xFF,0xFF,0xFE,0x20,0x00,0x00,
    0x99,0xFF,0xFF,0xFF,0xFF,0x53,0x00,0x00,0x00,0x00,0x00,0x00,0x00,0x6D,0xFF,0xFF,
    0xFF,0xFF,0x7C,0x00,0x07,0xEF,0xFF,0xFF,0xFF,0xF7,0x0B,0x00,0x00,0x00,0x00,0x00,
    0x00,0x00,0x1E,0xFF,0xFF,0xFF,0xFF,0xD9,0x00,0x54,0xFF,0xFF,0xFF,0xFF,0xB3,0x00,
    0x00,0x00,0x00,0x00,0x00,0x00,0x00,0x00,0xCF,0xFF,0xFF,0xFF,0xFF,0x37,0xB1,0xFF,
    0xFF,0xFF,0xFF,0x63,0x00,0x00,0x00,0x00,0x00,0x00,0x00,0x00,0x00,0x80,0xFF,0xFF,
    0xFF,0xFF,0x95,0x00,0x00,0x00,0x00,0x00,0x00,0x16,0xB9,0xF0,0xB0,0x20,0x00,0x00,
    0xDB,0xFB,0x01,0x00,0x00,0x00,0x00,0x00,0x00,0x00,0x00,0x00,0x00,0x00,0xAA,0xFF,
    0xFF,0xFF,0xED,0x4C,0x2E,0xFD,0xDF,0x00,0x00,0x00,0x00,0x00,0x00,0x00,0x00,0x00,
    0x00,0x00,0x03,0xFB,0xEF,0x1D,0x66,0xF8,0xFF,0xFF,0xFF,0x8B,0x00,0x00,0x00,0x00,
    0x00,0x00,0x00,0x00,0x00,0x00,0x00,0x1D,0xFF,0xB9,0x00,0x00,0x34,0xC8,0xF2,0xAA,
    0x0C,0x00,0x00,0x00,0x00,0x00,0x00,0x00,0x00,0x00,0x00,0x00,0x00,0x00,0x00,0x00,
    0x00,0x00,0x00,0x00,0x00,0x00,0x00,0x00,0x00,0x00,0x00,0x00,0x00,0x00,0x00,0x00,
    0x00,0x00,0x00,0x00,0x00,0x00,0x00,0x00,0x00,0x00,0x00,0x00,0x00,0x00,0x00,0x00,
    0x00,0x00,0x00,0x00,0x00,0x00,0x00,0x00,0xC3,0xFF,0xFF,0xFF,0xFF,0xFF,0xA6,0x00,
    0x00,0x00,0x00,0x00,0x00,0x00,0x00,0x00,0x00,0x00,0x00,0x00,0x21,0xFE,0xFF,0xFF,
    0xFF,0xFF,0xFF,0xF6,0x0D,0x00,0x00,0x00,0x00,0x00,0x00,0x00,0x00,0x00,0x00,0x00,
    0x00,0x7E,0xFF,0xFF,0xFF,0xFF,0xFF,0xFF,0xFF,0x61,0x00,0x00,0x00,0x00,0x00,0x00,
    0x00,0x00,0x00,0x00,0x00,0x00,0xDA,0xFF,0xFF,0xFF,0xFF,0xFF,0xFF,0xFF,0xBE,0x00,
    0x00,0x00,0x00,0x00,0x00,0x00,0x00,0x00,0x00,0x00,0x39,0xFF,0xFF,0xFF,0xFF,0xFD,
    0xFF,0xFF,0xFF,0xFE,0x1D,0x00,0x00,0x00,0x00,0x00,0x00,0x00,0x00,0x00,0x00,0x96,
    0xFF,0xFF,0xFF,0xFF,0x8C,0xFF,0xFF,0xFF,0xFF,0x79,0x00,0x00,0x00,0x00,0x00,0x00,
    0x00,0x00,0x00,0x06,0xED,0xFF,0xFF,0xFF,0xE3,0x0B,0xF4,0xFF,0xFF,0xFF,0xD6,0x00,
    0x00,0x00,0x00,0x00,0x00,0x00,0x00,0x00,0x51,0xFF,0xFF,0xFF,0xFF,0x90,0x00,0xAB,
    0xFF,0xFF,0xFF,0xFF,0x34,0x00,0x00,0x00,0x00,0x00,0x00,0x00,0x00,0xAE,0xFF,0xFF,
    0xFF,0xFF,0x3C,0x00,0x57,0xFF,0xFF,0xFF,0xFF,0x91,0x00,0x00,0x00,0x00,0x00,0x00,
    0x00,0x12,0xF9,0xFF,0xFF,0xFF,0xE5,0x01,0x00,0x0B,0xF6,0xFF,0xFF,0xFF,0xEA,0x04,
    0x00,0x00,0x00,0x00,0x00,0x00,0x69,0xFF,0xFF,0xFF,0xFF,0x93,0x00,0x00,0x00,0xAF,
    0xFF,0xFF,0xFF,0xFF,0x4C,0x00,0x00,0x00,0x00,0x00,0x00,0xC6,0xFF,0xFF,0xFF,0xFF,
    0x3E,0x00,0x00,0x00,0x5B,0xFF,0xFF,0xFF,0xFF,0xA9,0x00,0x00,0x00,0x00,0x00,0x24,
    0xFF,0xFF,0xFF,0xFF,0xE7,0x02,0x00,0x00,0x00,0x0E,0xF8,0xFF,0xFF,0xFF,0xF7,0x0F,
    0x00,0x00,0x00,0x00,0x81,0xFF,0xFF,0xFF,0xFF,0xFF,0xFF,0xFF,0xFF,0xFF,0xFF,0xFF,
    0xFF,0xFF,0xFF,0xFF,0x64,0x00,0x00,0x00,0x00,0xDD,0xFF,0xFF,0xFF,0xFF,0xFF,0xFF,
    0xFF,0xFF,0xFF,0xFF,0xFF,0xFF,0xFF,0xFF,0xFF,0xC1,0x00,0x00,0x00,0x3C,0xFF,0xFF,
    0xFF,0xFF,0xFF,0xFF,0xFF,0xFF,0xFF,0xFF,0xFF,0xFF,0xFF,0xFF,0xFF,0xFF,0xFE,0x20,
    0x00,0x00,0x99,0xFF,0xFF,0xFF,0xFF,0x53,0x00,0x00,0x00,0x00,0x00,0x00,0x00,0x6D,
    0xFF,0xFF,0xFF,0xFF,0x7C,0x00,0x07,0xEF,0xFF,0xFF,0xFF,0xF7,0x0B,0x00,0x00,0x00,
    0x00,0x00,0x00,0x00,0x1E,0xFF,0xFF,0xFF,0xFF,0xD9,0x00,0x54,0xFF,0xFF,0xFF,0xFF,
    0xB3,0x00,0x00,0x00,0x00,0x00,0x00,0x00,0x00,0x00,0xCF,0xFF,0xFF,0xFF,0xFF,0x37,
    0xB1,0xFF,0xFF,0xFF,0xFF,0x63,0x00,0x00,0x00,0x00,0x00,0x00,0x00,0x00,0x00,0x80,
    0xFF,0xFF,0xFF,0xFF,0x95,0x00,0x00,0x00,0x00,0x08,0x9F,0xFF,0xFF,0xD3,0x0F,0x00,
    0x00,0x00,0x00,0x00,0x00,0x00,0x00,0x00,0x00,0x00,0x00,0x00,0x00,0x6C,0xFA,0xFF,
    0xBC,0x05,0x00,0x00,0x00,0x00,0x00,0x00,0x00,0x00,0x00,0x00,0x00,0x00,0x00,0x00,
    0x3D,0xE8,0xFF,0x9F,0x00,0x00,0x00,0x00,0x00,0x00,0x00,0x00,0x00,0x00,0x00,0x00,
    0x00,0x00,0x00,0x00,0x00,0x00,0x00,0x00,0x00,0x00,0x00,0x00,0x00,0x00,0x00,0x00,
    0x00,0x00,0x00,0x00,0x00,0x00,0x00,0x00,0x00,0x00,0x00,0x00,0x00,0x00,0x00,0x00,
    0x00,0x84,0xFF,0xFF,0xFF,0xFF,0xFF,0xFF,0xFF,0xFF,0xFF,0xFF,0xFF,0xFF,0xFF,0x2C,
    0x00,0x00,0x00,0x84,0xFF,0xFF,0xFF,0xFF,0xFF,0xFF,0xFF,0xFF,0xFF,0xFF,0xFF,0xFF,
    0xFF,0x2C,0x00,0x00,0x00,0x84,0xFF,0xFF,0xFF,0xFF,0xFF,0xFF,0xFF,0xFF,0xFF,0xFF,
    0xFF,0xFF,0xFF,0x2C,0x00,0x00,0x00,0x84,0xFF,0xFF,0xFF,0xFF,0x8C,0x00,0x00,0x00,
    0x00,0x00,0x00,0x00,0x00,0x00,0x00,0x00,0x00,0x84,0xFF,0xFF,0xFF,0xFF,0x8C,0x00,
    0x00,0x00,0x00,0x00,0x00,0x00,0x00,0x00,0x00,0x00,0x00,0x84,0xFF,0xFF,0xFF,0xFF,
    0x8C,0x00,0x00,0x00,0x00,0x00,0x00,0x00,0x00,0x00,0x00,0x00,0x00,0x84,0xFF,0xFF,
    0xFF,0xFF,0x8C,0x00,0x00,0x00,0x00,0x00,0x00,0x00,0x00,0x00,0x00,0x00,0x00,0x84,
    0xFF,0xFF,0xFF,0xFF,0x8C,0x00,0x00,0x00,0x00,0x00,0x00,0x00,0x00,0x00,0x00,0x00,
    0x00,0x84,0xFF,0xFF,0xFF,0xFF,0xFF,0xFF,0xFF,0xFF,0xFF,0xFF,0xFF,0xFF,0xA8,0x00,
    0x00,0x00,0x00,0x84,0xFF,0xFF,0xFF,0xFF,0xFF,0xFF,0xFF,0xFF,0xFF,0xFF,0xFF,0xFF,
    0xA8,0x00,0x00,0x00,0x00,0x84,0xFF,0xFF,0xFF,0xFF,0xFF,0xFF,0xFF,0xFF,0xFF,0xFF,
    0xFF,0xFF,0xA8,0x00,0x00,0x00,0x00,0x84,0xFF,0xFF,0xFF,0xFF,0x8C,0x00,0x00,0x00,
    0x00,0x00,0x00,0x00,0x00,0x00,0x00,0x00,0x00,0x84,0xFF,0xFF,0xFF,0xFF,0x8C,0x00,
    0x00,0x00,0x00,0x00,0x00,0x00,0x00,0x00,0x00,0x00,0x00,0x84,0xFF,0xFF,0xFF,0xFF,
    0x8C,0x00,0x00,0x00,0x00,0x00,0x00,0x00,0x00,0x00,0x00,0x00,0x00,0x84,0xFF,0xFF,
    0xFF,0xFF,0x8C,0x00,0x00,0x00,0x00,0x00,0x00,0x00,0x00,0x00,0x00,0x00,0x00,0x84,
    0xFF,0xFF,0xFF,0xFF,0x8C,0x00,0x00,0x00,0x00,0x00,0x00,0x00,0x00,0x00,0x00,0x00,
    0x00,0x84,0xFF,0xFF,0xFF,0xFF,0x8C,0x00,0x00,0x00,0x00,0x00,0x00,0x00,0x00,0x00,
    0x00,0x00,0x00,0x84,0xFF,0xFF,0xFF,0xFF,0xFF,0xFF,0xFF,0xFF,0xFF,0xFF,0xFF,0xFF,
    0xFF,0x78,0x00,0x00,0x00,0x84,0xFF,0xFF,0xFF,0xFF,0xFF,0xFF,0xFF,0xFF,0xFF,0xFF,
    0xFF,0xFF,0xFF,0x78,0x00,0x00,0x00,0x84,0xFF,0xFF,0xFF,0xFF,0xFF,0xFF,0xFF,0xFF,
    0xFF,0xFF,0xFF,0xFF,0xFF,0x78,0x00,0x00,0x00,0x00,0x00,0x00,0x00,0x00,0x00,0x00,
    0xA2,0xFF,0xFF,0xCA,0x1C,0x00,0x00,0x00,0x00,0x00,0x00,0x00,0x00,0x00,0x00,0x00,
    0x00,0x82,0xFF,0xFF,0x9E,0x07,0x00,0x00,0x00,0x00,0x00,0x00,0x00,0x00,0x00,0x00,
    0x00,0x00,0x61,0xFF,0xFA,0x6B,0x00,0x00,0x00,0x00,0x00,0x00,0x00,0x00,0x00,0x00,
    0x00,0x00,0x00,0x00,0x00,0x00,0x00,0x00,0x00,0x00,0x00,0x00,0x00,0x00,0x00,0x00,
    0x00,0x00,0x00,0x00,0x00,0x00,0x00,0x00,0x00,0x00,0x00,0x00,0x00,0x00,0x00,0x00,
    0x00,0x00,0x00,0x84,0xFF,0xFF,0xFF,0xFF,0xFF,0xFF,0xFF,0xFF,0xFF,0xFF,0xFF,0xFF,
    0xFF,0x2C,0x00,0x00,0x00,0x84,0xFF,0xFF,0xFF,0xFF,0xFF,0xFF,0xFF,0xFF,0xFF,0xFF,
    0xFF,0xFF,0xFF,0x2C,0x00,0x00,0x00,0x84,0xFF,0xFF,0xFF,0xFF,0xFF,0xFF,0xFF,0xFF,
    0xFF,0xFF,0xFF,0xFF,0xFF,0x2C,0x00,0x00,0x00,0x84,0xFF,0xFF,0xFF,0xFF,0x8C,0x00,
    0x00,0x00,0x00,0x00,0x00,0x00,0x00,0x00,0x00,0x00,0x00,0x84,0xFF,0xFF,0xFF,0xFF,
    0x8C,0x00,0x00,0x00,0x00,0x00,0x00,0x00,0x00,0x00,0x00,0x00,0x00,0x84,0xFF,0xFF,
    0xFF,0xFF,0x8C,0x00,0x00,0x00,0x00,0x00,0x00,0x00,0x00,0x00,0x00,0x00,0x00,0x84,
    0xFF,0xFF,0xFF,0xFF,0x8C,0x00,0x00,0x00,0x00,0x00,0x00,0x00,0x00,0x00,0x00,0x00,
    0x00,0x84,0xFF,0xFF,0xFF,0xFF,0x8C,0x00,0x00,0x00,0x00,0x00,0x00,0x00,0x00,0x00,
    0x00,0x00,0x00,0x84,0xFF,0xFF,0xFF,0xFF,0xFF,0xFF,0xFF,0xFF,0xFF,0xFF,0xFF,0xFF,
    0xA8,0x00,0x00,0x00,0x00,0x84,0xFF,0xFF,0xFF,0xFF,0xFF,0xFF,0xFF,0xFF,0xFF,0xFF,
    0xFF,0xFF,0xA8,0x00,0x00,0x00,0x00,0x84,0xFF,0xFF,0xFF,0xFF,0xFF,0xFF,0xFF,0xFF,
    0xFF,0xFF,0xFF,0xFF,0xA8,0x00,0x00,0x00,0x00,0x84,0xFF,0xFF,0xFF,0xFF,0x8C,0x00,
    0x00,0x00,0x00,0x00,0x00,0x00,0x00,0x00,0x00,0x00,0x00,0x84,0xFF,0xFF,0xFF,0xFF,
    0x8C,0x00,0x00,0x00,0x00,0x00,0x00,0x00,0x00,0x00,0x00,0x00,0x00,0x84,0xFF,0xFF,
    0xFF,0xFF,0x8C,0x00,0x00,0x00,0x00,0x00,0x00,0x00,0x00,0x00,0x00,0x00,0x00,0x84,
    0xFF,0xFF,0xFF,0xFF,0x8C,0x00,0x00,0x00,0x00,0x00,0x00,0x00,0x00,0x00,0x00,0x00,
    0x00,0x84,0xFF,0xFF,0xFF,0xFF,0x8C,0x00,0x00,0x00,0x00,0x00,0x00,0x00,0x00,0x00,
    0x00,0x00,0x00,0x84,0xFF,0xFF,0xFF,0xFF,0x8C,0x00,0x00,0x00,0x00,0x00,0x00,0x00,
    0x00,0x00,0x00,0x00,0x00,0x84,0xFF,0xFF,0xFF,0xFF,0xFF,0xFF,0xFF,0xFF,0xFF,0xFF,
    0xFF,0xFF,0xFF,0x78,0x00,0x00,0x00,0x84,0xFF,0xFF,0xFF,0xFF,0xFF,0xFF,0xFF,0xFF,
    0xFF,0xFF,0xFF,0xFF,0xFF,0x78,0x00,0x00,0x00,0x84,0xFF,0xFF,0xFF,0xFF,0xFF,0xFF,
    0xFF,0xFF,0xFF,0xFF,0xFF,0xFF,0xFF,0x78,0x00,0x00,0x00,0x00,0x00,0x00,0x00,0x66,
    0xFE,0xFF,0xFF,0xFF,0xA2,0x02,0x00,0x00,0x00,0x00,0x00,0x00,0x00,0x00,0x00,0x00,
    0x61,0xFE,0xFF,0x9C,0x72,0xF7,0xFF,0x9D,0x01,0x00,0x00,0x00,0x00,0x00,0x00,0x00,
    0x00,0x5C,0xFD,0xE9,0x4D,0x00,0x00,0x2A,0xCE,0xFF,0x99,0x01,0x00,0x00,0x00,0x00,
    0x00,0x00,0x00,0x00,0x00,0x00,0x00,0x00,0x00,0x00,0x00,0x00,0x00,0x00,0x00,0x00,
    0x00,0x00,0x00,0x00,0x00,0x00,0x00,0x00,0x00,0x00,0x00,0x00,0x00,0x00,0x00,0x00,
    0x00,0x00,0x00,0x00,0x00,0x84,0xFF,0xFF,0xFF,0xFF,0xFF,0xFF,0xFF,0xFF,0xFF,0xFF,
    0xFF,0xFF,0xFF,0x2C,0x00,0x00,0x00,0x84,0xFF,0xFF,0xFF,0xFF,0xFF,0xFF,0xFF,0xFF,
    0xFF,0xFF,0xFF,0xFF,0xFF,0x2C,0x00,0x00,0x00,0x84,0xFF,0xFF,0xFF,0xFF,0xFF,0xFF,
    0xFF,0xFF,0xFF,0xFF,0xFF,0xFF,0xFF,0x2C,0x00,0x00,0x00,0x84,0xFF,0xFF,0xFF,0xFF,
    0x8C,0x00,0x00,0x00,0x00,0x00,0x00,0x00,0x00,0x00,0x00,0x00,0x00,0x84,0xFF,0xFF,
    0xFF,0xFF,0x8C,0x00,0x00,0x00,0x00,0x00,0x00,0x00,0x00,0x00,0x00,0x00,0x00,0x84,
    0xFF,0xFF,0xFF,0xFF,0x8C,0x00,0x00,0x00,0x00,0x00,0x00,0x00,0x00,0x00,0x00,0x00,
    0x00,0x84,0xFF,0xFF,0xFF,0xFF,0x8C,0x00,0x00,0x00,0x00,0x00,0x00,0x00,0x00,0x00,
    0x00,0x00,0x00,0x84,0xFF,0xFF,0xFF,0xFF,0x8C,0x00,0x00,0x00,0x00,0x00,0x00,0x00,
    0x00,0x00,0x00,0x00,0x00,0x84,0xFF,0xFF,0xFF,0xFF,0xFF,0xFF,0xFF,0xFF,0xFF,0xFF,
    0xFF,0xFF,0xA8,0x00,0x00,0x00,0x00,0x84,0xFF,0xFF,0xFF,0xFF,0xFF,0xFF,0xFF,0xFF,
    0xFF,0xFF,0xFF,0xFF,0xA8,0x00,0x00,0x00,0x00,0x84,0xFF,0xFF,0xFF,0xFF,0xFF,0xFF,
    0xFF,0xFF,0xFF,0xFF,0xFF,0xFF,0xA8,0x00,0x00,0x00,0x00,0x84,0xFF,0xFF,0xFF,0xFF,
    0x8C,0x00,0x00,0x00,0x00,0x00,0x00,0x00,0x00,0x00,0x00,0x00,0x00,0x84,0xFF,0xFF,
    0xFF,0xFF,0x8C,0x00,0x00,0x00,0x00,0x00,0x00,0x00,0x00,0x00,0x00,0x00,0x00,0x84,
    0xFF,0xFF,0xFF,0xFF,0x8C,0x00,0x00,0x00,0x00,0x00,0x00,0x00,0x00,0x00,0x00,0x00,
    0x00,0x84,0xFF,0xFF,0xFF,0xFF,0x8C,0x00,0x00,0x00,0x00,0x00,0x00,0x00,0x00,0x00,
    0x00,0x00,0x00,0x84,0xFF,0xFF,0xFF,0xFF,0x8C,0x00,0x00,0x00,0x00,0x00,0x00,0x00,
    0x00,0x00,0x00,0x00,0x00,0x84,0xFF,0xFF,0xFF,0xFF,0x8C,0x00,0x00,0x00,0x00,0x00,
    0x00,0x00,0x00,0x00,0x00,0x00,0x00,0x84,0xFF,0xFF,0xFF,0xFF,0xFF,0xFF,0xFF,0xFF,
    0xFF,0xFF,0xFF,0xFF,0xFF,0x78,0x00,0x00,0x00,0x84,0xFF,0xFF,0xFF,0xFF,0xFF,0xFF,
    0xFF,0xFF,0xFF,0xFF,0xFF,0xFF,0xFF,0x78,0x00,0x00,0x00,0x84,0xFF,0xFF,0xFF,0xFF,
    0xFF,0xFF,0xFF,0xFF,0xFF,0xFF,0xFF,0xFF,0xFF,0x78,0x00,0x35,0xE2,0xFF,0xFF,0x72,
    0x00,0x00,0x00,0x00,0x00,0x00,0x16,0xC0,0xFF,0xFE,0x53,0x00,0x00,0x00,0x00,0x00,
    0x00,0x04,0x91,0xFF,0xF7,0x39,0x00,0x00,0x00,0x00,0x00,0x00,0x00,0x00,0x00,0x00,
    0x00,0x00,0x00,0x00,0x00,0x00,0x00,0x00,0x00,0x00,0x00,0x00,0x00,0x00,0x00,0x84,
    0xFF,0xFF,0xFF,0xFF,0x8C,0x00,0x00,0x00,0x00,0x84,0xFF,0xFF,0xFF,0xFF,0x8C,0x00,
    0x00,0x00,0x00,0x84,0xFF,0xFF,0xFF,0xFF,0x8C,0x00,0x00,0x00,0x00,0x84,0xFF,0xFF,
    0xFF,0xFF,0x8C,0x00,0x00,0x00,0x00,0x84,0xFF,0xFF,0xFF,0xFF,0x8C,0x00,0x00,0x00,
    0x00,0x84,0xFF,0xFF,0xFF,0xFF,0x8C,0x00,0x00,0x00,0x00,0x84,0xFF,0xFF,0xFF,0xFF,
    0x8C,0x00,0x00,0x00,0x00,0x84,0xFF,0xFF,0xFF,0xFF,0x8C,0x00,0x00,0x00,0x00,0x84,
    0xFF,0xFF,0xFF,0xFF,0x8C,0x00,0x00,0x00,0x00,0x84,0xFF,0xFF,0xFF,0xFF,0x8C,0x00,
    0x00,0x00,0x00,0x84,0xFF,0xFF,0xFF,0xFF,0x8C,0x00,0x00,0x00,0x00,0x84,0xFF,0xFF,
    0xFF,0xFF,0x8C,0x00,0x00,0x00,0x00,0x84,0xFF,0xFF,0xFF,0xFF,0x8C,0x00,0x00,0x00,
    0x00,0x84,0xFF,0xFF,0xFF,0xFF,0x8C,0x00,0x00,0x00,0x00,0x84,0xFF,0xFF,0xFF,0xFF,
    0x8C,0x00,0x00,0x00,0x00,0x84,0xFF,0xFF,0xFF,0xFF,0x8C,0x00,0x00,0x00,0x00,0x84,
    0xFF,0xFF,0xFF,0xFF,0x8C,0x00,0x00,0x00,0x00,0x84,0xFF,0xFF,0xFF,0xFF,0x8C,0x00,
    0x00,0x00,0x00,0x84,0xFF,0xFF,0xFF,0xFF,0x8C,0x00,0x00,0x00,0x00,0x84,0xFF,0xFF,
    0xFF,0xFF,0x8C,0x00,0x00,0x00,0x00,0x00,0x00,0x26,0xED,0xFF,0xFD,0x7A,0x00,0x00,
    0x00,0x00,0x15,0xDC,0xFF,0xEE,0x47,0x00,0x00,0x00,0x00,0x09,0xC7,0xFF,0xD1,0x22,
    0x00,0x00,0x00,0x00,0x00,0x00,0x00,0x00,0x00,0x00,0x00,0x00,0x00,0x00,0x00,0x00,
    0x00,0x00,0x00,0x00,0x00,0x00,0x00,0x00,0x00,0x84,0xFF,0xFF,0xFF,0xFF,0x8C,0x00,
    0x00,0x00,0x00,0x84,0xFF,0xFF,0xFF,0xFF,0x8C,0x00,0x00,0x00,0x00,0x84,0xFF,0xFF,
    0xFF,0xFF,0x8C,0x00,0x00,0x00,0x00,0x84,0xFF,0xFF,0xFF,0xFF,0x8C,0x00,0x00,0x00,
    0x00,0x84,0xFF,0xFF,0xFF,0xFF,0x8C,0x00,0x00,0x00,0x00,0x84,0xFF,0xFF,0xFF,0xFF,
    0x8C,0x00,0x00,0x00,0x00,0x84,0xFF,0xFF,0xFF,0xFF,0x8C,0x00,0x00,0x00,0x00,0x84,
    0xFF,0xFF,0xFF,0xFF,0x8C,0x00,0x00,0x00,0x00,0x84,0xFF,0xFF,0xFF,0xFF,0x8C,0x00,
    0x00,0x00,0x00,0x84,0xFF,0xFF,0xFF,0xFF,0x8C,0x00,0x00,0x00,0x00,0x84,0xFF,0xFF,
    0xFF,0xFF,0x8C,0x00,0x00,0x00,0x00,0x84,0xFF,0xFF,0xFF,0xFF,0x8C,0x00,0x00,0x00,
    0x00,0x84,0xFF,0xFF,0xFF,0xFF,0x8C,0x00,0x00,0x00,0x00,0x84,0xFF,0xFF,0xFF,0xFF,
    0x8C,0x00,0x00,0x00,0x00,0x84,0xFF,0xFF,0xFF,0xFF,0x8C,0x00,0x00,0x00,0x00,0x84,
    0xFF,0xFF,0xFF,0xFF,0x8C,0x00,0x00,0x00,0x00,0x84,0xFF,0xFF,0xFF,0xFF,0x8C,0x00,
    0x00,0x00,0x00,0x84,0xFF,0xFF,0xFF,0xFF,0x8C,0x00,0x00,0x00,0x00,0x84,0xFF,0xFF,
    0xFF,0xFF,0x8C,0x00,0x00,0x00,0x00,0x84,0xFF,0xFF,0xFF,0xFF,0x8C,0x00,0x00,0x00,
    0x00,0x00,0x00,0x00,0x00,0x06,0x99,0xFF,0xFF,0xD8,0x12,0x00,0x00,0x00,0x00,0x00,
    0x00,0x00,0x00,0x00,0x00,0x00,0x00,0x00,0x00,0x00,0x00,0x00,0x00,0x00,0x65,0xF9,
    0xFF,0xC2,0x07,0x00,0x00,0x00,0x00,0x00,0x00,0x00,0x00,0x00,0x00,0x00,0x00,0x00,
    0x00,0x00,0x00,0x00,0x00,0x00,0x38,0xE4,0xFF,0xA6,0x01,0x00,0x00,0x00,0x00,0x00,
    0x00,0x00,0x00,0x00,0x00,0x00,0x00,0x00,0x00,0x00,0x00,0x00,0x00,0x00,0x00,0x00,
    0x00,0x00,0x00,0x00,0x00,0x00,0x00,0x00,0x00,0x00,0x00,0x00,0x00,0x00,0x00,0x00,
    0x00,0x00,0x00,0x00,0x00,0x00,0x00,0x00,0x00,0x00,0x00,0x00,0x00,0x00,0x00,0x00,
    0x00,0x00,0x00,0x00,0x00,0x00,0x00,0x00,0x0C,0x64,0xA6,0xD8,0xED,0xFA,0xEB,0xD6,
    0xA2,0x5F,0x09,0x00,0x00,0x00,0x00,0x00,0x00,0x00,0x00,0x00,0x00,0x01,0x75,0xED,
    0xFF,0xFF,0xFF,0xFF,0xFF,0xFF,0xFF,0xFF,0xFF,0xE9,0x6B,0x00,0x00,0x00,0x00,0x00,
    0x00,0x00,0x00,0x09,0xB4,0xFF,0xFF,0xFF,0xFF,0xFF,0xFF,0xFF,0xFF,0xFF,0xFF,0xFF,
    0xFF,0xFF,0xA8,0x05,0x00,0x00,0x00,0x00,0x00,0x00,0xA6,0xFF,0xFF,0xFF,0xFF,0xF4,
    0x75,0x1F,0x07,0x22,0x7C,0xF7,0xFF,0xFF,0xFF,0xFF,0x96,0x00,0x00,0x00,0x00,0x00,
    0x55,0xFF,0xFF,0xFF,0xFF,0xF6,0x37,0x00,0x00,0x00,0x00,0x00,0x40,0xFA,0xFF,0xFF,
    0xFF,0xFF,0x44,0x00,0x00,0x00,0x00,0xD2,0xFF,0xFF,0xFF,0xFF,0x82,0x00,0x00,0x00,
    0x00,0x00,0x00,0x00,0x8F,0xFF,0xFF,0xFF,0xFF,0xC2,0x00,0x00,0x00,0x29,0xFF,0xFF,
    0xFF,0xFF,0xFE,0x1A,0x00,0x00,0x00,0x00,0x00,0x00,0x00,0x25,0xFF,0xFF,0xFF,0xFF,
    0xFF,0x18,0x00,0x00,0x69,0xFF,0xFF,0xFF,0xFF,0xD5,0x00,0x00,0x00,0x00,0x00,0x00,
    0x00,0x00,0x00,0xE2,0xFF,0xFF,0xFF,0xFF,0x59,0x00,0x00,0x8B,0xFF,0xFF,0xFF,0xFF,
    0xAD,0x00,0x00,0x00,0x00,0x00,0x00,0x00,0x00,0x00,0xBB,0xFF,0xFF,0xFF,0xFF,0x7A,
    0x00,0x00,0x9E,0xFF,0xFF,0xFF,0xFF,0x9E,0x00,0x00,0x00,0x00,0x00,0x00,0x00,0x00,
    0x00,0xAB,0xFF,0xFF,0xFF,0xFF,0x8E,0x00,0x00,0x9F,0xFF,0xFF,0xFF,0xFF,0x9D,0x00,
    0x00,0x00,0x00,0x00,0x00,0x00,0x00,0x00,0xAB,0xFF,0xFF,0xFF,0xFF,0x8D,0x00,0x00,
    0x8B,0xFF,0xFF,0xFF,0xFF,0xAD,0x00,0x00,0x00,0x00,0x00,0x00,0x00,0x00,0x00,0xBB,
    0xFF,0xFF,0xFF,0xFF,0x7A,0x00,0x00,0x69,0xFF,0xFF,0xFF,0xFF,0xD5,0x00,0x00,0x00,
    0x00,0x00,0x00,0x00,0x00,0x00,0xE1,0xFF,0xFF,0xFF,0xFF,0x59,0x00,0x00,0x29,0xFF,
    0xFF,0xFF,0xFF,0xFD,0x19,0x00,0x00,0x00,0x00,0x00,0x00,0x00,0x25,0xFF,0xFF,0xFF,
    0xFF,0xFF,0x19,0x00,0x00,0x00,0xD2,0xFF,0xFF,0xFF,0xFF,0x80,0x00,0x00,0x00,0x00,
    0x00,0x00,0x00,0x8D,0xFF,0xFF,0xFF,0xFF,0xC2,0x00,0x00,0x00,0x00,0x55,0xFF,0xFF,
    0xFF,0xFF,0xF6,0x34,0x00,0x00,0x00,0x00,0x00,0x3D,0xF9,0xFF,0xFF,0xFF,0xFF,0x45,
    0x00,0x00,0x00,0x00,0x00,0xA6,0xFF,0xFF,0xFF,0xFF,0xF3,0x74,0x1E,0x06,0x21,0x7A,
    0xF6,0xFF,0xFF,0xFF,0xFF,0x96,0x00,0x00,0x00,0x00,0x00,0x00,0x09,0xB4,0xFF,0xFF,
    0xFF,0xFF,0xFF,0xFF,0xFF,0xFF,0xFF,0xFF,0xFF,0xFF,0xFF,0xA9,0x05,0x00,0x00,0x00,
    0x00,0x00,0x00,0x00,0x01,0x77,0xEE,0xFF,0xFF,0xFF,0xFF,0xFF,0xFF,0xFF,0xFF,0xFF,
    0xEA,0x6D,0x00,0x00,0x00,0x00,0x00,0x00,0x00,0x00,0x00,0x00,0x00,0x0D,0x65,0xA7,
    0xDA,0xEE,0xFB,0xED,0xD8,0xA4,0x60,0x0A,0x00,0x00,0x00,0x00,0x00,0x00,0x00,0x00,
    0x00,0x00,0x00,0x00,0x00,0x00,0x00,0x00,0x00,0x9B,0xFF,0xFF,0xCE,0x20,0x00,0x00,
    0x00,0x00,0x00,0x00,0x00,0x00,0x00,0x00,0x00,0x00,0x00,0x00,0x00,0x00,0x00,0x7A,
    0xFF,0xFF,0xA4,0x09,0x00,0x00,0x00,0x00,0x00,0x00,0x00,0x00,0x00,0x00,0x00,0x00,
    0x00,0x00,0x00,0x00,0x00,0x59,0xFE,0xFB,0x71,0x00,0x00,0x00,0x00,0x00,0x00,0x00,
    0x00,0x00,0x00,0x00,0x00,0x00,0x00,0x00,0x00,0x00,0x00,0x00,0x00,0x00,0x00,0x00,
    0x00,0x00,0x00,0x00,0x00,0x00,0x00,0x00,0x00,0x00,0x00,0x00,0x00,0x00,0x00,0x00,
    0x00,0x00,0x00,0x00,0x00,0x00,0x00,0x00,0x00,0x00,0x00,0x00,0x00,0x00,0x00,0x00,
    0x00,0x00,0x00,0x00,0x00,0x00,0x00,0x0C,0x64,0xA6,0xD8,0xED,0xFA,0xEB,0xD6,0xA2,
    0x5F,0x09,0x00,0x00,0x00,0x00,0x00,0x00,0x00,0x00,0x00,0x00,0x01,0x75,0xED,0xFF,
    0xFF,0xFF,0xFF,0xFF,0xFF,0xFF,0xFF,0xFF,0xE9,0x6B,0x00,0x00,0x00,0x00,0x00,0x00,
    0x00,0x00,0x09,0xB4,0xFF,0xFF,0xFF,0xFF,0xFF,0xFF,0xFF,0xFF,0xFF,0xFF,0xFF,0xFF,
    0xFF,0xA8,0x05,0x00,0x00,0x00,0x00,0x00,0x00,0xA6,0xFF,0xFF,0xFF,0xFF,0xF4,0x75,
    0x1F,0x07,0x22,0x7C,0xF7,0xFF,0xFF,0xFF,0xFF,0x96,0x00,0x00,0x00,0x00,0x00,0x55,
    0xFF,0xFF,0xFF,0xFF,0xF6,0x37,0x00,0x00,0x00,0x00,0x00,0x40,0xFA,0xFF,0xFF,0xFF,
    0xFF,0x44,0x00,0x00,0x00,0x00,0xD2,0xFF,0xFF,0xFF,0xFF,0x82,0x00,0x00,0x00,0x00,
    0x00,0x00,0x00,0x8F,0xFF,0xFF,0xFF,0xFF,0xC2,0x00,0x00,0x00,0x29,0xFF,0xFF,0xFF,
    0xFF,0xFE,0x1A,0x00,0x00,0x00,0x00,0x00,0x00,0x00,0x25,0xFF,0xFF,0xFF,0xFF,0xFF,
    0x18,0x00,0x00,0x69,0xFF,0xFF,0xFF,0xFF,0xD5,0x00,0x00,0x00,0x00,0x00,0x00,0x00,
    0x00,0x00,0xE2,0xFF,0xFF,0xFF,0xFF,0x59,0x00,0x00,0x8B,0xFF,0xFF,0xFF,0xFF,0xAD,
    0x00,0x00,0x00,0x00,0x00,0x00,0x00,0x00,0x00,0xBB,0xFF,0xFF,0xFF,0xFF,0x7A,0x00,
    0x00,0x9E,0xFF,0xFF,0xFF,0xFF,0x9E,0x00,0x00,0x00,0x00,0x00,0x00,0x00,0x00,0x00,
    0xAB,0xFF,0xFF,0xFF,0xFF,0x8E,0x00,0x00,0x9F,0xFF,0xFF,0xFF,0xFF,0x9D,0x00,0x00,
    0x00,0x00,0x00,0x00,0x00,0x00,0x00,0xAB,0xFF,0xFF,0xFF,0xFF,0x8D,0x00,0x00,0x8B,
    0xFF,0xFF,0xFF,0xFF,0xAD,0x00,0x00,0x00,0x00,0x00,0x00,0x00,0x00,0x00,0xBB,0xFF,
    0xFF,0xFF,0xFF,0x7A,0x00,0x00,0x69,0xFF,0xFF,0xFF,0xFF,0xD5,0x00,0x00,0x00,0x00,
    0x00,0x00,0x00,0x00,0x00,0xE1,0xFF,0xFF,0xFF,0xFF,0x59,0x00,0x00,0x29,0xFF,0xFF,
    0xFF,0xFF,0xFD,0x19,0x00,0x00,0x00,0x00,0x00,0x00,0x00,0x25,0xFF,0xFF,0xFF,0xFF,
    0xFF,0x19,0x00,0x00,0x00,0xD2,0xFF,0xFF,0xFF,0xFF,0x80,0x00,0x00,0x00,0x00,0x00,
    0x00,0x00,0x8D,0xFF,0xFF,0xFF,0xFF,0xC2,0x00,0x00,0x00,0x00,0x55,0xFF,0xFF,0xFF,
    0xFF,0xF6,0x34,0x00,0x00,0x00,0x00,0x00,0x3D,0xF9,0xFF,0xFF,0xFF,0xFF,0x45,0x00,
    0x00,0x00,0x00,0x00,0xA6,0xFF,0xFF,0xFF,0xFF,0xF3,0x74,0x1E,0x06,0x21,0x7A,0xF6,
    0xFF,0xFF,0xFF,0xFF,0x96,0x00,0x00,0x00,0x00,0x00,0x00,0x09,0xB4,0xFF,0xFF,0xFF,
    0xFF,0xFF,0xFF,0xFF,0xFF,0xFF,0xFF,0xFF,0xFF,0xFF,0xA9,0x05,0x00,0x00,0x00,0x00,
    0x00,0x00,0x00,0x01,0x77,0xEE,0xFF,0xFF,0xFF,0xFF,0xFF,0xFF,0xFF,0xFF,0xFF,0xEA,
    0x6D,0x00,0x00,0x00,0x00,0x00,0x00,0x00,0x00,0x00,0x00,0x00,0x0D,0x65,0xA7,0xDA,
    0xEE,0xFB,0xED,0xD8,0xA4,0x60,0x0A,0x00,0x00,0x00,0x00,0x00,0x00,0x00,0x00,0x00,
    0x00,0x00,0x00,0x00,0x00,0x5F,0xFE,0xFF,0xFF,0xFF,0xA9,0x03,0x00,0x00,0x00,0x00,
    0x00,0x00,0x00,0x00,0x00,0x00,0x00,0x00,0x00,0x00,0x00,0x5A,0xFD,0xFF,0xA1,0x6D,
    0xF5,0xFF,0xA4,0x02,0x00,0x00,0x00,0x00,0x00,0x00,0x00,0x00,0x00,0x00,0x00,0x00,
    0x00,0x56,0xFC,0xEC,0x53,0x00,0x00,0x26,0xC9,0xFF,0xA0,0x02,0x00,0x00,0x00,0x00,
    0x00,0x00,0x00,0x00,0x00,0x00,0x00,0x00,0x00,0x00,0x00,0x00,0x00,0x00,0x00,0x00,
    0x00,0x00,0x00,0x00,0x00,0x00,0x00,0x00,0x00,0x00,0x00,0x00,0x00,0x00,0x00,0x00,
    0x00,0x00,0x00,0x00,0x00,0x00,0x00,0x00,0x00,0x00,0x00,0x00,0x00,0x00,0x00,0x00,
    0x00,0x00,0x00,0x00,0x00,0x00,0x0C,0x64,0xA6,0xD8,0xED,0xFA,0xEB,0xD6,0xA2,0x5F,
    0x09,0x00,0x00,0x00,0x00,0x00,0x00,0x00,0x00,0x00,0x00,0x01,0x75,0xED,0xFF,0xFF,
    0xFF,0xFF,0xFF,0xFF,0xFF,0xFF,0xFF,0xE9,0x6B,0x00,0x00,0x00,0x00,0x00,0x00,0x00,
    0x00,0x09,0xB4,0xFF,0xFF,0xFF,0xFF,0xFF,0xFF,0xFF,0xFF,0xFF,0xFF,0xFF,0xFF,0xFF,
    0xA8,0x05,0x00,0x00,0x00,0x00,0x00,0x00,0xA6,0xFF,0xFF,0xFF,0xFF,0xF4,0x75,0x1F,
    0x07,0x22,0x7C,0xF7,0xFF,0xFF,0xFF,0xFF,0x96,0x00,0x00,0x00,0x00,0x00,0x55,0xFF,
    0xFF,0xFF,0xFF,0xF6,0x37,0x00,0x00,0x00,0x00,0x00,0x40,0xFA,0xFF,0xFF,0xFF,0xFF,
    0x44,0x00,0x00,0x00,0x00,0xD2,0xFF,0xFF,0xFF,0xFF,0x82,0x00,0x00,0x00,0x00,0x00,
    0x00,0x00,0x8F,0xFF,0xFF,0xFF,0xFF,0xC2,0x00,0x00,0x00,0x29,0xFF,0xFF,0xFF,0xFF,
    0xFE,0x1A,0x00,0x00,0x00,0x00,0x00,0x00,0x00,0x25,0xFF,0xFF,0xFF,0xFF,0xFF,0x18,
    0x00,0x00,0x69,0xFF,0xFF,0xFF,0xFF,0xD5,0x00,0x00,0x00,0x00,0x00,0x00,0x00,0x00,
    0x00,0xE2,0xFF,0xFF,0xFF,0xFF,0x59,0x00,0x00,0x8B,0xFF,0xFF,0xFF,0xFF,0xAD,0x00,
    0x00,0x00,0x00,0x00,0x00,0x00,0x00,0x00,0xBB,0xFF,0xFF,0xFF,0xFF,0x7A,0x00,0x00,
    0x9E,0xFF,0xFF,0xFF,0xFF,0x9E,0x00,0x00,0x00,0x00,0x00,0x00,0x00,0x00,0x00,0xAB,
    0xFF,0xFF,0xFF,0xFF,0x8E,0x00,0x00,0x9F,0xFF,0xFF,0xFF,0xFF,0x9D,0x00,0x00,0x00,
    0x00,0x00,0x00,0x00,0x00,0x00,0xAB,0xFF,0xFF,0xFF,0xFF,0x8D,0x00,0x00,0x8B,0xFF,
    0xFF,0xFF,0xFF,0xAD,0x00,0x00,0x00,0x00,0x00,0x00,0x00,0x00,0x00,0xBB,0xFF,0xFF,
    0xFF,0xFF,0x7A,0x00,0x00,0x69,0xFF,0xFF,0xFF,0xFF,0xD5,0x00,0x00,0x00,0x00,0x00,
    0x00,0x00,0x00,0x00,0xE1,0xFF,0xFF,0xFF,0xFF,0x59,0x00,0x00,0x29,0xFF,0xFF,0xFF,
    0xFF,0xFD,0x19,0x00,0x00,0x00,0x00,0x00,0x00,0x00,0x25,0xFF,0xFF,0xFF,0xFF,0xFF,
    0x19,0x00,0x00,0x00,0xD2,0xFF,0xFF,0xFF,0xFF,0x80,0x00,0x00,0x00,0x00,0x00,0x00,
    0x00,0x8D,0xFF,0xFF,0xFF,0xFF,0xC2,0x00,0x00,0x00,0x00,0x55,0xFF,0xFF,0xFF,0xFF,
    0xF6,0x34,0x00,0x00,0x00,0x00,0x00,0x3D,0xF9,0xFF,0xFF,0xFF,0xFF,0x45,0x00,0x00,
    0x00,0x00,0x00,0xA6,0xFF,0xFF,0xFF,0xFF,0xF3,0x74,0x1E,0x06,0x21,0x7A,0xF6,0xFF,
    0xFF,0xFF,0xFF,0x96,0x00,0x00,0x00,0x00,0x00,0x00,0x09,0xB4,0xFF,0xFF,0xFF,0xFF,
    0xFF,0xFF,0xFF,0xFF,0xFF,0xFF,0xFF,0xFF,0xFF,0xA9,0x05,0x00,0x00,0x00,0x00,0x00,
    0x00,0x00,0x01,0x77,0xEE,0xFF,0xFF,0xFF,0xFF,0xFF,0xFF,0xFF,0xFF,0xFF,0xEA,0x6D,
    0x00,0x00,0x00,0x00,0x00,0x00,0x00,0x00,0x00,0x00,0x00,0x0D,0x65,0xA7,0xDA,0xEE,
    0xFB,0xED,0xD8,0xA4,0x60,0x0A,0x00,0x00,0x00,0x00,0x00,0x00,0x00,0x00,0x00,0x00,
    0x00,0x00,0x00,0x11,0xB3,0xF1,0xB5,0x26,0x00,0x00,0xCF,0xFF,0x09,0x00,0x00,0x00,
    0x00,0x00,0x00,0x00,0x00,0x00,0x00,0x00,0x00,0x00,0x9E,0xFF,0xFF,0xFF,0xF1,0x53,
    0x26,0xFA,0xEB,0x00,0x00,0x00,0x00,0x00,0x00,0x00,0x00,0x00,0x00,0x00,0x00,0x00,
    0x00,0xF2,0xF5,0x22,0x5E,0xF5,0xFF,0xFF,0xFF,0x97,0x00,0x00,0x00,0x00,0x00,0x00,
    0x00,0x00,0x00,0x00,0x00,0x00,0x00,0x11,0xFF,0xC5,0x00,0x00,0x2E,0xC3,0xF2,0xB1,
    0x10,0x00,0x00,0x00,0x00,0x00,0x00,0x00,0x00,0x00,0x00,0x00,0x00,0x00,0x00,0x00,
    0x00,0x00,0x00,0x00,0x00,0x00,0x00,0x00,0x00,0x00,0x00,0x00,0x00,0x00,0x00,0x00,
    0x00,0x00,0x00,0x00,0x00,0x00,0x00,0x00,0x00,0x00,0x00,0x00,0x00,0x00,0x00,0x00,
    0x00,0x00,0x00,0x00,0x00,0x00,0x00,0x00,0x00,0x00,0x00,0x00,0x0C,0x64,0xA6,0xD8,
    0xED,0xFA,0xEB,0xD6,0xA2,0x5F,0x09,0x00,0x00,0x00,0x00,0x00,0x00,0x00,0x00,0x00,
    0x00,0x01,0x75,0xED,0xFF,0xFF,0xFF,0xFF,0xFF,0xFF,0xFF,0xFF,0xFF,0xE9,0x6B,0x00,
    0x00,0x00,0x00,0x00,0x00,0x00,0x00,0x09,0xB4,0xFF,0xFF,0xFF,0xFF,0xFF,0xFF,0xFF,
    0xFF,0xFF,0xFF,0xFF,0xFF,0xFF,0xA8,0x05,0x00,0x00,0x00,0x00,0x00,0x00,0xA6,0xFF,
    0xFF,0xFF,0xFF,0xF4,0x75,0x1F,0x07,0x22,0x7C,0xF7,0xFF,0xFF,0xFF,0xFF,0x96,0x00,
    0x00,0x00,0x00,0x00,0x55,0xFF,0xFF,0xFF,0xFF,0xF6,0x37,0x00,0x00,0x00,0x00,0x00,
    0x40,0xFA,0xFF,0xFF,0xFF,0xFF,0x44,0x00,0x00,0x00,0x00,0xD2,0xFF,0xFF,0xFF,0xFF,
    0x82,0x00,0x00,0x00,0x00,0x00,0x00,0x00,0x8F,0xFF,0xFF,0xFF,0xFF,0xC2,0x00,0x00,
    0x00,0x29,0xFF,0xFF,0xFF,0xFF,0xFE,0x1A,0x00,0x00,0x00,0x00,0x00,0x00,0x00,0x25,
    0xFF,0xFF,0xFF,0xFF,0xFF,0x18,0x00,0x00,0x69,0xFF,0xFF,0xFF,0xFF,0xD5,0x00,0x00,
    0x00,0x00,0x00,0x00,0x00,0x00,0x00,0xE2,0xFF,0xFF,0xFF,0xFF,0x59,0x00,0x00,0x8B,
    0xFF,0xFF,0xFF,0xFF,0xAD,0x00,0x00,0x00,0x00,0x00,0x00,0x00,0x00,0x00,0xBB,0xFF,
    0xFF,0xFF,0xFF,0x7A,0x00,0x00,0x9E,0xFF,0xFF,0xFF,0xFF,0x9E,0x00,0x00,0x00,0x00,
    0x00,0x00,0x00,0x00,0x00,0xAB,0xFF,0xFF,0xFF,0xFF,0x8E,0x00,0x00,0x9F,0xFF,0xFF,
    0xFF,0xFF,0x9D,0x00,0x00,0x00,0x00,0x00,0x00,0x00,0x00,0x00,0xAB,0xFF,0xFF,0xFF,
    0xFF,0x8D,0x00,0x00,0x8B,0xFF,0xFF,0xFF,0xFF,0xAD,0x00,0x00,0x00,0x00,0x00,0x00,
    0x00,0x00,0x00,0xBB,0xFF,0xFF,0xFF,0xFF,0x7A,0x00,0x00,0x69,0xFF,0xFF,0xFF,0xFF,
    0xD5,0x00,0x00,0x00,0x00,0x00,0x00,0x00,0x00,0x00,0xE1,0xFF,0xFF,0xFF,0xFF,0x59,
    0x00,0x00,0x29,0xFF,0xFF,0xFF,0xFF,0xFD,0x19,0x00,0x00,0x00,0x00,0x00,0x00,0x00,
    0x25,0xFF,0xFF,0xFF,0xFF,0xFF,0x19,0x00,0x00,0x00,0xD2,0xFF,0xFF,0xFF,0xFF,0x80,
    0x00,0x00,0x00,0x00,0x00,0x00,0x00,0x8D,0xFF,0xFF,0xFF,0xFF,0xC2,0x00,0x00,0x00,
    0x00,0x55,0xFF,0xFF,0xFF,0xFF,0xF6,0x34,0x00,0x00,0x00,0x00,0x00,0x3D,0xF9,0xFF,
    0xFF,0xFF,0xFF,0x45,0x00,0x00,0x00,0x00,0x00,0xA6,0xFF,0xFF,0xFF,0xFF,0xF3,0x74,
    0x1E,0x06,0x21,0x7A,0xF6,0xFF,0xFF,0xFF,0xFF,0x96,0x00,0x00,0x00,0x00,0x00,0x00,
    0x09,0xB4,0xFF,0xFF,0xFF,0xFF,0xFF,0xFF,0xFF,0xFF,0xFF,0xFF,0xFF,0xFF,0xFF,0xA9,
    0x05,0x00,0x00,0x00,0x00,0x00,0x00,0x00,0x01,0x77,0xEE,0xFF,0xFF,0xFF,0xFF,0xFF,
    0xFF,0xFF,0xFF,0xFF,0xEA,0x6D,0x00,0x00,0x00,0x00,0x00,0x00,0x00,0x00,0x00,0x00,
    0x00,0x0D,0x65,0xA7,0xDA,0xEE,0xFB,0xED,0xD8,0xA4,0x60,0x0A,0x00,0x00,0x00,0x00,
    0x00,0x00,0x00,0x00,0x00,0x00,0x00,0x00,0x3C,0xE7,0xFF,0xFF,0x66,0x00,0x00,0x00,
    0x00,0x00,0x00,0x00,0x00,0x00,0x00,0x00,0x00,0x00,0x00,0x00,0x00,0x00,0x00,0x1A,
    0xC7,0xFF,0xFC,0x49,0x00,0x00,0x00,0x00,0x00,0x00,0x00,0x00,0x00,0x00,0x00,0x00,
    0x00,0x00,0x00,0x00,0x00,0x00,0x06,0x9A,0xFF,0xF3,0x31,0x00,0x00,0x00,0x00,0x00,
    0x00,0x00,0x00,0x00,0x00,0x00,0x00,0x00,0x00,0x00,0x00,0x00,0x00,0x00,0x00,0x00,
    0x00,0x00,0x00,0x00,0x00,0x00,0x00,0x00,0x00,0x00,0x00,0x00,0x00,0x00,0x00,0x00,
    0x00,0x00,0x00,0x00,0x00,0x00,0x00,0x00,0x00,0x00,0x00,0x00,0x00,0x00,0x00,0x00,
    0x00,0x00,0x84,0xFF,0xFF,0xFF,0xFF,0x8C,0x00,0x00,0x00,0x00,0x00,0x00,0xA0,0xFF,
    0xFF,0xFF,0xFF,0x74,0x00,0x00,0x00,0x00,0x84,0xFF,0xFF,0xFF,0xFF,0x8C,0x00,0x00,
    0x00,0x00,0x00,0x00,0xA0,0xFF,0xFF,0xFF,0xFF,0x74,0x00,0x00,0x00,0x00,0x84,0xFF,
    0xFF,0xFF,0xFF,0x8C,0x00,0x00,0x00,0x00,0x00,0x00,0xA0,0xFF,0xFF,0xFF,0xFF,0x74,
    0x00,0x00,0x00,0x00,0x84,0xFF,0xFF,0xFF,0xFF,0x8C,0x00,0x00,0x00,0x00,0x00,0x00,
    0xA0,0xFF,0xFF,0xFF,0xFF,0x74,0x00,0x00,0x00,0x00,0x84,0xFF,0xFF,0xFF,0xFF,0x8C,
    0x00,0x00,0x00,0x00,0x00,0x00,0xA0,0xFF,0xFF,0xFF,0xFF,0x74,0x00,0x00,0x00,0x00,
    0x84,0xFF,0xFF,0xFF,0xFF,0x8C,0x00,0x00,0x00,0x00,0x00,0x00,0xA0,0xFF,0xFF,0xFF,
    0xFF,0x74,0x00,0x00,0x00,0x00,0x84,0xFF,0xFF,0xFF,0xFF,0x8C,0x00,0x00,0x00,0x00,
    0x00,0x00,0xA0,0xFF,0xFF,0xFF,0xFF,0x74,0x00,0x00,0x00,0x00,0x84,0xFF,0xFF,0xFF,
    0xFF,0x8C,0x00,0x00,0x00,0x00,0x00,0x00,0xA0,0xFF,0xFF,0xFF,0xFF,0x74,0x00,0x00,
    0x00,0x00,0x84,0xFF,0xFF,0xFF,0xFF,0x8C,0x00,0x00,0x00,0x00,0x00,0x00,0xA0,0xFF,
    0xFF,0xFF,0xFF,0x74,0x00,0x00,0x00,0x00,0x84,0xFF,0xFF,0xFF,0xFF,0x8C,0x00,0x00,
    0x00,0x00,0x00,0x00,0xA0,0xFF,0xFF,0xFF,0xFF,0x74,0x00,0x00,0x00,0x00,0x84,0xFF,
    0xFF,0xFF,0xFF,0x8C,0x00,0x00,0x00,0x00,0x00,0x00,0xA0,0xFF,0xFF,0xFF,0xFF,0x74,
    0x00,0x00,0x00,0x00,0x84,0xFF,0xFF,0xFF,0xFF,0x8C,0x00,0x00,0x00,0x00,0x00,0x00,
    0xA0,0xFF,0xFF,0xFF,0xFF,0x74,0x00,0x00,0x00,0x00,0x7F,0xFF,0xFF,0xFF,0xFF,0x8E,
    0x00,0x00,0x00,0x00,0x00,0x00,0xA2,0xFF,0xFF,0xFF,0xFF,0x6E,0x00,0x00,0x00,0x00,
    0x6E,0xFF,0xFF,0xFF,0xFF,0x9C,0x00,0x00,0x00,0x00,0x00,0x00,0xB1,0xFF,0xFF,0xFF,
    0xFF,0x5D,0x00,0x00,0x00,0x00,0x4A,0xFF,0xFF,0xFF,0xFF,0xC6,0x00,0x00,0x00,0x00,
    0x00,0x00,0xDA,0xFF,0xFF,0xFF,0xFF,0x38,0x00,0x00,0x00,0x00,0x0E,0xF9,0xFF,0xFF,
    0xFF,0xFC,0x24,0x00,0x00,0x00,0x00,0x35,0xFF,0xFF,0xFF,0xFF,0xF1,0x05,0x00,0x00,
    0x00,0x00,0x00,0x98,0xFF,0xFF,0xFF,0xFF,0xD7,0x43,0x09,0x0B,0x4C,0xE1,0xFF,0xFF,
    0xFF,0xFF,0x86,0x00,0x00,0x00,0x00,0x00,0x00,0x12,0xDB,0xFF,0xFF,0xFF,0xFF,0xFF,
    0xFF,0xFF,0xFF,0xFF,0xFF,0xFF,0xFF,0xD0,0x0C,0x00,0x00,0x00,0x00,0x00,0x00,0x00,
    0x1B,0xBC,0xFF,0xFF,0xFF,0xFF,0xFF,0xFF,0xFF,0xFF,0xFF,0xFF,0xB1,0x15,0x00,0x00,
    0x00,0x00,0x00,0x00,0x00,0x00,0x00,0x00,0x3B,0x93,0xCA,0xEA,0xF9,0xF8,0xE9,0xC6,
    0x8F,0x34,0x00,0x00,0x00,0x00,0x00,0x00,0x00,0x00,0x00,0x00,0x00,0x00,0x00,0x00,
    0x00,0x00,0x2D,0xF1,0xFF,0xFB,0x70,0x00,0x00,0x00,0x00,0x00,0x00,0x00,0x00,0x00,
    0x00,0x00,0x00,0x00,0x00,0x00,0x00,0x1A,0xE3,0xFF,0xEA,0x3F,0x00,0x00,0x00,0x00,
    0x00,0x00,0x00,0x00,0x00,0x00,0x00,0x00,0x00,0x00,0x00,0x00,0x0C,0xCF,0xFF,0xCB,
    0x1D,0x00,0x00,0x00,0x00,0x00,0x00,0x00,0x00,0x00,0x00,0x00,0x00,0x00,0x00,0x00,
    0x00,0x00,0x00,0x00,0x00,0x00,0x00,0x00,0x00,0x00,0x00,0x00,0x00,0x00,0x00,0x00,
    0x00,0x00,0x00,0x00,0x00,0x00,0x00,0x00,0x00,0x00,0x00,0x00,0x00,0x00,0x00,0x00,
    0x00,0x00,0x00,0x00,0x00,0x00,0x00,0x00,0x84,0xFF,0xFF,0xFF,0xFF,0x8C,0x00,0x00,
    0x00,0x00,0x00,0x00,0xA0,0xFF,0xFF,0xFF,0xFF,0x74,0x00,0x00,0x00,0x00,0x84,0xFF,
    0xFF,0xFF,0xFF,0x8C,0x00,0x00,0x00,0x00,0x00,0x00,0xA0,0xFF,0xFF,0xFF,0xFF,0x74,
    0x00,0x00,0x00,0x00,0x84,0xFF,0xFF,0xFF,0xFF,0x8C,0x00,0x00,0x00,0x00,0x00,0x00,
    0xA0,0xFF,0xFF,0xFF,0xFF,0x74,0x00,0x00,0x00,0x00,0x84,0xFF,0xFF,0xFF,0xFF,0x8C,
    0x00,0x00,0x00,0x00,0x00,0x00,0xA0,0xFF,0xFF,0xFF,0xFF,0x74,0x00,0x00,0x00,0x00,
    0x84,0xFF,0xFF,0xFF,0xFF,0x8C,0x00,0x00,0x00,0x00,0x00,0x00,0xA0,0xFF,0xFF,0xFF,
    0xFF,0x74,0x00,0x00,0x00,0x00,0x84,0xFF,0xFF,0xFF,0xFF,0x8C,0x00,0x00,0x00,0x00,
    0x00,0x00,0xA0,0xFF,0xFF,0xFF,0xFF,0x74,0x00,0x00,0x00,0x00,0x84,0xFF,0xFF,0xFF,
    0xFF,0x8C,0x00,0x00,0x00,0x00,0x00,0x00,0xA0,0xFF,0xFF,0xFF,0xFF,0x74,0x00,0x00,
    0x00,0x00,0x84,0xFF,0xFF,0xFF,0xFF,0x8C,0x00,0x00,0x00,0x00,0x00,0x00,0xA0,0xFF,
    0xFF,0xFF,0xFF,0x74,0x00,0x00,0x00,0x00,0x84,0xFF,0xFF,0xFF,0xFF,0x8C,0x00,0x00,
    0x00,0x00,0x00,0x00,0xA0,0xFF,0xFF,0xFF,0xFF,0x74,0x00,0x00,0x00,0x00,0x84,0xFF,
    0xFF,0xFF,0xFF,0x8C,0x00,0x00,0x00,0x00,0x00,0x00,0xA0,0xFF,0xFF,0xFF,0xFF,0x74,
    0x00,0x00,0x00,0x00,0x84,0xFF,0xFF,0xFF,0xFF,0x8C,0x00,0x00,0x00,0x00,0x00,0x00,
    0xA0,0xFF,0xFF,0xFF,0xFF,0x74,0x00,0x00,0x00,0x00,0x84,0xFF,0xFF,0xFF,0xFF,0x8C,
    0x00,0x00,0x00,0x00,0x00,0x00,0xA0,0xFF,0xFF,0xFF,0xFF,0x74,0x00,0x00,0x00,0x00,
    0x7F,0xFF,0xFF,0xFF,0xFF,0x8E,0x00,0x00,0x00,0x00,0x00,0x00,0xA2,0xFF,0xFF,0xFF,
    0xFF,0x6E,0x00,0x00,0x00,0x00,0x6E,0xFF,0xFF,0xFF,0xFF,0x9C,0x00,0x00,0x00,0x00,
    0x00,0x00,0xB1,0xFF,0xFF,0xFF,0xFF,0x5D,0x00,0x00,0x00,0x00,0x4A,0xFF,0xFF,0xFF,
    0xFF,0xC6,0x00,0x00,0x00,0x00,0x00,0x00,0xDA,0xFF,0xFF,0xFF,0xFF,0x38,0x00,0x00,
    0x00,0x00,0x0E,0xF9,0xFF,0xFF,0xFF,0xFC,0x24,0x00,0x00,0x00,0x00,0x35,0xFF,0xFF,
    0xFF,0xFF,0xF1,0x05,0x00,0x00,0x00,0x00,0x00,0x98,0xFF,0xFF,0xFF,0xFF,0xD7,0x43,
    0x09,0x0B,0x4C,0xE1,0xFF,0xFF,0xFF,0xFF,0x86,0x00,0x00,0x00,0x00,0x00,0x00,0x12,
    0xDB,0xFF,0xFF,0xFF,0xFF,0xFF,0xFF,0xFF,0xFF,0xFF,0xFF,0xFF,0xFF,0xD0,0x0C,0x00,
    0x00,0x00,0x00,0x00,0x00,0x00,0x1B,0xBC,0xFF,0xFF,0xFF,0xFF,0xFF,0xFF,0xFF,0xFF,
    0xFF,0xFF,0xB1,0x15,0x00,0x00,0x00,0x00,0x00,0x00,0x00,0x00,0x00,0x00,0x3B,0x93,
    0xCA,0xEA,0xF9,0xF8,0xE9,0xC6,0x8F,0x34,0x00,0x00,0x00,0x00,0x00,0x00,0x00,0x00,
    0x00,0x00,0x00,0x00,0x00,0x00,0x00,0x00,0x51,0xFD,0xFF,0xF0,0x4B,0x00,0x00,0x00,
    0x00,0x00,0x00,0x00,0x00,0x00,0x00,0x00,0x00,0x00,0x00,0x00,0x37,0xF6,0xFF,0xD4,
    0x25,0x00,0x00,0x00,0x00,0x00,0x00,0x00,0x00,0x00,0x00,0x00,0x00,0x00,0x00,0x00,
    0x22,0xEA,0xFF,0xAC,0x0C,0x00,0x00,0x00,0x00,0x00,0x00,0x00,0x00,0x00,0x00,0x00,
    0x00,0x00,0x00,0x00,0x00,0x00,0x00,0x00,0x00,0x00,0x00,0x00,0x00,0x00,0x00,0x00,
    0x00,0x00,0x00,0x00,0x00,0x00,0x00,0x00,0x00,0x00,0x00,0x00,0x00,0x00,0x00,0x00,
    0x00,0x00,0x00,0x00,0x00,0x00,0x00,0x0E,0xE3,0xFF,0xFF,0xFF,0xFF,0x98,0x00,0x00,
    0x00,0x00,0x00,0x00,0x00,0x1D,0xF3,0xFF,0xFF,0xFF,0xFF,0x7C,0x00,0x4C,0xFF,0xFF,
    0xFF,0xFF,0xFE,0x3B,0x00,0x00,0x00,0x00,0x00,0x00,0xB1,0xFF,0xFF,0xFF,0xFF,0xD1,
    0x05,0x00,0x00,0xA6,0xFF,0xFF,0xFF,0xFF,0xD4,0x05,0x00,0x00,0x00,0x00,0x53,0xFF,
    0xFF,0xFF,0xFF,0xFC,0x34,0x00,0x00,0x00,0x14,0xEB,0xFF,0xFF,0xFF,0xFF,0x7B,0x00,
    0x00,0x00,0x0E,0xE5,0xFF,0xFF,0xFF,0xFF,0x8B,0x00,0x00,0x00,0x00,0x00,0x5A,0xFF,
    0xFF,0xFF,0xFF,0xF7,0x25,0x00,0x00,0x95,0xFF,0xFF,0xFF,0xFF,0xDB,0x09,0x00,0x00,
    0x00,0x00,0x00,0x00,0xB4,0xFF,0xFF,0xFF,0xFF,0xBD,0x00,0x38,0xFD,0xFF,0xFF,0xFF,
    0xFE,0x40,0x00,0x00,0x00,0x00,0x00,0x00,0x00,0x1C,0xF1,0xFF,0xFF,0xFF,0xFF,0x63,
    0xD2,0xFF,0xFF,0xFF,0xFF,0x9A,0x00,0x00,0x00,0x00,0x00,0x00,0x00,0x00,0x00,0x69,
    0xFF,0xFF,0xFF,0xFF,0xFD,0xFF,0xFF,0xFF,0xFF,0xE4,0x0F,0x00,0x00,0x00,0x00,0x00,
    0x00,0x00,0x00,0x00,0x01,0xC1,0xFF,0xFF,0xFF,0xFF,0xFF,0xFF,0xFF,0xFF,0x4E,0x00,
    0x00,0x00,0x00,0x00,0x00,0x00,0x00,0x00,0x00,0x00,0x25,0xF7,0xFF,0xFF,0xFF,0xFF,
    0xFF,0xFF,0xA8,0x00,0x00,0x00,0x00,0x00,0x00,0x00,0x00,0x00,0x00,0x00,0x00,0x00,
    0x77,0xFF,0xFF,0xFF,0xFF,0xFF,0xEC,0x16,0x00,0x00,0x00,0x00,0x00,0x00,0x00,0x00,
    0x00,0x00,0x00,0x00,0x00,0x03,0xDB,0xFF,0xFF,0xFF,0xFF,0x6B,0x00,0x00,0x00,0x00,
    0x00,0x00,0x00,0x00,0x00,0x00,0x00,0x00,0x00,0x00,0x00,0xC4,0xFF,0xFF,0xFF,0xFF,
    0x50,0x00,0x00,0x00,0x00,0x00,0x00,0x00,0x00,0x00,0x00,0x00,0x00,0x00,0x00,0x00,
    0xC4,0xFF,0xFF,0xFF,0xFF,0x50,0x00,0x00,0x00,0x00,0x00,0x00,0x00,0x00,0x00,0x00,
    0x00,0x00,0x00,0x00,0x00,0xC4,0xFF,0xFF,0xFF,0xFF,0x50,0x00,0x00,0x00,0x00,0x00,
    0x00,0x00,0x00,0x00,0x00,0x00,0x00,0x00,0x00,0x00,0xC4,0xFF,0xFF,0xFF,0xFF,0x50,
    0x00,0x00,0x00,0x00,0x00,0x00,0x00,0x00,0x00,0x00,0x00,0x00,0x00,0x00,0x00,0xC4,
    0xFF,0xFF,0xFF,0xFF,0x50,0x00,0x00,0x00,0x00,0x00,0x00,0x00,0x00,0x00,0x00,0x00,
    0x00,0x00,0x00,0x00,0xC4,0xFF,0xFF,0xFF,0xFF,0x50,0x00,0x00,0x00,0x00,0x00,0x00,
    0x00,0x00,0x00,0x00,0x00,0x00,0x00,0x00,0x00,0xC4,0xFF,0xFF,0xFF,0xFF,0x50,0x00,
    0x00,0x00,0x00,0x00,0x00,0x00,0x00,0x00,0x00,0x00,0x00,0x00,0x00,0x00,0xC4,0xFF,
    0xFF,0xFF,0xFF,0x50,0x00,0x00,0x00,0x00,0x00,0x00,0x00,0x00,0x00,0x00,0x0D,0xC6,
    0xFF,0xFF,0xC6,0x04,0x00,0x00,0x00,0x00,0x00,0x00,0x00,0x00,0x00,0x00,0x00,0x00,
    0x00,0x0F,0xCA,0xFF,0xFF,0x89,0x00,0x00,0x00,0x00,0x00,0x00,0x00,0x00,0x00,0x00,
    0x00,0x00,0x00,0x00,0x11,0xCF,0xFF,0xFE,0x49,0x00,0x00,0x00,0x00,0x00,0x00,0x00,
    0x00,0x00,0x00,0x00,0x00,0x00,0x00,0x13,0xD2,0xFF,0xEB,0x1A,0x00,0x00,0x00,0x00,
    0x00,0x00,0x00,0x00,0x00,0x00,0x00,0x00,0x00,0x00,0x16,0xD6,0xFF,0xC1,0x03,0x00,
    0x00,0x00,0x00,0x00,0x00,0x00,0x00,0x00,0x00,0x00,0x00,0x00,0x00,0x00,0x00,0x00,
    0x00,0x00,0x00,0x00,0x00,0x00,0x00,0x00,0x00,0x00,0x00,0x00,0x00,0x00,0x00,0x00,
    0x00,0x00,0x00,0x00,0x00,0x00,0x00,0x00,0x00,0x00,0x00,0x09,0x40,0x7E,0xB8,0xDC,
    0xF3,0xFC,0xF2,0xDD,0xAD,0x60,0x09,0x00,0x00,0x00,0x00,0x00,0x00,0x8C,0xFF,0xFF,
    0xFF,0xFF,0xFF,0xFF,0xFF,0xFF,0xFF,0xFF,0xDB,0x2E,0x00,0x00,0x00,0x00,0x00,0x8C,
    0xFF,0xFF,0xFF,0xFF,0xFF,0xFF,0xFF,0xFF,0xFF,0xFF,0xFF,0xE3,0x11,0x00,0x00,0x00,
    0x00,0x80,0xAD,0x5E,0x32,0x1B,0x06,0x13,0x3C,0xB3,0xFF,0xFF,0xFF,0xFF,0x7A,0x00,
    0x00,0x00,0x00,0x00,0x00,0x00,0x00,0x00,0x00,0x00,0x00,0x05,0xDE,0xFF,0xFF,0xFF,
    0xC9,0x00,0x00,0x00,0x00,0x00,0x00,0x00,0x00,0x00,0x00,0x00,0x00,0x00,0xAD,0xFF,
    0xFF,0xFF,0xF9,0x00,0x00,0x00,0x00,0x00,0x29,0x85,0xC0,0xE3,0xF5,0xFE,0xFF,0xFF,
    0xFF,0xFF,0xFF,0xFF,0xFF,0x0D,0x00,0x00,0x00,0x86,0xFE,0xFF,0xFF,0xFF,0xFF,0xFF,
    0xFF,0xFF,0xFF,0xFF,0xFF,0xFF,0xFF,0x17,0x00,0x00,0x56,0xFF,0xFF,0xFF,0xFF,0xFF,
    0xFF,0xFF,0xFF,0xFF,0xFF,0xFF,0xFF,0xFF,0xFF,0x18,0x00,0x00,0xB4,0xFF,0xFF,0xFF,
    0xFF,0x90,0x25,0x07,0x00,0x00,0xB1,0xFF,0xFF,0xFF,0xFF,0x18,0x00,0x00,0xD1,0xFF,
    0xFF,0xFF,0xF9,0x02,0x00,0x00,0x00,0x13,0xEB,0xFF,0xFF,0xFF,0xFF,0x18,0x00,0x00,
    0xBC,0xFF,0xFF,0xFF,0xFF,0x7C,0x13,0x0C,0x43,0xCF,0xFF,0xFF,0xFF,0xFF,0xFF,0x18,
    0x00,0x00,0x64,0xFF,0xFF,0xFF,0xFF,0xFF,0xFF,0xFF,0xFF,0xE3,0xBC,0xFF,0xFF,0xFF,
    0xFF,0x18,0x00,0x00,0x02,0xA9,0xFF,0xFF,0xFF,0xFF,0xFF,0xFF,0xEA,0x35,0xA8,0xFF,
    0xFF,0xFF,0xFF,0x18,0x00,0x00,0x00,0x01,0x5D,0xC1,0xF1,0xF8,0xDC,0x92,0x1D,0x00,
    0xA8,0xFF,0xFF,0xFF,0xFF,0x18,0x00,0x00,0x00,0x00,0x00,0x00,0x00,0x00,0x00,0x00,
    0x00,0x64,0xFF,0xFF,0xF7,0x43,0x00,0x00,0x00,0x00,0x00,0x00,0x00,0x00,0x00,0x00,
    0x00,0x00,0x2B,0xF6,0xFF,0xF8,0x48,0x00,0x00,0x00,0x00,0x00,0x00,0x00,0x00,0x00,
    0x00,0x00,0x00,0x0A,0xD5,0xFF,0xFA,0x4D,0x00,0x00,0x00,0x00,0x00,0x00,0x00,0x00,
    0x00,0x00,0x00,0x00,0x00,0x9F,0xFF,0xFB,0x52,0x00,0x00,0x00,0x00,0x00,0x00,0x00,
    0x00,0x00,0x00,0x00,0x00,0x00,0x5C,0xFF,0xFC,0x57,0x00,0x00,0x00,0x00,0x00,0x00,
    0x00,0x00,0x00,0x00,0x00,0x00,0x00,0x00,0x00,0x00,0x00,0x00,0x00,0x00,0x00,0x00,
    0x00,0x00,0x00,0x00,0x00,0x00,0x00,0x00,0x00,0x00,0x00,0x00,0x00,0x00,0x00,0x00,
    0x00,0x00,0x00,0x00,0x00,0x00,0x00,0x09,0x40,0x7E,0xB8,0xDC,0xF3,0xFC,0xF2,0xDD,
    0xAD,0x60,0x09,0x00,0x00,0x00,0x00,0x00,0x00,0x8C,0xFF,0xFF,0xFF,0xFF,0xFF,0xFF,
    0xFF,0xFF,0xFF,0xFF,0xDB,0x2E,0x00,0x00,0x00,0x00,0x00,0x8C,0xFF,0xFF,0xFF,0xFF,
    0xFF,0xFF,0xFF,0xFF,0xFF,0xFF,0xFF,0xE3,0x11,0x00,0x00,0x00,0x00,0x80,0xAD,0x5E,
    0x32,0x1B,0x06,0x13,0x3C,0xB3,0xFF,0xFF,0xFF,0xFF,0x7A,0x00,0x00,0x00,0x00,0x00,
    0x00,0x00,0x00,0x00,0x00,0x00,0x00,0x05,0xDE,0xFF,0xFF,0xFF,0xC9,0x00,0x00,0x00,
    0x00,0x00,0x00,0x00,0x00,0x00,0x00,0x00,0x00,0x00,0xAD,0xFF,0xFF,0xFF,0xF9,0x00,
    0x00,0x00,0x00,0x00,0x29,0x85,0xC0,0xE3,0xF5,0xFE,0xFF,0xFF,0xFF,0xFF,0xFF,0xFF,
    0xFF,0x0D,0x00,0x00,0x00,0x86,0xFE,0xFF,0xFF,0xFF,0xFF,0xFF,0xFF,0xFF,0xFF,0xFF,
    0xFF,0xFF,0xFF,0x17,0x00,0x00,0x56,0xFF,0xFF,0xFF,0xFF,0xFF,0xFF,0xFF,0xFF,0xFF,
    0xFF,0xFF,0xFF,0xFF,0xFF,0x18,0x00,0x00,0xB4,0xFF,0xFF,0xFF,0xFF,0x90,0x25,0x07,
    0x00,0x00,0xB1,0xFF,0xFF,0xFF,0xFF,0x18,0x00,0x00,0xD1,0xFF,0xFF,0xFF,0xF9,0x02,
    0x00,0x00,0x00,0x13,0xEB,0xFF,0xFF,0xFF,0xFF,0x18,0x00,0x00,0xBC,0xFF,0xFF,0xFF,
    0xFF,0x7C,0x13,0x0C,0x43,0xCF,0xFF,0xFF,0xFF,0xFF,0xFF,0x18,0x00,0x00,0x64,0xFF,
    0xFF,0xFF,0xFF,0xFF,0xFF,0xFF,0xFF,0xE3,0xBC,0xFF,0xFF,0xFF,0xFF,0x18,0x00,0x00,
    0x02,0xA9,0xFF,0xFF,0xFF,0xFF,0xFF,0xFF,0xEA,0x35,0xA8,0xFF,0xFF,0xFF,0xFF,0x18,
    0x00,0x00,0x00,0x01,0x5D,0xC1,0xF1,0xF8,0xDC,0x92,0x1D,0x00,0xA8,0xFF,0xFF,0xFF,
    0xFF,0x18,0x00,0x00,0x00,0x00,0x00,0x00,0x00,0x00,0xB9,0xFF,0xFF,0xF7,0x29,0x00,
    0x00,0x00,0x00,0x00,0x00,0x00,0x00,0x00,0x00,0x00,0x00,0x67,0xFF,0xFF,0xFF,0xFF,
    0xCA,0x03,0x00,0x00,0x00,0x00,0x00,0x00,0x00,0x00,0x00,0x00,0x20,0xF3,0xFF,0xC0,
    0x66,0xFF,0xFF,0x7B,0x00,0x00,0x00,0x00,0x00,0x00,0x00,0x00,0x00,0x01,0xBF,0xFF,
    0xD5,0x10,0x00,0x7E,0xFF,0xF9,0x2E,0x00,0x00,0x00,0x00,0x00,0x00,0x00,0x00,0x6E,
    0xFF,0xE6,0x1E,0x00,0x00,0x00,0x9C,0xFF,0xCF,0x05,0x00,0x00,0x00,0x00,0x00,0x00,
    0x00,0x00,0x00,0x00,0x00,0x00,0x00,0x00,0x00,0x00,0x00,0x00,0x00,0x00,0x00,0x00,
    0x00,0x00,0x00,0x00,0x00,0x00,0x00,0x00,0x00,0x00,0x00,0x00,0x00,0x00,0x00,0x00,
    0x00,0x00,0x00,0x09,0x40,0x7E,0xB8,0xDC,0xF3,0xFC,0xF2,0xDD,0xAD,0x60,0x09,0x00,
    0x00,0x00,0x00,0x00,0x00,0x8C,0xFF,0xFF,0xFF,0xFF,0xFF,0xFF,0xFF,0xFF,0xFF,0xFF,
    0xDB,0x2E,0x00,0x00,0x00,0x00,0x00,0x8C,0xFF,0xFF,0xFF,0xFF,0xFF,0xFF,0xFF,0xFF,
    0xFF,0xFF,0xFF,0xE3,0x11,0x00,0x00,0x00,0x00,0x80,0xAD,0x5E,0x32,0x1B,0x06,0x13,
    0x3C,0xB3,0xFF,0xFF,0xFF,0xFF,0x7A,0x00,0x00,0x00,0x00,0x00,0x00,0x00,0x00,0x00,
    0x00,0x00,0x00,0x05,0xDE,0xFF,0xFF,0xFF,0xC9,0x00,0x00,0x00,0x00,0x00,0x00,0x00,
    0x00,0x00,0x00,0x00,0x00,0x00,0xAD,0xFF,0xFF,0xFF,0xF9,0x00,0x00,0x00,0x00,0x00,
    0x29,0x85,0xC0,0xE3,0xF5,0xFE,0xFF,0xFF,0xFF,0xFF,0xFF,0xFF,0xFF,0x0D,0x00,0x00,
    0x00,0x86,0xFE,0xFF,0xFF,0xFF,0xFF,0xFF,0xFF,0xFF,0xFF,0xFF,0xFF,0xFF,0xFF,0x17,
    0x00,0x00,0x56,0xFF,0xFF,0xFF,0xFF,0xFF,0xFF,0xFF,0xFF,0xFF,0xFF,0xFF,0xFF,0xFF,
    0xFF,0x18,0x00,0x00,0xB4,0xFF,0xFF,0xFF,0xFF,0x90,0x25,0x07,0x00,0x00,0xB1,0xFF,
    0xFF,0xFF,0xFF,0x18,0x00,0x00,0xD1,0xFF,0xFF,0xFF,0xF9,0x02,0x00,0x00,0x00,0x13,
    0xEB,0xFF,0xFF,0xFF,0xFF,0x18,0x00,0x00,0xBC,0xFF,0xFF,0xFF,0xFF,0x7C,0x13,0x0C,
    0x43,0xCF,0xFF,0xFF,0xFF,0xFF,0xFF,0x18,0x00,0x00,0x64,0xFF,0xFF,0xFF,0xFF,0xFF,
    0xFF,0xFF,0xFF,0xE3,0xBC,0xFF,0xFF,0xFF,0xFF,0x18,0x00,0x00,0x02,0xA9,0xFF,0xFF,
    0xFF,0xFF,0xFF,0xFF,0xEA,0x35,0xA8,0xFF,0xFF,0xFF,0xFF,0x18,0x00,0x00,0x00,0x01,
    0x5D,0xC1,0xF1,0xF8,0xDC,0x92,0x1D,0x00,0xA8,0xFF,0xFF,0xFF,0xFF,0x18,0x00,0x00,
    0x00,0x00,0x00,0x00,0x2B,0xD6,0xEC,0x60,0x00,0x00,0x10,0xF4,0xBD,0x00,0x00,0x00,
    0x00,0x00,0x00,0x00,0x00,0x00,0xCA,0xFF,0xFF,0xFE,0x54,0x00,0x26,0xFF,0xB5,0x00,
    0x00,0x00,0x00,0x00,0x00,0x00,0x00,0x22,0xFF,0xD4,0x1E,0xC8,0xF5,0x42,0x7C,0xFF,
    0x89,0x00,0x00,0x00,0x00,0x00,0x00,0x00,0x00,0x4E,0xFF,0x8C,0x00,0x13,0xDA,0xFF,
    0xFF,0xFE,0x32,0x00,0x00,0x00,0x00,0x00,0x00,0x00,0x00,0x5B,0xF4,0x72,0x00,0x00,
    0x20,0xCC,0xF2,0x76,0x00,0x00,0x00,0x00,0x00,0x00,0x00,0x00,0x00,0x00,0x00,0x00,
    0x00,0x00,0x00,0x00,0x00,0x00,0x00,0x00,0x00,0x00,0x00,0x00,0x00,0x00,0x00,0x00,
    0x00,0x00,0x00,0x00,0x00,0x00,0x00,0x00,0x00,0x00,0x00,0x00,0x00,0x00,0x00,0x09,
    0x40,0x7E,0xB8,0xDC,0xF3,0xFC,0xF2,0xDD,0xAD,0x60,0x09,0x00,0x00,0x00,0x00,0x00,
    0x00,0x8C,0xFF,0xFF,0xFF,0xFF,0xFF,0xFF,0xFF,0xFF,0xFF,0xFF,0xDB,0x2E,0x00,0x00,
    0x00,0x00,0x00,0x8C,0xFF,0xFF,0xFF,0xFF,0xFF,0xFF,0xFF,0xFF,0xFF,0xFF,0xFF,0xE3,
    0x11,0x00,0x00,0x00,0x00,0x80,0xAD,0x5E,0x32,0x1B,0x06,0x13,0x3C,0xB3,0xFF,0xFF,
    0xFF,0xFF,0x7A,0x00,0x00,0x00,0x00,0x00,0x00,0x00,0x00,0x00,0x00,0x00,0x00,0x05,
    0xDE,0xFF,0xFF,0xFF,0xC9,0x00,0x00,0x00,0x00,0x00,0x00,0x00,0x00,0x00,0x00,0x00,
    0x00,0x00,0xAD,0xFF,0xFF,0xFF,0xF9,0x00,0x00,0x00,0x00,0x00,0x29,0x85,0xC0,0xE3,
    0xF5,0xFE,0xFF,0xFF,0xFF,0xFF,0xFF,0xFF,0xFF,0x0D,0x00,0x00,0x00,0x86,0xFE,0xFF,
    0xFF,0xFF,0xFF,0xFF,0xFF,0xFF,0xFF,0xFF,0xFF,0xFF,0xFF,0x17,0x00,0x00,0x56,0xFF,
    0xFF,0xFF,0xFF,0xFF,0xFF,0xFF,0xFF,0xFF,0xFF,0xFF,0xFF,0xFF,0xFF,0x18,0x00,0x00,
    0xB4,0xFF,0xFF,0xFF,0xFF,0x90,0x25,0x07,0x00,0x00,0xB1,0xFF,0xFF,0xFF,0xFF,0x18,
    0x00,0x00,0xD1,0xFF,0xFF,0xFF,0xF9,0x02,0x00,0x00,0x00,0x13,0xEB,0xFF,0xFF,0xFF,
    0xFF,0x18,0x00,0x00,0xBC,0xFF,0xFF,0xFF,0xFF,0x7C,0x13,0x0C,0x43,0xCF,0xFF,0xFF,
    0xFF,0xFF,0xFF,0x18,0x00,0x00,0x64,0xFF,0xFF,0xFF,0xFF,0xFF,0xFF,0xFF,0xFF,0xE3,
    0xBC,0xFF,0xFF,0xFF,0xFF,0x18,0x00,0x00,0x02,0xA9,0xFF,0xFF,0xFF,0xFF,0xFF,0xFF,
    0xEA,0x35,0xA8,0xFF,0xFF,0xFF,0xFF,0x18,0x00,0x00,0x00,0x01,0x5D,0xC1,0xF1,0xF8,
    0xDC,0x92,0x1D,0x00,0xA8,0xFF,0xFF,0xFF,0xFF,0x18,0x00,0x00,0x00,0x00,0x00,0x6C,
    0xFF,0xFF,0xFA,0x37,0x00,0x00,0x00,0x00,0x00,0x00,0x00,0x00,0x00,0x00,0x00,0x00,
    0x00,0x00,0x72,0xFF,0xFF,0xE0,0x10,0x00,0x00,0x00,0x00,0x00,0x00,0x00,0x00,0x00,
    0x00,0x00,0x00,0x00,0x00,0x78,0xFF,0xFF,0xAE,0x00,0x00,0x00,0x00,0x00,0x00,0x00,
    0x00,0x00,0x00,0x00,0x00,0x00,0x00,0x00,0x7F,0xFF,0xFF,0x6E,0x00,0x00,0x00,0x00,
    0x00,0x00,0x00,0x00,0x00,0x00,0x00,0x00,0x00,0x00,0x00,0x84,0xFF,0xF9,0x33,0x00,
    0x00,0x00,0x00,0x00,0x00,0x00,0x00,0x00,0x00,0x00,0x00,0x00,0x00,0x00,0x00,0x00,
    0x00,0x00,0x00,0x00,0x00,0x00,0x00,0x00,0x00,0x00,0x00,0x00,0x00,0x00,0x00,0x00,
    0x00,0x00,0x00,0x00,0x00,0x00,0x00,0x00,0x00,0x00,0x00,0x00,0x00,0x02,0x4F,0xA2,
    0xD9,0xF0,0xFA,0xE7,0xBB,0x70,0x0B,0x00,0x00,0x00,0x00,0x00,0x00,0x00,0x29,0xD0,
    0xFF,0xFF,0xFF,0xFF,0xFF,0xFF,0xFF,0xFF,0xE9,0x43,0x00,0x00,0x00,0x00,0x00,0x2B,
    0xF0,0xFF,0xFF,0xFF,0xFF,0xFF,0xFF,0xFF,0xFF,0xFF,0xFF,0xFB,0x43,0x00,0x00,0x00,
    0x02,0xD3,0xFF,0xFF,0xFF,0xFF,0x8B,0x22,0x0D,0x48,0xE0,0xFF,0xFF,0xFF,0xEA,0x0C,
    0x00,0x00,0x51,0xFF,0xFF,0xFF,0xFF,0x93,0x00,0x00,0x00,0x00,0x39,0xFF,0xFF,0xFF,
    0xFF,0x72,0x00,0x00,0x9D,0xFF,0xFF,0xFF,0xFF,0x2C,0x00,0x00,0x00,0x00,0x00,0xEC,
    0xFF,0xFF,0xFF,0xBE,0x00,0x00,0xC4,0xFF,0xFF,0xFF,0xFF,0xFF,0xFF,0xFF,0xFF,0xFF,
    0xFF,0xFF,0xFF,0xFF,0xFF,0xE8,0x00,0x00,0xD3,0xFF,0xFF,0xFF,0xFF,0xFF,0xFF,0xFF,
    0xFF,0xFF,0xFF,0xFF,0xFF,0xFF,0xFF,0xFC,0x00,0x00,0xC3,0xFF,0xFF,0xFF,0xFF,0xFF,
    0xFF,0xFF,0xFF,0xFF,0xFF,0xFF,0xFF,0xFF,0xFF,0xFF,0x00,0x00,0x9D,0xFF,0xFF,0xFF,
    0xFF,0x1D,0x00,0x00,0x00,0x00,0x00,0x00,0x00,0x00,0x00,0x00,0x00,0x00,0x52,0xFF,
    0xFF,0xFF,0xFF,0x8B,0x00,0x00,0x00,0x00,0x00,0x00,0x00,0x00,0x00,0x00,0x00,0x00,
    0x02,0xD4,0xFF,0xFF,0xFF,0xFF,0x9C,0x34,0x0F,0x09,0x1E,0x33,0x58,0x93,0xCF,0x4D,
    0x00,0x00,0x00,0x2B,0xEF,0xFF,0xFF,0xFF,0xFF,0xFF,0xFF,0xFF,0xFF,0xFF,0xFF,0xFF,
    0xFF,0x50,0x00,0x00,0x00,0x00,0x28,0xCC,0xFF,0xFF,0xFF,0xFF,0xFF,0xFF,0xFF,0xFF,
    0xFF,0xFF,0xFF,0x50,0x00,0x00,0x00,0x00,0x00,0x01,0x48,0x9C,0xD3,0xEE,0xFB,0xEF,
    0xDC,0xC9,0xA1,0x68,0x2F,0x02,0x00,0x00,0x00,0x00,0x00,0x00,0x00,0x00,0x00,0x00,
    0x00,0x15,0xE5,0xFF,0xFF,0xA1,0x01,0x00,0x00,0x00,0x00,0x00,0x00,0x00,0x00,0x00,
    0x00,0x00,0x01,0xB8,0xFF,0xFF,0xA6,0x02,0x00,0x00,0x00,0x00,0x00,0x00,0x00,0x00,
    0x00,0x00,0x00,0x00,0x78,0xFF,0xFF,0xAB,0x03,0x00,0x00,0x00,0x00,0x00,0x00,0x00,
    0x00,0x00,0x00,0x00,0x00,0x3A,0xFB,0xFF,0xB1,0x05,0x00,0x00,0x00,0x00,0x00,0x00,
    0x00,0x00,0x00,0x00,0x00,0x00,0x12,0xE2,0xFF,0xB6,0x06,0x00,0x00,0x00,0x00,0x00,
    0x00,0x00,0x00,0x00,0x00,0x00,0x00,0x00,0x00,0x00,0x00,0x00,0x00,0x00,0x00,0x00,
    0x00,0x00,0x00,0x00,0x00,0x00,0x00,0x00,0x00,0x00,0x00,0x00,0x00,0x00,0x00,0x00,
    0x00,0x00,0x00,0x00,0x00,0x00,0x00,0x00,0x00,0x02,0x4F,0xA2,0xD9,0xF0,0xFA,0xE7,
    0xBB,0x70,0x0B,0x00,0x00,0x00,0x00,0x00,0x00,0x00,0x29,0xD0,0xFF,0xFF,0xFF,0xFF,
    0xFF,0xFF,0xFF,0xFF,0xE9,0x43,0x00,0x00,0x00,0x00,0x00,0x2B,0xF0,0xFF,0xFF,0xFF,
    0xFF,0xFF,0xFF,0xFF,0xFF,0xFF,0xFF,0xFB,0x43,0x00,0x00,0x00,0x02,0xD3,0xFF,0xFF,
    0xFF,0xFF,0x8B,0x22,0x0D,0x48,0xE0,0xFF,0xFF,0xFF,0xEA,0x0C,0x00,0x00,0x51,0xFF,
    0xFF,0xFF,0xFF,0x93,0x00,0x00,0x00,0x00,0x39,0xFF,0xFF,0xFF,0xFF,0x72,0x00,0x00,
    0x9D,0xFF,0xFF,0xFF,0xFF,0x2C,0x00,0x00,0x00,0x00,0x00,0xEC,0xFF,0xFF,0xFF,0xBE,
    0x00,0x00,0xC4,0xFF,0xFF,0xFF,0xFF,0xFF,0xFF,0xFF,0xFF,0xFF,0xFF,0xFF,0xFF,0xFF,
    0xFF,0xE8,0x00,0x00,0xD3,0xFF,0xFF,0xFF,0xFF,0xFF,0xFF,0xFF,0xFF,0xFF,0xFF,0xFF,
    0xFF,0xFF,0xFF,0xFC,0x00,0x00,0xC3,0xFF,0xFF,0xFF,0xFF,0xFF,0xFF,0xFF,0xFF,0xFF,
    0xFF,0xFF,0xFF,0xFF,0xFF,0xFF,0x00,0x00,0x9D,0xFF,0xFF,0xFF,0xFF,0x1D,0x00,0x00,
    0x00,0x00,0x00,0x00,0x00,0x00,0x00,0x00,0x00,0x00,0x52,0xFF,0xFF,0xFF,0xFF,0x8B,
    0x00,0x00,0x00,0x00,0x00,0x00,0x00,0x00,0x00,0x00,0x00,0x00,0x02,0xD4,0xFF,0xFF,
    0xFF,0xFF,0x9C,0x34,0x0F,0x09,0x1E,0x33,0x58,0x93,0xCF,0x4D,0x00,0x00,0x00,0x2B,
    0xEF,0xFF,0xFF,0xFF,0xFF,0xFF,0xFF,0xFF,0xFF,0xFF,0xFF,0xFF,0xFF,0x50,0x00,0x00,
    0x00,0x00,0x28,0xCC,0xFF,0xFF,0xFF,0xFF,0xFF,0xFF,0xFF,0xFF,0xFF,0xFF,0xFF,0x50,
    0x00,0x00,0x00,0x00,0x00,0x01,0x48,0x9C,0xD3,0xEE,0xFB,0xEF,0xDC,0xC9,0xA1,0x68,
    0x2F,0x02,0x00,0x00,0x00,0x00,0x00,0x00,0x00,0x00,0x52,0xFF,0xFF,0xFF,0x89,0x00,
    0x00,0x00,0x00,0x00,0x00,0x00,0x00,0x00,0x00,0x00,0x00,0x15,0xE9,0xFF,0xFF,0xFF,
    0xFD,0x39,0x00,0x00,0x00,0x00,0x00,0x00,0x00,0x00,0x00,0x00,0x00,0xAB,0xFF,0xF6,
    0x50,0xDF,0xFF,0xD9,0x09,0x00,0x00,0x00,0x00,0x00,0x00,0x00,0x00,0x00,0x59,0xFF,
    0xFD,0x50,0x00,0x28,0xED,0xFF,0x90,0x00,0x00,0x00,0x00,0x00,0x00,0x00,0x00,0x18,
    0xED,0xFF,0x6C,0x00,0x00,0x00,0x3C,0xF8,0xFE,0x3F,0x00,0x00,0x00,0x00,0x00,0x00,
    0x00,0x00,0x00,0x00,0x00,0x00,0x00,0x00,0x00,0x00,0x00,0x00,0x00,0x00,0x00,0x00,
    0x00,0x00,0x00,0x00,0x00,0x00,0x00,0x00,0x00,0x00,0x00,0x00,0x00,0x00,0x00,0x00,
    0x00,0x00,0x00,0x00,0x00,0x02,0x4F,0xA2,0xD9,0xF0,0xFA,0xE7,0xBB,0x70,0x0B,0x00,
    0x00,0x00,0x00,0x00,0x00,0x00,0x29,0xD0,0xFF,0xFF,0xFF,0xFF,0xFF,0xFF,0xFF,0xFF,
    0xE9,0x43,0x00,0x00,0x00,0x00,0x00,0x2B,0xF0,0xFF,0xFF,0xFF,0xFF,0xFF,0xFF,0xFF,
    0xFF,0xFF,0xFF,0xFB,0x43,0x00,0x00,0x00,0x02,0xD3,0xFF,0xFF,0xFF,0xFF,0x8B,0x22,
    0x0D,0x48,0xE0,0xFF,0xFF,0xFF,0xEA,0x0C,0x00,0x00,0x51,0xFF,0xFF,0xFF,0xFF,0x93,
    0x00,0x00,0x00,0x00,0x39,0xFF,0xFF,0xFF,0xFF,0x72,0x00,0x00,0x9D,0xFF,0xFF,0xFF,
    0xFF,0x2C,0x00,0x00,0x00,0x00,0x00,0xEC,0xFF,0xFF,0xFF,0xBE,0x00,0x00,0xC4,0xFF,
    0xFF,0xFF,0xFF,0xFF,0xFF,0xFF,0xFF,0xFF,0xFF,0xFF,0xFF,0xFF,0xFF,0xE8,0x00,0x00,
    0xD3,0xFF,0xFF,0xFF,0xFF,0xFF,0xFF,0xFF,0xFF,0xFF,0xFF,0xFF,0xFF,0xFF,0xFF,0xFC,
    0x00,0x00,0xC3,0xFF,0xFF,0xFF,0xFF,0xFF,0xFF,0xFF,0xFF,0xFF,0xFF,0xFF,0xFF,0xFF,
    0xFF,0xFF,0x00,0x00,0x9D,0xFF,0xFF,0xFF,0xFF,0x1D,0x00,0x00,0x00,0x00,0x00,0x00,
    0x00,0x00,0x00,0x00,0x00,0x00,0x52,0xFF,0xFF,0xFF,0xFF,0x8B,0x00,0x00,0x00,0x00,
    0x00,0x00,0x00,0x00,0x00,0x00,0x00,0x00,0x02,0xD4,0xFF,0xFF,0xFF,0xFF,0x9C,0x34,
    0x0F,0x09,0x1E,0x33,0x58,0x93,0xCF,0x4D,0x00,0x00,0x00,0x2B,0xEF,0xFF,0xFF,0xFF,
    0xFF,0xFF,0xFF,0xFF,0xFF,0xFF,0xFF,0xFF,0xFF,0x50,0x00,0x00,0x00,0x00,0x28,0xCC,
    0xFF,0xFF,0xFF,0xFF,0xFF,0xFF,0xFF,0xFF,0xFF,0xFF,0xFF,0x50,0x00,0x00,0x00,0x00,
    0x00,0x01,0x48,0x9C,0xD3,0xEE,0xFB,0xEF,0xDC,0xC9,0xA1,0x68,0x2F,0x02,0x00,0x2C,
    0xEB,0xFF,0xFF,0x86,0x00,0x00,0x00,0x00,0x00,0x00,0x30,0xEE,0xFF,0xFE,0x46,0x00,
    0x00,0x00,0x00,0x00,0x00,0x33,0xF0,0xFF,0xE9,0x19,0x00,0x00,0x00,0x00,0x00,0x00,
    0x38,0xF2,0xFF,0xBF,0x02,0x00,0x00,0x00,0x00,0x00,0x00,0x3C,0xF4,0xFF,0x80,0x00,
    0x00,0x00,0x00,0x00,0x00,0x00,0x00,0x00,0x00,0x00,0x00,0x00,0x00,0x00,0x00,0x00,
    0x00,0x00,0x00,0x00,0x00,0x00,0x00,0x00,0xBC,0xFF,0xFF,0xFF,0xFC,0x00,0x00,0x00,
    0x00,0x00,0xBC,0xFF,0xFF,0xFF,0xFC,0x00,0x00,0x00,0x00,0x00,0xBC,0xFF,0xFF,0xFF,
    0xFC,0x00,0x00,0x00,0x00,0x00,0xBC,0xFF,0xFF,0xFF,0xFC,0x00,0x00,0x00,0x00,0x00,
    0xBC,0xFF,0xFF,0xFF,0xFC,0x00,0x00,0x00,0x00,0x00,0xBC,0xFF,0xFF,0xFF,0xFC,0x00,
    0x00,0x00,0x00,0x00,0xBC,0xFF,0xFF,0xFF,0xFC,0x00,0x00,0x00,0x00,0x00,0xBC,0xFF,
    0xFF,0xFF,0xFC,0x00,0x00,0x00,0x00,0x00,0xBC,0xFF,0xFF,0xFF,0xFC,0x00,0x00,0x00,
    0x00,0x00,0xBC,0xFF,0xFF,0xFF,0xFC,0x00,0x00,0x00,0x00,0x00,0xBC,0xFF,0xFF,0xFF,
    0xFC,0x00,0x00,0x00,0x00,0x00,0xBC,0xFF,0xFF,0xFF,0xFC,0x00,0x00,0x00,0x00,0x00,
    0xBC,0xFF,0xFF,0xFF,0xFC,0x00,0x00,0x00,0x00,0x00,0xBC,0xFF,0xFF,0xFF,0xFC,0x00,
    0x00,0x00,0x00,0x00,0xBC,0xFF,0xFF,0xFF,0xFC,0x00,0x00,0x00,0x00,0x00,0x00,0x00,
    0x00,0xA7,0xFF,0xFF,0xDC,0x1A,0x00,0x00,0x00,0x00,0x00,0x66,0xFF,0xFF,0xDF,0x1E,
    0x00,0x00,0x00,0x00,0x00,0x2D,0xF6,0xFF,0xE2,0x21,0x00,0x00,0x00,0x00,0x00,0x0B,
    0xD7,0xFF,0xE5,0x24,0x00,0x00,0x00,0x00,0x00,0x00,0xA1,0xFF,0xE8,0x28,0x00,0x00,
    0x00,0x00,0x00,0x00,0x00,0x00,0x00,0x00,0x00,0x00,0x00,0x00,0x00,0x00,0x00,0x00,
    0x00,0x00,0x00,0x00,0x00,0x00,0x00,0x00,0x00,0x00,0xBC,0xFF,0xFF,0xFF,0xFC,0x00,
    0x00,0x00,0x00,0x00,0x00,0xBC,0xFF,0xFF,0xFF,0xFC,0x00,0x00,0x00,0x00,0x00,0x00,
    0xBC,0xFF,0xFF,0xFF,0xFC,0x00,0x00,0x00,0x00,0x00,0x00,0xBC,0xFF,0xFF,0xFF,0xFC,
    0x00,0x00,0x00,0x00,0x00,0x00,0xBC,0xFF,0xFF,0xFF,0xFC,0x00,0x00,0x00,0x00,0x00,
    0x00,0xBC,0xFF,0xFF,0xFF,0xFC,0x00,0x00,0x00,0x00,0x00,0x00,0xBC,0xFF,0xFF,0xFF,
    0xFC,0x00,0x00,0x00,0x00,0x00,0x00,0xBC,0xFF,0xFF,0xFF,0xFC,0x00,0x00,0x00,0x00,
    0x00,0x00,0xBC,0xFF,0xFF,0xFF,0xFC,0x00,0x00,0x00,0x00,0x00,0x00,0xBC,0xFF,0xFF,
    0xFF,0xFC,0x00,0x00,0x00,0x00,0x00,0x00,0xBC,0xFF,0xFF,0xFF,0xFC,0x00,0x00,0x00,
    0x00,0x00,0x00,0xBC,0xFF,0xFF,0xFF,0xFC,0x00,0x00,0x00,0x00,0x00,0x00,0xBC,0xFF,
    0xFF,0xFF,0xFC,0x00,0x00,0x00,0x00,0x00,0x00,0xBC,0xFF,0xFF,0xFF,0xFC,0x00,0x00,
    0x00,0x00,0x00,0x00,0xBC,0xFF,0xFF,0xFF,0xFC,0x00,0x00,0x00,0x00,0x00,0x00,0x00,
    0x00,0x74,0xFF,0xFF,0xF8,0x32,0x00,0x00,0x00,0x00,0x00,0x00,0x00,0x00,0x00,0x00,
    0x00,0x00,0x00,0x00,0x00,0x7A,0xFF,0xFF,0xDB,0x0D,0x00,0x00,0x00,0x00,0x00,0x00,
    0x00,0x00,0x00,0x00,0x00,0x00,0x00,0x00,0x00,0x80,0xFF,0xFF,0xA7,0x00,0x00,0x00,
    0x00,0x00,0x00,0x00,0x00,0x00,0x00,0x00,0x00,0x00,0x00,0x00,0x00,0x86,0xFF,0xFF,
    0x66,0x00,0x00,0x00,0x00,0x00,0x00,0x00,0x00,0x00,0x00,0x00,0x00,0x00,0x00,0x00,
    0x00,0x8C,0xFF,0xF6,0x2D,0x00,0x00,0x00,0x00,0x00,0x00,0x00,0x00,0x00,0x00,0x00,
    0x00,0x00,0x00,0x00,0x00,0x00,0x00,0x00,0x00,0x00,0x00,0x00,0x00,0x00,0x00,0x00,
    0x00,0x00,0x00,0x00,0x00,0x00,0x00,0x00,0x00,0x00,0x00,0x00,0x00,0x00,0x00,0x00,
    0x00,0x00,0x00,0x00,0x00,0x00,0x02,0x53,0xA4,0xDB,0xF1,0xFA,0xEA,0xC7,0x88,0x24,
    0x00,0x00,0x00,0x00,0x00,0x00,0x00,0x00,0x2C,0xD4,0xFF,0xFF,0xFF,0xFF,0xFF,0xFF,
    0xFF,0xFF,0xFD,0x8E,0x05,0x00,0x00,0x00,0x00,0x00,0x2D,0xF1,0xFF,0xFF,0xFF,0xFF,
    0xFF,0xFF,0xFF,0xFF,0xFF,0xFF,0xFF,0xAB,0x01,0x00,0x00,0x00,0x03,0xD5,0xFF,0xFF,
    0xFF,0xFF,0x95,0x1D,0x07,0x42,0xDE,0xFF,0xFF,0xFF,0xFF,0x65,0x00,0x00,0x00,0x53,
    0xFF,0xFF,0xFF,0xFF,0xB5,0x00,0x00,0x00,0x00,0x2F,0xFE,0xFF,0xFF,0xFF,0xDF,0x00,
    0x00,0x00,0x9D,0xFF,0xFF,0xFF,0xFF,0x51,0x00,0x00,0x00,0x00,0x00,0xC7,0xFF,0xFF,
    0xFF,0xFF,0x28,0x00,0x00,0xC4,0xFF,0xFF,0xFF,0xFF,0x23,0x00,0x00,0x00,0x00,0x00,
    0x99,0xFF,0xFF,0xFF,0xFF,0x4E,0x00,0x00,0xD3,0xFF,0xFF,0xFF,0xFF,0x17,0x00,0x00,
    0x00,0x00,0x00,0x8B,0xFF,0xFF,0xFF,0xFF,0x5E,0x00,0x00,0xC4,0xFF,0xFF,0xFF,0xFF,
    0x23,0x00,0x00,0x00,0x00,0x00,0x99,0xFF,0xFF,0xFF,0xFF,0x4E,0x00,0x00,0x9D,0xFF,
    0xFF,0xFF,0xFF,0x51,0x00,0x00,0x00,0x00,0x00,0xC7,0xFF,0xFF,0xFF,0xFF,0x29,0x00,
    0x00,0x53,0xFF,0xFF,0xFF,0xFF,0xB5,0x00,0x00,0x00,0x00,0x2E,0xFE,0xFF,0xFF,0xFF,
    0xDF,0x00,0x00,0x00,0x03,0xD7,0xFF,0xFF,0xFF,0xFF,0x94,0x1C,0x07,0x41,0xDD,0xFF,
    0xFF,0xFF,0xFF,0x66,0x00,0x00,0x00,0x00,0x2F,0xF2,0xFF,0xFF,0xFF,0xFF,0xFF,0xFF,
    0xFF,0xFF,0xFF,0xFF,0xFF,0xAE,0x02,0x00,0x00,0x00,0x00,0x00,0x2F,0xD7,0xFF,0xFF,
    0xFF,0xFF,0xFF,0xFF,0xFF,0xFF,0xFE,0x92,0x07,0x00,0x00,0x00,0x00,0x00,0x00,0x00,
    0x03,0x55,0xA6,0xDC,0xF2,0xFB,0xEB,0xC8,0x8A,0x26,0x00,0x00,0x00,0x00,0x00,0x00,
    0x00,0x00,0x00,0x00,0x00,0x00,0x00,0x00,0x00,0x19,0xE9,0xFF,0xFF,0x9A,0x01,0x00,
    0x00,0x00,0x00,0x00,0x00,0x00,0x00,0x00,0x00,0x00,0x00,0x02,0xBE,0xFF,0xFF,0x9F,
    0x01,0x00,0x00,0x00,0x00,0x00,0x00,0x00,0x00,0x00,0x00,0x00,0x00,0x00,0x80,0xFF,
    0xFF,0xA5,0x02,0x00,0x00,0x00,0x00,0x00,0x00,0x00,0x00,0x00,0x00,0x00,0x00,0x00,
    0x41,0xFD,0xFF,0xAA,0x03,0x00,0x00,0x00,0x00,0x00,0x00,0x00,0x00,0x00,0x00,0x00,
    0x00,0x00,0x16,0xE6,0xFF,0xAF,0x04,0x00,0x00,0x00,0x00,0x00,0x00,0x00,0x00,0x00,
    0x00,0x00,0x00,0x00,0x00,0x00,0x00,0x00,0x00,0x00,0x00,0x00,0x00,0x00,0x00,0x00,
    0x00,0x00,0x00,0x00,0x00,0x00,0x00,0x00,0x00,0x00,0x00,0x00,0x00,0x00,0x00,0x00,
    0x00,0x00,0x00,0x00,0x00,0x00,0x00,0x00,0x02,0x53,0xA4,0xDB,0xF1,0xFA,0xEA,0xC7,
    0x88,0x24,0x00,0x00,0x00,0x00,0x00,0x00,0x00,0x00,0x2C,0xD4,0xFF,0xFF,0xFF,0xFF,
    0xFF,0xFF,0xFF,0xFF,0xFD,0x8E,0x05,0x00,0x00,0x00,0x00,0x00,0x2D,0xF1,0xFF,0xFF,
    0xFF,0xFF,0xFF,0xFF,0xFF,0xFF,0xFF,0xFF,0xFF,0xAB,0x01,0x00,0x00,0x00,0x03,0xD5,
    0xFF,0xFF,0xFF,0xFF,0x95,0x1D,0x07,0x42,0xDE,0xFF,0xFF,0xFF,0xFF,0x65,0x00,0x00,
    0x00,0x53,0xFF,0xFF,0xFF,0xFF,0xB5,0x00,0x00,0x00,0x00,0x2F,0xFE,0xFF,0xFF,0xFF,
    0xDF,0x00,0x00,0x00,0x9D,0xFF,0xFF,0xFF,0xFF,0x51,0x00,0x00,0x00,0x00,0x00,0xC7,
    0xFF,0xFF,0xFF,0xFF,0x28,0x00,0x00,0xC4,0xFF,0xFF,0xFF,0xFF,0x23,0x00,0x00,0x00,
    0x00,0x00,0x99,0xFF,0xFF,0xFF,0xFF,0x4E,0x00,0x00,0xD3,0xFF,0xFF,0xFF,0xFF,0x17,
    0x00,0x00,0x00,0x00,0x00,0x8B,0xFF,0xFF,0xFF,0xFF,0x5E,0x00,0x00,0xC4,0xFF,0xFF,
    0xFF,0xFF,0x23,0x00,0x00,0x00,0x00,0x00,0x99,0xFF,0xFF,0xFF,0xFF,0x4E,0x00,0x00,
    0x9D,0xFF,0xFF,0xFF,0xFF,0x51,0x00,0x00,0x00,0x00,0x00,0xC7,0xFF,0xFF,0xFF,0xFF,
    0x29,0x00,0x00,0x53,0xFF,0xFF,0xFF,0xFF,0xB5,0x00,0x00,0x00,0x00,0x2E,0xFE,0xFF,
    0xFF,0xFF,0xDF,0x00,0x00,0x00,0x03,0xD7,0xFF,0xFF,0xFF,0xFF,0x94,0x1C,0x07,0x41,
    0xDD,0xFF,0xFF,0xFF,0xFF,0x66,0x00,0x00,0x00,0x00,0x2F,0xF2,0xFF,0xFF,0xFF,0xFF,
    0xFF,0xFF,0xFF,0xFF,0xFF,0xFF,0xFF,0xAE,0x02,0x00,0x00,0x00,0x00,0x00,0x2F,0xD7,
    0xFF,0xFF,0xFF,0xFF,0xFF,0xFF,0xFF,0xFF,0xFE,0x92,0x07,0x00,0x00,0x00,0x00,0x00,
    0x00,0x00,0x03,0x55,0xA6,0xDC,0xF2,0xFB,0xEB,0xC8,0x8A,0x26,0x00,0x00,0x00,0x00,
    0x00,0x00,0x00,0x00,0x00,0x00,0x00,0x00,0xAA,0xFF,0xFF,0xFC,0x35,0x00,0x00,0x00,
    0x00,0x00,0x00,0x00,0x00,0x00,0x00,0x00,0x00,0x00,0x57,0xFF,0xFF,0xFF,0xFF,0xD6,
    0x08,0x00,0x00,0x00,0x00,0x00,0x00,0x00,0x00,0x00,0x00,0x00,0x17,0xEC,0xFF,0xCB,
    0x5C,0xFD,0xFF,0x8B,0x00,0x00,0x00,0x00,0x00,0x00,0x00,0x00,0x00,0x00,0x00,0xB0,
    0xFF,0xDE,0x17,0x00,0x6E,0xFF,0xFD,0x3B,0x00,0x00,0x00,0x00,0x00,0x00,0x00,0x00,
    0x00,0x5E,0xFF,0xED,0x27,0x00,0x00,0x00,0x8D,0xFF,0xDA,0x0A,0x00,0x00,0x00,0x00,
    0x00,0x00,0x00,0x00,0x00,0x00,0x00,0x00,0x00,0x00,0x00,0x00,0x00,0x00,0x00,0x00,
    0x00,0x00,0x00,0x00,0x00,0x00,0x00,0x00,0x00,0x00,0x00,0x00,0x00,0x00,0x00,0x00,
    0x00,0x00,0x00,0x00,0x00,0x00,0x00,0x00,0x00,0x00,0x02,0x53,0xA4,0xDB,0xF1,0xFA,
    0xEA,0xC7,0x88,0x24,0x00,0x00,0x00,0x00,0x00,0x00,0x00,0x00,0x2C,0xD4,0xFF,0xFF,
    0xFF,0xFF,0xFF,0xFF,0xFF,0xFF,0xFD,0x8E,0x05,0x00,0x00,0x00,0x00,0x00,0x2D,0xF1,
    0xFF,0xFF,0xFF,0xFF,0xFF,0xFF,0xFF,0xFF,0xFF,0xFF,0xFF,0xAB,0x01,0x00,0x00,0x00,
    0x03,0xD5,0xFF,0xFF,0xFF,0xFF,0x95,0x1D,0x07,0x42,0xDE,0xFF,0xFF,0xFF,0xFF,0x65,
    0x00,0x00,0x00,0x53,0xFF,0xFF,0xFF,0xFF,0xB5,0x00,0x00,0x00,0x00,0x2F,0xFE,0xFF,
    0xFF,0xFF,0xDF,0x00,0x00,0x00,0x9D,0xFF,0xFF,0xFF,0xFF,0x51,0x00,0x00,0x00,0x00,
    0x00,0xC7,0xFF,0xFF,0xFF,0xFF,0x28,0x00,0x00,0xC4,0xFF,0xFF,0xFF,0xFF,0x23,0x00,
    0x00,0x00,0x00,0x00,0x99,0xFF,0xFF,0xFF,0xFF,0x4E,0x00,0x00,0xD3,0xFF,0xFF,0xFF,
    0xFF,0x17,0x00,0x00,0x00,0x00,0x00,0x8B,0xFF,0xFF,0xFF,0xFF,0x5E,0x00,0x00,0xC4,
    0xFF,0xFF,0xFF,0xFF,0x23,0x00,0x00,0x00,0x00,0x00,0x99,0xFF,0xFF,0xFF,0xFF,0x4E,
    0x00,0x00,0x9D,0xFF,0xFF,0xFF,0xFF,0x51,0x00,0x00,0x00,0x00,0x00,0xC7,0xFF,0xFF,
    0xFF,0xFF,0x29,0x00,0x00,0x53,0xFF,0xFF,0xFF,0xFF,0xB5,0x00,0x00,0x00,0x00,0x2E,
    0xFE,0xFF,0xFF,0xFF,0xDF,0x00,0x00,0x00,0x03,0xD7,0xFF,0xFF,0xFF,0xFF,0x94,0x1C,
    0x07,0x41,0xDD,0xFF,0xFF,0xFF,0xFF,0x66,0x00,0x00,0x00,0x00,0x2F,0xF2,0xFF,0xFF,
    0xFF,0xFF,0xFF,0xFF,0xFF,0xFF,0xFF,0xFF,0xFF,0xAE,0x02,0x00,0x00,0x00,0x00,0x00,
    0x2F,0xD7,0xFF,0xFF,0xFF,0xFF,0xFF,0xFF,0xFF,0xFF,0xFE,0x92,0x07,0x00,0x00,0x00,
    0x00,0x00,0x00,0x00,0x03,0x55,0xA6,0xDC,0xF2,0xFB,0xEB,0xC8,0x8A,0x26,0x00,0x00,
    0x00,0x00,0x00,0x00,0x00,0x00,0x00,0x00,0x24,0xD1,0xEF,0x6A,0x00,0x00,0x04,0xF4,
    0xC9,0x00,0x00,0x00,0x00,0x00,0x00,0x00,0x00,0x00,0x00,0xBF,0xFF,0xFF,0xFF,0x5F,
    0x00,0x1A,0xFF,0xC1,0x00,0x00,0x00,0x00,0x00,0x00,0x00,0x00,0x00,0x17,0xFF,0xDD,
    0x1D,0xC0,0xF8,0x4A,0x71,0xFF,0x95,0x00,0x00,0x00,0x00,0x00,0x00,0x00,0x00,0x00,
    0x42,0xFF,0x98,0x00,0x0F,0xD2,0xFF,0xFF,0xFF,0x3D,0x00,0x00,0x00,0x00,0x00,0x00,
    0x00,0x00,0x00,0x50,0xF4,0x7D,0x00,0x00,0x1A,0xC6,0xF4,0x80,0x00,0x00,0x00,0x00,
    0x00,0x00,0x00,0x00,0x00,0x00,0x00,0x00,0x00,0x00,0x00,0x00,0x00,0x00,0x00,0x00,
    0x00,0x00,0x00,0x00,0x00,0x00,0x00,0x00,0x00,0x00,0x00,0x00,0x00,0x00,0x00,0x00,
    0x00,0x00,0x00,0x00,0x00,0x00,0x00,0x00,0x00,0x00,0x00,0x00,0x02,0x53,0xA4,0xDB,
    0xF1,0xFA,0xEA,0xC7,0x88,0x24,0x00,0x00,0x00,0x00,0x00,0x00,0x00,0x00,0x2C,0xD4,
    0xFF,0xFF,0xFF,0xFF,0xFF,0xFF,0xFF,0xFF,0xFD,0x8E,0x05,0x00,0x00,0x00,0x00,0x00,
    0x2D,0xF1,0xFF,0xFF,0xFF,0xFF,0xFF,0xFF,0xFF,0xFF,0xFF,0xFF,0xFF,0xAB,0x01,0x00,
    0x00,0x00,0x03,0xD5,0xFF,0xFF,0xFF,0xFF,0x95,0x1D,0x07,0x42,0xDE,0xFF,0xFF,0xFF,
    0xFF,0x65,0x00,0x00,0x00,0x53,0xFF,0xFF,0xFF,0xFF,0xB5,0x00,0x00,0x00,0x00,0x2F,
    0xFE,0xFF,0xFF,0xFF,0xDF,0x00,0x00,0x00,0x9D,0xFF,0xFF,0xFF,0xFF,0x51,0x00,0x00,
    0x00,0x00,0x00,0xC7,0xFF,0xFF,0xFF,0xFF,0x28,0x00,0x00,0xC4,0xFF,0xFF,0xFF,0xFF,
    0x23,0x00,0x00,0x00,0x00,0x00,0x99,0xFF,0xFF,0xFF,0xFF,0x4E,0x00,0x00,0xD3,0xFF,
    0xFF,0xFF,0xFF,0x17,0x00,0x00,0x00,0x00,0x00,0x8B,0xFF,0xFF,0xFF,0xFF,0x5E,0x00,
    0x00,0xC4,0xFF,0xFF,0xFF,0xFF,0x23,0x00,0x00,0x00,0x00,0x00,0x99,0xFF,0xFF,0xFF,
    0xFF,0x4E,0x00,0x00,0x9D,0xFF,0xFF,0xFF,0xFF,0x51,0x00,0x00,0x00,0x00,0x00,0xC7,
    0xFF,0xFF,0xFF,0xFF,0x29,0x00,0x00,0x53,0xFF,0xFF,0xFF,0xFF,0xB5,0x00,0x00,0x00,
    0x00,0x2E,0xFE,0xFF,0xFF,0xFF,0xDF,0x00,0x00,0x00,0x03,0xD7,0xFF,0xFF,0xFF,0xFF,
    0x94,0x1C,0x07,0x41,0xDD,0xFF,0xFF,0xFF,0xFF,0x66,0x00,0x00,0x00,0x00,0x2F,0xF2,
    0xFF,0xFF,0xFF,0xFF,0xFF,0xFF,0xFF,0xFF,0xFF,0xFF,0xFF,0xAE,0x02,0x00,0x00,0x00,
    0x00,0x00,0x2F,0xD7,0xFF,0xFF,0xFF,0xFF,0xFF,0xFF,0xFF,0xFF,0xFE,0x92,0x07,0x00,
    0x00,0x00,0x00,0x00,0x00,0x00,0x03,0x55,0xA6,0xDC,0xF2,0xFB,0xEB,0xC8,0x8A,0x26,
    0x00,0x00,0x00,0x00,0x00,0x00,0x00,0x00,0x00,0x2C,0xEB,0xFF,0xFF,0x86,0x00,0x00,
    0x00,0x00,0x00,0x00,0x00,0x00,0x00,0x00,0x00,0x00,0x00,0x00,0x00,0x30,0xEE,0xFF,
    0xFE,0x46,0x00,0x00,0x00,0x00,0x00,0x00,0x00,0x00,0x00,0x00,0x00,0x00,0x00,0x00,
    0x00,0x33,0xF0,0xFF,0xE9,0x19,0x00,0x00,0x00,0x00,0x00,0x00,0x00,0x00,0x00,0x00,
    0x00,0x00,0x00,0x00,0x00,0x38,0xF2,0xFF,0xBF,0x02,0x00,0x00,0x00,0x00,0x00,0x00,
    0x00,0x00,0x00,0x00,0x00,0x00,0x00,0x00,0x00,0x3C,0xF4,0xFF,0x80,0x00,0x00,0x00,
    0x00,0x00,0x00,0x00,0x00,0x00,0x00,0x00,0x00,0x00,0x00,0x00,0x00,0x00,0x00,0x00,
    0x00,0x00,0x00,0x00,0x00,0x00,0x00,0x00,0x00,0x00,0x00,0x00,0x00,0x00,0x00,0x00,
    0x00,0x00,0x00,0x00,0x00,0x00,0x00,0x00,0x00,0x00,0x00,0x00,0xE4,0xFF,0xFF,0xFF,
    0xDC,0x00,0x00,0x00,0x00,0x00,0xC4,0xFF,0xFF,0xFF,0xF4,0x00,0x00,0x00,0x00,0xE4,
    0xFF,0xFF,0xFF,0xDB,0x00,0x00,0x00,0x00,0x00,0xC4,0xFF,0xFF,0xFF,0xF4,0x00,0x00,
    0x00,0x00,0xE4,0xFF,0xFF,0xFF,0xDA,0x00,0x00,0x00,0x00,0x00,0xC4,0xFF,0xFF,0xFF,
    0xF4,0x00,0x00,0x00,0x00,0xE4,0xFF,0xFF,0xFF,0xD9,0x00,0x00,0x00,0x00,0x00,0xC4,
    0xFF,0xFF,0xFF,0xF4,0x00,0x00,0x00,0x00,0xE4,0xFF,0xFF,0xFF,0xD8,0x00,0x00,0x00,
    0x00,0x00,0xC4,0xFF,0xFF,0xFF,0xF4,0x00,0x00,0x00,0x00,0xE4,0xFF,0xFF,0xFF,0xD6,
    0x00,0x00,0x00,0x00,0x00,0xC4,0xFF,0xFF,0xFF,0xF4,0x00,0x00,0x00,0x00,0xE4,0xFF,
    0xFF,0xFF,0xD4,0x00,0x00,0x00,0x00,0x00,0xC4,0xFF,0xFF,0xFF,0xF4,0x00,0x00,0x00,
    0x00,0xE4,0xFF,0xFF,0xFF,0xD4,0x00,0x00,0x00,0x00,0x00,0xC6,0xFF,0xFF,0xFF,0xF4,
    0x00,0x00,0x00,0x00,0xE4,0xFF,0xFF,0xFF,0xD8,0x00,0x00,0x00,0x00,0x00,0xDF,0xFF,
    0xFF,0xFF,0xF4,0x00,0x00,0x00,0x00,0xE0,0xFF,0xFF,0xFF,0xE5,0x00,0x00,0x00,0x00,
    0x0F,0xFA,0xFF,0xFF,0xFF,0xF4,0x00,0x00,0x00,0x00,0xCE,0xFF,0xFF,0xFF,0xFE,0x12,
    0x00,0x00,0x00,0x78,0xFF,0xFF,0xFF,0xFF,0xF4,0x00,0x00,0x00,0x00,0x9D,0xFF,0xFF,
    0xFF,0xFF,0xB5,0x21,0x0D,0x64,0xF8,0xFF,0xFF,0xFF,0xFF,0xF4,0x00,0x00,0x00,0x00,
    0x3E,0xFF,0xFF,0xFF,0xFF,0xFF,0xFF,0xFF,0xFF,0xCA,0xCC,0xFF,0xFF,0xFF,0xF4,0x00,
    0x00,0x00,0x00,0x00,0x90,0xFF,0xFF,0xFF,0xFF,0xFF,0xFF,0xD0,0x1A,0xC4,0xFF,0xFF,
    0xFF,0xF4,0x00,0x00,0x00,0x00,0x00,0x00,0x58,0xBF,0xEF,0xF8,0xD6,0x7B,0x0A,0x00,
    0xC4,0xFF,0xFF,0xFF,0xF4,0x00,0x00,0x00,0x00,0x00,0x00,0x00,0x00,0x00,0x00,0x00,
    0x00,0x00,0xA7,0xFF,0xFF,0xDC,0x1A,0x00,0x00,0x00,0x00,0x00,0x00,0x00,0x00,0x00,
    0x00,0x00,0x00,0x00,0x66,0xFF,0xFF,0xDF,0x1E,0x00,0x00,0x00,0x00,0x00,0x00,0x00,
    0x00,0x00,0x00,0x00,0x00,0x00,0x2D,0xF6,0xFF,0xE2,0x21,0x00,0x00,0x00,0x00,0x00,
    0x00,0x00,0x00,0x00,0x00,0x00,0x00,0x00,0x0B,0xD7,0xFF,0xE5,0x24,0x00,0x00,0x00,
    0x00,0x00,0x00,0x00,0x00,0x00,0x00,0x00,0x00,0x00,0x00,0xA1,0xFF,0xE8,0x28,0x00,
    0x00,0x00,0x00,0x00,0x00,0x00,0x00,0x00,0x00,0x00,0x00,0x00,0x00,0x00,0x00,0x00,
    0x00,0x00,0x00,0x00,0x00,0x00,0x00,0x00,0x00,0x00,0x00,0x00,0x00,0x00,0x00,0x00,
    0x00,0x00,0x00,0x00,0x00,0x00,0x00,0x00,0x00,0x00,0x00,0x00,0x00,0x00,0xE4,0xFF,
    0xFF,0xFF,0xDC,0x00,0x00,0x00,0x00,0x00,0xC4,0xFF,0xFF,0xFF,0xF4,0x00,0x00,0x00,
    0x00,0xE4,0xFF,0xFF,0xFF,0xDB,0x00,0x00,0x00,0x00,0x00,0xC4,0xFF,0xFF,0xFF,0xF4,
    0x00,0x00,0x00,0x00,0xE4,0xFF,0xFF,0xFF,0xDA,0x00,0x00,0x00,0x00,0x00,0xC4,0xFF,
    0xFF,0xFF,0xF4,0x00,0x00,0x00,0x00,0xE4,0xFF,0xFF,0xFF,0xD9,0x00,0x00,0x00,0x00,
    0x00,0xC4,0xFF,0xFF,0xFF,0xF4,0x00,0x00,0x00,0x00,0xE4,0xFF,0xFF,0xFF,0xD8,0x00,
    0x00,0x00,0x00,0x00,0xC4,0xFF,0xFF,0xFF,0xF4,0x00,0x00,0x00,0x00,0xE4,0xFF,0xFF,
    0xFF,0xD6,0x00,0x00,0x00,0x00,0x00,0xC4,0xFF,0xFF,0xFF,0xF4,0x00,0x00,0x00,0x00,
    0xE4,0xFF,0xFF,0xFF,0xD4,0x00,0x00,0x00,0x00,0x00,0xC4,0xFF,0xFF,0xFF,0xF4,0x00,
    0x00,0x00,0x00,0xE4,0xFF,0xFF,0xFF,0xD4,0x00,0x00,0x00,0x00,0x00,0xC6,0xFF,0xFF,
    0xFF,0xF4,0x00,0x00,0x00,0x00,0xE4,0xFF,0xFF,0xFF,0xD8,0x00,0x00,0x00,0x00,0x00,
    0xDF,0xFF,0xFF,0xFF,0xF4,0x00,0x00,0x00,0x00,0xE0,0xFF,0xFF,0xFF,0xE5,0x00,0x00,
    0x00,0x00,0x0F,0xFA,0xFF,0xFF,0xFF,0xF4,0x00,0x00,0x00,0x00,0xCE,0xFF,0xFF,0xFF,
    0xFE,0x12,0x00,0x00,0x00,0x78,0xFF,0xFF,0xFF,0xFF,0xF4,0x00,0x00,0x00,0x00,0x9D,
    0xFF,0xFF,0xFF,0xFF,0xB5,0x21,0x0D,0x64,0xF8,0xFF,0xFF,0xFF,0xFF,0xF4,0x00,0x00,
    0x00,0x00,0x3E,0xFF,0xFF,0xFF,0xFF,0xFF,0xFF,0xFF,0xFF,0xCA,0xCC,0xFF,0xFF,0xFF,
    0xF4,0x00,0x00,0x00,0x00,0x00,0x90,0xFF,0xFF,0xFF,0xFF,0xFF,0xFF,0xD0,0x1A,0xC4,
    0xFF,0xFF,0xFF,0xF4,0x00,0x00,0x00,0x00,0x00,0x00,0x58,0xBF,0xEF,0xF8,0xD6,0x7B,
    0x0A,0x00,0xC4,0xFF,0xFF,0xFF,0xF4,0x00,0x00,0x00,0x00,0x00,0x00,0x00,0x00,0x00,
    0x00,0x00,0x03,0xC3,0xFF,0xFF,0xC9,0x0E,0x00,0x00,0x00,0x00,0x00,0x00,0x00,0x00,
    0x00,0x00,0x00,0x00,0x86,0xFF,0xFF,0xCD,0x10,0x00,0x00,0x00,0x00,0x00,0x00,0x00,
    0x00,0x00,0x00,0x00,0x00,0x46,0xFE,0xFF,0xD1,0x12,0x00,0x00,0x00,0x00,0x00,0x00,
    0x00,0x00,0x00,0x00,0x00,0x00,0x19,0xE9,0xFF,0xD4,0x15,0x00,0x00,0x00,0x00,0x00,
    0x00,0x00,0x00,0x00,0x00,0x00,0x00,0x02,0xBE,0xFF,0xD8,0x18,0x00,0x00,0x00,0x00,
    0x00,0x00,0x00,0x00,0x00,0x00,0x00,0x00,0x00,0x00,0x00,0x00,0x00,0x00,0x00,0x00,
    0x00,0x00,0x00,0x00,0x00,0x00,0x00,0x00,0x00,0x00,0x00,0x00,0x00,0x00,0x00,0x00,
    0x00,0x00,0x00,0x00,0x00,0x00,0x00,0x77,0xFF,0xFF,0xFF,0xFF,0x3D,0x00,0x00,0x00,
    0x00,0x00,0x00,0xC7,0xFF,0xFF,0xFF,0xE8,0x04,0x13,0xF7,0xFF,0xFF,0xFF,0xA1,0x00,
    0x00,0x00,0x00,0x00,0x1C,0xFE,0xFF,0xFF,0xFF,0x8C,0x00,0x00,0x9F,0xFF,0xFF,0xFF,
    0xF5,0x0F,0x00,0x00,0x00,0x00,0x70,0xFF,0xFF,0xFF,0xFF,0x2C,0x00,0x00,0x33,0xFF,
    0xFF,0xFF,0xFF,0x69,0x00,0x00,0x00,0x00,0xC5,0xFF,0xFF,0xFF,0xCD,0x00,0x00,0x00,
    0x00,0xC8,0xFF,0xFF,0xFF,0xCD,0x00,0x00,0x00,0x1B,0xFE,0xFF,0xFF,0xFF,0x6D,0x00,
    0x00,0x00,0x00,0x5D,0xFF,0xFF,0xFF,0xFF,0x31,0x00,0x00,0x6F,0xFF,0xFF,0xFF,0xFA,
    0x14,0x00,0x00,0x00,0x00,0x07,0xEA,0xFF,0xFF,0xFF,0x95,0x00,0x00,0xC4,0xFF,0xFF,
    0xFF,0xAE,0x00,0x00,0x00,0x00,0x00,0x00,0x86,0xFF,0xFF,0xFF,0xEF,0x09,0x1A,0xFE,
    0xFF,0xFF,0xFF,0x4F,0x00,0x00,0x00,0x00,0x00,0x00,0x1D,0xFC,0xFF,0xFF,0xFF,0x5C,
    0x6E,0xFF,0xFF,0xFF,0xEA,0x05,0x00,0x00,0x00,0x00,0x00,0x00,0x00,0xAE,0xFF,0xFF,
    0xFF,0xC0,0xC3,0xFF,0xFF,0xFF,0x90,0x00,0x00,0x00,0x00,0x00,0x00,0x00,0x00,0x43,
    0xFF,0xFF,0xFF,0xFF,0xFE,0xFF,0xFF,0xFF,0x30,0x00,0x00,0x00,0x00,0x00,0x00,0x00,
    0x00,0x00,0xD6,0xFF,0xFF,0xFF,0xFF,0xFF,0xFF,0xD1,0x00,0x00,0x00,0x00,0x00,0x00,
    0x00,0x00,0x00,0x00,0x6C,0xFF,0xFF,0xFF,0xFF,0xFF,0xFF,0x71,0x00,0x00,0x00,0x00,
    0x00,0x00,0x00,0x00,0x00,0x00,0x0D,0xF2,0xFF,0xFF,0xFF,0xFF,0xFB,0x16,0x00,0x00,
    0x00,0x00,0x00,0x00,0x00,0x00,0x00,0x00,0x00,0x95,0xFF,0xFF,0xFF,0xFF,0xB2,0x00,
    0x00,0x00,0x00,0x00,0x00,0x00,0x00,0x00,0x00,0x00,0x00,0x33,0xFF,0xFF,0xFF,0xFF,
    0x53,0x00,0x00,0x00,0x00,0x00,0x00,0x00,0x00,0x00,0x00,0x00,0x00,0x63,0xFF,0xFF,
    0xFF,0xEC,0x06,0x00,0x00,0x00,0x00,0x00,0x00,0x00,0x00,0x00,0x00,0x08,0x3E,0xE6,
    0xFF,0xFF,0xFF,0x85,0x00,0x00,0x00,0x00,0x00,0x00,0x00,0x00,0x00,0x4C,0xFF,0xFF,
    0xFF,0xFF,0xFF,0xFF,0xEB,0x11,0x00,0x00,0x00,0x00,0x00,0x00,0x00,0x00,0x00,0x4C,
    0xFF,0xFF,0xFF,0xFF,0xFF,0xF8,0x46,0x00,0x00,0x00,0x00,0x00,0x00,0x00,0x00,0x00,
    0x00,0x4C,0xFF,0xFF,0xFA,0xDD,0xA2,0x27,0x00,0x00,0x00,0x00,0x00,0x00,0x00,0x00,
    0x00,0x00,0x00,0x00,0x00,0x00,0x00,0xF4,0xF7,0x0D,0x00,0x00,0x00,0x36,0xFF,0xC8,
    0x00,0x00,0x00,0x00,0x00,0x00,0x00,0x00,0x00,0x00,0x00,0x00,0xB9,0xFF,0xB4,0x26,
    0x08,0x36,0xD2,0xFF,0x8C,0x00,0x00,0x00,0x00,0x00,0x00,0x00,0x00,0x00,0x00,0x00,
    0x00,0x37,0xF8,0xFF,0xFF,0xFF,0xFF,0xFF,0xE6,0x19,0x00,0x00,0x00,0x00,0x00,0x00,
    0x00,0x00,0x00,0x00,0x00,0x00,0x00,0x33,0xB0,0xED,0xFC,0xE6,0x9F,0x1D,0x00,0x00,
    0x00,0x00,0x00,0x00,0x00,0x00,0x00,0x00,0x00,0x00,0x00,0x00,0x00,0x00,0x00,0x00,
    0x00,0x00,0x00,0x00,0x00,0x00,0x00,0x00,0x00,0x00,0x00,0x00,0x00,0x00,0x00,0x00,
    0x00,0xC3,0xFF,0xFF,0xFF,0xFF,0xFF,0xA6,0x00,0x00,0x00,0x00,0x00,0x00,0x00,0x00,
    0x00,0x00,0x00,0x00,0x00,0x21,0xFE,0xFF,0xFF,0xFF,0xFF,0xFF,0xF6,0x0D,0x00,0x00,
    0x00,0x00,0x00,0x00,0x00,0x00,0x00,0x00,0x00,0x00,0x7E,0xFF,0xFF,0xFF,0xFF,0xFF,
    0xFF,0xFF,0x61,0x00,0x00,0x00,0x00,0x00,0x00,0x00,0x00,0x00,0x00,0x00,0x00,0xDA,
    0xFF,0xFF,0xFF,0xFF,0xFF,0xFF,0xFF,0xBE,0x00,0x00,0x00,0x00,0x00,0x00,0x00,0x00,
    0x00,0x00,0x00,0x39,0xFF,0xFF,0xFF,0xFF,0xFD,0xFF,0xFF,0xFF,0xFE,0x1D,0x00,0x00,
    0x00,0x00,0x00,0x00,0x00,0x00,0x00,0x00,0x96,0xFF,0xFF,0xFF,0xFF,0x8C,0xFF,0xFF,
    0xFF,0xFF,0x79,0x00,0x00,0x00,0x00,0x00,0x00,0x00,0x00,0x00,0x06,0xED,0xFF,0xFF,
    0xFF,0xE3,0x0B,0xF4,0xFF,0xFF,0xFF,0xD6,0x00,0x00,0x00,0x00,0x00,0x00,0x00,0x00,
    0x00,0x51,0xFF,0xFF,0xFF,0xFF,0x90,0x00,0xAB,0xFF,0xFF,0xFF,0xFF,0x34,0x00,0x00,
    0x00,0x00,0x00,0x00,0x00,0x00,0xAE,0xFF,0xFF,0xFF,0xFF,0x3C,0x00,0x57,0xFF,0xFF,
    0xFF,0xFF,0x91,0x00,0x00,0x00,0x00,0x00,0x00,0x00,0x12,0xF9,0xFF,0xFF,0xFF,0xE5,
    0x01,0x00,0x0B,0xF6,0xFF,0xFF,0xFF,0xEA,0x04,0x00,0x00,0x00,0x00,0x00,0x00,0x69,
    0xFF,0xFF,0xFF,0xFF,0x93,0x00,0x00,0x00,0xAF,0xFF,0xFF,0xFF,0xFF,0x4C,0x00,0x00,
    0x00,0x00,0x00,0x00,0xC6,0xFF,0xFF,0xFF,0xFF,0x3E,0x00,0x00,0x00,0x5B,0xFF,0xFF,
    0xFF,0xFF,0xA9,0x00,0x00,0x00,0x00,0x00,0x24,0xFF,0xFF,0xFF,0xFF,0xE7,0x02,0x00,
    0x00,0x00,0x0E,0xF8,0xFF,0xFF,0xFF,0xF7,0x0F,0x00,0x00,0x00,0x00,0x81,0xFF,0xFF,
    0xFF,0xFF,0xFF,0xFF,0xFF,0xFF,0xFF,0xFF,0xFF,0xFF,0xFF,0xFF,0xFF,0x64,0x00,0x00,
    0x00,0x00,0xDD,0xFF,0xFF,0xFF,0xFF,0xFF,0xFF,0xFF,0xFF,0xFF,0xFF,0xFF,0xFF,0xFF,
    0xFF,0xFF,0xC1,0x00,0x00,0x00,0x3C,0xFF,0xFF,0xFF,0xFF,0xFF,0xFF,0xFF,0xFF,0xFF,
    0xFF,0xFF,0xFF,0xFF,0xFF,0xFF,0xFF,0xFE,0x20,0x00,0x00,0x99,0xFF,0xFF,0xFF,0xFF,
    0x53,0x00,0x00,0x00,0x00,0x00,0x00,0x00,0x6D,0xFF,0xFF,0xFF,0xFF,0x7C,0x00,0x07,
    0xEF,0xFF,0xFF,0xFF,0xF7,0x0B,0x00,0x00,0x00,0x00,0x00,0x00,0x00,0x1E,0xFF,0xFF,
    0xFF,0xFF,0xD9,0x00,0x54,0xFF,0xFF,0xFF,0xFF,0xB3,0x00,0x00,0x00,0x00,0x00,0x00,
    0x00,0x00,0x00,0xCF,0xFF,0xFF,0xFF,0xFF,0x37,0xB1,0xFF,0xFF,0xFF,0xFF,0x63,0x00,
    0x00,0x00,0x00,0x00,0x00,0x00,0x00,0x00,0x80,0xFF,0xFF,0xFF,0xFF,0x95,0x00,0x00,
    0x00,0x00,0x00,0xBD,0xFF,0x3D,0x00,0x00,0x00,0x09,0xF4,0xFC,0x03,0x00,0x00,0x00,
    0x00,0x00,0x00,0x00,0x00,0x81,0xFF,0xD6,0x38,0x08,0x24,0xAF,0xFF,0xC4,0x00,0x00,
    0x00,0x00,0x00,0x00,0x00,0x00,0x00,0x14,0xE2,0xFF,0xFF,0xFF,0xFF,0xFF,0xFA,0x3D,
    0x00,0x00,0x00,0x00,0x00,0x00,0x00,0x00,0x00,0x00,0x1A,0x9B,0xE4,0xFB,0xEE,0xB4,
    0x37,0x00,0x00,0x00,0x00,0x00,0x00,0x00,0x00,0x00,0x00,0x00,0x00,0x00,0x00,0x00,
    0x00,0x00,0x00,0x00,0x00,0x00,0x00,0x00,0x00,0x00,0x00,0x00,0x00,0x00,0x00,0x00,
    0x00,0x00,0x00,0x00,0x00,0x00,0x00,0x00,0x00,0x00,0x00,0x00,0x09,0x40,0x7E,0xB8,
    0xDC,0xF3,0xFC,0xF2,0xDD,0xAD,0x60,0x09,0x00,0x00,0x00,0x00,0x00,0x00,0x8C,0xFF,
    0xFF,0xFF,0xFF,0xFF,0xFF,0xFF,0xFF,0xFF,0xFF,0xDB,0x2E,0x00,0x00,0x00,0x00,0x00,
    0x8C,0xFF,0xFF,0xFF,0xFF,0xFF,0xFF,0xFF,0xFF,0xFF,0xFF,0xFF,0xE3,0x11,0x00,0x00,
    0x00,0x00,0x80,0xAD,0x5E,0x32,0x1B,0x06,0x13,0x3C,0xB3,0xFF,0xFF,0xFF,0xFF,0x7A,
    0x00,0x00,0x00,0x00,0x00,0x00,0x00,0x00,0x00,0x00,0x00,0x00,0x05,0xDE,0xFF,0xFF,
    0xFF,0xC9,0x00,0x00,0x00,0x00,0x00,0x00,0x00,0x00,0x00,0x00,0x00,0x00,0x00,0xAD,
    0xFF,0xFF,0xFF,0xF9,0x00,0x00,0x00,0x00,0x00,0x29,0x85,0xC0,0xE3,0xF5,0xFE,0xFF,
    0xFF,0xFF,0xFF,0xFF,0xFF,0xFF,0x0D,0x00,0x00,0x00,0x86,0xFE,0xFF,0xFF,0xFF,0xFF,
    0xFF,0xFF,0xFF,0xFF,0xFF,0xFF,0xFF,0xFF,0x17,0x00,0x00,0x56,0xFF,0xFF,0xFF,0xFF,
    0xFF,0xFF,0xFF,0xFF,0xFF,0xFF,0xFF,0xFF,0xFF,0xFF,0x18,0x00,0x00,0xB4,0xFF,0xFF,
    0xFF,0xFF,0x90,0x25,0x07,0x00,0x00,0xB1,0xFF,0xFF,0xFF,0xFF,0x18,0x00,0x00,0xD1,
    0xFF,0xFF,0xFF,0xF9,0x02,0x00,0x00,0x00,0x13,0xEB,0xFF,0xFF,0xFF,0xFF,0x18,0x00,
    0x00,0xBC,0xFF,0xFF,0xFF,0xFF,0x7C,0x13,0x0C,0x43,0xCF,0xFF,0xFF,0xFF,0xFF,0xFF,
    0x18,0x00,0x00,0x64,0xFF,0xFF,0xFF,0xFF,0xFF,0xFF,0xFF,0xFF,0xE3,0xBC,0xFF,0xFF,
    0xFF,0xFF,0x18,0x00,0x00,0x02,0xA9,0xFF,0xFF,0xFF,0xFF,0xFF,0xFF,0xEA,0x35,0xA8,
    0xFF,0xFF,0xFF,0xFF,0x18,0x00,0x00,0x00,0x01,0x5D,0xC1,0xF1,0xF8,0xDC,0x92,0x1D,
    0x00,0xA8,0xFF,0xFF,0xFF,0xFF,0x18,0x00,0x00,0x00,0x44,0xFF,0xFF,0xFF,0xFF,0xFF,
    0xFD,0xF8,0xEE,0xDD,0xC3,0x9E,0x65,0x10,0x00,0x00,0x00,0x00,0x00,0x00,0x00,0x00,
    0x00,0x44,0xFF,0xFF,0xFF,0xFF,0xFF,0xFF,0xFF,0xFF,0xFF,0xFF,0xFF,0xFF,0xF4,0x96,
    0x0F,0x00,0x00,0x00,0x00,0x00,0x00,0x00,0x44,0xFF,0xFF,0xFF,0xFF,0xFF,0xFF,0xFF,
    0xFF,0xFF,0xFF,0xFF,0xFF,0xFF,0xFF,0xDC,0x2E,0x00,0x00,0x00,0x00,0x00,0x00,0x44,
    0xFF,0xFF,0xFF,0xFF,0xD0,0x00,0x01,0x12,0x39,0x88,0xF3,0xFF,0xFF,0xFF,0xFF,0xEA,
    0x1F,0x00,0x00,0x00,0x00,0x00,0x44,0xFF,0xFF,0xFF,0xFF,0xD0,0x00,0x00,0x00,0x00,
    0x00,0x21,0xD9,0xFF,0xFF,0xFF,0xFF,0xCA,0x01,0x00,0x00,0x00,0x00,0x44,0xFF,0xFF,
    0xFF,0xFF,0xD0,0x00,0x00,0x00,0x00,0x00,0x00,0x29,0xF8,0xFF,0xFF,0xFF,0xFF,0x51,
    0x00,0x00,0x00,0x00,0x44,0xFF,0xFF,0xFF,0xFF,0xD0,0x00,0x00,0x00,0x00,0x00,0x00,
    0x00,0x9D,0xFF,0xFF,0xFF,0xFF,0xB4,0x00,0x00,0x00,0x00,0x44,0xFF,0xFF,0xFF,0xFF,
    0xD0,0x00,0x00,0x00,0x00,0x00,0x00,0x00,0x4C,0xFF,0xFF,0xFF,0xFF,0xF4,0x05,0x00,
    0x00,0x00,0x44,0xFF,0xFF,0xFF,0xFF,0xD0,0x00,0x00,0x00,0x00,0x00,0x00,0x00,0x1C,
    0xFF,0xFF,0xFF,0xFF,0xFF,0x20,0x00,0x90,0xFF,0xFF,0xFF,0xFF,0xFF,0xFF,0xFF,0xFF,
    0xFF,0xE8,0x00,0x00,0x00,0x00,0x08,0xFF,0xFF,0xFF,0xFF,0xFF,0x35,0x00,0x90,0xFF,
    0xFF,0xFF,0xFF,0xFF,0xFF,0xFF,0xFF,0xFF,0xE8,0x00,0x00,0x00,0x00,0x09,0xFF,0xFF,
    0xFF,0xFF,0xFF,0x35,0x00,0x90,0xFF,0xFF,0xFF,0xFF,0xFF,0xFF,0xFF,0xFF,0xFF,0xE8,
    0x00,0x00,0x00,0x00,0x1D,0xFF,0xFF,0xFF,0xFF,0xFF,0x20,0x00,0x00,0x00,0x44,0xFF,
    0xFF,0xFF,0xFF,0xD0,0x00,0x00,0x00,0x00,0x00,0x00,0x00,0x4D,0xFF,0xFF,0xFF,0xFF,
    0xF4,0x05,0x00,0x00,0x00,0x44,0xFF,0xFF,0xFF,0xFF,0xD0,0x00,0x00,0x00,0x00,0x00,
    0x00,0x00,0xA0,0xFF,0xFF,0xFF,0xFF,0xB4,0x00,0x00,0x00,0x00,0x44,0xFF,0xFF,0xFF,
    0xFF,0xD0,0x00,0x00,0x00,0x00,0x00,0x00,0x2B,0xF8,0xFF,0xFF,0xFF,0xFF,0x52,0x00,
    0x00,0x00,0x00,0x44,0xFF,0xFF,0xFF,0xFF,0xD0,0x00,0x00,0x00,0x00,0x00,0x22,0xDB,
    0xFF,0xFF,0xFF,0xFF,0xCB,0x01,0x00,0x00,0x00,0x00,0x44,0xFF,0xFF,0xFF,0xFF,0xD0,
    0x00,0x01,0x10,0x39,0x8A,0xF3,0xFF,0xFF,0xFF,0xFF,0xEB,0x20,0x00,0x00,0x00,0x00,
    0x00,0x44,0xFF,0xFF,0xFF,0xFF,0xFF,0xFF,0xFF,0xFF,0xFF,0xFF,0xFF,0xFF,0xFF,0xFF,
    0xDB,0x2E,0x00,0x00,0x00,0x00,0x00,0x00,0x44,0xFF,0xFF,0xFF,0xFF,0xFF,0xFF,0xFF,
    0xFF,0xFF,0xFF,0xFF,0xFF,0xF4,0x94,0x0E,0x00,0x00,0x00,0x00,0x00,0x00,0x00,0x44,
    0xFF,0xFF,0xFF,0xFF,0xFF,0xFE,0xF9,0xF0,0xDE,0xC5,0x9F,0x65,0x10,0x00,0x00,0x00,
    0x00,0x00,0x00,0x00,0x00,0x00,0x00,0x00,0x00,0x00,0x00,0x00,0x00,0x00,0x00,0x00,
    0xB0,0xFF,0xFF,0xFF,0xFF,0x10,0x00,0x00,0x00,0x00,0x00,0x00,0x00,0x00,0x00,0x00,
    0x00,0x00,0x00,0x00,0xB0,0xFF,0xFF,0xFF,0xFF,0x10,0x00,0x00,0x00,0x00,0x00,0x00,
    0x00,0x00,0x00,0x00,0xFC,0xFF,0xFF,0xFF,0xFF,0xFF,0xFF,0xFF,0xFF,0xFF,0xFF,0x18,
    0x00,0x00,0x00,0x00,0x00,0x00,0x00,0x00,0xFC,0xFF,0xFF,0xFF,0xFF,0xFF,0xFF,0xFF,
    0xFF,0xFF,0xFF,0x18,0x00,0x00,0x00,0x00,0x00,0x00,0x00,0x00,0xFC,0xFF,0xFF,0xFF,
    0xFF,0xFF,0xFF,0xFF,0xFF,0xFF,0xFF,0x18,0x00,0x00,0x00,0x00,0x00,0x00,0x00,0x00,
    0x00,0x00,0x00,0x00,0xB0,0xFF,0xFF,0xFF,0xFF,0x10,0x00,0x00,0x00,0x00,0x00,0x00,
    0x32,0xA6,0xE6,0xF8,0xDD,0x8D,0x16,0x00,0xB0,0xFF,0xFF,0xFF,0xFF,0x10,0x00,0x00,
    0x00,0x00,0x00,0x6A,0xFC,0xFF,0xFF,0xFF,0xFF,0xFF,0xE3,0x2D,0xB0,0xFF,0xFF,0xFF,
    0xFF,0x10,0x00,0x00,0x00,0x00,0x4C,0xFF,0xFF,0xFF,0xFF,0xFF,0xFF,0xFF,0xFF,0xDD,
    0xC0,0xFF,0xFF,0xFF,0xFF,0x10,0x00,0x00,0x00,0x04,0xE2,0xFF,0xFF,0xFF,0xFF,0x93,
    0x1A,0x09,0x50,0xEB,0xFF,0xFF,0xFF,0xFF,0xFF,0x10,0x00,0x00,0x00,0x51,0xFF,0xFF,
    0xFF,0xFF,0xB9,0x00,0x00,0x00,0x00,0x4E,0xFF,0xFF,0xFF,0xFF,0xFF,0x10,0x00,0x00,
    0x00,0x92,0xFF,0xFF,0xFF,0xFF,0x58,0x00,0x00,0x00,0x00,0x02,0xEA,0xFF,0xFF,0xFF,
    0xFF,0x10,0x00,0x00,0x00,0xB7,0xFF,0xFF,0xFF,0xFF,0x2A,0x00,0x00,0x00,0x00,0x00,
    0xC0,0xFF,0xFF,0xFF,0xFF,0x10,0x00,0x00,0x00,0xC4,0xFF,0xFF,0xFF,0xFF,0x1E,0x00,
    0x00,0x00,0x00,0x00,0xB3,0xFF,0xFF,0xFF,0xFF,0x10,0x00,0x00,0x00,0xB7,0xFF,0xFF,
    0xFF,0xFF,0x2A,0x00,0x00,0x00,0x00,0x00,0xC0,0xFF,0xFF,0xFF,0xFF,0x10,0x00,0x00,
    0x00,0x93,0xFF,0xFF,0xFF,0xFF,0x58,0x00,0x00,0x00,0x00,0x02,0xEA,0xFF,0xFF,0xFF,
    0xFF,0x10,0x00,0x00,0x00,0x52,0xFF,0xFF,0xFF,0xFF,0xB9,0x00,0x00,0x00,0x00,0x4E,
    0xFF,0xFF,0xFF,0xFF,0xFF,0x10,0x00,0x00,0x00,0x05,0xE3,0xFF,0xFF,0xFF,0xFF,0x93,
    0x19,0x08,0x4F,0xEB,0xFF,0xFF,0xFF,0xFF,0xFF,0x10,0x00,0x00,0x00,0x00,0x4E,0xFF,
    0xFF,0xFF,0xFF,0xFF,0xFF,0xFF,0xFF,0xDE,0xC0,0xFF,0xFF,0xFF,0xFF,0x10,0x00,0x00,
    0x00,0x00,0x00,0x6D,0xFD,0xFF,0xFF,0xFF,0xFF,0xFF,0xE6,0x2F,0xB0,0xFF,0xFF,0xFF,
    0xFF,0x10,0x00,0x00,0x00,0x00,0x00,0x00,0x33,0xA8,0xE7,0xF8,0xDE,0x91,0x1A,0x00,
    0xB0,0xFF,0xFF,0xFF,0xFF,0x10,0x00,0x00,0x00,0x55,0xE0,0xE3,0x75,0x03,0x00,0x47,
    0xFF,0x91,0x1B,0xF9,0xFF,0xFF,0xFF,0xB6,0x1A,0x94,0xFF,0x73,0x6A,0xFF,0x9B,0x1C,
    0xB4,0xFF,0xFF,0xFF,0xFC,0x22,0x89,0xFF,0x4D,0x00,0x02,0x7B,0xE6,0xE3,0x5D,0x00,
    0x00,0x00,0x00,0x00,0x00,0x00,0x00,0x00,0x00,0x00,0x00,0x00,0x00,0x00,0x00,0x00,
    0x00,0x00,0x00,0x00,0x00,0x00,0x84,0xFF,0xFF,0xFF,0xFF,0x8C,0x00,0x00,0x00,0x00,
    0x84,0xFF,0xFF,0xFF,0xFF,0x8C,0x00,0x00,0x00,0x00,0x84,0xFF,0xFF,0xFF,0xFF,0x8C,
    0x00,0x00,0x00,0x00,0x84,0xFF,0xFF,0xFF,0xFF,0x8C,0x00,0x00,0x00,0x00,0x84,0xFF,
    0xFF,0xFF,0xFF,0x8C,0x00,0x00,0x00,0x00,0x84,0xFF,0xFF,0xFF,0xFF,0x8C,0x00,0x00,
    0x00,0x00,0x84,0xFF,0xFF,0xFF,0xFF,0x8C,0x00,0x00,0x00,0x00,0x84,0xFF,0xFF,0xFF,
    0xFF,0x8C,0x00,0x00,0x00,0x00,0x84,0xFF,0xFF,0xFF,0xFF,0x8C,0x00,0x00,0x00,0x00,
    0x84,0xFF,0xFF,0xFF,0xFF,0x8C,0x00,0x00,0x00,0x00,0x84,0xFF,0xFF,0xFF,0xFF,0x8C,
    0x00,0x00,0x00,0x00,0x84,0xFF,0xFF,0xFF,0xFF,0x8C,0x00,0x00,0x00,0x00,0x84,0xFF,
    0xFF,0xFF,0xFF,0x8C,0x00,0x00,0x00,0x00,0x84,0xFF,0xFF,0xFF,0xFF,0x8C,0x00,0x00,
    0x00,0x00,0x84,0xFF,0xFF,0xFF,0xFF,0x8C,0x00,0x00,0x00,0x00,0x84,0xFF,0xFF,0xFF,
    0xFF,0x8C,0x00,0x00,0x00,0x00,0x84,0xFF,0xFF,0xFF,0xFF,0x8C,0x00,0x00,0x00,0x00,
    0x84,0xFF,0xFF,0xFF,0xFF,0x8C,0x00,0x00,0x00,0x00,0x84,0xFF,0xFF,0xFF,0xFF,0x8C,
    0x00,0x00,0x00,0x00,0x84,0xFF,0xFF,0xFF,0xFF,0x8C,0x00,0x00,0x01,0x9A,0xF5,0xAF,
    0x0D,0x00,0x00,0x9D,0xF4,0x30,0x5F,0xFF,0xFF,0xFF,0xBA,0x03,0x00,0xBA,0xFF,0x21,
    0xB6,0xFF,0x4B,0x70,0xFF,0x9C,0x24,0xF3,0xF1,0x03,0xE2,0xF5,0x02,0x00,0x81,0xFF,
    0xFF,0xFF,0x9D,0x00,0xE8,0xD9,0x00,0x00,0x00,0x87,0xF5,0xC3,0x15,0x00,0x00,0x00,
    0x00,0x00,0x00,0x00,0x00,0x00,0x00,0x00,0x00,0x00,0x00,0x00,0x00,0x00,0x00,0x00,
    0x00,0x00,0x00,0x00,0xBC,0xFF,0xFF,0xFF,0xFC,0x00,0x00,0x00,0x00,0x00,0xBC,0xFF,
    0xFF,0xFF,0xFC,0x00,0x00,0x00,0x00,0x00,0xBC,0xFF,0xFF,0xFF,0xFC,0x00,0x00,0x00,
    0x00,0x00,0xBC,0xFF,0xFF,0xFF,0xFC,0x00,0x00,0x00,0x00,0x00,0xBC,0xFF,0xFF,0xFF,
    0xFC,0x00,0x00,0x00,0x00,0x00,0xBC,0xFF,0xFF,0xFF,0xFC,0x00,0x00,0x00,0x00,0x00,
    0xBC,0xFF,0xFF,0xFF,0xFC,0x00,0x00,0x00,0x00,0x00,0xBC,0xFF,0xFF,0xFF,0xFC,0x00,
    0x00,0x00,0x00,0x00,0xBC,0xFF,0xFF,0xFF,0xFC,0x00,0x00,0x00,0x00,0x00,0xBC,0xFF,
    0xFF,0xFF,0xFC,0x00,0x00,0x00,0x00,0x00,0xBC,0xFF,0xFF,0xFF,0xFC,0x00,0x00,0x00,
    0x00,0x00,0xBC,0xFF,0xFF,0xFF,0xFC,0x00,0x00,0x00,0x00,0x00,0xBC,0xFF,0xFF,0xFF,
    0xFC,0x00,0x00,0x00,0x00,0x00,0xBC,0xFF,0xFF,0xFF,0xFC,0x00,0x00,0x00,0x00,0x00,
    0xBC,0xFF,0xFF,0xFF,0xFC,0x00,0x00,0x00,0x00,0x00,0x00,0x00,0x00,0x00,0x00,0x61,
    0xE4,0xDF,0x6B,0x01,0x00,0x57,0xFF,0x81,0x00,0x00,0x00,0x00,0x00,0x00,0x00,0x00,
    0x00,0x00,0x00,0x00,0x27,0xFD,0xFF,0xFF,0xFF,0xAB,0x17,0xA3,0xFF,0x63,0x00,0x00,
    0x00,0x00,0x00,0x00,0x00,0x00,0x00,0x00,0x00,0x00,0x7A,0xFF,0x8B,0x21,0xBE,0xFF,
    0xFF,0xFF,0xF7,0x17,0x00,0x00,0x00,0x00,0x00,0x00,0x00,0x00,0x00,0x00,0x00,0x00,
    0x99,0xFF,0x3D,0x00,0x04,0x85,0xE9,0xDF,0x52,0x00,0x00,0x00,0x00,0x00,0x00,0x00,
    0x00,0x00,0x00,0x00,0x00,0x00,0x00,0x00,0x00,0x00,0x00,0x00,0x00,0x00,0x00,0x00,
    0x00,0x00,0x00,0x00,0x00,0x00,0x00,0x00,0x00,0x00,0x00,0x00,0x00,0x00,0x00,0x00,
    0x00,0x00,0x00,0x00,0x00,0x00,0x00,0x00,0x00,0x00,0x00,0x00,0x00,0x00,0x84,0xFF,
    0xFF,0xFF,0xFF,0x8C,0x00,0x00,0x00,0x00,0x00,0x00,0xA0,0xFF,0xFF,0xFF,0xFF,0x74,
    0x00,0x00,0x00,0x00,0x84,0xFF,0xFF,0xFF,0xFF,0x8C,0x00,0x00,0x00,0x00,0x00,0x00,
    0xA0,0xFF,0xFF,0xFF,0xFF,0x74,0x00,0x00,0x00,0x00,0x84,0xFF,0xFF,0xFF,0xFF,0x8C,
    0x00,0x00,0x00,0x00,0x00,0x00,0xA0,0xFF,0xFF,0xFF,0xFF,0x74,0x00,0x00,0x00,0x00,
    0x84,0xFF,0xFF,0xFF,0xFF,0x8C,0x00,0x00,0x00,0x00,0x00,0x00,0xA0,0xFF,0xFF,0xFF,
    0xFF,0x74,0x00,0x00,0x00,0x00,0x84,0xFF,0xFF,0xFF,0xFF,0x8C,0x00,0x00,0x00,0x00,
    0x00,0x00,0xA0,0xFF,0xFF,0xFF,0xFF,0x74,0x00,0x00,0x00,0x00,0x84,0xFF,0xFF,0xFF,
    0xFF,0x8C,0x00,0x00,0x00,0x00,0x00,0x00,0xA0,0xFF,0xFF,0xFF,0xFF,0x74,0x00,0x00,
    0x00,0x00,0x84,0xFF,0xFF,0xFF,0xFF,0x8C,0x00,0x00,0x00,0x00,0x00,0x00,0xA0,0xFF,
    0xFF,0xFF,0xFF,0x74,0x00,0x00,0x00,0x00,0x84,0xFF,0xFF,0xFF,0xFF,0x8C,0x00,0x00,
    0x00,0x00,0x00,0x00,0xA0,0xFF,0xFF,0xFF,0xFF,0x74,0x00,0x00,0x00,0x00,0x84,0xFF,
    0xFF,0xFF,0xFF,0x8C,0x00,0x00,0x00,0x00,0x00,0x00,0xA0,0xFF,0xFF,0xFF,0xFF,0x74,
    0x00,0x00,0x00,0x00,0x84,0xFF,0xFF,0xFF,0xFF,0x8C,0x00,0x00,0x00,0x00,0x00,0x00,
    0xA0,0xFF,0xFF,0xFF,0xFF,0x74,0x00,0x00,0x00,0x00,0x84,0xFF,0xFF,0xFF,0xFF,0x8C,
    0x00,0x00,0x00,0x00,0x00,0x00,0xA0,0xFF,0xFF,0xFF,0xFF,0x74,0x00,0x00,0x00,0x00,
    0x84,0xFF,0xFF,0xFF,0xFF,0x8C,0x00,0x00,0x00,0x00,0x00,0x00,0xA0,0xFF,0xFF,0xFF,
    0xFF,0x74,0x00,0x00,0x00,0x00,0x7F,0xFF,0xFF,0xFF,0xFF,0x8E,0x00,0x00,0x00,0x00,
    0x00,0x00,0xA2,0xFF,0xFF,0xFF,0xFF,0x6E,0x00,0x00,0x00,0x00,0x6E,0xFF,0xFF,0xFF,
    0xFF,0x9C,0x00,0x00,0x00,0x00,0x00,0x00,0xB1,0xFF,0xFF,0xFF,0xFF,0x5D,0x00,0x00,
    0x00,0x00,0x4A,0xFF,0xFF,0xFF,0xFF,0xC6,0x00,0x00,0x00,0x00,0x00,0x00,0xDA,0xFF,
    0xFF,0xFF,0xFF,0x38,0x00,0x00,0x00,0x00,0x0E,0xF9,0xFF,0xFF,0xFF,0xFC,0x24,0x00,
    0x00,0x00,0x00,0x35,0xFF,0xFF,0xFF,0xFF,0xF1,0x05,0x00,0x00,0x00,0x00,0x00,0x98,
    0xFF,0xFF,0xFF,0xFF,0xD7,0x43,0x09,0x0B,0x4C,0xE1,0xFF,0xFF,0xFF,0xFF,0x86,0x00,
    0x00,0x00,0x00,0x00,0x00,0x12,0xDB,0xFF,0xFF,0xFF,0xFF,0xFF,0xFF,0xFF,0xFF,0xFF,
    0xFF,0xFF,0xFF,0xD0,0x0C,0x00,0x00,0x00,0x00,0x00,0x00,0x00,0x1B,0xBC,0xFF,0xFF,
    0xFF,0xFF,0xFF,0xFF,0xFF,0xFF,0xFF,0xFF,0xB1,0x15,0x00,0x00,0x00,0x00,0x00,0x00,
    0x00,0x00,0x00,0x00,0x3B,0x93,0xCA,0xEA,0xF9,0xF8,0xE9,0xC6,0x8F,0x34,0x00,0x00,
    0x00,0x00,0x00,0x00,0x00,0x00,0x00,0x00,0x00,0x00,0x5A,0xEB,0xD7,0x32,0x00,0x00,
    0x50,0xF4,0x7C,0x00,0x00,0x00,0x00,0x00,0x00,0x00,0x00,0x00,0x17,0xF7,0xFF,0xFF,
    0xEB,0x22,0x00,0x6A,0xFF,0x71,0x00,0x00,0x00,0x00,0x00,0x00,0x00,0x00,0x00,0x66,
    0xFF,0x99,0x36,0xEC,0xD7,0x21,0xBB,0xFF,0x45,0x00,0x00,0x00,0x00,0x00,0x00,0x00,
    0x00,0x00,0x92,0xFF,0x48,0x00,0x3A,0xF7,0xFF,0xFF,0xE6,0x06,0x00,0x00,0x00,0x00,
    0x00,0x00,0x00,0x00,0x00,0x9C,0xF4,0x31,0x00,0x00,0x49,0xE6,0xE3,0x42,0x00,0x00,
    0x00,0x00,0x00,0x00,0x00,0x00,0x00,0x00,0x00,0x00,0x00,0x00,0x00,0x00,0x00,0x00,
    0x00,0x00,0x00,0x00,0x00,0x00,0x00,0x00,0x00,0x00,0x00,0x00,0x00,0x00,0x00,0x00,
    0x00,0x00,0x00,0x00,0x00,0x00,0x00,0x00,0x00,0x00,0x00,0xE4,0xFF,0xFF,0xFF,0xDC,
    0x00,0x00,0x00,0x00,0x00,0xC4,0xFF,0xFF,0xFF,0xF4,0x00,0x00,0x00,0x00,0xE4,0xFF,
    0xFF,0xFF,0xDB,0x00,0x00,0x00,0x00,0x00,0xC4,0xFF,0xFF,0xFF,0xF4,0x00,0x00,0x00,
    0x00,0xE4,0xFF,0xFF,0xFF,0xDA,0x00,0x00,0x00,0x00,0x00,0xC4,0xFF,0xFF,0xFF,0xF4,
    0x00,0x00,0x00,0x00,0xE4,0xFF,0xFF,0xFF,0xD9,0x00,0x00,0x00,0x00,0x00,0xC4,0xFF,
    0xFF,0xFF,0xF4,0x00,0x00,0x00,0x00,0xE4,0xFF,0xFF,0xFF,0xD8,0x00,0x00,0x00,0x00,
    0x00,0xC4,0xFF,0xFF,0xFF,0xF4,0x00,0x00,0x00,0x00,0xE4,0xFF,0xFF,0xFF,0xD6,0x00,
    0x00,0x00,0x00,0x00,0xC4,0xFF,0xFF,0xFF,0xF4,0x00,0x00,0x00,0x00,0xE4,0xFF,0xFF,
    0xFF,0xD4,0x00,0x00,0x00,0x00,0x00,0xC4,0xFF,0xFF,0xFF,0xF4,0x00,0x00,0x00,0x00,
    0xE4,0xFF,0xFF,0xFF,0xD4,0x00,0x00,0x00,0x00,0x00,0xC6,0xFF,0xFF,0xFF,0xF4,0x00,
    0x00,0x00,0x00,0xE4,0xFF,0xFF,0xFF,0xD8,0x00,0x00,0x00,0x00,0x00,0xDF,0xFF,0xFF,
    0xFF,0xF4,0x00,0x00,0x00,0x00,0xE0,0xFF,0xFF,0xFF,0xE5,0x00,0x00,0x00,0x00,0x0F,
    0xFA,0xFF,0xFF,0xFF,0xF4,0x00,0x00,0x00,0x00,0xCE,0xFF,0xFF,0xFF,0xFE,0x12,0x00,
    0x00,0x00,0x78,0xFF,0xFF,0xFF,0xFF,0xF4,0x00,0x00,0x00,0x00,0x9D,0xFF,0xFF,0xFF,
    0xFF,0xB5,0x21,0x0D,0x64,0xF8,0xFF,0xFF,0xFF,0xFF,0xF4,0x00,0x00,0x00,0x00,0x3E,
    0xFF,0xFF,0xFF,0xFF,0xFF,0xFF,0xFF,0xFF,0xCA,0xCC,0xFF,0xFF,0xFF,0xF4,0x00,0x00,
    0x00,0x00,0x00,0x90,0xFF,0xFF,0xFF,0xFF,0xFF,0xFF,0xD0,0x1A,0xC4,0xFF,0xFF,0xFF,
    0xF4,0x00,0x00,0x00,0x00,0x00,0x00,0x58,0xBF,0xEF,0xF8,0xD6,0x7B,0x0A,0x00,0xC4,
    0xFF,0xFF,0xFF,0xF4,0x00,0x00,0x00,0x00,0x00,0x00,0x00,0x00,0x00,0x00,0x00,0x00,
    0x00,0x00,0x00,0x00,0x00,0x00,0x00,0x00,0x00,0x00,0x1A,0x74,0x5C,0x00,0x00,0x00,
    0x00,0x00,0x00,0x00,0x08,0x5E,0xA1,0xD6,0xEB,0xFA,0xED,0xD9,0xA7,0x66,0x0E,0x00,
    0x00,0x00,0x0B,0xFC,0xE8,0x00,0x00,0x00,0x00,0x00,0x00,0x68,0xE8,0xFF,0xFF,0xFF,
    0xFF,0xFF,0xFF,0xFF,0xFF,0xFF,0xEE,0x7C,0x02,0x00,0x00,0xEB,0xFE,0x03,0x00,0x00,
    0x00,0x04,0xA5,0xFF,0xFF,0xFF,0xFF,0xFF,0xFF,0xFF,0xFF,0xFF,0xFF,0xFF,0xFF,0xFF,
    0xFF,0x27,0x35,0xFD,0xFB,0x03,0x00,0x00,0x00,0x93,0xFF,0xFF,0xFF,0xFF,0xF8,0x7F,
    0x23,0x07,0x1E,0x72,0xF2,0xFF,0xFF,0xFF,0xFF,0xFF,0xFF,0xFF,0xD0,0x00,0x00,0x00,
    0x41,0xFF,0xFF,0xFF,0xFF,0xFC,0x46,0x00,0x00,0x00,0x00,0x00,0x32,0xF4,0xFF,0xFF,
    0xFF,0xFF,0xFF,0xF5,0x46,0x00,0x00,0x00,0xBE,0xFF,0xFF,0xFF,0xFF,0x96,0x00,0x00,
    0x00,0x00,0x00,0x00,0x00,0x7B,0xFF,0xFF,0xFF,0xFF,0xFB,0x0B,0x00,0x00,0x00,0x15,
    0xFE,0xFF,0xFF,0xFF,0xFF,0x2C,0x00,0x00,0x00,0x00,0x00,0x00,0x00,0x15,0xFC,0xFF,
    0xFF,0xFF,0xFF,0x2C,0x00,0x00,0x00,0x55,0xFF,0xFF,0xFF,0xFF,0xE9,0x00,0x00,0x00,
    0x00,0x00,0x00,0x00,0x00,0x00,0xCE,0xFF,0xFF,0xFF,0xFF,0x6D,0x00,0x00,0x00,0x77,
    0xFF,0xFF,0xFF,0xFF,0xC1,0x00,0x00,0x00,0x00,0x00,0x00,0x00,0x00,0x00,0xA7,0xFF,
    0xFF,0xFF,0xFF,0x8E,0x00,0x00,0x00,0x8A,0xFF,0xFF,0xFF,0xFF,0xB2,0x00,0x00,0x00,
    0x00,0x00,0x00,0x00,0x00,0x00,0x97,0xFF,0xFF,0xFF,0xFF,0xA2,0x00,0x00,0x00,0x8B,
    0xFF,0xFF,0xFF,0xFF,0xB1,0x00,0x00,0x00,0x00,0x00,0x00,0x00,0x00,0x00,0x97,0xFF,
    0xFF,0xFF,0xFF,0xA1,0x00,0x00,0x00,0x77,0xFF,0xFF,0xFF,0xFF,0xC1,0x00,0x00,0x00,
    0x00,0x00,0x00,0x00,0x00,0x00,0xA7,0xFF,0xFF,0xFF,0xFF,0x8E,0x00,0x00,0x00,0x55,
    0xFF,0xFF,0xFF,0xFF,0xE9,0x00,0x00,0x00,0x00,0x00,0x00,0x00,0x00,0x00,0xCD,0xFF,
    0xFF,0xFF,0xFF,0x6D,0x00,0x00,0x00,0x16,0xFE,0xFF,0xFF,0xFF,0xFF,0x2B,0x00,0x00,
    0x00,0x00,0x00,0x00,0x00,0x14,0xFB,0xFF,0xFF,0xFF,0xFF,0x2C,0x00,0x00,0x00,0x00,
    0xBE,0xFF,0xFF,0xFF,0xFF,0x94,0x00,0x00,0x00,0x00,0x00,0x00,0x00,0x79,0xFF,0xFF,
    0xFF,0xFF,0xD5,0x00,0x00,0x00,0x00,0x00,0x41,0xFF,0xFF,0xFF,0xFF,0xFB,0x43,0x00,
    0x00,0x00,0x00,0x00,0x2F,0xF3,0xFF,0xFF,0xFF,0xFF,0x59,0x00,0x00,0x00,0x00,0x00,
    0x00,0x93,0xFF,0xFF,0xFF,0xFF,0xF7,0x7D,0x22,0x06,0x1C,0x70,0xF1,0xFF,0xFF,0xFF,
    0xFF,0xA9,0x00,0x00,0x00,0x00,0x00,0x00,0x00,0x04,0xA5,0xFF,0xFF,0xFF,0xFF,0xFF,
    0xFF,0xFF,0xFF,0xFF,0xFF,0xFF,0xFF,0xFF,0xB7,0x0A,0x00,0x00,0x00,0x00,0x00,0x00,
    0x00,0x00,0x00,0x69,0xE9,0xFF,0xFF,0xFF,0xFF,0xFF,0xFF,0xFF,0xFF,0xFF,0xEF,0x7A,
    0x02,0x00,0x00,0x00,0x00,0x00,0x00,0x00,0x00,0x00,0x00,0x00,0x09,0x5E,0xA2,0xD7,
    0xED,0xFB,0xEE,0xDA,0xA9,0x67,0x0E,0x00,0x00,0x00,0x00,0x00,0x00,0x00,0x00,0x00,
    0x00,0x00,0x00,0x00,0x00,0x00,0x00,0x00,0x00,0x00,0x00,0x00,0x00,0x00,0x13,0x74,
    0x63,0x00,0x00,0x00,0x00,0x00,0x00,0x00,0x00,0x00,0x00,0x00,0x00,0x00,0x00,0x00,
    0x00,0x00,0x04,0xF3,0xF6,0x01,0x00,0x00,0x00,0x00,0x01,0x48,0x9F,0xD7,0xF0,0xFB,
    0xEC,0xCC,0x8F,0x31,0x00,0x00,0x00,0xDB,0xFF,0x12,0x00,0x00,0x00,0x21,0xC8,0xFF,
    0xFF,0xFF,0xFF,0xFF,0xFF,0xFF,0xFF,0xFF,0xFF,0x2C,0x2A,0xF9,0xFF,0x0E,0x00,0x00,
    0x1F,0xE7,0xFF,0xFF,0xFF,0xFF,0xFF,0xFF,0xFF,0xFF,0xFF,0xFF,0xFF,0xFF,0xFF,0xFF,
    0xE0,0x00,0x00,0x00,0xC0,0xFF,0xFF,0xFF,0xFF,0xA6,0x23,0x07,0x38,0xD2,0xFF,0xFF,
    0xFF,0xFF,0xFF,0xF9,0x53,0x00,0x00,0x3B,0xFF,0xFF,0xFF,0xFF,0xCB,0x02,0x00,0x00,
    0x00,0x1D,0xF7,0xFF,0xFF,0xFF,0xFF,0x13,0x00,0x00,0x00,0x85,0xFF,0xFF,0xFF,0xFF,
    0x69,0x00,0x00,0x00,0x00,0x00,0xAF,0xFF,0xFF,0xFF,0xFF,0x40,0x00,0x00,0x00,0xAC,
    0xFF,0xFF,0xFF,0xFF,0x3B,0x00,0x00,0x00,0x00,0x00,0x81,0xFF,0xFF,0xFF,0xFF,0x66,
    0x00,0x00,0x00,0xBB,0xFF,0xFF,0xFF,0xFF,0x2F,0x00,0x00,0x00,0x00,0x00,0x73,0xFF,
    0xFF,0xFF,0xFF,0x76,0x00,0x00,0x00,0xAC,0xFF,0xFF,0xFF,0xFF,0x3B,0x00,0x00,0x00,
    0x00,0x00,0x81,0xFF,0xFF,0xFF,0xFF,0x66,0x00,0x00,0x00,0x85,0xFF,0xFF,0xFF,0xFF,
    0x69,0x00,0x00,0x00,0x00,0x00,0xAF,0xFF,0xFF,0xFF,0xFF,0x41,0x00,0x00,0x00,0x3B,
    0xFF,0xFF,0xFF,0xFF,0xCB,0x02,0x00,0x00,0x00,0x1D,0xF7,0xFF,0xFF,0xFF,0xF1,0x06,
    0x00,0x00,0x00,0x00,0xC2,0xFF,0xFF,0xFF,0xFF,0xA5,0x22,0x06,0x37,0xD1,0xFF,0xFF,
    0xFF,0xFF,0x7E,0x00,0x00,0x00,0x00,0x00,0x21,0xE9,0xFF,0xFF,0xFF,0xFF,0xFF,0xFF,
    0xFF,0xFF,0xFF,0xFF,0xFF,0xC2,0x06,0x00,0x00,0x00,0x00,0x00,0x00,0x23,0xCB,0xFF,
    0xFF,0xFF,0xFF,0xFF,0xFF,0xFF,0xFF,0xFF,0xA3,0x0C,0x00,0x00,0x00,0x00,0x00,0x00,
    0x00,0x00,0x01,0x4A,0xA1,0xD8,0xF1,0xFB,0xED,0xCD,0x91,0x2F,0x00,0x00,0x00,0x00,
    0x00,0x00,0x00,0x00,0x00,0x00,0x00,0x00,0x00,0x00,0x00,0x00,0x00,0x00,0x00,0x00,
    0x00,0x00,0x00,0x00,0x00,0x00,0x5B,0x74,0x1B,0x00,0x00,0x88,0xFF,0xFF,0xFF,0xFF,
    0x88,0x00,0x00,0x00,0x00,0x00,0x00,0xA4,0xFF,0xFF,0xFF,0xFF,0x70,0x97,0xFF,0x58,
    0x00,0x00,0x88,0xFF,0xFF,0xFF,0xFF,0x88,0x00,0x00,0x00,0x00,0x00,0x00,0xA4,0xFF,
    0xFF,0xFF,0xFF,0x70,0x7B,0xFF,0x72,0x00,0x00,0x88,0xFF,0xFF,0xFF,0xFF,0x88,0x00,
    0x00,0x00,0x00,0x00,0x00,0xA4,0xFF,0xFF,0xFF,0xFF,0x7A,0xBC,0xFF,0x6E,0x00,0x00,
    0x88,0xFF,0xFF,0xFF,0xFF,0x88,0x00,0x00,0x00,0x00,0x00,0x00,0xA4,0xFF,0xFF,0xFF,
    0xFF,0xFF,0xFF,0xFF,0x40,0x00,0x00,0x88,0xFF,0xFF,0xFF,0xFF,0x88,0x00,0x00,0x00,
    0x00,0x00,0x00,0xA4,0xFF,0xFF,0xFF,0xFF,0xFF,0xFF,0xAB,0x00,0x00,0x00,0x88,0xFF,
    0xFF,0xFF,0xFF,0x88,0x00,0x00,0x00,0x00,0x00,0x00,0xA4,0xFF,0xFF,0xFF,0xFF,0x87,
    0x1C,0x00,0x00,0x00,0x00,0x88,0xFF,0xFF,0xFF,0xFF,0x88,0x00,0x00,0x00,0x00,0x00,
    0x00,0xA4,0xFF,0xFF,0xFF,0xFF,0x70,0x00,0x00,0x00,0x00,0x00,0x88,0xFF,0xFF,0xFF,
    0xFF,0x88,0x00,0x00,0x00,0x00,0x00,0x00,0xA4,0xFF,0xFF,0xFF,0xFF,0x70,0x00,0x00,
    0x00,0x00,0x00,0x88,0xFF,0xFF,0xFF,0xFF,0x88,0x00,0x00,0x00,0x00,0x00,0x00,0xA4,
    0xFF,0xFF,0xFF,0xFF,0x70,0x00,0x00,0x00,0x00,0x00,0x88,0xFF,0xFF,0xFF,0xFF,0x88,
    0x00,0x00,0x00,0x00,0x00,0x00,0xA4,0xFF,0xFF,0xFF,0xFF,0x70,0x00,0x00,0x00,0x00,
    0x00,0x88,0xFF,0xFF,0xFF,0xFF,0x88,0x00,0x00,0x00,0x00,0x00,0x00,0xA4,0xFF,0xFF,
    0xFF,0xFF,0x70,0x00,0x00,0x00,0x00,0x00,0x88,0xFF,0xFF,0xFF,0xFF,0x88,0x00,0x00,
    0x00,0x00,0x00,0x00,0xA4,0xFF,0xFF,0xFF,0xFF,0x70,0x00,0x00,0x00,0x00,0x00,0x83,
    0xFF,0xFF,0xFF,0xFF,0x8A,0x00,0x00,0x00,0x00,0x00,0x00,0xA6,0xFF,0xFF,0xFF,0xFF,
    0x6A,0x00,0x00,0x00,0x00,0x00,0x72,0xFF,0xFF,0xFF,0xFF,0x98,0x00,0x00,0x00,0x00,
    0x00,0x00,0xB5,0xFF,0xFF,0xFF,0xFF,0x59,0x00,0x00,0x00,0x00,0x00,0x4E,0xFF,0xFF,
    0xFF,0xFF,0xC2,0x00,0x00,0x00,0x00,0x00,0x00,0xDE,0xFF,0xFF,0xFF,0xFF,0x34,0x00,
    0x00,0x00,0x00,0x00,0x10,0xFA,0xFF,0xFF,0xFF,0xFB,0x21,0x00,0x00,0x00,0x00,0x39,
    0xFF,0xFF,0xFF,0xFF,0xEF,0x03,0x00,0x00,0x00,0x00,0x00,0x00,0x9C,0xFF,0xFF,0xFF,
    0xFF,0xD5,0x41,0x09,0x0C,0x4E,0xE3,0xFF,0xFF,0xFF,0xFF,0x82,0x00,0x00,0x00,0x00,
    0x00,0x00,0x00,0x14,0xDD,0xFF,0xFF,0xFF,0xFF,0xFF,0xFF,0xFF,0xFF,0xFF,0xFF,0xFF,
    0xFF,0xCD,0x0B,0x00,0x00,0x00,0x00,0x00,0x00,0x00,0x00,0x1C,0xBF,0xFF,0xFF,0xFF,
    0xFF,0xFF,0xFF,0xFF,0xFF,0xFF,0xFF,0xAF,0x13,0x00,0x00,0x00,0x00,0x00,0x00,0x00,
    0x00,0x00,0x00,0x00,0x3D,0x94,0xCA,0xEA,0xF9,0xF8,0xE9,0xC6,0x8E,0x32,0x00,0x00,
    0x00,0x00,0x00,0x00,0x00,0x00,0x00,0x00,0x00,0x00,0x00,0x00,0x00,0x00,0x00,0x00,
    0x00,0x00,0x00,0x00,0x00,0x00,0x39,0x74,0x3D,0x00,0x00,0x00,0x00,0x00,0x00,0x00,
    0x00,0x00,0x00,0x00,0x00,0x00,0x00,0x00,0x00,0x00,0x4B,0xFF,0xA4,0x00,0x00,0xF8,
    0xFF,0xFF,0xFF,0xC8,0x00,0x00,0x00,0x00,0x00,0xD8,0xFF,0xFF,0xFF,0xE0,0x2F,0xFF,
    0xBE,0x00,0x00,0xF8,0xFF,0xFF,0xFF,0xC7,0x00,0x00,0x00,0x00,0x00,0xD8,0xFF,0xFF,
    0xFF,0xED,0x77,0xFF,0xBA,0x00,0x00,0xF8,0xFF,0xFF,0xFF,0xC6,0x00,0x00,0x00,0x00,
    0x00,0xD8,0xFF,0xFF,0xFF,0xFF,0xFF,0xFF,0x8C,0x00,0x00,0xF8,0xFF,0xFF,0xFF,0xC5,
    0x00,0x00,0x00,0x00,0x00,0xD8,0xFF,0xFF,0xFF,0xFF,0xFF,0xDC,0x1B,0x00,0x00,0xF8,
    0xFF,0xFF,0xFF,0xC4,0x00,0x00,0x00,0x00,0x00,0xD8,0xFF,0xFF,0xFF,0xEB,0x25,0x03,
    0x00,0x00,0x00,0xF8,0xFF,0xFF,0xFF,0xC2,0x00,0x00,0x00,0x00,0x00,0xD8,0xFF,0xFF,
    0xFF,0xE0,0x00,0x00,0x00,0x00,0x00,0xF8,0xFF,0xFF,0xFF,0xC0,0x00,0x00,0x00,0x00,
    0x00,0xD8,0xFF,0xFF,0xFF,0xE0,0x00,0x00,0x00,0x00,0x00,0xF8,0xFF,0xFF,0xFF,0xC0,
    0x00,0x00,0x00,0x00,0x00,0xDA,0xFF,0xFF,0xFF,0xE0,0x00,0x00,0x00,0x00,0x00,0xF8,
    0xFF,0xFF,0xFF,0xC4,0x00,0x00,0x00,0x00,0x00,0xF3,0xFF,0xFF,0xFF,0xE0,0x00,0x00,
    0x00,0x00,0x00,0xF4,0xFF,0xFF,0xFF,0xD1,0x00,0x00,0x00,0x00,0x1E,0xFF,0xFF,0xFF,
    0xFF,0xE0,0x00,0x00,0x00,0x00,0x00,0xE2,0xFF,0xFF,0xFF,0xF4,0x07,0x00,0x00,0x00,
    0x8C,0xFF,0xFF,0xFF,0xFF,0xE0,0x00,0x00,0x00,0x00,0x00,0xB1,0xFF,0xFF,0xFF,0xFF,
    0xA6,0x1D,0x10,0x71,0xFC,0xFF,0xFF,0xFF,0xFF,0xE0,0x00,0x00,0x00,0x00,0x00,0x52,
    0xFF,0xFF,0xFF,0xFF,0xFF,0xFF,0xFF,0xFF,0xBB,0xDB,0xFF,0xFF,0xFF,0xE0,0x00,0x00,
    0x00,0x00,0x00,0x00,0xA4,0xFF,0xFF,0xFF,0xFF,0xFF,0xFF,0xC4,0x11,0xD8,0xFF,0xFF,
    0xFF,0xE0,0x00,0x00,0x00,0x00,0x00,0x00,0x01,0x63,0xC4,0xF1,0xF6,0xD2,0x72,0x05,
    0x00,0xD8,0xFF,0xFF,0xFF,0xE0,0x00,0x00,0x00,0x00,0x00,0x00,0x00,0x00,0x00,0x00,
    0xC3,0xFF,0xFF,0xFF,0xFF,0xFF,0xA6,0x00,0x00,0x00,0x00,0x00,0x00,0x00,0x00,0x00,
    0x00,0x00,0x00,0x00,0x21,0xFE,0xFF,0xFF,0xFF,0xFF,0xFF,0xF6,0x0D,0x00,0x00,0x00,
    0x00,0x00,0x00,0x00,0x00,0x00,0x00,0x00,0x00,0x7E,0xFF,0xFF,0xFF,0xFF,0xFF,0xFF,
    0xFF,0x61,0x00,0x00,0x00,0x00,0x00,0x00,0x00,0x00,0x00,0x00,0x00,0x00,0xDA,0xFF,
    0xFF,0xFF,0xFF,0xFF,0xFF,0xFF,0xBE,0x00,0x00,0x00,0x00,0x00,0x00,0x00,0x00,0x00,
    0x00,0x00,0x39,0xFF,0xFF,0xFF,0xFF,0xFD,0xFF,0xFF,0xFF,0xFE,0x1D,0x00,0x00,0x00,
    0x00,0x00,0x00,0x00,0x00,0x00,0x00,0x96,0xFF,0xFF,0xFF,0xFF,0x8C,0xFF,0xFF,0xFF,
    0xFF,0x79,0x00,0x00,0x00,0x00,0x00,0x00,0x00,0x00,0x00,0x06,0xED,0xFF,0xFF,0xFF,
    0xE3,0x0B,0xF4,0xFF,0xFF,0xFF,0xD6,0x00,0x00,0x00,0x00,0x00,0x00,0x00,0x00,0x00,
    0x51,0xFF,0xFF,0xFF,0xFF,0x90,0x00,0xAB,0xFF,0xFF,0xFF,0xFF,0x34,0x00,0x00,0x00,
    0x00,0x00,0x00,0x00,0x00,0xAE,0xFF,0xFF,0xFF,0xFF,0x3C,0x00,0x57,0xFF,0xFF,0xFF,
    0xFF,0x91,0x00,0x00,0x00,0x00,0x00,0x00,0x00,0x12,0xF9,0xFF,0xFF,0xFF,0xE5,0x01,
    0x00,0x0B,0xF6,0xFF,0xFF,0xFF,0xEA,0x04,0x00,0x00,0x00,0x00,0x00,0x00,0x69,0xFF,
    0xFF,0xFF,0xFF,0x93,0x00,0x00,0x00,0xAF,0xFF,0xFF,0xFF,0xFF,0x4C,0x00,0x00,0x00,
    0x00,0x00,0x00,0xC6,0xFF,0xFF,0xFF,0xFF,0x3E,0x00,0x00,0x00,0x5B,0xFF,0xFF,0xFF,
    0xFF,0xA9,0x00,0x00,0x00,0x00,0x00,0x24,0xFF,0xFF,0xFF,0xFF,0xE7,0x02,0x00,0x00,
    0x00,0x0E,0xF8,0xFF,0xFF,0xFF,0xF7,0x0F,0x00,0x00,0x00,0x00,0x81,0xFF,0xFF,0xFF,
    0xFF,0xFF,0xFF,0xFF,0xFF,0xFF,0xFF,0xFF,0xFF,0xFF,0xFF,0xFF,0x64,0x00,0x00,0x00,
    0x00,0xDD,0xFF,0xFF,0xFF,0xFF,0xFF,0xFF,0xFF,0xFF,0xFF,0xFF,0xFF,0xFF,0xFF,0xFF,
    0xFF,0xC1,0x00,0x00,0x00,0x3C,0xFF,0xFF,0xFF,0xFF,0xFF,0xFF,0xFF,0xFF,0xFF,0xFF,
    0xFF,0xFF,0xFF,0xFF,0xFF,0xFF,0xFE,0x20,0x00,0x00,0x99,0xFF,0xFF,0xFF,0xFF,0x53,
    0x00,0x00,0x00,0x00,0x00,0x00,0x00,0x6D,0xFF,0xFF,0xFF,0xFF,0x7C,0x00,0x07,0xEF,
    0xFF,0xFF,0xFF,0xF7,0x0B,0x00,0x00,0x00,0x00,0x00,0x00,0x00,0x1E,0xFF,0xFF,0xFF,
    0xFF,0xD9,0x00,0x54,0xFF,0xFF,0xFF,0xFF,0xB3,0x00,0x00,0x00,0x00,0x00,0x00,0x00,
    0x00,0x00,0xCF,0xFF,0xFF,0xFF,0xFF,0x37,0xB1,0xFF,0xFF,0xFF,0xFF,0x63,0x00,0x00,
    0x00,0x00,0x00,0x00,0x00,0x00,0x00,0x80,0xFF,0xFF,0xFF,0xFF,0x95,0x00,0x00,0x00,
    0x00,0x00,0x00,0x00,0x00,0x00,0x00,0x00,0x00,0x00,0x00,0x00,0x00,0x00,0x00,0x00,
    0x00,0x00,0x00,0x00,0x00,0x00,0x00,0x00,0x00,0x00,0x0F,0x1C,0x1C,0x1C,0x1C,0x04,
    0x00,0x00,0x00,0x00,0x00,0x00,0x00,0x00,0x00,0x00,0x00,0x00,0x00,0x00,0x00,0x90,
    0xFF,0xFF,0xFF,0xFF,0x28,0x00,0x00,0x00,0x00,0x00,0x00,0x00,0x00,0x00,0x00,0x00,
    0x00,0x00,0x00,0x00,0x90,0xFF,0xFF,0xFF,0xFF,0x28,0x00,0x00,0x00,0x00,0x00,0x00,
    0x00,0x00,0x00,0x00,0x00,0x00,0x00,0x00,0x00,0x90,0xFF,0xFF,0xFF,0xFF,0x28,0x00,
    0x00,0x00,0x00,0x00,0x00,0x00,0x00,0x00,0x00,0x00,0x00,0x00,0x00,0x00,0x69,0xBC,
    0xBC,0xBC,0xBC,0x1D,0x00,0x00,0x00,0x00,0x00,0x00,0x00,0x00,0x00,0x09,0x40,0x7E,
    0xB8,0xDC,0xF3,0xFC,0xF2,0xDD,0xAD,0x60,0x09,0x00,0x00,0x00,0x00,0x00,0x00,0x8C,
    0xFF,0xFF,0xFF,0xFF,0xFF,0xFF,0xFF,0xFF,0xFF,0xFF,0xDB,0x2E,0x00,0x00,0x00,0x00,
    0x00,0x8C,0xFF,0xFF,0xFF,0xFF,0xFF,0xFF,0xFF,0xFF,0xFF,0xFF,0xFF,0xE3,0x11,0x00,
    0x00,0x00,0x00,0x80,0xAD,0x5E,0x32,0x1B,0x06,0x13,0x3C,0xB3,0xFF,0xFF,0xFF,0xFF,
    0x7A,0x00,0x00,0x00,0x00,0x00,0x00,0x00,0x00,0x00,0x00,0x00,0x00,0x05,0xDE,0xFF,
    0xFF,0xFF,0xC9,0x00,0x00,0x00,0x00,0x00,0x00,0x00,0x00,0x00,0x00,0x00,0x00,0x00,
    0xAD,0xFF,0xFF,0xFF,0xF9,0x00,0x00,0x00,0x00,0x00,0x29,0x85,0xC0,0xE3,0xF5,0xFE,
    0xFF,0xFF,0xFF,0xFF,0xFF,0xFF,0xFF,0x0D,0x00,0x00,0x00,0x86,0xFE,0xFF,0xFF,0xFF,
    0xFF,0xFF,0xFF,0xFF,0xFF,0xFF,0xFF,0xFF,0xFF,0x17,0x00,0x00,0x56,0xFF,0xFF,0xFF,
    0xFF,0xFF,0xFF,0xFF,0xFF,0xFF,0xFF,0xFF,0xFF,0xFF,0xFF,0x18,0x00,0x00,0xB4,0xFF,
    0xFF,0xFF,0xFF,0x90,0x25,0x07,0x00,0x00,0xB1,0xFF,0xFF,0xFF,0xFF,0x18,0x00,0x00,
    0xD1,0xFF,0xFF,0xFF,0xF9,0x02,0x00,0x00,0x00,0x13,0xEB,0xFF,0xFF,0xFF,0xFF,0x18,
    0x00,0x00,0xBC,0xFF,0xFF,0xFF,0xFF,0x7C,0x13,0x0C,0x43,0xCF,0xFF,0xFF,0xFF,0xFF,
    0xFF,0x18,0x00,0x00,0x64,0xFF,0xFF,0xFF,0xFF,0xFF,0xFF,0xFF,0xFF,0xE3,0xBC,0xFF,
    0xFF,0xFF,0xFF,0x18,0x00,0x00,0x02,0xA9,0xFF,0xFF,0xFF,0xFF,0xFF,0xFF,0xEA,0x35,
    0xA8,0xFF,0xFF,0xFF,0xFF,0x18,0x00,0x00,0x00,0x01,0x5D,0xC1,0xF1,0xF8,0xDC,0x92,
    0x1D,0x00,0xA8,0xFF,0xFF,0xFF,0xFF,0x18,0x00,0x00,0x00,0x00,0x00,0x00,0x00,0x00,
    0x00,0x00,0x00,0x00,0x00,0x00,0x00,0x00,0x00,0x00,0x00,0x00,0x00,0x00,0x00,0x00,
    0x00,0x19,0x1C,0x1C,0x1C,0x16,0x00,0x00,0x00,0x00,0x00,0x00,0x00,0x00,0x00,0x00,
    0x00,0x00,0x00,0xE8,0xFF,0xFF,0xFF,0xD0,0x00,0x00,0x00,0x00,0x00,0x00,0x00,0x00,
    0x00,0x00,0x00,0x00,0x00,0xE8,0xFF,0xFF,0xFF,0xD0,0x00,0x00,0x00,0x00,0x00,0x00,
    0x00,0x00,0x00,0x00,0x00,0x00,0x00,0xE8,0xFF,0xFF,0xFF,0xD0,0x00,0x00,0x00,0x00,
    0x00,0x00,0x00,0x00,0x00,0x00,0x00,0x00,0x00,0xAA,0xBC,0xBC,0xBC,0x98,0x00,0x00,
    0x00,0x00,0x00,0x00,0x00,0x00,0x00,0x00,0x00,0x00,0x00,0x00,0x44,0x8C,0xB1,0xBB,
    0xA1,0x51,0x00,0x00,0x00,0x00,0x00,0x00,0x00,0x00,0x00,0x00,0x00,0x00,0x00,0x00,
    0x00,0xCB,0xD6,0xA7,0xA1,0xE0,0xFF,0x7E,0x00,0x00,0x00,0x00,0x00,0x00,0x00,0x00,
    0x00,0x00,0x00,0x00,0x00,0x00,0x1B,0x00,0x00,0x00,0x2B,0xFF,0xD5,0x00,0x00,0x00,
    0x00,0x00,0x00,0x00,0x00,0x00,0x00,0x00,0x00,0x00,0x00,0x00,0x00,0x00,0x0E,0xBC,
    0xFF,0xAB,0x00,0x00,0x00,0x00,0x00,0x00,0x00,0x00,0x00,0x00,0x00,0x00,0x00,0x00,
    0x00,0x00,0x13,0xD4,0xFF,0xCC,0x16,0x00,0x00,0x00,0x00,0x00,0x00,0x00,0x00,0x00,
    0x00,0x00,0x00,0x00,0x00,0x00,0x00,0x78,0xFF,0xC7,0x07,0x00,0x00,0x00,0x00,0x00,
    0x00,0x00,0x00,0x00,0x00,0x00,0x00,0x00,0x00,0x00,0x00,0x00,0x30,0x5C,0x38,0x00,
    0x00,0x00,0x00,0x00,0x00,0x00,0x00,0x00,0x00,0x00,0x00,0x00,0x00,0x00,0x00,0x00,
    0x00,0x00,0x00,0x00,0x00,0x00,0x00,0x00,0x00,0x00,0x00,0x00,0x00,0x00,0x00,0x00,
    0x00,0x00,0x00,0x00,0xC3,0xFF,0xFF,0xFF,0xFF,0xFF,0xA6,0x00,0x00,0x00,0x00,0x00,
    0x00,0x00,0x00,0x00,0x00,0x00,0x00,0x00,0x21,0xFE,0xFF,0xFF,0xFF,0xFF,0xFF,0xF6,
    0x0D,0x00,0x00,0x00,0x00,0x00,0x00,0x00,0x00,0x00,0x00,0x00,0x00,0x7E,0xFF,0xFF,
    0xFF,0xFF,0xFF,0xFF,0xFF,0x61,0x00,0x00,0x00,0x00,0x00,0x00,0x00,0x00,0x00,0x00,
    0x00,0x00,0xDA,0xFF,0xFF,0xFF,0xFF,0xFF,0xFF,0xFF,0xBE,0x00,0x00,0x00,0x00,0x00,
    0x00,0x00,0x00,0x00,0x00,0x00,0x39,0xFF,0xFF,0xFF,0xFF,0xFD,0xFF,0xFF,0xFF,0xFE,
    0x1D,0x00,0x00,0x00,0x00,0x00,0x00,0x00,0x00,0x00,0x00,0x96,0xFF,0xFF,0xFF,0xFF,
    0x8C,0xFF,0xFF,0xFF,0xFF,0x79,0x00,0x00,0x00,0x00,0x00,0x00,0x00,0x00,0x00,0x06,
    0xED,0xFF,0xFF,0xFF,0xE3,0x0B,0xF4,0xFF,0xFF,0xFF,0xD6,0x00,0x00,0x00,0x00,0x00,
    0x00,0x00,0x00,0x00,0x51,0xFF,0xFF,0xFF,0xFF,0x90,0x00,0xAB,0xFF,0xFF,0xFF,0xFF,
    0x34,0x00,0x00,0x00,0x00,0x00,0x00,0x00,0x00,0xAE,0xFF,0xFF,0xFF,0xFF,0x3C,0x00,
    0x57,0xFF,0xFF,0xFF,0xFF,0x91,0x00,0x00,0x00,0x00,0x00,0x00,0x00,0x12,0xF9,0xFF,
    0xFF,0xFF,0xE5,0x01,0x00,0x0B,0xF6,0xFF,0xFF,0xFF,0xEA,0x04,0x00,0x00,0x00,0x00,
    0x00,0x00,0x69,0xFF,0xFF,0xFF,0xFF,0x93,0x00,0x00,0x00,0xAF,0xFF,0xFF,0xFF,0xFF,
    0x4C,0x00,0x00,0x00,0x00,0x00,0x00,0xC6,0xFF,0xFF,0xFF,0xFF,0x3E,0x00,0x00,0x00,
    0x5B,0xFF,0xFF,0xFF,0xFF,0xA9,0x00,0x00,0x00,0x00,0x00,0x24,0xFF,0xFF,0xFF,0xFF,
    0xE7,0x02,0x00,0x00,0x00,0x0E,0xF8,0xFF,0xFF,0xFF,0xF7,0x0F,0x00,0x00,0x00,0x00,
    0x81,0xFF,0xFF,0xFF,0xFF,0xFF,0xFF,0xFF,0xFF,0xFF,0xFF,0xFF,0xFF,0xFF,0xFF,0xFF,
    0x64,0x00,0x00,0x00,0x00,0xDD,0xFF,0xFF,0xFF,0xFF,0xFF,0xFF,0xFF,0xFF,0xFF,0xFF,
    0xFF,0xFF,0xFF,0xFF,0xFF,0xC1,0x00,0x00,0x00,0x3C,0xFF,0xFF,0xFF,0xFF,0xFF,0xFF,
    0xFF,0xFF,0xFF,0xFF,0xFF,0xFF,0xFF,0xFF,0xFF,0xFF,0xFE,0x20,0x00,0x00,0x99,0xFF,
    0xFF,0xFF,0xFF,0x53,0x00,0x00,0x00,0x00,0x00,0x00,0x00,0x6D,0xFF,0xFF,0xFF,0xFF,
    0x7C,0x00,0x07,0xEF,0xFF,0xFF,0xFF,0xF7,0x0B,0x00,0x00,0x00,0x00,0x00,0x00,0x00,
    0x1E,0xFF,0xFF,0xFF,0xFF,0xD9,0x00,0x54,0xFF,0xFF,0xFF,0xFF,0xB3,0x00,0x00,0x00,
    0x00,0x00,0x00,0x00,0x00,0x00,0xCF,0xFF,0xFF,0xFF,0xFF,0x37,0xB1,0xFF,0xFF,0xFF,
    0xFF,0x63,0x00,0x00,0x00,0x00,0x00,0x00,0x00,0x00,0x00,0x80,0xFF,0xFF,0xFF,0xFF,
    0x95,0x00,0x00,0x00,0x00,0x00,0x00,0x5D,0x96,0xB6,0xB8,0x97,0x39,0x00,0x00,0x00,
    0x00,0x00,0x00,0x00,0x00,0x00,0x00,0x00,0x00,0xFD,0xC9,0xA1,0xA8,0xEE,0xFD,0x4C,
    0x00,0x00,0x00,0x00,0x00,0x00,0x00,0x00,0x00,0x00,0x00,0x1B,0x00,0x00,0x00,0x5F,
    0xFF,0xA1,0x00,0x00,0x00,0x00,0x00,0x00,0x00,0x00,0x00,0x00,0x00,0x00,0x00,0x00,
    0x21,0xDC,0xFF,0x77,0x00,0x00,0x00,0x00,0x00,0x00,0x00,0x00,0x00,0x00,0x00,0x00,
    0x00,0x2F,0xEC,0xFF,0xA8,0x05,0x00,0x00,0x00,0x00,0x00,0x00,0x00,0x00,0x00,0x00,
    0x00,0x00,0x00,0xAC,0xFF,0x9B,0x00,0x00,0x00,0x00,0x00,0x00,0x00,0x00,0x00,0x00,
    0x00,0x00,0x00,0x00,0x00,0x43,0x5C,0x25,0x00,0x00,0x00,0x00,0x00,0x00,0x00,0x00,
    0x00,0x00,0x00,0x00,0x00,0x00,0x00,0x00,0x00,0x00,0x00,0x00,0x00,0x00,0x00,0x00,
    0x00,0x00,0x00,0x09,0x40,0x7E,0xB8,0xDC,0xF3,0xFC,0xF2,0xDD,0xAD,0x60,0x09,0x00,
    0x00,0x00,0x00,0x00,0x00,0x8C,0xFF,0xFF,0xFF,0xFF,0xFF,0xFF,0xFF,0xFF,0xFF,0xFF,
    0xDB,0x2E,0x00,0x00,0x00,0x00,0x00,0x8C,0xFF,0xFF,0xFF,0xFF,0xFF,0xFF,0xFF,0xFF,
    0xFF,0xFF,0xFF,0xE3,0x11,0x00,0x00,0x00,0x00,0x80,0xAD,0x5E,0x32,0x1B,0x06,0x13,
    0x3C,0xB3,0xFF,0xFF,0xFF,0xFF,0x7A,0x00,0x00,0x00,0x00,0x00,0x00,0x00,0x00,0x00,
    0x00,0x00,0x00,0x05,0xDE,0xFF,0xFF,0xFF,0xC9,0x00,0x00,0x00,0x00,0x00,0x00,0x00,
    0x00,0x00,0x00,0x00,0x00,0x00,0xAD,0xFF,0xFF,0xFF,0xF9,0x00,0x00,0x00,0x00,0x00,
    0x29,0x85,0xC0,0xE3,0xF5,0xFE,0xFF,0xFF,0xFF,0xFF,0xFF,0xFF,0xFF,0x0D,0x00,0x00,
    0x00,0x86,0xFE,0xFF,0xFF,0xFF,0xFF,0xFF,0xFF,0xFF,0xFF,0xFF,0xFF,0xFF,0xFF,0x17,
    0x00,0x00,0x56,0xFF,0xFF,0xFF,0xFF,0xFF,0xFF,0xFF,0xFF,0xFF,0xFF,0xFF,0xFF,0xFF,
    0xFF,0x18,0x00,0x00,0xB4,0xFF,0xFF,0xFF,0xFF,0x90,0x25,0x07,0x00,0x00,0xB1,0xFF,
    0xFF,0xFF,0xFF,0x18,0x00,0x00,0xD1,0xFF,0xFF,0xFF,0xF9,0x02,0x00,0x00,0x00,0x13,
    0xEB,0xFF,0xFF,0xFF,0xFF,0x18,0x00,0x00,0xBC,0xFF,0xFF,0xFF,0xFF,0x7C,0x13,0x0C,
    0x43,0xCF,0xFF,0xFF,0xFF,0xFF,0xFF,0x18,0x00,0x00,0x64,0xFF,0xFF,0xFF,0xFF,0xFF,
    0xFF,0xFF,0xFF,0xE3,0xBC,0xFF,0xFF,0xFF,0xFF,0x18,0x00,0x00,0x02,0xA9,0xFF,0xFF,
    0xFF,0xFF,0xFF,0xFF,0xEA,0x35,0xA8,0xFF,0xFF,0xFF,0xFF,0x18,0x00,0x00,0x00,0x01,
    0x5D,0xC1,0xF1,0xF8,0xDC,0x92,0x1D,0x00,0xA8,0xFF,0xFF,0xFF,0xFF,0x18,0x00,0x00,
    0x00,0x00,0x00,0x00,0x00,0x00,0x00,0x00,0x00,0x00,0x00,0x00,0x00,0x00,0x8C,0xFF,
    0xFF,0xD7,0x27,0x00,0x00,0x00,0x00,0x00,0x00,0x00,0x00,0x00,0x00,0x00,0x00,0x00,
    0x00,0x00,0x6A,0xFF,0xFF,0xB0,0x0D,0x00,0x00,0x00,0x00,0x00,0x00,0x00,0x00,0x00,
    0x00,0x00,0x00,0x00,0x00,0x00,0x4B,0xFC,0xFE,0x7E,0x01,0x00,0x00,0x00,0x00,0x00,
    0x00,0x00,0x00,0x00,0x00,0x22,0xE3,0xFF,0xFF,0xFF,0xE2,0x21,0x00,0x00,0x00,0x00,
    0x00,0x00,0x00,0x00,0x00,0x00,0x00,0x00,0x00,0x1F,0xE0,0xFF,0xD5,0x59,0xD6,0xFF,
    0xE0,0x1F,0x00,0x00,0x00,0x00,0x00,0x00,0x00,0x00,0x00,0x00,0x00,0x1C,0xDD,0xFE,
    0x91,0x08,0x00,0x08,0x91,0xFE,0xDD,0x1C,0x00,0x00,0x00,0x00,0x00,0x00,0x00,0x00,
    0x00,0x00,0x00,0x00,0x00,0x00,0x00,0x00,0x00,0x00,0x00,0x00,0x00,0x00,0x00,0x00,
    0x00,0x00,0x00,0x00,0x00,0x00,0x00,0x00,0x00,0x00,0x00,0x00,0x00,0x00,0x00,0x00,
    0x00,0x00,0x00,0x00,0x00,0x00,0x00,0x00,0x00,0x00,0x00,0x00,0x00,0x00,0xC3,0xFF,
    0xFF,0xFF,0xFF,0xFF,0xA6,0x00,0x00,0x00,0x00,0x00,0x00,0x00,0x00,0x00,0x00,0x00,
    0x00,0x00,0x21,0xFE,0xFF,0xFF,0xFF,0xFF,0xFF,0xF6,0x0D,0x00,0x00,0x00,0x00,0x00,
    0x00,0x00,0x00,0x00,0x00,0x00,0x00,0x7E,0xFF,0xFF,0xFF,0xFF,0xFF,0xFF,0xFF,0x61,
    0x00,0x00,0x00,0x00,0x00,0x00,0x00,0x00,0x00,0x00,0x00,0x00,0xDA,0xFF,0xFF,0xFF,
    0xFF,0xFF,0xFF,0xFF,0xBE,0x00,0x00,0x00,0x00,0x00,0x00,0x00,0x00,0x00,0x00,0x00,
    0x39,0xFF,0xFF,0xFF,0xFF,0xFD,0xFF,0xFF,0xFF,0xFE,0x1D,0x00,0x00,0x00,0x00,0x00,
    0x00,0x00,0x00,0x00,0x00,0x96,0xFF,0xFF,0xFF,0xFF,0x8C,0xFF,0xFF,0xFF,0xFF,0x79,
    0x00,0x00,0x00,0x00,0x00,0x00,0x00,0x00,0x00,0x06,0xED,0xFF,0xFF,0xFF,0xE3,0x0B,
    0xF4,0xFF,0xFF,0xFF,0xD6,0x00,0x00,0x00,0x00,0x00,0x00,0x00,0x00,0x00,0x51,0xFF,
    0xFF,0xFF,0xFF,0x90,0x00,0xAB,0xFF,0xFF,0xFF,0xFF,0x34,0x00,0x00,0x00,0x00,0x00,
    0x00,0x00,0x00,0xAE,0xFF,0xFF,0xFF,0xFF,0x3C,0x00,0x57,0xFF,0xFF,0xFF,0xFF,0x91,
    0x00,0x00,0x00,0x00,0x00,0x00,0x00,0x12,0xF9,0xFF,0xFF,0xFF,0xE5,0x01,0x00,0x0B,
    0xF6,0xFF,0xFF,0xFF,0xEA,0x04,0x00,0x00,0x00,0x00,0x00,0x00,0x69,0xFF,0xFF,0xFF,
    0xFF,0x93,0x00,0x00,0x00,0xAF,0xFF,0xFF,0xFF,0xFF,0x4C,0x00,0x00,0x00,0x00,0x00,
    0x00,0xC6,0xFF,0xFF,0xFF,0xFF,0x3E,0x00,0x00,0x00,0x5B,0xFF,0xFF,0xFF,0xFF,0xA9,
    0x00,0x00,0x00,0x00,0x00,0x24,0xFF,0xFF,0xFF,0xFF,0xE7,0x02,0x00,0x00,0x00,0x0E,
    0xF8,0xFF,0xFF,0xFF,0xF7,0x0F,0x00,0x00,0x00,0x00,0x81,0xFF,0xFF,0xFF,0xFF,0xFF,
    0xFF,0xFF,0xFF,0xFF,0xFF,0xFF,0xFF,0xFF,0xFF,0xFF,0x64,0x00,0x00,0x00,0x00,0xDD,
    0xFF,0xFF,0xFF,0xFF,0xFF,0xFF,0xFF,0xFF,0xFF,0xFF,0xFF,0xFF,0xFF,0xFF,0xFF,0xC1,
    0x00,0x00,0x00,0x3C,0xFF,0xFF,0xFF,0xFF,0xFF,0xFF,0xFF,0xFF,0xFF,0xFF,0xFF,0xFF,
    0xFF,0xFF,0xFF,0xFF,0xFE,0x20,0x00,0x00,0x99,0xFF,0xFF,0xFF,0xFF,0x53,0x00,0x00,
    0x00,0x00,0x00,0x00,0x00,0x6D,0xFF,0xFF,0xFF,0xFF,0x7C,0x00,0x07,0xEF,0xFF,0xFF,
    0xFF,0xF7,0x0B,0x00,0x00,0x00,0x00,0x00,0x00,0x00,0x1E,0xFF,0xFF,0xFF,0xFF,0xD9,
    0x00,0x54,0xFF,0xFF,0xFF,0xFF,0xB3,0x00,0x00,0x00,0x00,0x00,0x00,0x00,0x00,0x00,
    0xCF,0xFF,0xFF,0xFF,0xFF,0x37,0xB1,0xFF,0xFF,0xFF,0xFF,0x63,0x00,0x00,0x00,0x00,
    0x00,0x00,0x00,0x00,0x00,0x80,0xFF,0xFF,0xFF,0xFF,0x95,0x00,0x00,0x00,0x00,0x00,
    0x00,0x00,0x00,0x00,0x00,0x00,0x00,0x00,0x90,0xFF,0xFF,0xD5,0x25,0x00,0x00,0x00,
    0x00,0x00,0x00,0x00,0x00,0x00,0x00,0x00,0x00,0x6E,0xFF,0xFF,0xAD,0x0C,0x00,0x00,
    0x00,0x00,0x00,0x00,0x00,0x00,0x00,0x00,0x00,0x00,0x4F,0xFD,0xFD,0x7B,0x01,0x00,
    0x00,0x00,0x00,0x00,0x00,0x00,0x24,0xE5,0xFF,0xFF,0xFF,0xE0,0x1F,0x00,0x00,0x00,
    0x00,0x00,0x00,0x00,0x00,0x00,0x00,0x21,0xE2,0xFF,0xD3,0x58,0xD7,0xFF,0xDE,0x1D,
    0x00,0x00,0x00,0x00,0x00,0x00,0x00,0x00,0x1E,0xE0,0xFE,0x8E,0x07,0x00,0x09,0x94,
    0xFE,0xDB,0x1A,0x00,0x00,0x00,0x00,0x00,0x00,0x00,0x00,0x00,0x00,0x00,0x00,0x00,
    0x00,0x00,0x00,0x00,0x00,0x00,0x00,0x00,0x00,0x00,0x00,0x00,0x00,0x00,0x00,0x00,
    0x00,0x00,0x00,0x00,0x00,0x00,0x00,0x00,0x00,0x00,0x00,0x00,0x00,0x09,0x40,0x7E,
    0xB8,0xDC,0xF3,0xFC,0xF2,0xDD,0xAD,0x60,0x09,0x00,0x00,0x00,0x00,0x00,0x00,0x8C,
    0xFF,0xFF,0xFF,0xFF,0xFF,0xFF,0xFF,0xFF,0xFF,0xFF,0xDB,0x2E,0x00,0x00,0x00,0x00,
    0x00,0x8C,0xFF,0xFF,0xFF,0xFF,0xFF,0xFF,0xFF,0xFF,0xFF,0xFF,0xFF,0xE3,0x11,0x00,
    0x00,0x00,0x00,0x80,0xAD,0x5E,0x32,0x1B,0x06,0x13,0x3C,0xB3,0xFF,0xFF,0xFF,0xFF,
    0x7A,0x00,0x00,0x00,0x00,0x00,0x00,0x00,0x00,0x00,0x00,0x00,0x00,0x05,0xDE,0xFF,
    0xFF,0xFF,0xC9,0x00,0x00,0x00,0x00,0x00,0x00,0x00,0x00,0x00,0x00,0x00,0x00,0x00,
    0xAD,0xFF,0xFF,0xFF,0xF9,0x00,0x00,0x00,0x00,0x00,0x29,0x85,0xC0,0xE3,0xF5,0xFE,
    0xFF,0xFF,0xFF,0xFF,0xFF,0xFF,0xFF,0x0D,0x00,0x00,0x00,0x86,0xFE,0xFF,0xFF,0xFF,
    0xFF,0xFF,0xFF,0xFF,0xFF,0xFF,0xFF,0xFF,0xFF,0x17,0x00,0x00,0x56,0xFF,0xFF,0xFF,
    0xFF,0xFF,0xFF,0xFF,0xFF,0xFF,0xFF,0xFF,0xFF,0xFF,0xFF,0x18,0x00,0x00,0xB4,0xFF,
    0xFF,0xFF,0xFF,0x90,0x25,0x07,0x00,0x00,0xB1,0xFF,0xFF,0xFF,0xFF,0x18,0x00,0x00,
    0xD1,0xFF,0xFF,0xFF,0xF9,0x02,0x00,0x00,0x00,0x13,0xEB,0xFF,0xFF,0xFF,0xFF,0x18,
    0x00,0x00,0xBC,0xFF,0xFF,0xFF,0xFF,0x7C,0x13,0x0C,0x43,0xCF,0xFF,0xFF,0xFF,0xFF,
    0xFF,0x18,0x00,0x00,0x64,0xFF,0xFF,0xFF,0xFF,0xFF,0xFF,0xFF,0xFF,0xE3,0xBC,0xFF,
    0xFF,0xFF,0xFF,0x18,0x00,0x00,0x02,0xA9,0xFF,0xFF,0xFF,0xFF,0xFF,0xFF,0xEA,0x35,
    0xA8,0xFF,0xFF,0xFF,0xFF,0x18,0x00,0x00,0x00,0x01,0x5D,0xC1,0xF1,0xF8,0xDC,0x92,
    0x1D,0x00,0xA8,0xFF,0xFF,0xFF,0xFF,0x18,0x00,0x00,0x00,0x00,0x00,0x00,0x00,0x00,
    0x00,0x00,0x00,0x00,0x51,0xF2,0xFF,0xFC,0x4A,0x00,0x00,0x00,0x00,0x00,0x00,0x00,
    0x00,0x00,0x00,0x00,0x00,0x00,0x00,0x00,0x00,0x00,0x29,0xD9,0xFF,0xF3,0x31,0x00,
    0x00,0x00,0x00,0x00,0x00,0x00,0x00,0x00,0x00,0x00,0x00,0x00,0x00,0x00,0x00,0x00,
    0x0E,0xB2,0xFF,0xE6,0x1E,0x00,0x00,0x00,0x00,0x00,0x00,0x00,0x00,0x00,0x00,0x58,
    0xFC,0xFF,0xFF,0xFF,0xAF,0x04,0x00,0x00,0x00,0x00,0x00,0x00,0x00,0x00,0x00,0x00,
    0x00,0x00,0x00,0x54,0xFB,0xFF,0xA7,0x6A,0xF3,0xFF,0xAB,0x04,0x00,0x00,0x00,0x00,
    0x00,0x00,0x00,0x00,0x00,0x00,0x00,0x4F,0xFA,0xEF,0x59,0x00,0x00,0x23,0xC5,0xFF,
    0xA6,0x03,0x00,0x00,0x00,0x00,0x00,0x00,0x00,0x00,0x00,0x00,0x00,0x00,0x00,0x00,
    0x00,0x00,0x00,0x00,0x00,0x00,0x00,0x00,0x00,0x00,0x00,0x00,0x00,0x00,0x00,0x00,
    0x00,0x00,0x00,0x00,0x00,0x00,0x00,0x00,0x00,0x00,0x00,0x00,0x00,0x00,0x00,0x00,
    0x00,0x00,0x00,0x00,0x00,0x00,0x00,0x00,0xC3,0xFF,0xFF,0xFF,0xFF,0xFF,0xA6,0x00,
    0x00,0x00,0x00,0x00,0x00,0x00,0x00,0x00,0x00,0x00,0x00,0x00,0x21,0xFE,0xFF,0xFF,
    0xFF,0xFF,0xFF,0xF6,0x0D,0x00,0x00,0x00,0x00,0x00,0x00,0x00,0x00,0x00,0x00,0x00,
    0x00,0x7E,0xFF,0xFF,0xFF,0xFF,0xFF,0xFF,0xFF,0x61,0x00,0x00,0x00,0x00,0x00,0x00,
    0x00,0x00,0x00,0x00,0x00,0x00,0xDA,0xFF,0xFF,0xFF,0xFF,0xFF,0xFF,0xFF,0xBE,0x00,
    0x00,0x00,0x00,0x00,0x00,0x00,0x00,0x00,0x00,0x00,0x39,0xFF,0xFF,0xFF,0xFF,0xFD,
    0xFF,0xFF,0xFF,0xFE,0x1D,0x00,0x00,0x00,0x00,0x00,0x00,0x00,0x00,0x00,0x00,0x96,
    0xFF,0xFF,0xFF,0xFF,0x8C,0xFF,0xFF,0xFF,0xFF,0x79,0x00,0x00,0x00,0x00,0x00,0x00,
    0x00,0x00,0x00,0x06,0xED,0xFF,0xFF,0xFF,0xE3,0x0B,0xF4,0xFF,0xFF,0xFF,0xD6,0x00,
    0x00,0x00,0x00,0x00,0x00,0x00,0x00,0x00,0x51,0xFF,0xFF,0xFF,0xFF,0x90,0x00,0xAB,
    0xFF,0xFF,0xFF,0xFF,0x34,0x00,0x00,0x00,0x00,0x00,0x00,0x00,0x00,0xAE,0xFF,0xFF,
    0xFF,0xFF,0x3C,0x00,0x57,0xFF,0xFF,0xFF,0xFF,0x91,0x00,0x00,0x00,0x00,0x00,0x00,
    0x00,0x12,0xF9,0xFF,0xFF,0xFF,0xE5,0x01,0x00,0x0B,0xF6,0xFF,0xFF,0xFF,0xEA,0x04,
    0x00,0x00,0x00,0x00,0x00,0x00,0x69,0xFF,0xFF,0xFF,0xFF,0x93,0x00,0x00,0x00,0xAF,
    0xFF,0xFF,0xFF,0xFF,0x4C,0x00,0x00,0x00,0x00,0x00,0x00,0xC6,0xFF,0xFF,0xFF,0xFF,
    0x3E,0x00,0x00,0x00,0x5B,0xFF,0xFF,0xFF,0xFF,0xA9,0x00,0x00,0x00,0x00,0x00,0x24,
    0xFF,0xFF,0xFF,0xFF,0xE7,0x02,0x00,0x00,0x00,0x0E,0xF8,0xFF,0xFF,0xFF,0xF7,0x0F,
    0x00,0x00,0x00,0x00,0x81,0xFF,0xFF,0xFF,0xFF,0xFF,0xFF,0xFF,0xFF,0xFF,0xFF,0xFF,
    0xFF,0xFF,0xFF,0xFF,0x64,0x00,0x00,0x00,0x00,0xDD,0xFF,0xFF,0xFF,0xFF,0xFF,0xFF,
    0xFF,0xFF,0xFF,0xFF,0xFF,0xFF,0xFF,0xFF,0xFF,0xC1,0x00,0x00,0x00,0x3C,0xFF,0xFF,
    0xFF,0xFF,0xFF,0xFF,0xFF,0xFF,0xFF,0xFF,0xFF,0xFF,0xFF,0xFF,0xFF,0xFF,0xFE,0x20,
    0x00,0x00,0x99,0xFF,0xFF,0xFF,0xFF,0x53,0x00,0x00,0x00,0x00,0x00,0x00,0x00,0x6D,
    0xFF,0xFF,0xFF,0xFF,0x7C,0x00,0x07,0xEF,0xFF,0xFF,0xFF,0xF7,0x0B,0x00,0x00,0x00,
    0x00,0x00,0x00,0x00,0x1E,0xFF,0xFF,0xFF,0xFF,0xD9,0x00,0x54,0xFF,0xFF,0xFF,0xFF,
    0xB3,0x00,0x00,0x00,0x00,0x00,0x00,0x00,0x00,0x00,0xCF,0xFF,0xFF,0xFF,0xFF,0x37,
    0xB1,0xFF,0xFF,0xFF,0xFF,0x63,0x00,0x00,0x00,0x00,0x00,0x00,0x00,0x00,0x00,0x80,
    0xFF,0xFF,0xFF,0xFF,0x95,0x00,0x00,0x00,0x00,0x00,0x00,0x00,0x00,0x00,0x05,0x96,
    0xFF,0xFF,0xDA,0x13,0x00,0x00,0x00,0x00,0x00,0x00,0x00,0x00,0x00,0x00,0x00,0x00,
    0x00,0x00,0x62,0xF8,0xFF,0xC5,0x08,0x00,0x00,0x00,0x00,0x00,0x00,0x00,0x00,0x00,
    0x00,0x00,0x00,0x00,0x00,0x35,0xE3,0xFF,0xAA,0x01,0x00,0x00,0x00,0x00,0x00,0x00,
    0x03,0xA9,0xFF,0xFF,0xFF,0xFD,0x5E,0x00,0x00,0x00,0x00,0x00,0x00,0x00,0x00,0x00,
    0x00,0x02,0xA5,0xFF,0xF5,0x6D,0xA1,0xFF,0xFD,0x5A,0x00,0x00,0x00,0x00,0x00,0x00,
    0x00,0x00,0x02,0xA0,0xFF,0xC9,0x26,0x00,0x00,0x53,0xEC,0xFC,0x56,0x00,0x00,0x00,
    0x00,0x00,0x00,0x00,0x00,0x00,0x00,0x00,0x00,0x00,0x00,0x00,0x00,0x00,0x00,0x00,
    0x00,0x00,0x00,0x00,0x00,0x00,0x00,0x00,0x00,0x00,0x00,0x00,0x00,0x00,0x00,0x00,
    0x00,0x00,0x00,0x00,0x00,0x00,0x00,0x09,0x40,0x7E,0xB8,0xDC,0xF3,0xFC,0xF2,0xDD,
    0xAD,0x60,0x09,0x00,0x00,0x00,0x00,0x00,0x00,0x8C,0xFF,0xFF,0xFF,0xFF,0xFF,0xFF,
    0xFF,0xFF,0xFF,0xFF,0xDB,0x2E,0x00,0x00,0x00,0x00,0x00,0x8C,0xFF,0xFF,0xFF,0xFF,
    0xFF,0xFF,0xFF,0xFF,0xFF,0xFF,0xFF,0xE3,0x11,0x00,0x00,0x00,0x00,0x80,0xAD,0x5E,
    0x32,0x1B,0x06,0x13,0x3C,0xB3,0xFF,0xFF,0xFF,0xFF,0x7A,0x00,0x00,0x00,0x00,0x00,
    0x00,0x00,0x00,0x00,0x00,0x00,0x00,0x05,0xDE,0xFF,0xFF,0xFF,0xC9,0x00,0x00,0x00,
    0x00,0x00,0x00,0x00,0x00,0x00,0x00,0x00,0x00,0x00,0xAD,0xFF,0xFF,0xFF,0xF9,0x00,
    0x00,0x00,0x00,0x00,0x29,0x85,0xC0,0xE3,0xF5,0xFE,0xFF,0xFF,0xFF,0xFF,0xFF,0xFF,
    0xFF,0x0D,0x00,0x00,0x00,0x86,0xFE,0xFF,0xFF,0xFF,0xFF,0xFF,0xFF,0xFF,0xFF,0xFF,
    0xFF,0xFF,0xFF,0x17,0x00,0x00,0x56,0xFF,0xFF,0xFF,0xFF,0xFF,0xFF,0xFF,0xFF,0xFF,
    0xFF,0xFF,0xFF,0xFF,0xFF,0x18,0x00,0x00,0xB4,0xFF,0xFF,0xFF,0xFF,0x90,0x25,0x07,
    0x00,0x00,0xB1,0xFF,0xFF,0xFF,0xFF,0x18,0x00,0x00,0xD1,0xFF,0xFF,0xFF,0xF9,0x02,
    0x00,0x00,0x00,0x13,0xEB,0xFF,0xFF,0xFF,0xFF,0x18,0x00,0x00,0xBC,0xFF,0xFF,0xFF,
    0xFF,0x7C,0x13,0x0C,0x43,0xCF,0xFF,0xFF,0xFF,0xFF,0xFF,0x18,0x00,0x00,0x64,0xFF,
    0xFF,0xFF,0xFF,0xFF,0xFF,0xFF,0xFF,0xE3,0xBC,0xFF,0xFF,0xFF,0xFF,0x18,0x00,0x00,
    0x02,0xA9,0xFF,0xFF,0xFF,0xFF,0xFF,0xFF,0xEA,0x35,0xA8,0xFF,0xFF,0xFF,0xFF,0x18,
    0x00,0x00,0x00,0x01,0x5D,0xC1,0xF1,0xF8,0xDC,0x92,0x1D,0x00,0xA8,0xFF,0xFF,0xFF,
    0xFF,0x18,0x00,0x00,0x00,0x00,0x00,0x00,0x00,0x00,0x00,0x00,0x00,0x00,0x00,0x00,
    0x59,0x95,0xB5,0xB8,0x99,0x3C,0x00,0x00,0x00,0x00,0x00,0x00,0x00,0x00,0x00,0x00,
    0x00,0x00,0x00,0x00,0x00,0xF6,0xCB,0xA2,0xA6,0xEC,0xFE,0x53,0x00,0x00,0x00,0x00,
    0x00,0x00,0x00,0x00,0x00,0x00,0x00,0x00,0x00,0x00,0x1B,0x00,0x00,0x00,0x57,0xFF,
    0xA9,0x00,0x00,0x00,0x00,0x00,0x00,0x00,0x00,0x00,0x00,0x00,0x00,0x00,0x00,0x00,
    0x00,0x00,0x1E,0xD7,0xFF,0x7F,0x00,0x00,0x00,0x00,0x00,0x00,0x00,0x00,0x00,0x00,
    0x00,0x00,0x00,0x00,0x00,0x00,0x2A,0xE9,0xFF,0xAE,0x07,0x00,0x00,0x00,0x00,0x00,
    0x00,0x00,0x00,0x1C,0xDD,0xFF,0xFF,0xFF,0xE8,0x28,0x00,0xA4,0xFF,0xA2,0x01,0x00,
    0x00,0x00,0x00,0x00,0x00,0x00,0x00,0x19,0xDA,0xFF,0xDB,0x59,0xCF,0xFF,0xE6,0x25,
    0x40,0x5C,0x28,0x00,0x00,0x00,0x00,0x00,0x00,0x00,0x00,0x17,0xD7,0xFF,0x99,0x0B,
    0x00,0x06,0x89,0xFD,0xE3,0x22,0x00,0x00,0x00,0x00,0x00,0x00,0x00,0x00,0x00,0x00,
    0x00,0x00,0x00,0x00,0x00,0x00,0x00,0x00,0x00,0x00,0x00,0x00,0x00,0x00,0x00,0x00,
    0x00,0x00,0x00,0x00,0x00,0x00,0x00,0x00,0x00,0x00,0x00,0x00,0x00,0x00,0x00,0x00,
    0x00,0x00,0x00,0x00,0x00,0x00,0x00,0x00,0x00,0x00,0x00,0x00,0xC3,0xFF,0xFF,0xFF,
    0xFF,0xFF,0xA6,0x00,0x00,0x00,0x00,0x00,0x00,0x00,0x00,0x00,0x00,0x00,0x00,0x00,
    0x21,0xFE,0xFF,0xFF,0xFF,0xFF,0xFF,0xF6,0x0D,0x00,0x00,0x00,0x00,0x00,0x00,0x00,
    0x00,0x00,0x00,0x00,0x00,0x7E,0xFF,0xFF,0xFF,0xFF,0xFF,0xFF,0xFF,0x61,0x00,0x00,
    0x00,0x00,0x00,0x00,0x00,0x00,0x00,0x00,0x00,0x00,0xDA,0xFF,0xFF,0xFF,0xFF,0xFF,
    0xFF,0xFF,0xBE,0x00,0x00,0x00,0x00,0x00,0x00,0x00,0x00,0x00,0x00,0x00,0x39,0xFF,
    0xFF,0xFF,0xFF,0xFD,0xFF,0xFF,0xFF,0xFE,0x1D,0x00,0x00,0x00,0x00,0x00,0x00,0x00,
    0x00,0x00,0x00,0x96,0xFF,0xFF,0xFF,0xFF,0x8C,0xFF,0xFF,0xFF,0xFF,0x79,0x00,0x00,
    0x00,0x00,0x00,0x00,0x00,0x00,0x00,0x06,0xED,0xFF,0xFF,0xFF,0xE3,0x0B,0xF4,0xFF,
    0xFF,0xFF,0xD6,0x00,0x00,0x00,0x00,0x00,0x00,0x00,0x00,0x00,0x51,0xFF,0xFF,0xFF,
    0xFF,0x90,0x00,0xAB,0xFF,0xFF,0xFF,0xFF,0x34,0x00,0x00,0x00,0x00,0x00,0x00,0x00,
    0x00,0xAE,0xFF,0xFF,0xFF,0xFF,0x3C,0x00,0x57,0xFF,0xFF,0xFF,0xFF,0x91,0x00,0x00,
    0x00,0x00,0x00,0x00,0x00,0x12,0xF9,0xFF,0xFF,0xFF,0xE5,0x01,0x00,0x0B,0xF6,0xFF,
    0xFF,0xFF,0xEA,0x04,0x00,0x00,0x00,0x00,0x00,0x00,0x69,0xFF,0xFF,0xFF,0xFF,0x93,
    0x00,0x00,0x00,0xAF,0xFF,0xFF,0xFF,0xFF,0x4C,0x00,0x00,0x00,0x00,0x00,0x00,0xC6,
    0xFF,0xFF,0xFF,0xFF,0x3E,0x00,0x00,0x00,0x5B,0xFF,0xFF,0xFF,0xFF,0xA9,0x00,0x00,
    0x00,0x00,0x00,0x24,0xFF,0xFF,0xFF,0xFF,0xE7,0x02,0x00,0x00,0x00,0x0E,0xF8,0xFF,
    0xFF,0xFF,0xF7,0x0F,0x00,0x00,0x00,0x00,0x81,0xFF,0xFF,0xFF,0xFF,0xFF,0xFF,0xFF,
    0xFF,0xFF,0xFF,0xFF,0xFF,0xFF,0xFF,0xFF,0x64,0x00,0x00,0x00,0x00,0xDD,0xFF,0xFF,
    0xFF,0xFF,0xFF,0xFF,0xFF,0xFF,0xFF,0xFF,0xFF,0xFF,0xFF,0xFF,0xFF,0xC1,0x00,0x00,
    0x00,0x3C,0xFF,0xFF,0xFF,0xFF,0xFF,0xFF,0xFF,0xFF,0xFF,0xFF,0xFF,0xFF,0xFF,0xFF,
    0xFF,0xFF,0xFE,0x20,0x00,0x00,0x99,0xFF,0xFF,0xFF,0xFF,0x53,0x00,0x00,0x00,0x00,
    0x00,0x00,0x00,0x6D,0xFF,0xFF,0xFF,0xFF,0x7C,0x00,0x07,0xEF,0xFF,0xFF,0xFF,0xF7,
    0x0B,0x00,0x00,0x00,0x00,0x00,0x00,0x00,0x1E,0xFF,0xFF,0xFF,0xFF,0xD9,0x00,0x54,
    0xFF,0xFF,0xFF,0xFF,0xB3,0x00,0x00,0x00,0x00,0x00,0x00,0x00,0x00,0x00,0xCF,0xFF,
    0xFF,0xFF,0xFF,0x37,0xB1,0xFF,0xFF,0xFF,0xFF,0x63,0x00,0x00,0x00,0x00,0x00,0x00,
    0x00,0x00,0x00,0x80,0xFF,0xFF,0xFF,0xFF,0x95,0x00,0x00,0x00,0x00,0x00,0x00,0x00,
    0x00,0x00,0x00,0x00,0x2A,0x7E,0xAA,0xBD,0xAA,0x6C,0x0A,0x00,0x00,0x00,0x00,0x00,
    0x00,0x00,0x00,0x00,0x00,0x00,0x00,0x8C,0xE7,0xAF,0x9D,0xCB,0xFF,0xBE,0x00,0x00,
    0x00,0x00,0x00,0x00,0x00,0x00,0x00,0x00,0x00,0x00,0x19,0x02,0x00,0x00,0x01,0xEA,
    0xFF,0x15,0x00,0x00,0x00,0x00,0x00,0x00,0x00,0x00,0x00,0x00,0x00,0x00,0x00,0x00,
    0x01,0x88,0xFF,0xE5,0x05,0x00,0x00,0x00,0x00,0x00,0x00,0x00,0x00,0x00,0x00,0x00,
    0x00,0x00,0x00,0xA7,0xFF,0xEA,0x37,0x00,0x00,0x00,0x00,0x00,0x00,0x00,0x8D,0xFF,
    0xFF,0xFF,0xFF,0x7D,0x00,0x38,0xFF,0xF2,0x1D,0x00,0x00,0x00,0x00,0x00,0x00,0x00,
    0x87,0xFF,0xFB,0x7F,0x8B,0xFD,0xFF,0x77,0x19,0x5C,0x4F,0x00,0x00,0x00,0x00,0x00,
    0x00,0x00,0x83,0xFF,0xD9,0x36,0x00,0x00,0x3F,0xE0,0xFF,0x72,0x00,0x00,0x00,0x00,
    0x00,0x00,0x00,0x00,0x00,0x00,0x00,0x00,0x00,0x00,0x00,0x00,0x00,0x00,0x00,0x00,
    0x00,0x00,0x00,0x00,0x00,0x00,0x00,0x00,0x00,0x00,0x00,0x00,0x00,0x00,0x00,0x00,
    0x00,0x00,0x00,0x00,0x00,0x00,0x00,0x00,0x00,0x09,0x40,0x7E,0xB8,0xDC,0xF3,0xFC,
    0xF2,0xDD,0xAD,0x60,0x09,0x00,0x00,0x00,0x00,0x00,0x00,0x00,0x8C,0xFF,0xFF,0xFF,
    0xFF,0xFF,0xFF,0xFF,0xFF,0xFF,0xFF,0xDB,0x2E,0x00,0x00,0x00,0x00,0x00,0x00,0x8C,
    0xFF,0xFF,0xFF,0xFF,0xFF,0xFF,0xFF,0xFF,0xFF,0xFF,0xFF,0xE3,0x11,0x00,0x00,0x00,
    0x00,0x00,0x80,0xAD,0x5E,0x32,0x1B,0x06,0x13,0x3C,0xB3,0xFF,0xFF,0xFF,0xFF,0x7A,
    0x00,0x00,0x00,0x00,0x00,0x00,0x00,0x00,0x00,0x00,0x00,0x00,0x00,0x05,0xDE,0xFF,
    0xFF,0xFF,0xC9,0x00,0x00,0x00,0x00,0x00,0x00,0x00,0x00,0x00,0x00,0x00,0x00,0x00,
    0x00,0xAD,0xFF,0xFF,0xFF,0xF9,0x00,0x00,0x00,0x00,0x00,0x00,0x29,0x85,0xC0,0xE3,
    0xF5,0xFE,0xFF,0xFF,0xFF,0xFF,0xFF,0xFF,0xFF,0x0D,0x00,0x00,0x00,0x00,0x86,0xFE,
    0xFF,0xFF,0xFF,0xFF,0xFF,0xFF,0xFF,0xFF,0xFF,0xFF,0xFF,0xFF,0x17,0x00,0x00,0x00,
    0x56,0xFF,0xFF,0xFF,0xFF,0xFF,0xFF,0xFF,0xFF,0xFF,0xFF,0xFF,0xFF,0xFF,0xFF,0x18,
    0x00,0x00,0x00,0xB4,0xFF,0xFF,0xFF,0xFF,0x90,0x25,0x07,0x00,0x00,0xB1,0xFF,0xFF,
    0xFF,0xFF,0x18,0x00,0x00,0x00,0xD1,0xFF,0xFF,0xFF,0xF9,0x02,0x00,0x00,0x00,0x13,
    0xEB,0xFF,0xFF,0xFF,0xFF,0x18,0x00,0x00,0x00,0xBC,0xFF,0xFF,0xFF,0xFF,0x7C,0x13,
    0x0C,0x43,0xCF,0xFF,0xFF,0xFF,0xFF,0xFF,0x18,0x00,0x00,0x00,0x64,0xFF,0xFF,0xFF,
    0xFF,0xFF,0xFF,0xFF,0xFF,0xE3,0xBC,0xFF,0xFF,0xFF,0xFF,0x18,0x00,0x00,0x00,0x02,
    0xA9,0xFF,0xFF,0xFF,0xFF,0xFF,0xFF,0xEA,0x35,0xA8,0xFF,0xFF,0xFF,0xFF,0x18,0x00,
    0x00,0x00,0x00,0x01,0x5D,0xC1,0xF1,0xF8,0xDC,0x92,0x1D,0x00,0xA8,0xFF,0xFF,0xFF,
    0xFF,0x18,0x00,0x00,0x00,0x00,0x00,0x00,0x00,0x00,0x2F,0xD0,0xEC,0x96,0x0F,0x00,
    0x0F,0xFF,0xC9,0x00,0x00,0x00,0x00,0x00,0x00,0x00,0x00,0x00,0x00,0x00,0x02,0xDB,
    0xFF,0xFF,0xFF,0xD7,0x2F,0x5E,0xFF,0xAB,0x00,0x00,0x00,0x00,0x00,0x00,0x00,0x00,
    0x00,0x00,0x00,0x32,0xFF,0xCC,0x14,0x8C,0xFF,0xFF,0xFF,0xFF,0x57,0x00,0x00,0x00,
    0x00,0x00,0x00,0x00,0x00,0x00,0x00,0x00,0x51,0xFF,0x85,0x00,0x00,0x54,0xD8,0xED,
    0x89,0x01,0x00,0x00,0x00,0x00,0x00,0x00,0x00,0x00,0x00,0x00,0x00,0x00,0x00,0x00,
    0x00,0x00,0x00,0x00,0x00,0x00,0x00,0x00,0x00,0x00,0x00,0x00,0x00,0x00,0x00,0x00,
    0x00,0x00,0x00,0x00,0x51,0xFB,0xFF,0xFF,0xFF,0xB5,0x06,0x00,0x00,0x00,0x00,0x00,
    0x00,0x00,0x00,0x00,0x00,0x00,0x00,0x00,0x4D,0xFA,0xFF,0xAC,0x67,0xF1,0xFF,0xB1,
    0x05,0x00,0x00,0x00,0x00,0x00,0x00,0x00,0x00,0x00,0x00,0x00,0x49,0xF9,0xF1,0x5F,
    0x00,0x00,0x1F,0xC0,0xFF,0xAD,0x04,0x00,0x00,0x00,0x00,0x00,0x00,0x00,0x00,0x00,
    0x00,0x00,0x00,0x00,0x00,0x00,0x00,0x00,0x00,0x00,0x00,0x00,0x00,0x00,0x00,0x00,
    0x00,0x00,0x00,0x00,0x00,0x00,0x00,0x00,0x00,0x00,0x00,0x00,0x00,0x00,0x00,0x00,
    0x00,0x00,0x00,0x00,0x00,0x00,0x00,0x00,0x00,0x00,0x00,0x00,0x00,0xC3,0xFF,0xFF,
    0xFF,0xFF,0xFF,0xA6,0x00,0x00,0x00,0x00,0x00,0x00,0x00,0x00,0x00,0x00,0x00,0x00,
    0x00,0x21,0xFE,0xFF,0xFF,0xFF,0xFF,0xFF,0xF6,0x0D,0x00,0x00,0x00,0x00,0x00,0x00,
    0x00,0x00,0x00,0x00,0x00,0x00,0x7E,0xFF,0xFF,0xFF,0xFF,0xFF,0xFF,0xFF,0x61,0x00,
    0x00,0x00,0x00,0x00,0x00,0x00,0x00,0x00,0x00,0x00,0x00,0xDA,0xFF,0xFF,0xFF,0xFF,
    0xFF,0xFF,0xFF,0xBE,0x00,0x00,0x00,0x00,0x00,0x00,0x00,0x00,0x00,0x00,0x00,0x39,
    0xFF,0xFF,0xFF,0xFF,0xFD,0xFF,0xFF,0xFF,0xFE,0x1D,0x00,0x00,0x00,0x00,0x00,0x00,
    0x00,0x00,0x00,0x00,0x96,0xFF,0xFF,0xFF,0xFF,0x8C,0xFF,0xFF,0xFF,0xFF,0x79,0x00,
    0x00,0x00,0x00,0x00,0x00,0x00,0x00,0x00,0x06,0xED,0xFF,0xFF,0xFF,0xE3,0x0B,0xF4,
    0xFF,0xFF,0xFF,0xD6,0x00,0x00,0x00,0x00,0x00,0x00,0x00,0x00,0x00,0x51,0xFF,0xFF,
    0xFF,0xFF,0x90,0x00,0xAB,0xFF,0xFF,0xFF,0xFF,0x34,0x00,0x00,0x00,0x00,0x00,0x00,
    0x00,0x00,0xAE,0xFF,0xFF,0xFF,0xFF,0x3C,0x00,0x57,0xFF,0xFF,0xFF,0xFF,0x91,0x00,
    0x00,0x00,0x00,0x00,0x00,0x00,0x12,0xF9,0xFF,0xFF,0xFF,0xE5,0x01,0x00,0x0B,0xF6,
    0xFF,0xFF,0xFF,0xEA,0x04,0x00,0x00,0x00,0x00,0x00,0x00,0x69,0xFF,0xFF,0xFF,0xFF,
    0x93,0x00,0x00,0x00,0xAF,0xFF,0xFF,0xFF,0xFF,0x4C,0x00,0x00,0x00,0x00,0x00,0x00,
    0xC6,0xFF,0xFF,0xFF,0xFF,0x3E,0x00,0x00,0x00,0x5B,0xFF,0xFF,0xFF,0xFF,0xA9,0x00,
    0x00,0x00,0x00,0x00,0x24,0xFF,0xFF,0xFF,0xFF,0xE7,0x02,0x00,0x00,0x00,0x0E,0xF8,
    0xFF,0xFF,0xFF,0xF7,0x0F,0x00,0x00,0x00,0x00,0x81,0xFF,0xFF,0xFF,0xFF,0xFF,0xFF,
    0xFF,0xFF,0xFF,0xFF,0xFF,0xFF,0xFF,0xFF,0xFF,0x64,0x00,0x00,0x00,0x00,0xDD,0xFF,
    0xFF,0xFF,0xFF,0xFF,0xFF,0xFF,0xFF,0xFF,0xFF,0xFF,0xFF,0xFF,0xFF,0xFF,0xC1,0x00,
    0x00,0x00,0x3C,0xFF,0xFF,0xFF,0xFF,0xFF,0xFF,0xFF,0xFF,0xFF,0xFF,0xFF,0xFF,0xFF,
    0xFF,0xFF,0xFF,0xFE,0x20,0x00,0x00,0x99,0xFF,0xFF,0xFF,0xFF,0x53,0x00,0x00,0x00,
    0x00,0x00,0x00,0x00,0x6D,0xFF,0xFF,0xFF,0xFF,0x7C,0x00,0x07,0xEF,0xFF,0xFF,0xFF,
    0xF7,0x0B,0x00,0x00,0x00,0x00,0x00,0x00,0x00,0x1E,0xFF,0xFF,0xFF,0xFF,0xD9,0x00,
    0x54,0xFF,0xFF,0xFF,0xFF,0xB3,0x00,0x00,0x00,0x00,0x00,0x00,0x00,0x00,0x00,0xCF,
    0xFF,0xFF,0xFF,0xFF,0x37,0xB1,0xFF,0xFF,0xFF,0xFF,0x63,0x00,0x00,0x00,0x00,0x00,
    0x00,0x00,0x00,0x00,0x80,0xFF,0xFF,0xFF,0xFF,0x95,0x00,0x00,0x00,0x00,0x00,0x46,
    0xDB,0xE7,0x81,0x06,0x00,0x33,0xFF,0xA5,0x00,0x00,0x00,0x00,0x00,0x00,0x00,0x00,
    0x0F,0xF1,0xFF,0xFF,0xFF,0xC3,0x21,0x82,0xFF,0x87,0x00,0x00,0x00,0x00,0x00,0x00,
    0x00,0x00,0x56,0xFF,0xAD,0x18,0xA6,0xFF,0xFF,0xFF,0xFF,0x33,0x00,0x00,0x00,0x00,
    0x00,0x00,0x00,0x00,0x75,0xFF,0x61,0x00,0x00,0x6D,0xE2,0xE7,0x6D,0x00,0x00,0x00,
    0x00,0x00,0x00,0x00,0x00,0x00,0x00,0x00,0x00,0x00,0x00,0x00,0x00,0x00,0x00,0x00,
    0x00,0x00,0x00,0x00,0x00,0x00,0x00,0x00,0x00,0x00,0x71,0xFF,0xFF,0xFF,0xFF,0x97,
    0x00,0x00,0x00,0x00,0x00,0x00,0x00,0x00,0x00,0x00,0x00,0x6C,0xFF,0xFE,0x93,0x78,
    0xF9,0xFF,0x92,0x00,0x00,0x00,0x00,0x00,0x00,0x00,0x00,0x00,0x67,0xFE,0xE5,0x46,
    0x00,0x00,0x30,0xD4,0xFF,0x8E,0x00,0x00,0x00,0x00,0x00,0x00,0x00,0x00,0x00,0x00,
    0x00,0x00,0x00,0x00,0x00,0x00,0x00,0x00,0x00,0x00,0x00,0x00,0x00,0x00,0x00,0x00,
    0x00,0x00,0x00,0x00,0x00,0x00,0x00,0x00,0x00,0x00,0x00,0x00,0x00,0x00,0x00,0x00,
    0x09,0x40,0x7E,0xB8,0xDC,0xF3,0xFC,0xF2,0xDD,0xAD,0x60,0x09,0x00,0x00,0x00,0x00,
    0x00,0x00,0x8C,0xFF,0xFF,0xFF,0xFF,0xFF,0xFF,0xFF,0xFF,0xFF,0xFF,0xDB,0x2E,0x00,
    0x00,0x00,0x00,0x00,0x8C,0xFF,0xFF,0xFF,0xFF,0xFF,0xFF,0xFF,0xFF,0xFF,0xFF,0xFF,
    0xE3,0x11,0x00,0x00,0x00,0x00,0x80,0xAD,0x5E,0x32,0x1B,0x06,0x13,0x3C,0xB3,0xFF,
    0xFF,0xFF,0xFF,0x7A,0x00,0x00,0x00,0x00,0x00,0x00,0x00,0x00,0x00,0x00,0x00,0x00,
    0x05,0xDE,0xFF,0xFF,0xFF,0xC9,0x00,0x00,0x00,0x00,0x00,0x00,0x00,0x00,0x00,0x00,
    0x00,0x00,0x00,0xAD,0xFF,0xFF,0xFF,0xF9,0x00,0x00,0x00,0x00,0x00,0x29,0x85,0xC0,
    0xE3,0xF5,0xFE,0xFF,0xFF,0xFF,0xFF,0xFF,0xFF,0xFF,0x0D,0x00,0x00,0x00,0x86,0xFE,
    0xFF,0xFF,0xFF,0xFF,0xFF,0xFF,0xFF,0xFF,0xFF,0xFF,0xFF,0xFF,0x17,0x00,0x00,0x56,
    0xFF,0xFF,0xFF,0xFF,0xFF,0xFF,0xFF,0xFF,0xFF,0xFF,0xFF,0xFF,0xFF,0xFF,0x18,0x00,
    0x00,0xB4,0xFF,0xFF,0xFF,0xFF,0x90,0x25,0x07,0x00,0x00,0xB1,0xFF,0xFF,0xFF,0xFF,
    0x18,0x00,0x00,0xD1,0xFF,0xFF,0xFF,0xF9,0x02,0x00,0x00,0x00,0x13,0xEB,0xFF,0xFF,
    0xFF,0xFF,0x18,0x00,0x00,0xBC,0xFF,0xFF,0xFF,0xFF,0x7C,0x13,0x0C,0x43,0xCF,0xFF,
    0xFF,0xFF,0xFF,0xFF,0x18,0x00,0x00,0x64,0xFF,0xFF,0xFF,0xFF,0xFF,0xFF,0xFF,0xFF,
    0xE3,0xBC,0xFF,0xFF,0xFF,0xFF,0x18,0x00,0x00,0x02,0xA9,0xFF,0xFF,0xFF,0xFF,0xFF,
    0xFF,0xEA,0x35,0xA8,0xFF,0xFF,0xFF,0xFF,0x18,0x00,0x00,0x00,0x01,0x5D,0xC1,0xF1,
    0xF8,0xDC,0x92,0x1D,0x00,0xA8,0xFF,0xFF,0xFF,0xFF,0x18,0x00,0x00,0x00,0x00,0x00,
    0x00,0x00,0x00,0x2A,0xEA,0xFF,0xFF,0xFF,0xDA,0x1A,0x00,0x00,0x00,0x00,0x00,0x00,
    0x00,0x00,0x00,0x00,0x00,0x00,0x00,0x27,0xE8,0xFF,0xCD,0x59,0xDD,0xFF,0xD7,0x17,
    0x00,0x00,0x00,0x00,0x00,0x00,0x00,0x00,0x00,0x00,0x00,0x24,0xE5,0xFC,0x86,0x05,
    0x00,0x0C,0x9C,0xFF,0xD4,0x15,0x00,0x00,0x00,0x00,0x00,0x00,0x00,0x00,0x00,0x00,
    0x00,0x00,0x00,0x00,0x00,0x00,0x00,0x00,0x00,0x00,0x00,0x00,0x00,0x00,0x00,0x00,
    0x00,0x00,0x00,0x00,0x00,0x00,0x00,0x00,0x00,0x00,0x00,0x00,0x00,0x00,0x00,0x00,
    0x00,0x00,0x00,0x00,0x00,0x00,0x00,0x00,0x00,0x00,0x00,0x00,0xC3,0xFF,0xFF,0xFF,
    0xFF,0xFF,0xA6,0x00,0x00,0x00,0x00,0x00,0x00,0x00,0x00,0x00,0x00,0x00,0x00,0x00,
    0x21,0xFE,0xFF,0xFF,0xFF,0xFF,0xFF,0xF6,0x0D,0x00,0x00,0x00,0x00,0x00,0x00,0x00,
    0x00,0x00,0x00,0x00,0x00,0x7E,0xFF,0xFF,0xFF,0xFF,0xFF,0xFF,0xFF,0x61,0x00,0x00,
    0x00,0x00,0x00,0x00,0x00,0x00,0x00,0x00,0x00,0x00,0xDA,0xFF,0xFF,0xFF,0xFF,0xFF,
    0xFF,0xFF,0xBE,0x00,0x00,0x00,0x00,0x00,0x00,0x00,0x00,0x00,0x00,0x00,0x39,0xFF,
    0xFF,0xFF,0xFF,0xFD,0xFF,0xFF,0xFF,0xFE,0x1D,0x00,0x00,0x00,0x00,0x00,0x00,0x00,
    0x00,0x00,0x00,0x96,0xFF,0xFF,0xFF,0xFF,0x8C,0xFF,0xFF,0xFF,0xFF,0x79,0x00,0x00,
    0x00,0x00,0x00,0x00,0x00,0x00,0x00,0x06,0xED,0xFF,0xFF,0xFF,0xE3,0x0B,0xF4,0xFF,
    0xFF,0xFF,0xD6,0x00,0x00,0x00,0x00,0x00,0x00,0x00,0x00,0x00,0x51,0xFF,0xFF,0xFF,
    0xFF,0x90,0x00,0xAB,0xFF,0xFF,0xFF,0xFF,0x34,0x00,0x00,0x00,0x00,0x00,0x00,0x00,
    0x00,0xAE,0xFF,0xFF,0xFF,0xFF,0x3C,0x00,0x57,0xFF,0xFF,0xFF,0xFF,0x91,0x00,0x00,
    0x00,0x00,0x00,0x00,0x00,0x12,0xF9,0xFF,0xFF,0xFF,0xE5,0x01,0x00,0x0B,0xF6,0xFF,
    0xFF,0xFF,0xEA,0x04,0x00,0x00,0x00,0x00,0x00,0x00,0x69,0xFF,0xFF,0xFF,0xFF,0x93,
    0x00,0x00,0x00,0xAF,0xFF,0xFF,0xFF,0xFF,0x4C,0x00,0x00,0x00,0x00,0x00,0x00,0xC6,
    0xFF,0xFF,0xFF,0xFF,0x3E,0x00,0x00,0x00,0x5B,0xFF,0xFF,0xFF,0xFF,0xA9,0x00,0x00,
    0x00,0x00,0x00,0x24,0xFF,0xFF,0xFF,0xFF,0xE7,0x02,0x00,0x00,0x00,0x0E,0xF8,0xFF,
    0xFF,0xFF,0xF7,0x0F,0x00,0x00,0x00,0x00,0x81,0xFF,0xFF,0xFF,0xFF,0xFF,0xFF,0xFF,
    0xFF,0xFF,0xFF,0xFF,0xFF,0xFF,0xFF,0xFF,0x64,0x00,0x00,0x00,0x00,0xDD,0xFF,0xFF,
    0xFF,0xFF,0xFF,0xFF,0xFF,0xFF,0xFF,0xFF,0xFF,0xFF,0xFF,0xFF,0xFF,0xC1,0x00,0x00,
    0x00,0x3C,0xFF,0xFF,0xFF,0xFF,0xFF,0xFF,0xFF,0xFF,0xFF,0xFF,0xFF,0xFF,0xFF,0xFF,
    0xFF,0xFF,0xFE,0x20,0x00,0x00,0x99,0xFF,0xFF,0xFF,0xFF,0x53,0x00,0x00,0x00,0x00,
    0x00,0x00,0x00,0x6D,0xFF,0xFF,0xFF,0xFF,0x7C,0x00,0x07,0xEF,0xFF,0xFF,0xFF,0xF7,
    0x0B,0x00,0x00,0x00,0x00,0x00,0x00,0x00,0x1E,0xFF,0xFF,0xFF,0xFF,0xD9,0x00,0x54,
    0xFF,0xFF,0xFF,0xFF,0xB3,0x00,0x00,0x00,0x00,0x00,0x00,0x00,0x00,0x00,0xCF,0xFF,
    0xFF,0xFF,0xFF,0x37,0xB1,0xFF,0xFF,0xFF,0xFF,0x63,0x00,0x00,0x00,0x00,0x00,0x00,
    0x00,0x00,0x00,0x80,0xFF,0xFF,0xFF,0xFF,0x95,0x00,0x00,0x00,0x00,0x00,0x00,0x00,
    0x00,0x00,0x00,0x00,0x00,0x00,0x00,0x00,0x00,0x00,0x00,0x00,0x00,0x00,0x00,0x00,
    0x00,0x00,0x00,0x00,0x00,0x00,0x1B,0x1C,0x1C,0x1C,0x15,0x00,0x00,0x00,0x00,0x00,
    0x00,0x00,0x00,0x00,0x00,0x00,0x00,0x00,0x00,0x00,0x00,0xF8,0xFF,0xFF,0xFF,0xC0,
    0x00,0x00,0x00,0x00,0x00,0x00,0x00,0x00,0x00,0x00,0x00,0x00,0x00,0x00,0x00,0x00,
    0xF8,0xFF,0xFF,0xFF,0xC0,0x00,0x00,0x00,0x00,0x00,0x00,0x00,0x00,0x00,0x00,0x00,
    0x00,0x00,0x00,0x00,0x00,0xF8,0xFF,0xFF,0xFF,0xC0,0x00,0x00,0x00,0x00,0x00,0x00,
    0x00,0x00,0x00,0x00,0x00,0x00,0x00,0x00,0x00,0x00,0xB6,0xBC,0xBC,0xBC,0x8D,0x00,
    0x00,0x00,0x00,0x00,0x00,0x00,0x00,0x00,0x00,0x00,0x00,0x00,0x00,0x00,0xB9,0xFF,
    0xFF,0xF7,0x29,0x00,0x00,0x00,0x00,0x00,0x00,0x00,0x00,0x00,0x00,0x00,0x00,0x67,
    0xFF,0xFF,0xFF,0xFF,0xCA,0x03,0x00,0x00,0x00,0x00,0x00,0x00,0x00,0x00,0x00,0x00,
    0x20,0xF3,0xFF,0xC0,0x66,0xFF,0xFF,0x7B,0x00,0x00,0x00,0x00,0x00,0x00,0x00,0x00,
    0x00,0x01,0xBF,0xFF,0xD5,0x10,0x00,0x7E,0xFF,0xF9,0x2E,0x00,0x00,0x00,0x00,0x00,
    0x00,0x00,0x00,0x6E,0xFF,0xE6,0x1E,0x00,0x00,0x00,0x9C,0xFF,0xCF,0x05,0x00,0x00,
    0x00,0x00,0x00,0x00,0x00,0x00,0x00,0x00,0x00,0x00,0x00,0x00,0x00,0x00,0x00,0x00,
    0x00,0x00,0x00,0x00,0x00,0x00,0x00,0x00,0x00,0x00,0x00,0x00,0x00,0x00,0x00,0x00,
    0x00,0x00,0x00,0x00,0x00,0x00,0x00,0x09,0x40,0x7E,0xB8,0xDC,0xF3,0xFC,0xF2,0xDD,
    0xAD,0x60,0x09,0x00,0x00,0x00,0x00,0x00,0x00,0x8C,0xFF,0xFF,0xFF,0xFF,0xFF,0xFF,
    0xFF,0xFF,0xFF,0xFF,0xDB,0x2E,0x00,0x00,0x00,0x00,0x00,0x8C,0xFF,0xFF,0xFF,0xFF,
    0xFF,0xFF,0xFF,0xFF,0xFF,0xFF,0xFF,0xE3,0x11,0x00,0x00,0x00,0x00,0x80,0xAD,0x5E,
    0x32,0x1B,0x06,0x13,0x3C,0xB3,0xFF,0xFF,0xFF,0xFF,0x7A,0x00,0x00,0x00,0x00,0x00,
    0x00,0x00,0x00,0x00,0x00,0x00,0x00,0x05,0xDE,0xFF,0xFF,0xFF,0xC9,0x00,0x00,0x00,
    0x00,0x00,0x00,0x00,0x00,0x00,0x00,0x00,0x00,0x00,0xAD,0xFF,0xFF,0xFF,0xF9,0x00,
    0x00,0x00,0x00,0x00,0x29,0x85,0xC0,0xE3,0xF5,0xFE,0xFF,0xFF,0xFF,0xFF,0xFF,0xFF,
    0xFF,0x0D,0x00,0x00,0x00,0x86,0xFE,0xFF,0xFF,0xFF,0xFF,0xFF,0xFF,0xFF,0xFF,0xFF,
    0xFF,0xFF,0xFF,0x17,0x00,0x00,0x56,0xFF,0xFF,0xFF,0xFF,0xFF,0xFF,0xFF,0xFF,0xFF,
    0xFF,0xFF,0xFF,0xFF,0xFF,0x18,0x00,0x00,0xB4,0xFF,0xFF,0xFF,0xFF,0x90,0x25,0x07,
    0x00,0x00,0xB1,0xFF,0xFF,0xFF,0xFF,0x18,0x00,0x00,0xD1,0xFF,0xFF,0xFF,0xF9,0x02,
    0x00,0x00,0x00,0x13,0xEB,0xFF,0xFF,0xFF,0xFF,0x18,0x00,0x00,0xBC,0xFF,0xFF,0xFF,
    0xFF,0x7C,0x13,0x0C,0x43,0xCF,0xFF,0xFF,0xFF,0xFF,0xFF,0x18,0x00,0x00,0x64,0xFF,
    0xFF,0xFF,0xFF,0xFF,0xFF,0xFF,0xFF,0xE3,0xBC,0xFF,0xFF,0xFF,0xFF,0x18,0x00,0x00,
    0x02,0xA9,0xFF,0xFF,0xFF,0xFF,0xFF,0xFF,0xEA,0x35,0xA8,0xFF,0xFF,0xFF,0xFF,0x18,
    0x00,0x00,0x00,0x01,0x5D,0xC1,0xF1,0xF8,0xDC,0x92,0x1D,0x00,0xA8,0xFF,0xFF,0xFF,
    0xFF,0x18,0x00,0x00,0x00,0x00,0x00,0x00,0x00,0x00,0x00,0x00,0x00,0x00,0x00,0x00,
    0x00,0x00,0x00,0x00,0x00,0x00,0x00,0x00,0x00,0x00,0x00,0x1C,0x1C,0x1C,0x1C,0x13,
    0x00,0x00,0x00,0x00,0x00,0x00,0x00,0x00,0x00,0x00,0x00,0x00,0x08,0xFF,0xFF,0xFF,
    0xFF,0xB0,0x00,0x00,0x00,0x00,0x00,0x00,0x00,0x00,0x00,0x00,0x00,0x00,0x08,0xFF,
    0xFF,0xFF,0xFF,0xB0,0x00,0x00,0x00,0x00,0x00,0x00,0x00,0x00,0x00,0x00,0x00,0x00,
    0x08,0xFF,0xFF,0xFF,0xFF,0xB0,0x00,0x00,0x00,0x00,0x00,0x00,0x00,0x00,0x00,0x00,
    0x00,0x00,0x05,0xBC,0xBC,0xBC,0xBC,0x81,0x00,0x00,0x00,0x00,0x00,0x00,0x00,0x00,
    0x00,0x00,0x00,0x00,0x00,0x00,0x00,0x00,0x00,0x00,0x88,0xFF,0xFF,0xD9,0x29,0x00,
    0x00,0x00,0x00,0x00,0x00,0x00,0x00,0x00,0x00,0x00,0x00,0x00,0x00,0x00,0x66,0xFF,
    0xFF,0xB2,0x0F,0x00,0x00,0x00,0x00,0x00,0x00,0x00,0x00,0x00,0x00,0x00,0x00,0x00,
    0x00,0x00,0x48,0xFB,0xFE,0x81,0x01,0x00,0x00,0x00,0x00,0x00,0x00,0x00,0x00,0x00,
    0x00,0x00,0x00,0x00,0x00,0x00,0x00,0x00,0x00,0x00,0x00,0x00,0x00,0x00,0x00,0x00,
    0x00,0x00,0x00,0x00,0x00,0x00,0x00,0x00,0x00,0x9C,0xFF,0x9C,0x21,0x04,0x13,0x64,
    0xF9,0xE6,0x02,0x00,0x00,0x00,0x00,0x00,0x00,0x00,0x00,0x00,0x00,0x00,0x2C,0xF0,
    0xFF,0xFF,0xFF,0xFF,0xFF,0xFF,0x6A,0x00,0x00,0x00,0x00,0x00,0x00,0x00,0x00,0x00,
    0x00,0x00,0x00,0x00,0x2B,0xA2,0xE0,0xF8,0xE9,0xBD,0x50,0x00,0x00,0x00,0x00,0x00,
    0x00,0x00,0x00,0x00,0x00,0x00,0x00,0x00,0x00,0x00,0x00,0x00,0x00,0x00,0x00,0x00,
    0x00,0x00,0x00,0x00,0x00,0x00,0x00,0x00,0x00,0x00,0x00,0x00,0x00,0x00,0xC3,0xFF,
    0xFF,0xFF,0xFF,0xFF,0xA6,0x00,0x00,0x00,0x00,0x00,0x00,0x00,0x00,0x00,0x00,0x00,
    0x00,0x00,0x21,0xFE,0xFF,0xFF,0xFF,0xFF,0xFF,0xF6,0x0D,0x00,0x00,0x00,0x00,0x00,
    0x00,0x00,0x00,0x00,0x00,0x00,0x00,0x7E,0xFF,0xFF,0xFF,0xFF,0xFF,0xFF,0xFF,0x61,
    0x00,0x00,0x00,0x00,0x00,0x00,0x00,0x00,0x00,0x00,0x00,0x00,0xDA,0xFF,0xFF,0xFF,
    0xFF,0xFF,0xFF,0xFF,0xBE,0x00,0x00,0x00,0x00,0x00,0x00,0x00,0x00,0x00,0x00,0x00,
    0x39,0xFF,0xFF,0xFF,0xFF,0xFD,0xFF,0xFF,0xFF,0xFE,0x1D,0x00,0x00,0x00,0x00,0x00,
    0x00,0x00,0x00,0x00,0x00,0x96,0xFF,0xFF,0xFF,0xFF,0x8C,0xFF,0xFF,0xFF,0xFF,0x79,
    0x00,0x00,0x00,0x00,0x00,0x00,0x00,0x00,0x00,0x06,0xED,0xFF,0xFF,0xFF,0xE3,0x0B,
    0xF4,0xFF,0xFF,0xFF,0xD6,0x00,0x00,0x00,0x00,0x00,0x00,0x00,0x00,0x00,0x51,0xFF,
    0xFF,0xFF,0xFF,0x90,0x00,0xAB,0xFF,0xFF,0xFF,0xFF,0x34,0x00,0x00,0x00,0x00,0x00,
    0x00,0x00,0x00,0xAE,0xFF,0xFF,0xFF,0xFF,0x3C,0x00,0x57,0xFF,0xFF,0xFF,0xFF,0x91,
    0x00,0x00,0x00,0x00,0x00,0x00,0x00,0x12,0xF9,0xFF,0xFF,0xFF,0xE5,0x01,0x00,0x0B,
    0xF6,0xFF,0xFF,0xFF,0xEA,0x04,0x00,0x00,0x00,0x00,0x00,0x00,0x69,0xFF,0xFF,0xFF,
    0xFF,0x93,0x00,0x00,0x00,0xAF,0xFF,0xFF,0xFF,0xFF,0x4C,0x00,0x00,0x00,0x00,0x00,
    0x00,0xC6,0xFF,0xFF,0xFF,0xFF,0x3E,0x00,0x00,0x00,0x5B,0xFF,0xFF,0xFF,0xFF,0xA9,
    0x00,0x00,0x00,0x00,0x00,0x24,0xFF,0xFF,0xFF,0xFF,0xE7,0x02,0x00,0x00,0x00,0x0E,
    0xF8,0xFF,0xFF,0xFF,0xF7,0x0F,0x00,0x00,0x00,0x00,0x81,0xFF,0xFF,0xFF,0xFF,0xFF,
    0xFF,0xFF,0xFF,0xFF,0xFF,0xFF,0xFF,0xFF,0xFF,0xFF,0x64,0x00,0x00,0x00,0x00,0xDD,
    0xFF,0xFF,0xFF,0xFF,0xFF,0xFF,0xFF,0xFF,0xFF,0xFF,0xFF,0xFF,0xFF,0xFF,0xFF,0xC1,
    0x00,0x00,0x00,0x3C,0xFF,0xFF,0xFF,0xFF,0xFF,0xFF,0xFF,0xFF,0xFF,0xFF,0xFF,0xFF,
    0xFF,0xFF,0xFF,0xFF,0xFE,0x20,0x00,0x00,0x99,0xFF,0xFF,0xFF,0xFF,0x53,0x00,0x00,
    0x00,0x00,0x00,0x00,0x00,0x6D,0xFF,0xFF,0xFF,0xFF,0x7C,0x00,0x07,0xEF,0xFF,0xFF,
    0xFF,0xF7,0x0B,0x00,0x00,0x00,0x00,0x00,0x00,0x00,0x1E,0xFF,0xFF,0xFF,0xFF,0xD9,
    0x00,0x54,0xFF,0xFF,0xFF,0xFF,0xB3,0x00,0x00,0x00,0x00,0x00,0x00,0x00,0x00,0x00,
    0xCF,0xFF,0xFF,0xFF,0xFF,0x37,0xB1,0xFF,0xFF,0xFF,0xFF,0x63,0x00,0x00,0x00,0x00,
    0x00,0x00,0x00,0x00,0x00,0x80,0xFF,0xFF,0xFF,0xFF,0x95,0x00,0x00,0x00,0x00,0x00,
    0x00,0x00,0x00,0x00,0xA2,0xFF,0xFF,0xCA,0x1C,0x00,0x00,0x00,0x00,0x00,0x00,0x00,
    0x00,0x00,0x00,0x00,0x00,0x82,0xFF,0xFF,0x9E,0x07,0x00,0x00,0x00,0x00,0x00,0x00,
    0x00,0x00,0x00,0x00,0x00,0x00,0x61,0xFF,0xFA,0x6B,0x00,0x00,0x00,0x00,0x00,0x00,
    0x00,0x00,0x00,0x00,0x00,0x00,0x00,0x00,0x00,0x00,0x00,0x00,0x00,0x00,0x00,0x00,
    0x00,0x00,0x00,0x00,0x00,0x00,0x00,0xB8,0xFF,0x87,0x1B,0x04,0x17,0x76,0xFE,0xCC,
    0x00,0x00,0x00,0x00,0x00,0x00,0x00,0x00,0x00,0x3F,0xF9,0xFF,0xFF,0xFF,0xFF,0xFF,
    0xFD,0x51,0x00,0x00,0x00,0x00,0x00,0x00,0x00,0x00,0x00,0x00,0x38,0xAC,0xE3,0xF9,
    0xE6,0xB4,0x41,0x00,0x00,0x00,0x00,0x00,0x00,0x00,0x00,0x00,0x00,0x00,0x00,0x00,
    0x00,0x00,0x00,0x00,0x00,0x00,0x00,0x00,0x00,0x00,0x00,0x00,0x00,0x00,0x00,0x00,
    0x00,0x00,0x00,0x00,0x00,0x00,0x00,0x00,0x00,0x00,0x00,0x00,0x00,0x00,0x00,0x09,
    0x40,0x7E,0xB8,0xDC,0xF3,0xFC,0xF2,0xDD,0xAD,0x60,0x09,0x00,0x00,0x00,0x00,0x00,
    0x00,0x8C,0xFF,0xFF,0xFF,0xFF,0xFF,0xFF,0xFF,0xFF,0xFF,0xFF,0xDB,0x2E,0x00,0x00,
    0x00,0x00,0x00,0x8C,0xFF,0xFF,0xFF,0xFF,0xFF,0xFF,0xFF,0xFF,0xFF,0xFF,0xFF,0xE3,
    0x11,0x00,0x00,0x00,0x00,0x80,0xAD,0x5E,0x32,0x1B,0x06,0x13,0x3C,0xB3,0xFF,0xFF,
    0xFF,0xFF,0x7A,0x00,0x00,0x00,0x00,0x00,0x00,0x00,0x00,0x00,0x00,0x00,0x00,0x05,
    0xDE,0xFF,0xFF,0xFF,0xC9,0x00,0x00,0x00,0x00,0x00,0x00,0x00,0x00,0x00,0x00,0x00,
    0x00,0x00,0xAD,0xFF,0xFF,0xFF,0xF9,0x00,0x00,0x00,0x00,0x00,0x29,0x85,0xC0,0xE3,
    0xF5,0xFE,0xFF,0xFF,0xFF,0xFF,0xFF,0xFF,0xFF,0x0D,0x00,0x00,0x00,0x86,0xFE,0xFF,
    0xFF,0xFF,0xFF,0xFF,0xFF,0xFF,0xFF,0xFF,0xFF,0xFF,0xFF,0x17,0x00,0x00,0x56,0xFF,
    0xFF,0xFF,0xFF,0xFF,0xFF,0xFF,0xFF,0xFF,0xFF,0xFF,0xFF,0xFF,0xFF,0x18,0x00,0x00,
    0xB4,0xFF,0xFF,0xFF,0xFF,0x90,0x25,0x07,0x00,0x00,0xB1,0xFF,0xFF,0xFF,0xFF,0x18,
    0x00,0x00,0xD1,0xFF,0xFF,0xFF,0xF9,0x02,0x00,0x00,0x00,0x13,0xEB,0xFF,0xFF,0xFF,
    0xFF,0x18,0x00,0x00,0xBC,0xFF,0xFF,0xFF,0xFF,0x7C,0x13,0x0C,0x43,0xCF,0xFF,0xFF,
    0xFF,0xFF,0xFF,0x18,0x00,0x00,0x64,0xFF,0xFF,0xFF,0xFF,0xFF,0xFF,0xFF,0xFF,0xE3,
    0xBC,0xFF,0xFF,0xFF,0xFF,0x18,0x00,0x00,0x02,0xA9,0xFF,0xFF,0xFF,0xFF,0xFF,0xFF,
    0xEA,0x35,0xA8,0xFF,0xFF,0xFF,0xFF,0x18,0x00,0x00,0x00,0x01,0x5D,0xC1,0xF1,0xF8,
    0xDC,0x92,0x1D,0x00,0xA8,0xFF,0xFF,0xFF,0xFF,0x18,0x00,0x00,0x00,0x00,0x00,0x00,
    0x03,0x8A,0xFF,0xFF,0xE3,0x1B,0x00,0x00,0x00,0x00,0x00,0x00,0x00,0x00,0x00,0x00,
    0x00,0x00,0x00,0x00,0x00,0x00,0x00,0x55,0xF4,0xFF,0xD0,0x0D,0x00,0x00,0x00,0x00,
    0x00,0x00,0x00,0x00,0x00,0x00,0x00,0x00,0x00,0x00,0x00,0x00,0x00,0x2C,0xDC,0xFF,
    0xB7,0x04,0x00,0x00,0x00,0x00,0x00,0x00,0x00,0x00,0x00,0x00,0x00,0x00,0x00,0x00,
    0x00,0x00,0x00,0x00,0x00,0x00,0x00,0x00,0x00,0x00,0x00,0x00,0x00,0x00,0x00,0x00,
    0x00,0x00,0x00,0x00,0x00,0x9C,0xFF,0x9C,0x21,0x04,0x13,0x64,0xF9,0xE6,0x02,0x00,
    0x00,0x00,0x00,0x00,0x00,0x00,0x00,0x00,0x00,0x00,0x2C,0xF0,0xFF,0xFF,0xFF,0xFF,
    0xFF,0xFF,0x6A,0x00,0x00,0x00,0x00,0x00,0x00,0x00,0x00,0x00,0x00,0x00,0x00,0x00,
    0x2B,0xA2,0xE0,0xF8,0xE9,0xBD,0x50,0x00,0x00,0x00,0x00,0x00,0x00,0x00,0x00,0x00,
    0x00,0x00,0x00,0x00,0x00,0x00,0x00,0x00,0x00,0x00,0x00,0x00,0x00,0x00,0x00,0x00,
    0x00,0x00,0x00,0x00,0x00,0x00,0x00,0x00,0x00,0x00,0xC3,0xFF,0xFF,0xFF,0xFF,0xFF,
    0xA6,0x00,0x00,0x00,0x00,0x00,0x00,0x00,0x00,0x00,0x00,0x00,0x00,0x00,0x21,0xFE,
    0xFF,0xFF,0xFF,0xFF,0xFF,0xF6,0x0D,0x00,0x00,0x00,0x00,0x00,0x00,0x00,0x00,0x00,
    0x00,0x00,0x00,0x7E,0xFF,0xFF,0xFF,0xFF,0xFF,0xFF,0xFF,0x61,0x00,0x00,0x00,0x00,
    0x00,0x00,0x00,0x00,0x00,0x00,0x00,0x00,0xDA,0xFF,0xFF,0xFF,0xFF,0xFF,0xFF,0xFF,
    0xBE,0x00,0x00,0x00,0x00,0x00,0x00,0x00,0x00,0x00,0x00,0x00,0x39,0xFF,0xFF,0xFF,
    0xFF,0xFD,0xFF,0xFF,0xFF,0xFE,0x1D,0x00,0x00,0x00,0x00,0x00,0x00,0x00,0x00,0x00,
    0x00,0x96,0xFF,0xFF,0xFF,0xFF,0x8C,0xFF,0xFF,0xFF,0xFF,0x79,0x00,0x00,0x00,0x00,
    0x00,0x00,0x00,0x00,0x00,0x06,0xED,0xFF,0xFF,0xFF,0xE3,0x0B,0xF4,0xFF,0xFF,0xFF,
    0xD6,0x00,0x00,0x00,0x00,0x00,0x00,0x00,0x00,0x00,0x51,0xFF,0xFF,0xFF,0xFF,0x90,
    0x00,0xAB,0xFF,0xFF,0xFF,0xFF,0x34,0x00,0x00,0x00,0x00,0x00,0x00,0x00,0x00,0xAE,
    0xFF,0xFF,0xFF,0xFF,0x3C,0x00,0x57,0xFF,0xFF,0xFF,0xFF,0x91,0x00,0x00,0x00,0x00,
    0x00,0x00,0x00,0x12,0xF9,0xFF,0xFF,0xFF,0xE5,0x01,0x00,0x0B,0xF6,0xFF,0xFF,0xFF,
    0xEA,0x04,0x00,0x00,0x00,0x00,0x00,0x00,0x69,0xFF,0xFF,0xFF,0xFF,0x93,0x00,0x00,
    0x00,0xAF,0xFF,0xFF,0xFF,0xFF,0x4C,0x00,0x00,0x00,0x00,0x00,0x00,0xC6,0xFF,0xFF,
    0xFF,0xFF,0x3E,0x00,0x00,0x00,0x5B,0xFF,0xFF,0xFF,0xFF,0xA9,0x00,0x00,0x00,0x00,
    0x00,0x24,0xFF,0xFF,0xFF,0xFF,0xE7,0x02,0x00,0x00,0x00,0x0E,0xF8,0xFF,0xFF,0xFF,
    0xF7,0x0F,0x00,0x00,0x00,0x00,0x81,0xFF,0xFF,0xFF,0xFF,0xFF,0xFF,0xFF,0xFF,0xFF,
    0xFF,0xFF,0xFF,0xFF,0xFF,0xFF,0x64,0x00,0x00,0x00,0x00,0xDD,0xFF,0xFF,0xFF,0xFF,
    0xFF,0xFF,0xFF,0xFF,0xFF,0xFF,0xFF,0xFF,0xFF,0xFF,0xFF,0xC1,0x00,0x00,0x00,0x3C,
    0xFF,0xFF,0xFF,0xFF,0xFF,0xFF,0xFF,0xFF,0xFF,0xFF,0xFF,0xFF,0xFF,0xFF,0xFF,0xFF,
    0xFE,0x20,0x00,0x00,0x99,0xFF,0xFF,0xFF,0xFF,0x53,0x00,0x00,0x00,0x00,0x00,0x00,
    0x00,0x6D,0xFF,0xFF,0xFF,0xFF,0x7C,0x00,0x07,0xEF,0xFF,0xFF,0xFF,0xF7,0x0B,0x00,
    0x00,0x00,0x00,0x00,0x00,0x00,0x1E,0xFF,0xFF,0xFF,0xFF,0xD9,0x00,0x54,0xFF,0xFF,
    0xFF,0xFF,0xB3,0x00,0x00,0x00,0x00,0x00,0x00,0x00,0x00,0x00,0xCF,0xFF,0xFF,0xFF,
    0xFF,0x37,0xB1,0xFF,0xFF,0xFF,0xFF,0x63,0x00,0x00,0x00,0x00,0x00,0x00,0x00,0x00,
    0x00,0x80,0xFF,0xFF,0xFF,0xFF,0x95,0x00,0x00,0x00,0x05,0x93,0xFF,0xFF,0xDD,0x15,
    0x00,0x00,0x00,0x00,0x00,0x00,0x00,0x00,0x00,0x00,0x00,0x00,0x00,0x00,0x5F,0xF7,
    0xFF,0xC8,0x09,0x00,0x00,0x00,0x00,0x00,0x00,0x00,0x00,0x00,0x00,0x00,0x00,0x00,
    0x00,0x33,0xE1,0xFF,0xAD,0x02,0x00,0x00,0x00,0x00,0x00,0x00,0x00,0x00,0x00,0x00,
    0x00,0x00,0x00,0x00,0x00,0x00,0x00,0x00,0x00,0x00,0x00,0x00,0x00,0x00,0x00,0x00,
    0x00,0x00,0x00,0xA8,0xFF,0x93,0x1E,0x04,0x15,0x6C,0xFC,0xDC,0x00,0x00,0x00,0x00,
    0x00,0x00,0x00,0x00,0x00,0x34,0xF4,0xFF,0xFF,0xFF,0xFF,0xFF,0xFE,0x5F,0x00,0x00,
    0x00,0x00,0x00,0x00,0x00,0x00,0x00,0x00,0x30,0xA6,0xE1,0xF8,0xE7,0xB9,0x4A,0x00,
    0x00,0x00,0x00,0x00,0x00,0x00,0x00,0x00,0x00,0x00,0x00,0x00,0x00,0x00,0x00,0x00,
    0x00,0x00,0x00,0x00,0x00,0x00,0x00,0x00,0x00,0x00,0x00,0x00,0x00,0x00,0x00,0x00,
    0x00,0x00,0x00,0x00,0x00,0x00,0x00,0x00,0x00,0x00,0x00,0x09,0x40,0x7E,0xB8,0xDC,
    0xF3,0xFC,0xF2,0xDD,0xAD,0x60,0x09,0x00,0x00,0x00,0x00,0x00,0x00,0x8C,0xFF,0xFF,
    0xFF,0xFF,0xFF,0xFF,0xFF,0xFF,0xFF,0xFF,0xDB,0x2E,0x00,0x00,0x00,0x00,0x00,0x8C,
    0xFF,0xFF,0xFF,0xFF,0xFF,0xFF,0xFF,0xFF,0xFF,0xFF,0xFF,0xE3,0x11,0x00,0x00,0x00,
    0x00,0x80,0xAD,0x5E,0x32,0x1B,0x06,0x13,0x3C,0xB3,0xFF,0xFF,0xFF,0xFF,0x7A,0x00,
    0x00,0x00,0x00,0x00,0x00,0x00,0x00,0x00,0x00,0x00,0x00,0x05,0xDE,0xFF,0xFF,0xFF,
    0xC9,0x00,0x00,0x00,0x00,0x00,0x00,0x00,0x00,0x00,0x00,0x00,0x00,0x00,0xAD,0xFF,
    0xFF,0xFF,0xF9,0x00,0x00,0x00,0x00,0x00,0x29,0x85,0xC0,0xE3,0xF5,0xFE,0xFF,0xFF,
    0xFF,0xFF,0xFF,0xFF,0xFF,0x0D,0x00,0x00,0x00,0x86,0xFE,0xFF,0xFF,0xFF,0xFF,0xFF,
    0xFF,0xFF,0xFF,0xFF,0xFF,0xFF,0xFF,0x17,0x00,0x00,0x56,0xFF,0xFF,0xFF,0xFF,0xFF,
    0xFF,0xFF,0xFF,0xFF,0xFF,0xFF,0xFF,0xFF,0xFF,0x18,0x00,0x00,0xB4,0xFF,0xFF,0xFF,
    0xFF,0x90,0x25,0x07,0x00,0x00,0xB1,0xFF,0xFF,0xFF,0xFF,0x18,0x00,0x00,0xD1,0xFF,
    0xFF,0xFF,0xF9,0x02,0x00,0x00,0x00,0x13,0xEB,0xFF,0xFF,0xFF,0xFF,0x18,0x00,0x00,
    0xBC,0xFF,0xFF,0xFF,0xFF,0x7C,0x13,0x0C,0x43,0xCF,0xFF,0xFF,0xFF,0xFF,0xFF,0x18,
    0x00,0x00,0x64,0xFF,0xFF,0xFF,0xFF,0xFF,0xFF,0xFF,0xFF,0xE3,0xBC,0xFF,0xFF,0xFF,
    0xFF,0x18,0x00,0x00,0x02,0xA9,0xFF,0xFF,0xFF,0xFF,0xFF,0xFF,0xEA,0x35,0xA8,0xFF,
    0xFF,0xFF,0xFF,0x18,0x00,0x00,0x00,0x01,0x5D,0xC1,0xF1,0xF8,0xDC,0x92,0x1D,0x00,
    0xA8,0xFF,0xFF,0xFF,0xFF,0x18,0x00,0x00,0x00,0x00,0x00,0x00,0x00,0x00,0x3D,0x89,
    0xB0,0xBC,0xA4,0x58,0x02,0x00,0x00,0x00,0x00,0x00,0x00,0x00,0x00,0x00,0x00,0x00,
    0x00,0x00,0x00,0xBC,0xDB,0xA9,0x9F,0xDB,0xFF,0x8E,0x00,0x00,0x00,0x00,0x00,0x00,
    0x00,0x00,0x00,0x00,0x00,0x00,0x00,0x00,0x1B,0x00,0x00,0x00,0x1B,0xFF,0xE5,0x00,
    0x00,0x00,0x00,0x00,0x00,0x00,0x00,0x00,0x00,0x00,0x00,0x00,0x00,0x00,0x00,0x00,
    0x09,0xB0,0xFF,0xBB,0x00,0x00,0x00,0x00,0x00,0x00,0x00,0x00,0x00,0x00,0x00,0x00,
    0x00,0x00,0x00,0x00,0x0C,0xCB,0xFF,0xD5,0x1D,0x00,0x00,0x00,0x00,0x00,0x00,0x00,
    0x00,0x00,0x00,0x00,0x00,0x00,0x00,0x00,0x00,0x68,0xFF,0xD3,0x0B,0x00,0x00,0x00,
    0x00,0x00,0x00,0x00,0x00,0x00,0x00,0x00,0x00,0x00,0x00,0x00,0x00,0x00,0x2B,0x5C,
    0x3D,0x00,0x00,0x00,0x00,0x00,0x00,0x00,0x00,0x00,0x00,0x00,0x00,0x00,0x00,0x00,
    0xBC,0xFF,0x84,0x1B,0x04,0x18,0x79,0xFF,0xC8,0x00,0x00,0x00,0x00,0x00,0x00,0x00,
    0x00,0x00,0x00,0x00,0x00,0x42,0xF9,0xFF,0xFF,0xFF,0xFF,0xFF,0xFC,0x4D,0x00,0x00,
    0x00,0x00,0x00,0x00,0x00,0x00,0x00,0x00,0x00,0x00,0x00,0x39,0xAE,0xE4,0xF9,0xE5,
    0xB2,0x3F,0x00,0x00,0x00,0x00,0x00,0x00,0x00,0x00,0x00,0x00,0x00,0x00,0x00,0x00,
    0x00,0x00,0x00,0x00,0x00,0x00,0x00,0x00,0x00,0x00,0x00,0x00,0x00,0x00,0x00,0x00,
    0x00,0x00,0x00,0x00,0x00,0xC3,0xFF,0xFF,0xFF,0xFF,0xFF,0xA6,0x00,0x00,0x00,0x00,
    0x00,0x00,0x00,0x00,0x00,0x00,0x00,0x00,0x00,0x21,0xFE,0xFF,0xFF,0xFF,0xFF,0xFF,
    0xF6,0x0D,0x00,0x00,0x00,0x00,0x00,0x00,0x00,0x00,0x00,0x00,0x00,0x00,0x7E,0xFF,
    0xFF,0xFF,0xFF,0xFF,0xFF,0xFF,0x61,0x00,0x00,0x00,0x00,0x00,0x00,0x00,0x00,0x00,
    0x00,0x00,0x00,0xDA,0xFF,0xFF,0xFF,0xFF,0xFF,0xFF,0xFF,0xBE,0x00,0x00,0x00,0x00,
    0x00,0x00,0x00,0x00,0x00,0x00,0x00,0x39,0xFF,0xFF,0xFF,0xFF,0xFD,0xFF,0xFF,0xFF,
    0xFE,0x1D,0x00,0x00,0x00,0x00,0x00,0x00,0x00,0x00,0x00,0x00,0x96,0xFF,0xFF,0xFF,
    0xFF,0x8C,0xFF,0xFF,0xFF,0xFF,0x79,0x00,0x00,0x00,0x00,0x00,0x00,0x00,0x00,0x00,
    0x06,0xED,0xFF,0xFF,0xFF,0xE3,0x0B,0xF4,0xFF,0xFF,0xFF,0xD6,0x00,0x00,0x00,0x00,
    0x00,0x00,0x00,0x00,0x00,0x51,0xFF,0xFF,0xFF,0xFF,0x90,0x00,0xAB,0xFF,0xFF,0xFF,
    0xFF,0x34,0x00,0x00,0x00,0x00,0x00,0x00,0x00,0x00,0xAE,0xFF,0xFF,0xFF,0xFF,0x3C,
    0x00,0x57,0xFF,0xFF,0xFF,0xFF,0x91,0x00,0x00,0x00,0x00,0x00,0x00,0x00,0x12,0xF9,
    0xFF,0xFF,0xFF,0xE5,0x01,0x00,0x0B,0xF6,0xFF,0xFF,0xFF,0xEA,0x04,0x00,0x00,0x00,
    0x00,0x00,0x00,0x69,0xFF,0xFF,0xFF,0xFF,0x93,0x00,0x00,0x00,0xAF,0xFF,0xFF,0xFF,
    0xFF,0x4C,0x00,0x00,0x00,0x00,0x00,0x00,0xC6,0xFF,0xFF,0xFF,0xFF,0x3E,0x00,0x00,
    0x00,0x5B,0xFF,0xFF,0xFF,0xFF,0xA9,0x00,0x00,0x00,0x00,0x00,0x24,0xFF,0xFF,0xFF,
    0xFF,0xE7,0x02,0x00,0x00,0x00,0x0E,0xF8,0xFF,0xFF,0xFF,0xF7,0x0F,0x00,0x00,0x00,
    0x00,0x81,0xFF,0xFF,0xFF,0xFF,0xFF,0xFF,0xFF,0xFF,0xFF,0xFF,0xFF,0xFF,0xFF,0xFF,
    0xFF,0x64,0x00,0x00,0x00,0x00,0xDD,0xFF,0xFF,0xFF,0xFF,0xFF,0xFF,0xFF,0xFF,0xFF,
    0xFF,0xFF,0xFF,0xFF,0xFF,0xFF,0xC1,0x00,0x00,0x00,0x3C,0xFF,0xFF,0xFF,0xFF,0xFF,
    0xFF,0xFF,0xFF,0xFF,0xFF,0xFF,0xFF,0xFF,0xFF,0xFF,0xFF,0xFE,0x20,0x00,0x00,0x99,
    0xFF,0xFF,0xFF,0xFF,0x53,0x00,0x00,0x00,0x00,0x00,0x00,0x00,0x6D,0xFF,0xFF,0xFF,
    0xFF,0x7C,0x00,0x07,0xEF,0xFF,0xFF,0xFF,0xF7,0x0B,0x00,0x00,0x00,0x00,0x00,0x00,
    0x00,0x1E,0xFF,0xFF,0xFF,0xFF,0xD9,0x00,0x54,0xFF,0xFF,0xFF,0xFF,0xB3,0x00,0x00,
    0x00,0x00,0x00,0x00,0x00,0x00,0x00,0xCF,0xFF,0xFF,0xFF,0xFF,0x37,0xB1,0xFF,0xFF,
    0xFF,0xFF,0x63,0x00,0x00,0x00,0x00,0x00,0x00,0x00,0x00,0x00,0x80,0xFF,0xFF,0xFF,
    0xFF,0x95,0x00,0x00,0x00,0x00,0x00,0x2D,0x80,0xAB,0xBD,0xA9,0x69,0x09,0x00,0x00,
    0x00,0x00,0x00,0x00,0x00,0x00,0x00,0x00,0x00,0x94,0xE5,0xAE,0x9D,0xCE,0xFF,0xB6,
    0x00,0x00,0x00,0x00,0x00,0x00,0x00,0x00,0x00,0x00,0x00,0x1A,0x01,0x00,0x00,0x02,
    0xF0,0xFF,0x0E,0x00,0x00,0x00,0x00,0x00,0x00,0x00,0x00,0x00,0x00,0x00,0x00,0x00,
    0x02,0x8F,0xFF,0xE0,0x03,0x00,0x00,0x00,0x00,0x00,0x00,0x00,0x00,0x00,0x00,0x00,
    0x00,0x02,0xAD,0xFF,0xE7,0x32,0x00,0x00,0x00,0x00,0x00,0x00,0x00,0x00,0x00,0x00,
    0x00,0x00,0x00,0x40,0xFF,0xEE,0x19,0x00,0x00,0x00,0x00,0x00,0x00,0x00,0x00,0x00,
    0x00,0x00,0x00,0x00,0x00,0x1C,0x5C,0x4C,0x00,0x00,0x00,0x00,0x00,0x00,0x00,0x00,
    0x00,0x00,0x00,0x00,0x94,0xFF,0xA1,0x23,0x04,0x12,0x60,0xF7,0xEC,0x04,0x00,0x00,
    0x00,0x00,0x00,0x00,0x00,0x00,0x27,0xED,0xFF,0xFF,0xFF,0xFF,0xFF,0xFF,0x72,0x00,
    0x00,0x00,0x00,0x00,0x00,0x00,0x00,0x00,0x00,0x28,0x9F,0xDF,0xF8,0xEA,0xBF,0x55,
    0x00,0x00,0x00,0x00,0x00,0x00,0x00,0x00,0x00,0x00,0x00,0x00,0x00,0x00,0x00,0x00,
    0x00,0x00,0x00,0x00,0x00,0x00,0x00,0x00,0x00,0x00,0x00,0x00,0x00,0x00,0x00,0x00,
    0x00,0x00,0x00,0x00,0x00,0x00,0x00,0x00,0x00,0x00,0x00,0x00,0x09,0x40,0x7E,0xB8,
    0xDC,0xF3,0xFC,0xF2,0xDD,0xAD,0x60,0x09,0x00,0x00,0x00,0x00,0x00,0x00,0x8C,0xFF,
    0xFF,0xFF,0xFF,0xFF,0xFF,0xFF,0xFF,0xFF,0xFF,0xDB,0x2E,0x00,0x00,0x00,0x00,0x00,
    0x8C,0xFF,0xFF,0xFF,0xFF,0xFF,0xFF,0xFF,0xFF,0xFF,0xFF,0xFF,0xE3,0x11,0x00,0x00,
    0x00,0x00,0x80,0xAD,0x5E,0x32,0x1B,0x06,0x13,0x3C,0xB3,0xFF,0xFF,0xFF,0xFF,0x7A,
    0x00,0x00,0x00,0x00,0x00,0x00,0x00,0x00,0x00,0x00,0x00,0x00,0x05,0xDE,0xFF,0xFF,
    0xFF,0xC9,0x00,0x00,0x00,0x00,0x00,0x00,0x00,0x00,0x00,0x00,0x00,0x00,0x00,0xAD,
    0xFF,0xFF,0xFF,0xF9,0x00,0x00,0x00,0x00,0x00,0x29,0x85,0xC0,0xE3,0xF5,0xFE,0xFF,
    0xFF,0xFF,0xFF,0xFF,0xFF,0xFF,0x0D,0x00,0x00,0x00,0x86,0xFE,0xFF,0xFF,0xFF,0xFF,
    0xFF,0xFF,0xFF,0xFF,0xFF,0xFF,0xFF,0xFF,0x17,0x00,0x00,0x56,0xFF,0xFF,0xFF,0xFF,
    0xFF,0xFF,0xFF,0xFF,0xFF,0xFF,0xFF,0xFF,0xFF,0xFF,0x18,0x00,0x00,0xB4,0xFF,0xFF,
    0xFF,0xFF,0x90,0x25,0x07,0x00,0x00,0xB1,0xFF,0xFF,0xFF,0xFF,0x18,0x00,0x00,0xD1,
    0xFF,0xFF,0xFF,0xF9,0x02,0x00,0x00,0x00,0x13,0xEB,0xFF,0xFF,0xFF,0xFF,0x18,0x00,
    0x00,0xBC,0xFF,0xFF,0xFF,0xFF,0x7C,0x13,0x0C,0x43,0xCF,0xFF,0xFF,0xFF,0xFF,0xFF,
    0x18,0x00,0x00,0x64,0xFF,0xFF,0xFF,0xFF,0xFF,0xFF,0xFF,0xFF,0xE3,0xBC,0xFF,0xFF,
    0xFF,0xFF,0x18,0x00,0x00,0x02,0xA9,0xFF,0xFF,0xFF,0xFF,0xFF,0xFF,0xEA,0x35,0xA8,
    0xFF,0xFF,0xFF,0xFF,0x18,0x00,0x00,0x00,0x01,0x5D,0xC1,0xF1,0xF8,0xDC,0x92,0x1D,
    0x00,0xA8,0xFF,0xFF,0xFF,0xFF,0x18,0x00,0x00,0x00,0x00,0x00,0x00,0x00,0x04,0x97,
    0xEF,0xC9,0x3D,0x00,0x00,0x9F,0xFF,0x39,0x00,0x00,0x00,0x00,0x00,0x00,0x00,0x00,
    0x00,0x00,0x00,0x6E,0xFF,0xFF,0xFF,0xFC,0x74,0x15,0xDF,0xFF,0x1B,0x00,0x00,0x00,
    0x00,0x00,0x00,0x00,0x00,0x00,0x00,0x00,0xC2,0xFF,0x45,0x41,0xE5,0xFF,0xFF,0xFF,
    0xC7,0x00,0x00,0x00,0x00,0x00,0x00,0x00,0x00,0x00,0x00,0x00,0x00,0xE1,0xF4,0x00,
    0x00,0x18,0xAE,0xF1,0xC8,0x24,0x00,0x00,0x00,0x00,0x00,0x00,0x00,0x00,0x00,0x00,
    0x00,0x00,0x00,0x00,0x00,0x00,0x00,0x00,0x00,0x00,0x00,0x00,0x00,0x00,0x00,0x00,
    0x00,0x00,0x00,0x00,0x00,0x00,0x00,0x00,0x00,0x00,0x00,0x00,0x00,0x00,0x00,0x00,
    0x00,0x00,0x00,0x00,0x00,0x00,0x00,0x00,0x00,0x00,0x00,0x00,0x9C,0xFF,0x9C,0x21,
    0x04,0x13,0x64,0xF9,0xE6,0x02,0x00,0x00,0x00,0x00,0x00,0x00,0x00,0x00,0x00,0x00,
    0x00,0x2C,0xF0,0xFF,0xFF,0xFF,0xFF,0xFF,0xFF,0x6A,0x00,0x00,0x00,0x00,0x00,0x00,
    0x00,0x00,0x00,0x00,0x00,0x00,0x00,0x2B,0xA2,0xE0,0xF8,0xE9,0xBD,0x50,0x00,0x00,
    0x00,0x00,0x00,0x00,0x00,0x00,0x00,0x00,0x00,0x00,0x00,0x00,0x00,0x00,0x00,0x00,
    0x00,0x00,0x00,0x00,0x00,0x00,0x00,0x00,0x00,0x00,0x00,0x00,0x00,0x00,0x00,0x00,
    0x00,0xC3,0xFF,0xFF,0xFF,0xFF,0xFF,0xA6,0x00,0x00,0x00,0x00,0x00,0x00,0x00,0x00,
    0x00,0x00,0x00,0x00,0x00,0x21,0xFE,0xFF,0xFF,0xFF,0xFF,0xFF,0xF6,0x0D,0x00,0x00,
    0x00,0x00,0x00,0x00,0x00,0x00,0x00,0x00,0x00,0x00,0x7E,0xFF,0xFF,0xFF,0xFF,0xFF,
    0xFF,0xFF,0x61,0x00,0x00,0x00,0x00,0x00,0x00,0x00,0x00,0x00,0x00,0x00,0x00,0xDA,
    0xFF,0xFF,0xFF,0xFF,0xFF,0xFF,0xFF,0xBE,0x00,0x00,0x00,0x00,0x00,0x00,0x00,0x00,
    0x00,0x00,0x00,0x39,0xFF,0xFF,0xFF,0xFF,0xFD,0xFF,0xFF,0xFF,0xFE,0x1D,0x00,0x00,
    0x00,0x00,0x00,0x00,0x00,0x00,0x00,0x00,0x96,0xFF,0xFF,0xFF,0xFF,0x8C,0xFF,0xFF,
    0xFF,0xFF,0x79,0x00,0x00,0x00,0x00,0x00,0x00,0x00,0x00,0x00,0x06,0xED,0xFF,0xFF,
    0xFF,0xE3,0x0B,0xF4,0xFF,0xFF,0xFF,0xD6,0x00,0x00,0x00,0x00,0x00,0x00,0x00,0x00,
    0x00,0x51,0xFF,0xFF,0xFF,0xFF,0x90,0x00,0xAB,0xFF,0xFF,0xFF,0xFF,0x34,0x00,0x00,
    0x00,0x00,0x00,0x00,0x00,0x00,0xAE,0xFF,0xFF,0xFF,0xFF,0x3C,0x00,0x57,0xFF,0xFF,
    0xFF,0xFF,0x91,0x00,0x00,0x00,0x00,0x00,0x00,0x00,0x12,0xF9,0xFF,0xFF,0xFF,0xE5,
    0x01,0x00,0x0B,0xF6,0xFF,0xFF,0xFF,0xEA,0x04,0x00,0x00,0x00,0x00,0x00,0x00,0x69,
    0xFF,0xFF,0xFF,0xFF,0x93,0x00,0x00,0x00,0xAF,0xFF,0xFF,0xFF,0xFF,0x4C,0x00,0x00,
    0x00,0x00,0x00,0x00,0xC6,0xFF,0xFF,0xFF,0xFF,0x3E,0x00,0x00,0x00,0x5B,0xFF,0xFF,
    0xFF,0xFF,0xA9,0x00,0x00,0x00,0x00,0x00,0x24,0xFF,0xFF,0xFF,0xFF,0xE7,0x02,0x00,
    0x00,0x00,0x0E,0xF8,0xFF,0xFF,0xFF,0xF7,0x0F,0x00,0x00,0x00,0x00,0x81,0xFF,0xFF,
    0xFF,0xFF,0xFF,0xFF,0xFF,0xFF,0xFF,0xFF,0xFF,0xFF,0xFF,0xFF,0xFF,0x64,0x00,0x00,
    0x00,0x00,0xDD,0xFF,0xFF,0xFF,0xFF,0xFF,0xFF,0xFF,0xFF,0xFF,0xFF,0xFF,0xFF,0xFF,
    0xFF,0xFF,0xC1,0x00,0x00,0x00,0x3C,0xFF,0xFF,0xFF,0xFF,0xFF,0xFF,0xFF,0xFF,0xFF,
    0xFF,0xFF,0xFF,0xFF,0xFF,0xFF,0xFF,0xFE,0x20,0x00,0x00,0x99,0xFF,0xFF,0xFF,0xFF,
    0x53,0x00,0x00,0x00,0x00,0x00,0x00,0x00,0x6D,0xFF,0xFF,0xFF,0xFF,0x7C,0x00,0x07,
    0xEF,0xFF,0xFF,0xFF,0xF7,0x0B,0x00,0x00,0x00,0x00,0x00,0x00,0x00,0x1E,0xFF,0xFF,
    0xFF,0xFF,0xD9,0x00,0x54,0xFF,0xFF,0xFF,0xFF,0xB3,0x00,0x00,0x00,0x00,0x00,0x00,
    0x00,0x00,0x00,0xCF,0xFF,0xFF,0xFF,0xFF,0x37,0xB1,0xFF,0xFF,0xFF,0xFF,0x63,0x00,
    0x00,0x00,0x00,0x00,0x00,0x00,0x00,0x00,0x80,0xFF,0xFF,0xFF,0xFF,0x95,0x00,0x00,
    0x00,0x00,0x00,0x7A,0xEA,0xD6,0x56,0x00,0x00,0x77,0xFF,0x61,0x00,0x00,0x00,0x00,
    0x00,0x00,0x00,0x00,0x46,0xFF,0xFF,0xFF,0xFF,0x93,0x12,0xC0,0xFF,0x43,0x00,0x00,
    0x00,0x00,0x00,0x00,0x00,0x00,0x9A,0xFF,0x6C,0x2D,0xD1,0xFF,0xFF,0xFF,0xE7,0x07,
    0x00,0x00,0x00,0x00,0x00,0x00,0x00,0x00,0xB9,0xFF,0x1D,0x00,0x0B,0x99,0xEE,0xD6,
    0x3B,0x00,0x00,0x00,0x00,0x00,0x00,0x00,0x00,0x00,0x00,0x00,0x00,0x00,0x00,0x00,
    0x00,0x00,0x00,0x00,0x00,0x00,0x00,0x00,0x00,0x00,0x00,0x00,0x00,0x00,0x00,0x00,
    0x00,0x00,0x00,0x00,0x00,0x00,0x00,0x00,0x00,0x00,0x00,0x00,0x00,0x00,0x74,0xFF,
    0xB7,0x2B,0x05,0x0D,0x50,0xEC,0xFB,0x14,0x00,0x00,0x00,0x00,0x00,0x00,0x00,0x00,
    0x15,0xDF,0xFF,0xFF,0xFF,0xFF,0xFF,0xFF,0x91,0x00,0x00,0x00,0x00,0x00,0x00,0x00,
    0x00,0x00,0x00,0x1C,0x92,0xDB,0xF6,0xED,0xC8,0x66,0x01,0x00,0x00,0x00,0x00,0x00,
    0x00,0x00,0x00,0x00,0x00,0x00,0x00,0x00,0x00,0x00,0x00,0x00,0x00,0x00,0x00,0x00,
    0x00,0x00,0x00,0x00,0x00,0x00,0x00,0x00,0x00,0x00,0x00,0x00,0x00,0x00,0x00,0x00,
    0x00,0x00,0x00,0x00,0x00,0x00,0x09,0x40,0x7E,0xB8,0xDC,0xF3,0xFC,0xF2,0xDD,0xAD,
    0x60,0x09,0x00,0x00,0x00,0x00,0x00,0x00,0x8C,0xFF,0xFF,0xFF,0xFF,0xFF,0xFF,0xFF,
    0xFF,0xFF,0xFF,0xDB,0x2E,0x00,0x00,0x00,0x00,0x00,0x8C,0xFF,0xFF,0xFF,0xFF,0xFF,
    0xFF,0xFF,0xFF,0xFF,0xFF,0xFF,0xE3,0x11,0x00,0x00,0x00,0x00,0x80,0xAD,0x5E,0x32,
    0x1B,0x06,0x13,0x3C,0xB3,0xFF,0xFF,0xFF,0xFF,0x7A,0x00,0x00,0x00,0x00,0x00,0x00,
    0x00,0x00,0x00,0x00,0x00,0x00,0x05,0xDE,0xFF,0xFF,0xFF,0xC9,0x00,0x00,0x00,0x00,
    0x00,0x00,0x00,0x00,0x00,0x00,0x00,0x00,0x00,0xAD,0xFF,0xFF,0xFF,0xF9,0x00,0x00,
    0x00,0x00,0x00,0x29,0x85,0xC0,0xE3,0xF5,0xFE,0xFF,0xFF,0xFF,0xFF,0xFF,0xFF,0xFF,
    0x0D,0x00,0x00,0x00,0x86,0xFE,0xFF,0xFF,0xFF,0xFF,0xFF,0xFF,0xFF,0xFF,0xFF,0xFF,
    0xFF,0xFF,0x17,0x00,0x00,0x56,0xFF,0xFF,0xFF,0xFF,0xFF,0xFF,0xFF,0xFF,0xFF,0xFF,
    0xFF,0xFF,0xFF,0xFF,0x18,0x00,0x00,0xB4,0xFF,0xFF,0xFF,0xFF,0x90,0x25,0x07,0x00,
    0x00,0xB1,0xFF,0xFF,0xFF,0xFF,0x18,0x00,0x00,0xD1,0xFF,0xFF,0xFF,0xF9,0x02,0x00,
    0x00,0x00,0x13,0xEB,0xFF,0xFF,0xFF,0xFF,0x18,0x00,0x00,0xBC,0xFF,0xFF,0xFF,0xFF,
    0x7C,0x13,0x0C,0x43,0xCF,0xFF,0xFF,0xFF,0xFF,0xFF,0x18,0x00,0x00,0x64,0xFF,0xFF,
    0xFF,0xFF,0xFF,0xFF,0xFF,0xFF,0xE3,0xBC,0xFF,0xFF,0xFF,0xFF,0x18,0x00,0x00,0x02,
    0xA9,0xFF,0xFF,0xFF,0xFF,0xFF,0xFF,0xEA,0x35,0xA8,0xFF,0xFF,0xFF,0xFF,0x18,0x00,
    0x00,0x00,0x01,0x5D,0xC1,0xF1,0xF8,0xDC,0x92,0x1D,0x00,0xA8,0xFF,0xFF,0xFF,0xFF,
    0x18,0x00,0x00,0x00,0x00,0x00,0x00,0x00,0xF4,0xF7,0x0D,0x00,0x00,0x00,0x36,0xFF,
    0xC8,0x00,0x00,0x00,0x00,0x00,0x00,0x00,0x00,0x00,0x00,0x00,0x00,0xB9,0xFF,0xB4,
    0x26,0x08,0x36,0xD2,0xFF,0x8C,0x00,0x00,0x00,0x00,0x00,0x00,0x00,0x00,0x00,0x00,
    0x00,0x00,0x37,0xF8,0xFF,0xFF,0xFF,0xFF,0xFF,0xE6,0x19,0x00,0x00,0x00,0x00,0x00,
    0x00,0x00,0x00,0x00,0x00,0x00,0x00,0x00,0x33,0xB0,0xED,0xFC,0xE6,0x9F,0x1D,0x00,
    0x00,0x00,0x00,0x00,0x00,0x00,0x00,0x00,0x00,0x00,0x00,0x00,0x00,0x00,0x00,0x00,
    0x00,0x00,0x00,0x00,0x00,0x00,0x00,0x00,0x00,0x00,0x00,0x00,0x00,0x00,0x00,0x00,
    0x00,0x00,0xC3,0xFF,0xFF,0xFF,0xFF,0xFF,0xA6,0x00,0x00,0x00,0x00,0x00,0x00,0x00,
    0x00,0x00,0x00,0x00,0x00,0x00,0x21,0xFE,0xFF,0xFF,0xFF,0xFF,0xFF,0xF6,0x0D,0x00,
    0x00,0x00,0x00,0x00,0x00,0x00,0x00,0x00,0x00,0x00,0x00,0x7E,0xFF,0xFF,0xFF,0xFF,
    0xFF,0xFF,0xFF,0x61,0x00,0x00,0x00,0x00,0x00,0x00,0x00,0x00,0x00,0x00,0x00,0x00,
    0xDA,0xFF,0xFF,0xFF,0xFF,0xFF,0xFF,0xFF,0xBE,0x00,0x00,0x00,0x00,0x00,0x00,0x00,
    0x00,0x00,0x00,0x00,0x39,0xFF,0xFF,0xFF,0xFF,0xFD,0xFF,0xFF,0xFF,0xFE,0x1D,0x00,
    0x00,0x00,0x00,0x00,0x00,0x00,0x00,0x00,0x00,0x96,0xFF,0xFF,0xFF,0xFF,0x8C,0xFF,
    0xFF,0xFF,0xFF,0x79,0x00,0x00,0x00,0x00,0x00,0x00,0x00,0x00,0x00,0x06,0xED,0xFF,
    0xFF,0xFF,0xE3,0x0B,0xF4,0xFF,0xFF,0xFF,0xD6,0x00,0x00,0x00,0x00,0x00,0x00,0x00,
    0x00,0x00,0x51,0xFF,0xFF,0xFF,0xFF,0x90,0x00,0xAB,0xFF,0xFF,0xFF,0xFF,0x34,0x00,
    0x00,0x00,0x00,0x00,0x00,0x00,0x00,0xAE,0xFF,0xFF,0xFF,0xFF,0x3C,0x00,0x57,0xFF,
    0xFF,0xFF,0xFF,0x91,0x00,0x00,0x00,0x00,0x00,0x00,0x00,0x12,0xF9,0xFF,0xFF,0xFF,
    0xE5,0x01,0x00,0x0B,0xF6,0xFF,0xFF,0xFF,0xEA,0x04,0x00,0x00,0x00,0x00,0x00,0x00,
    0x69,0xFF,0xFF,0xFF,0xFF,0x93,0x00,0x00,0x00,0xAF,0xFF,0xFF,0xFF,0xFF,0x4C,0x00,
    0x00,0x00,0x00,0x00,0x00,0xC6,0xFF,0xFF,0xFF,0xFF,0x3E,0x00,0x00,0x00,0x5B,0xFF,
    0xFF,0xFF,0xFF,0xA9,0x00,0x00,0x00,0x00,0x00,0x24,0xFF,0xFF,0xFF,0xFF,0xE7,0x02,
    0x00,0x00,0x00,0x0E,0xF8,0xFF,0xFF,0xFF,0xF7,0x0F,0x00,0x00,0x00,0x00,0x81,0xFF,
    0xFF,0xFF,0xFF,0xFF,0xFF,0xFF,0xFF,0xFF,0xFF,0xFF,0xFF,0xFF,0xFF,0xFF,0x64,0x00,
    0x00,0x00,0x00,0xDD,0xFF,0xFF,0xFF,0xFF,0xFF,0xFF,0xFF,0xFF,0xFF,0xFF,0xFF,0xFF,
    0xFF,0xFF,0xFF,0xC1,0x00,0x00,0x00,0x3C,0xFF,0xFF,0xFF,0xFF,0xFF,0xFF,0xFF,0xFF,
    0xFF,0xFF,0xFF,0xFF,0xFF,0xFF,0xFF,0xFF,0xFE,0x20,0x00,0x00,0x99,0xFF,0xFF,0xFF,
    0xFF,0x53,0x00,0x00,0x00,0x00,0x00,0x00,0x00,0x6D,0xFF,0xFF,0xFF,0xFF,0x7C,0x00,
    0x07,0xEF,0xFF,0xFF,0xFF,0xF7,0x0B,0x00,0x00,0x00,0x00,0x00,0x00,0x00,0x1E,0xFF,
    0xFF,0xFF,0xFF,0xD9,0x00,0x54,0xFF,0xFF,0xFF,0xFF,0xB3,0x00,0x00,0x00,0x00,0x00,
    0x00,0x00,0x00,0x00,0xCF,0xFF,0xFF,0xFF,0xFF,0x37,0xB1,0xFF,0xFF,0xFF,0xFF,0x63,
    0x00,0x00,0x00,0x00,0x00,0x00,0x00,0x00,0x00,0x80,0xFF,0xFF,0xFF,0xFF,0x95,0x00,
    0x00,0x00,0x00,0x00,0x00,0x00,0x00,0x00,0x00,0x00,0x00,0x00,0x00,0x00,0x00,0x00,
    0x00,0x00,0x00,0x00,0x00,0x00,0x00,0x00,0x00,0x00,0x00,0x00,0x1B,0x1C,0x1C,0x1C,
    0x15,0x00,0x00,0x00,0x00,0x00,0x00,0x00,0x00,0x00,0x00,0x00,0x00,0x00,0x00,0x00,
    0x00,0xF8,0xFF,0xFF,0xFF,0xC0,0x00,0x00,0x00,0x00,0x00,0x00,0x00,0x00,0x00,0x00,
    0x00,0x00,0x00,0x00,0x00,0x00,0xF8,0xFF,0xFF,0xFF,0xC0,0x00,0x00,0x00,0x00,0x00,
    0x00,0x00,0x00,0x00,0x00,0x00,0x00,0x00,0x00,0x00,0x00,0xF8,0xFF,0xFF,0xFF,0xC0,
    0x00,0x00,0x00,0x00,0x00,0x00,0x00,0x00,0x00,0x00,0x00,0x00,0x00,0x00,0x00,0x00,
    0xB6,0xBC,0xBC,0xBC,0x8D,0x00,0x00,0x00,0x00,0x00,0x00,0x00,0x00,0x00,0x00,0x00,
    0x00,0x00,0xBD,0xFF,0x3D,0x00,0x00,0x00,0x09,0xF4,0xFC,0x03,0x00,0x00,0x00,0x00,
    0x00,0x00,0x00,0x00,0x81,0xFF,0xD6,0x38,0x08,0x24,0xAF,0xFF,0xC4,0x00,0x00,0x00,
    0x00,0x00,0x00,0x00,0x00,0x00,0x14,0xE2,0xFF,0xFF,0xFF,0xFF,0xFF,0xFA,0x3D,0x00,
    0x00,0x00,0x00,0x00,0x00,0x00,0x00,0x00,0x00,0x1A,0x9B,0xE4,0xFB,0xEE,0xB4,0x37,
    0x00,0x00,0x00,0x00,0x00,0x00,0x00,0x00,0x00,0x00,0x00,0x00,0x00,0x00,0x00,0x00,
    0x00,0x00,0x00,0x00,0x00,0x00,0x00,0x00,0x00,0x00,0x00,0x00,0x00,0x00,0x00,0x00,
    0x00,0x00,0x00,0x00,0x00,0x00,0x00,0x00,0x00,0x00,0x00,0x09,0x40,0x7E,0xB8,0xDC,
    0xF3,0xFC,0xF2,0xDD,0xAD,0x60,0x09,0x00,0x00,0x00,0x00,0x00,0x00,0x8C,0xFF,0xFF,
    0xFF,0xFF,0xFF,0xFF,0xFF,0xFF,0xFF,0xFF,0xDB,0x2E,0x00,0x00,0x00,0x00,0x00,0x8C,
    0xFF,0xFF,0xFF,0xFF,0xFF,0xFF,0xFF,0xFF,0xFF,0xFF,0xFF,0xE3,0x11,0x00,0x00,0x00,
    0x00,0x80,0xAD,0x5E,0x32,0x1B,0x06,0x13,0x3C,0xB3,0xFF,0xFF,0xFF,0xFF,0x7A,0x00,
    0x00,0x00,0x00,0x00,0x00,0x00,0x00,0x00,0x00,0x00,0x00,0x05,0xDE,0xFF,0xFF,0xFF,
    0xC9,0x00,0x00,0x00,0x00,0x00,0x00,0x00,0x00,0x00,0x00,0x00,0x00,0x00,0xAD,0xFF,
    0xFF,0xFF,0xF9,0x00,0x00,0x00,0x00,0x00,0x29,0x85,0xC0,0xE3,0xF5,0xFE,0xFF,0xFF,
    0xFF,0xFF,0xFF,0xFF,0xFF,0x0D,0x00,0x00,0x00,0x86,0xFE,0xFF,0xFF,0xFF,0xFF,0xFF,
    0xFF,0xFF,0xFF,0xFF,0xFF,0xFF,0xFF,0x17,0x00,0x00,0x56,0xFF,0xFF,0xFF,0xFF,0xFF,
    0xFF,0xFF,0xFF,0xFF,0xFF,0xFF,0xFF,0xFF,0xFF,0x18,0x00,0x00,0xB4,0xFF,0xFF,0xFF,
    0xFF,0x90,0x25,0x07,0x00,0x00,0xB1,0xFF,0xFF,0xFF,0xFF,0x18,0x00,0x00,0xD1,0xFF,
    0xFF,0xFF,0xF9,0x02,0x00,0x00,0x00,0x13,0xEB,0xFF,0xFF,0xFF,0xFF,0x18,0x00,0x00,
    0xBC,0xFF,0xFF,0xFF,0xFF,0x7C,0x13,0x0C,0x43,0xCF,0xFF,0xFF,0xFF,0xFF,0xFF,0x18,
    0x00,0x00,0x64,0xFF,0xFF,0xFF,0xFF,0xFF,0xFF,0xFF,0xFF,0xE3,0xBC,0xFF,0xFF,0xFF,
    0xFF,0x18,0x00,0x00,0x02,0xA9,0xFF,0xFF,0xFF,0xFF,0xFF,0xFF,0xEA,0x35,0xA8,0xFF,
    0xFF,0xFF,0xFF,0x18,0x00,0x00,0x00,0x01,0x5D,0xC1,0xF1,0xF8,0xDC,0x92,0x1D,0x00,
    0xA8,0xFF,0xFF,0xFF,0xFF,0x18,0x00,0x00,0x00,0x00,0x00,0x00,0x00,0x00,0x00,0x00,
    0x00,0x00,0x00,0x00,0x00,0x00,0x00,0x00,0x00,0x00,0x00,0x00,0x00,0x00,0x07,0x1C,
    0x1C,0x1C,0x1C,0x0C,0x00,0x00,0x00,0x00,0x00,0x00,0x00,0x00,0x00,0x00,0x00,0x00,
    0x48,0xFF,0xFF,0xFF,0xFF,0x70,0x00,0x00,0x00,0x00,0x00,0x00,0x00,0x00,0x00,0x00,
    0x00,0x00,0x48,0xFF,0xFF,0xFF,0xFF,0x70,0x00,0x00,0x00,0x00,0x00,0x00,0x00,0x00,
    0x00,0x00,0x00,0x00,0x48,0xFF,0xFF,0xFF,0xFF,0x70,0x00,0x00,0x00,0x00,0x00,0x00,
    0x00,0x00,0x00,0x00,0x00,0x00,0x34,0xBC,0xBC,0xBC,0xBC,0x52,0x00,0x00,0x00,0x00,
    0x00,0x00,0x00,0x00,0x00,0x84,0xFF,0xFF,0xFF,0xFF,0xFF,0xFF,0xFF,0xFF,0xFF,0xFF,
    0xFF,0xFF,0xFF,0x2C,0x00,0x00,0x00,0x84,0xFF,0xFF,0xFF,0xFF,0xFF,0xFF,0xFF,0xFF,
    0xFF,0xFF,0xFF,0xFF,0xFF,0x2C,0x00,0x00,0x00,0x84,0xFF,0xFF,0xFF,0xFF,0xFF,0xFF,
    0xFF,0xFF,0xFF,0xFF,0xFF,0xFF,0xFF,0x2C,0x00,0x00,0x00,0x84,0xFF,0xFF,0xFF,0xFF,
    0x8C,0x00,0x00,0x00,0x00,0x00,0x00,0x00,0x00,0x00,0x00,0x00,0x00,0x84,0xFF,0xFF,
    0xFF,0xFF,0x8C,0x00,0x00,0x00,0x00,0x00,0x00,0x00,0x00,0x00,0x00,0x00,0x00,0x84,
    0xFF,0xFF,0xFF,0xFF,0x8C,0x00,0x00,0x00,0x00,0x00,0x00,0x00,0x00,0x00,0x00,0x00,
    0x00,0x84,0xFF,0xFF,0xFF,0xFF,0x8C,0x00,0x00,0x00,0x00,0x00,0x00,0x00,0x00,0x00,
    0x00,0x00,0x00,0x84,0xFF,0xFF,0xFF,0xFF,0x8C,0x00,0x00,0x00,0x00,0x00,0x00,0x00,
    0x00,0x00,0x00,0x00,0x00,0x84,0xFF,0xFF,0xFF,0xFF,0xFF,0xFF,0xFF,0xFF,0xFF,0xFF,
    0xFF,0xFF,0xA8,0x00,0x00,0x00,0x00,0x84,0xFF,0xFF,0xFF,0xFF,0xFF,0xFF,0xFF,0xFF,
    0xFF,0xFF,0xFF,0xFF,0xA8,0x00,0x00,0x00,0x00,0x84,0xFF,0xFF,0xFF,0xFF,0xFF,0xFF,
    0xFF,0xFF,0xFF,0xFF,0xFF,0xFF,0xA8,0x00,0x00,0x00,0x00,0x84,0xFF,0xFF,0xFF,0xFF,
    0x8C,0x00,0x00,0x00,0x00,0x00,0x00,0x00,0x00,0x00,0x00,0x00,0x00,0x84,0xFF,0xFF,
    0xFF,0xFF,0x8C,0x00,0x00,0x00,0x00,0x00,0x00,0x00,0x00,0x00,0x00,0x00,0x00,0x84,
    0xFF,0xFF,0xFF,0xFF,0x8C,0x00,0x00,0x00,0x00,0x00,0x00,0x00,0x00,0x00,0x00,0x00,
    0x00,0x84,0xFF,0xFF,0xFF,0xFF,0x8C,0x00,0x00,0x00,0x00,0x00,0x00,0x00,0x00,0x00,
    0x00,0x00,0x00,0x84,0xFF,0xFF,0xFF,0xFF,0x8C,0x00,0x00,0x00,0x00,0x00,0x00,0x00,
    0x00,0x00,0x00,0x00,0x00,0x84,0xFF,0xFF,0xFF,0xFF,0x8C,0x00,0x00,0x00,0x00,0x00,
    0x00,0x00,0x00,0x00,0x00,0x00,0x00,0x84,0xFF,0xFF,0xFF,0xFF,0xFF,0xFF,0xFF,0xFF,
    0xFF,0xFF,0xFF,0xFF,0xFF,0x78,0x00,0x00,0x00,0x84,0xFF,0xFF,0xFF,0xFF,0xFF,0xFF,
    0xFF,0xFF,0xFF,0xFF,0xFF,0xFF,0xFF,0x78,0x00,0x00,0x00,0x84,0xFF,0xFF,0xFF,0xFF,
    0xFF,0xFF,0xFF,0xFF,0xFF,0xFF,0xFF,0xFF,0xFF,0x78,0x00,0x00,0x00,0x00,0x00,0x00,
    0x00,0x00,0x00,0x00,0x00,0x00,0x00,0x00,0x00,0x00,0x00,0x00,0x00,0x00,0x00,0x00,
    0x00,0x00,0x00,0x07,0x1C,0x1C,0x1C,0x1C,0x0C,0x00,0x00,0x00,0x00,0x00,0x00,0x00,
    0x00,0x00,0x00,0x00,0x00,0x44,0xFF,0xFF,0xFF,0xFF,0x74,0x00,0x00,0x00,0x00,0x00,
    0x00,0x00,0x00,0x00,0x00,0x00,0x00,0x44,0xFF,0xFF,0xFF,0xFF,0x74,0x00,0x00,0x00,
    0x00,0x00,0x00,0x00,0x00,0x00,0x00,0x00,0x00,0x44,0xFF,0xFF,0xFF,0xFF,0x74,0x00,
    0x00,0x00,0x00,0x00,0x00,0x00,0x00,0x00,0x00,0x00,0x00,0x31,0xBC,0xBC,0xBC,0xBC,
    0x55,0x00,0x00,0x00,0x00,0x00,0x00,0x00,0x00,0x00,0x00,0x02,0x4F,0xA2,0xD9,0xF0,
    0xFA,0xE7,0xBB,0x70,0x0B,0x00,0x00,0x00,0x00,0x00,0x00,0x00,0x29,0xD0,0xFF,0xFF,
    0xFF,0xFF,0xFF,0xFF,0xFF,0xFF,0xE9,0x43,0x00,0x00,0x00,0x00,0x00,0x2B,0xF0,0xFF,
    0xFF,0xFF,0xFF,0xFF,0xFF,0xFF,0xFF,0xFF,0xFF,0xFB,0x43,0x00,0x00,0x00,0x02,0xD3,
    0xFF,0xFF,0xFF,0xFF,0x8B,0x22,0x0D,0x48,0xE0,0xFF,0xFF,0xFF,0xEA,0x0C,0x00,0x00,
    0x51,0xFF,0xFF,0xFF,0xFF,0x93,0x00,0x00,0x00,0x00,0x39,0xFF,0xFF,0xFF,0xFF,0x72,
    0x00,0x00,0x9D,0xFF,0xFF,0xFF,0xFF,0x2C,0x00,0x00,0x00,0x00,0x00,0xEC,0xFF,0xFF,
    0xFF,0xBE,0x00,0x00,0xC4,0xFF,0xFF,0xFF,0xFF,0xFF,0xFF,0xFF,0xFF,0xFF,0xFF,0xFF,
    0xFF,0xFF,0xFF,0xE8,0x00,0x00,0xD3,0xFF,0xFF,0xFF,0xFF,0xFF,0xFF,0xFF,0xFF,0xFF,
    0xFF,0xFF,0xFF,0xFF,0xFF,0xFC,0x00,0x00,0xC3,0xFF,0xFF,0xFF,0xFF,0xFF,0xFF,0xFF,
    0xFF,0xFF,0xFF,0xFF,0xFF,0xFF,0xFF,0xFF,0x00,0x00,0x9D,0xFF,0xFF,0xFF,0xFF,0x1D,
    0x00,0x00,0x00,0x00,0x00,0x00,0x00,0x00,0x00,0x00,0x00,0x00,0x52,0xFF,0xFF,0xFF,
    0xFF,0x8B,0x00,0x00,0x00,0x00,0x00,0x00,0x00,0x00,0x00,0x00,0x00,0x00,0x02,0xD4,
    0xFF,0xFF,0xFF,0xFF,0x9C,0x34,0x0F,0x09,0x1E,0x33,0x58,0x93,0xCF,0x4D,0x00,0x00,
    0x00,0x2B,0xEF,0xFF,0xFF,0xFF,0xFF,0xFF,0xFF,0xFF,0xFF,0xFF,0xFF,0xFF,0xFF,0x50,
    0x00,0x00,0x00,0x00,0x28,0xCC,0xFF,0xFF,0xFF,0xFF,0xFF,0xFF,0xFF,0xFF,0xFF,0xFF,
    0xFF,0x50,0x00,0x00,0x00,0x00,0x00,0x01,0x48,0x9C,0xD3,0xEE,0xFB,0xEF,0xDC,0xC9,
    0xA1,0x68,0x2F,0x02,0x00,0x00,0x00,0x00,0x00,0x00,0x00,0x00,0x00,0x00,0x00,0x00,
    0x00,0x00,0x00,0x00,0x00,0x00,0x00,0x00,0x00,0x00,0x00,0x00,0x00,0x00,0x15,0x1C,
    0x1C,0x1C,0x1A,0x00,0x00,0x00,0x00,0x00,0x00,0x00,0x00,0x00,0x00,0x00,0x00,0x00,
    0xC8,0xFF,0xFF,0xFF,0xF0,0x00,0x00,0x00,0x00,0x00,0x00,0x00,0x00,0x00,0x00,0x00,
    0x00,0x00,0xC8,0xFF,0xFF,0xFF,0xF0,0x00,0x00,0x00,0x00,0x00,0x00,0x00,0x00,0x00,
    0x00,0x00,0x00,0x00,0xC8,0xFF,0xFF,0xFF,0xF0,0x00,0x00,0x00,0x00,0x00,0x00,0x00,
    0x00,0x00,0x00,0x00,0x00,0x00,0x92,0xBC,0xBC,0xBC,0xB0,0x00,0x00,0x00,0x00,0x00,
    0x00,0x00,0x00,0x00,0x00,0x00,0x06,0x64,0x9B,0xB8,0xB5,0x90,0x2D,0x00,0x00,0x00,
    0x00,0x00,0x00,0x00,0x00,0x00,0x00,0x00,0x1C,0xFA,0xC3,0xA0,0xAC,0xF5,0xF8,0x35,
    0x00,0x00,0x00,0x00,0x00,0x00,0x00,0x00,0x00,0x00,0x07,0x14,0x00,0x00,0x00,0x7B,
    0xFF,0x85,0x00,0x00,0x00,0x00,0x00,0x00,0x00,0x00,0x00,0x00,0x00,0x00,0x00,0x00,
    0x30,0xE9,0xFF,0x5B,0x00,0x00,0x00,0x00,0x00,0x00,0x00,0x00,0x00,0x00,0x00,0x00,
    0x00,0x42,0xF5,0xFF,0x91,0x00,0x00,0x00,0x00,0x00,0x00,0x00,0x00,0x00,0x00,0x00,
    0x00,0x00,0x00,0xC8,0xFF,0x7F,0x00,0x00,0x00,0x00,0x00,0x00,0x00,0x00,0x00,0x00,
    0x00,0x00,0x00,0x00,0x00,0x4D,0x5C,0x1B,0x00,0x00,0x00,0x00,0x00,0x00,0x00,0x00,
    0x00,0x00,0x00,0x00,0x00,0x00,0x00,0x00,0x00,0x00,0x00,0x00,0x00,0x00,0x00,0x00,
    0x00,0x00,0x00,0x84,0xFF,0xFF,0xFF,0xFF,0xFF,0xFF,0xFF,0xFF,0xFF,0xFF,0xFF,0xFF,
    0xFF,0x2C,0x00,0x00,0x00,0x84,0xFF,0xFF,0xFF,0xFF,0xFF,0xFF,0xFF,0xFF,0xFF,0xFF,
    0xFF,0xFF,0xFF,0x2C,0x00,0x00,0x00,0x84,0xFF,0xFF,0xFF,0xFF,0xFF,0xFF,0xFF,0xFF,
    0xFF,0xFF,0xFF,0xFF,0xFF,0x2C,0x00,0x00,0x00,0x84,0xFF,0xFF,0xFF,0xFF,0x8C,0x00,
    0x00,0x00,0x00,0x00,0x00,0x00,0x00,0x00,0x00,0x00,0x00,0x84,0xFF,0xFF,0xFF,0xFF,
    0x8C,0x00,0x00,0x00,0x00,0x00,0x00,0x00,0x00,0x00,0x00,0x00,0x00,0x84,0xFF,0xFF,
    0xFF,0xFF,0x8C,0x00,0x00,0x00,0x00,0x00,0x00,0x00,0x00,0x00,0x00,0x00,0x00,0x84,
    0xFF,0xFF,0xFF,0xFF,0x8C,0x00,0x00,0x00,0x00,0x00,0x00,0x00,0x00,0x00,0x00,0x00,
    0x00,0x84,0xFF,0xFF,0xFF,0xFF,0x8C,0x00,0x00,0x00,0x00,0x00,0x00,0x00,0x00,0x00,
    0x00,0x00,0x00,0x84,0xFF,0xFF,0xFF,0xFF,0xFF,0xFF,0xFF,0xFF,0xFF,0xFF,0xFF,0xFF,
    0xA8,0x00,0x00,0x00,0x00,0x84,0xFF,0xFF,0xFF,0xFF,0xFF,0xFF,0xFF,0xFF,0xFF,0xFF,
    0xFF,0xFF,0xA8,0x00,0x00,0x00,0x00,0x84,0xFF,0xFF,0xFF,0xFF,0xFF,0xFF,0xFF,0xFF,
    0xFF,0xFF,0xFF,0xFF,0xA8,0x00,0x00,0x00,0x00,0x84,0xFF,0xFF,0xFF,0xFF,0x8C,0x00,
    0x00,0x00,0x00,0x00,0x00,0x00,0x00,0x00,0x00,0x00,0x00,0x84,0xFF,0xFF,0xFF,0xFF,
    0x8C,0x00,0x00,0x00,0x00,0x00,0x00,0x00,0x00,0x00,0x00,0x00,0x00,0x84,0xFF,0xFF,
    0xFF,0xFF,0x8C,0x00,0x00,0x00,0x00,0x00,0x00,0x00,0x00,0x00,0x00,0x00,0x00,0x84,
    0xFF,0xFF,0xFF,0xFF,0x8C,0x00,0x00,0x00,0x00,0x00,0x00,0x00,0x00,0x00,0x00,0x00,
    0x00,0x84,0xFF,0xFF,0xFF,0xFF,0x8C,0x00,0x00,0x00,0x00,0x00,0x00,0x00,0x00,0x00,
    0x00,0x00,0x00,0x84,0xFF,0xFF,0xFF,0xFF,0x8C,0x00,0x00,0x00,0x00,0x00,0x00,0x00,
    0x00,0x00,0x00,0x00,0x00,0x84,0xFF,0xFF,0xFF,0xFF,0xFF,0xFF,0xFF,0xFF,0xFF,0xFF,
    0xFF,0xFF,0xFF,0x78,0x00,0x00,0x00,0x84,0xFF,0xFF,0xFF,0xFF,0xFF,0xFF,0xFF,0xFF,
    0xFF,0xFF,0xFF,0xFF,0xFF,0x78,0x00,0x00,0x00,0x84,0xFF,0xFF,0xFF,0xFF,0xFF,0xFF,
    0xFF,0xFF,0xFF,0xFF,0xFF,0xFF,0xFF,0x78,0x00,0x00,0x00,0x00,0x00,0x00,0x00,0x2F,
    0x81,0xAC,0xBD,0xA9,0x67,0x08,0x00,0x00,0x00,0x00,0x00,0x00,0x00,0x00,0x00,0x00,
    0x00,0x98,0xE4,0xAD,0x9D,0xCF,0xFF,0xB2,0x00,0x00,0x00,0x00,0x00,0x00,0x00,0x00,
    0x00,0x00,0x00,0x1A,0x01,0x00,0x00,0x03,0xF3,0xFE,0x0B,0x00,0x00,0x00,0x00,0x00,
    0x00,0x00,0x00,0x00,0x00,0x00,0x00,0x00,0x02,0x93,0xFF,0xDD,0x01,0x00,0x00,0x00,
    0x00,0x00,0x00,0x00,0x00,0x00,0x00,0x00,0x00,0x02,0xB1,0xFF,0xE5,0x30,0x00,0x00,
    0x00,0x00,0x00,0x00,0x00,0x00,0x00,0x00,0x00,0x00,0x00,0x44,0xFF,0xEB,0x17,0x00,
    0x00,0x00,0x00,0x00,0x00,0x00,0x00,0x00,0x00,0x00,0x00,0x00,0x00,0x1E,0x5C,0x4A,
    0x00,0x00,0x00,0x00,0x00,0x00,0x00,0x00,0x00,0x00,0x00,0x00,0x00,0x00,0x00,0x00,
    0x00,0x00,0x00,0x00,0x00,0x00,0x00,0x00,0x00,0x00,0x00,0x00,0x00,0x02,0x4F,0xA2,
    0xD9,0xF0,0xFA,0xE7,0xBB,0x70,0x0B,0x00,0x00,0x00,0x00,0x00,0x00,0x00,0x29,0xD0,
    0xFF,0xFF,0xFF,0xFF,0xFF,0xFF,0xFF,0xFF,0xE9,0x43,0x00,0x00,0x00,0x00,0x00,0x2B,
    0xF0,0xFF,0xFF,0xFF,0xFF,0xFF,0xFF,0xFF,0xFF,0xFF,0xFF,0xFB,0x43,0x00,0x00,0x00,
    0x02,0xD3,0xFF,0xFF,0xFF,0xFF,0x8B,0x22,0x0D,0x48,0xE0,0xFF,0xFF,0xFF,0xEA,0x0C,
    0x00,0x00,0x51,0xFF,0xFF,0xFF,0xFF,0x93,0x00,0x00,0x00,0x00,0x39,0xFF,0xFF,0xFF,
    0xFF,0x72,0x00,0x00,0x9D,0xFF,0xFF,0xFF,0xFF,0x2C,0x00,0x00,0x00,0x00,0x00,0xEC,
    0xFF,0xFF,0xFF,0xBE,0x00,0x00,0xC4,0xFF,0xFF,0xFF,0xFF,0xFF,0xFF,0xFF,0xFF,0xFF,
    0xFF,0xFF,0xFF,0xFF,0xFF,0xE8,0x00,0x00,0xD3,0xFF,0xFF,0xFF,0xFF,0xFF,0xFF,0xFF,
    0xFF,0xFF,0xFF,0xFF,0xFF,0xFF,0xFF,0xFC,0x00,0x00,0xC3,0xFF,0xFF,0xFF,0xFF,0xFF,
    0xFF,0xFF,0xFF,0xFF,0xFF,0xFF,0xFF,0xFF,0xFF,0xFF,0x00,0x00,0x9D,0xFF,0xFF,0xFF,
    0xFF,0x1D,0x00,0x00,0x00,0x00,0x00,0x00,0x00,0x00,0x00,0x00,0x00,0x00,0x52,0xFF,
    0xFF,0xFF,0xFF,0x8B,0x00,0x00,0x00,0x00,0x00,0x00,0x00,0x00,0x00,0x00,0x00,0x00,
    0x02,0xD4,0xFF,0xFF,0xFF,0xFF,0x9C,0x34,0x0F,0x09,0x1E,0x33,0x58,0x93,0xCF,0x4D,
    0x00,0x00,0x00,0x2B,0xEF,0xFF,0xFF,0xFF,0xFF,0xFF,0xFF,0xFF,0xFF,0xFF,0xFF,0xFF,
    0xFF,0x50,0x00,0x00,0x00,0x00,0x28,0xCC,0xFF,0xFF,0xFF,0xFF,0xFF,0xFF,0xFF,0xFF,
    0xFF,0xFF,0xFF,0x50,0x00,0x00,0x00,0x00,0x00,0x01,0x48,0x9C,0xD3,0xEE,0xFB,0xEF,
    0xDC,0xC9,0xA1,0x68,0x2F,0x02,0x00,0x00,0x00,0x00,0x00,0x00,0x46,0xDB,0xE7,0x81,
    0x06,0x00,0x33,0xFF,0xA5,0x00,0x00,0x00,0x00,0x00,0x00,0x00,0x00,0x0F,0xF1,0xFF,
    0xFF,0xFF,0xC3,0x21,0x82,0xFF,0x87,0x00,0x00,0x00,0x00,0x00,0x00,0x00,0x00,0x56,
    0xFF,0xAD,0x18,0xA6,0xFF,0xFF,0xFF,0xFF,0x33,0x00,0x00,0x00,0x00,0x00,0x00,0x00,
    0x00,0x75,0xFF,0x61,0x00,0x00,0x6D,0xE2,0xE7,0x6D,0x00,0x00,0x00,0x00,0x00,0x00,
    0x00,0x00,0x00,0x00,0x00,0x00,0x00,0x00,0x00,0x00,0x00,0x00,0x00,0x00,0x00,0x00,
    0x00,0x00,0x00,0x00,0x00,0x00,0x00,0x00,0x00,0x00,0x00,0x00,0x00,0x00,0x00,0x00,
    0x00,0x00,0x00,0x00,0x00,0x84,0xFF,0xFF,0xFF,0xFF,0xFF,0xFF,0xFF,0xFF,0xFF,0xFF,
    0xFF,0xFF,0xFF,0x2C,0x00,0x00,0x00,0x84,0xFF,0xFF,0xFF,0xFF,0xFF,0xFF,0xFF,0xFF,
    0xFF,0xFF,0xFF,0xFF,0xFF,0x2C,0x00,0x00,0x00,0x84,0xFF,0xFF,0xFF,0xFF,0xFF,0xFF,
    0xFF,0xFF,0xFF,0xFF,0xFF,0xFF,0xFF,0x2C,0x00,0x00,0x00,0x84,0xFF,0xFF,0xFF,0xFF,
    0x8C,0x00,0x00,0x00,0x00,0x00,0x00,0x00,0x00,0x00,0x00,0x00,0x00,0x84,0xFF,0xFF,
    0xFF,0xFF,0x8C,0x00,0x00,0x00,0x00,0x00,0x00,0x00,0x00,0x00,0x00,0x00,0x00,0x84,
    0xFF,0xFF,0xFF,0xFF,0x8C,0x00,0x00,0x00,0x00,0x00,0x00,0x00,0x00,0x00,0x00,0x00,
    0x00,0x84,0xFF,0xFF,0xFF,0xFF,0x8C,0x00,0x00,0x00,0x00,0x00,0x00,0x00,0x00,0x00,
    0x00,0x00,0x00,0x84,0xFF,0xFF,0xFF,0xFF,0x8C,0x00,0x00,0x00,0x00,0x00,0x00,0x00,
    0x00,0x00,0x00,0x00,0x00,0x84,0xFF,0xFF,0xFF,0xFF,0xFF,0xFF,0xFF,0xFF,0xFF,0xFF,
    0xFF,0xFF,0xA8,0x00,0x00,0x00,0x00,0x84,0xFF,0xFF,0xFF,0xFF,0xFF,0xFF,0xFF,0xFF,
    0xFF,0xFF,0xFF,0xFF,0xA8,0x00,0x00,0x00,0x00,0x84,0xFF,0xFF,0xFF,0xFF,0xFF,0xFF,
    0xFF,0xFF,0xFF,0xFF,0xFF,0xFF,0xA8,0x00,0x00,0x00,0x00,0x84,0xFF,0xFF,0xFF,0xFF,
    0x8C,0x00,0x00,0x00,0x00,0x00,0x00,0x00,0x00,0x00,0x00,0x00,0x00,0x84,0xFF,0xFF,
    0xFF,0xFF,0x8C,0x00,0x00,0x00,0x00,0x00,0x00,0x00,0x00,0x00,0x00,0x00,0x00,0x84,
    0xFF,0xFF,0xFF,0xFF,0x8C,0x00,0x00,0x00,0x00,0x00,0x00,0x00,0x00,0x00,0x00,0x00,
    0x00,0x84,0xFF,0xFF,0xFF,0xFF,0x8C,0x00,0x00,0x00,0x00,0x00,0x00,0x00,0x00,0x00,
    0x00,0x00,0x00,0x84,0xFF,0xFF,0xFF,0xFF,0x8C,0x00,0x00,0x00,0x00,0x00,0x00,0x00,
    0x00,0x00,0x00,0x00,0x00,0x84,0xFF,0xFF,0xFF,0xFF,0x8C,0x00,0x00,0x00,0x00,0x00,
    0x00,0x00,0x00,0x00,0x00,0x00,0x00,0x84,0xFF,0xFF,0xFF,0xFF,0xFF,0xFF,0xFF,0xFF,
    0xFF,0xFF,0xFF,0xFF,0xFF,0x78,0x00,0x00,0x00,0x84,0xFF,0xFF,0xFF,0xFF,0xFF,0xFF,
    0xFF,0xFF,0xFF,0xFF,0xFF,0xFF,0xFF,0x78,0x00,0x00,0x00,0x84,0xFF,0xFF,0xFF,0xFF,
    0xFF,0xFF,0xFF,0xFF,0xFF,0xFF,0xFF,0xFF,0xFF,0x78,0x00,0x00,0x00,0x00,0x00,0x00,
    0x32,0xDA,0xE9,0x58,0x00,0x00,0x1B,0xF4,0xB2,0x00,0x00,0x00,0x00,0x00,0x00,0x00,
    0x00,0x01,0xD5,0xFF,0xFF,0xFC,0x4A,0x00,0x32,0xFF,0xA9,0x00,0x00,0x00,0x00,0x00,
    0x00,0x00,0x00,0x2E,0xFF,0xCA,0x21,0xD0,0xF1,0x3A,0x88,0xFF,0x7D,0x00,0x00,0x00,
    0x00,0x00,0x00,0x00,0x00,0x5A,0xFF,0x80,0x00,0x19,0xE0,0xFF,0xFF,0xFD,0x28,0x00,
    0x00,0x00,0x00,0x00,0x00,0x00,0x00,0x66,0xF4,0x66,0x00,0x00,0x26,0xD1,0xF0,0x6C,
    0x00,0x00,0x00,0x00,0x00,0x00,0x00,0x00,0x00,0x00,0x00,0x00,0x00,0x00,0x00,0x00,
    0x00,0x00,0x00,0x00,0x00,0x00,0x00,0x00,0x00,0x00,0x00,0x00,0x00,0x00,0x00,0x00,
    0x00,0x00,0x00,0x00,0x00,0x00,0x00,0x00,0x00,0x00,0x00,0x00,0x00,0x02,0x4F,0xA2,
    0xD9,0xF0,0xFA,0xE7,0xBB,0x70,0x0B,0x00,0x00,0x00,0x00,0x00,0x00,0x00,0x29,0xD0,
    0xFF,0xFF,0xFF,0xFF,0xFF,0xFF,0xFF,0xFF,0xE9,0x43,0x00,0x00,0x00,0x00,0x00,0x2B,
    0xF0,0xFF,0xFF,0xFF,0xFF,0xFF,0xFF,0xFF,0xFF,0xFF,0xFF,0xFB,0x43,0x00,0x00,0x00,
    0x02,0xD3,0xFF,0xFF,0xFF,0xFF,0x8B,0x22,0x0D,0x48,0xE0,0xFF,0xFF,0xFF,0xEA,0x0C,
    0x00,0x00,0x51,0xFF,0xFF,0xFF,0xFF,0x93,0x00,0x00,0x00,0x00,0x39,0xFF,0xFF,0xFF,
    0xFF,0x72,0x00,0x00,0x9D,0xFF,0xFF,0xFF,0xFF,0x2C,0x00,0x00,0x00,0x00,0x00,0xEC,
    0xFF,0xFF,0xFF,0xBE,0x00,0x00,0xC4,0xFF,0xFF,0xFF,0xFF,0xFF,0xFF,0xFF,0xFF,0xFF,
    0xFF,0xFF,0xFF,0xFF,0xFF,0xE8,0x00,0x00,0xD3,0xFF,0xFF,0xFF,0xFF,0xFF,0xFF,0xFF,
    0xFF,0xFF,0xFF,0xFF,0xFF,0xFF,0xFF,0xFC,0x00,0x00,0xC3,0xFF,0xFF,0xFF,0xFF,0xFF,
    0xFF,0xFF,0xFF,0xFF,0xFF,0xFF,0xFF,0xFF,0xFF,0xFF,0x00,0x00,0x9D,0xFF,0xFF,0xFF,
    0xFF,0x1D,0x00,0x00,0x00,0x00,0x00,0x00,0x00,0x00,0x00,0x00,0x00,0x00,0x52,0xFF,
    0xFF,0xFF,0xFF,0x8B,0x00,0x00,0x00,0x00,0x00,0x00,0x00,0x00,0x00,0x00,0x00,0x00,
    0x02,0xD4,0xFF,0xFF,0xFF,0xFF,0x9C,0x34,0x0F,0x09,0x1E,0x33,0x58,0x93,0xCF,0x4D,
    0x00,0x00,0x00,0x2B,0xEF,0xFF,0xFF,0xFF,0xFF,0xFF,0xFF,0xFF,0xFF,0xFF,0xFF,0xFF,
    0xFF,0x50,0x00,0x00,0x00,0x00,0x28,0xCC,0xFF,0xFF,0xFF,0xFF,0xFF,0xFF,0xFF,0xFF,
    0xFF,0xFF,0xFF,0x50,0x00,0x00,0x00,0x00,0x00,0x01,0x48,0x9C,0xD3,0xEE,0xFB,0xEF,
    0xDC,0xC9,0xA1,0x68,0x2F,0x02,0x00,0x00,0x00,0x00,0x00,0x00,0x00,0x00,0x00,0x00,
    0x00,0x00,0x00,0x00,0x02,0xB0,0xFF,0xFF,0xC0,0x16,0x00,0x00,0x00,0x00,0x00,0x00,
    0x00,0x00,0x00,0x00,0x00,0x00,0x00,0x91,0xFF,0xFF,0x92,0x04,0x00,0x00,0x00,0x00,
    0x00,0x00,0x00,0x00,0x00,0x00,0x00,0x00,0x00,0x71,0xFF,0xF7,0x5D,0x00,0x00,0x00,
    0x00,0x00,0x00,0x00,0x00,0x00,0x3A,0xF3,0xFF,0xFF,0xFF,0xCC,0x10,0x00,0x00,0x00,
    0x00,0x00,0x00,0x00,0x00,0x00,0x00,0x00,0x36,0xF1,0xFF,0xC0,0x5D,0xE7,0xFF,0xC9,
    0x0E,0x00,0x00,0x00,0x00,0x00,0x00,0x00,0x00,0x00,0x32,0xEF,0xF8,0x75,0x02,0x00,
    0x13,0xAC,0xFF,0xC5,0x0C,0x00,0x00,0x00,0x00,0x00,0x00,0x00,0x00,0x00,0x00,0x00,
    0x00,0x00,0x00,0x00,0x00,0x00,0x00,0x00,0x00,0x00,0x00,0x00,0x00,0x00,0x00,0x00,
    0x00,0x00,0x00,0x00,0x00,0x00,0x00,0x00,0x00,0x00,0x00,0x00,0x00,0x00,0x00,0x00,
    0x00,0x84,0xFF,0xFF,0xFF,0xFF,0xFF,0xFF,0xFF,0xFF,0xFF,0xFF,0xFF,0xFF,0xFF,0x2C,
    0x00,0x00,0x00,0x00,0x84,0xFF,0xFF,0xFF,0xFF,0xFF,0xFF,0xFF,0xFF,0xFF,0xFF,0xFF,
    0xFF,0xFF,0x2C,0x00,0x00,0x00,0x00,0x84,0xFF,0xFF,0xFF,0xFF,0xFF,0xFF,0xFF,0xFF,
    0xFF,0xFF,0xFF,0xFF,0xFF,0x2C,0x00,0x00,0x00,0x00,0x84,0xFF,0xFF,0xFF,0xFF,0x8C,
    0x00,0x00,0x00,0x00,0x00,0x00,0x00,0x00,0x00,0x00,0x00,0x00,0x00,0x84,0xFF,0xFF,
    0xFF,0xFF,0x8C,0x00,0x00,0x00,0x00,0x00,0x00,0x00,0x00,0x00,0x00,0x00,0x00,0x00,
    0x84,0xFF,0xFF,0xFF,0xFF,0x8C,0x00,0x00,0x00,0x00,0x00,0x00,0x00,0x00,0x00,0x00,
    0x00,0x00,0x00,0x84,0xFF,0xFF,0xFF,0xFF,0x8C,0x00,0x00,0x00,0x00,0x00,0x00,0x00,
    0x00,0x00,0x00,0x00,0x00,0x00,0x84,0xFF,0xFF,0xFF,0xFF,0x8C,0x00,0x00,0x00,0x00,
    0x00,0x00,0x00,0x00,0x00,0x00,0x00,0x00,0x00,0x84,0xFF,0xFF,0xFF,0xFF,0xFF,0xFF,
    0xFF,0xFF,0xFF,0xFF,0xFF,0xFF,0xA8,0x00,0x00,0x00,0x00,0x00,0x84,0xFF,0xFF,0xFF,
    0xFF,0xFF,0xFF,0xFF,0xFF,0xFF,0xFF,0xFF,0xFF,0xA8,0x00,0x00,0x00,0x00,0x00,0x84,
    0xFF,0xFF,0xFF,0xFF,0xFF,0xFF,0xFF,0xFF,0xFF,0xFF,0xFF,0xFF,0xA8,0x00,0x00,0x00,
    0x00,0x00,0x84,0xFF,0xFF,0xFF,0xFF,0x8C,0x00,0x00,0x00,0x00,0x00,0x00,0x00,0x00,
    0x00,0x00,0x00,0x00,0x00,0x84,0xFF,0xFF,0xFF,0xFF,0x8C,0x00,0x00,0x00,0x00,0x00,
    0x00,0x00,0x00,0x00,0x00,0x00,0x00,0x00,0x84,0xFF,0xFF,0xFF,0xFF,0x8C,0x00,0x00,
    0x00,0x00,0x00,0x00,0x00,0x00,0x00,0x00,0x00,0x00,0x00,0x84,0xFF,0xFF,0xFF,0xFF,
    0x8C,0x00,0x00,0x00,0x00,0x00,0x00,0x00,0x00,0x00,0x00,0x00,0x00,0x00,0x84,0xFF,
    0xFF,0xFF,0xFF,0x8C,0x00,0x00,0x00,0x00,0x00,0x00,0x00,0x00,0x00,0x00,0x00,0x00,
    0x00,0x84,0xFF,0xFF,0xFF,0xFF,0x8C,0x00,0x00,0x00,0x00,0x00,0x00,0x00,0x00,0x00,
    0x00,0x00,0x00,0x00,0x84,0xFF,0xFF,0xFF,0xFF,0xFF,0xFF,0xFF,0xFF,0xFF,0xFF,0xFF,
    0xFF,0xFF,0x78,0x00,0x00,0x00,0x00,0x84,0xFF,0xFF,0xFF,0xFF,0xFF,0xFF,0xFF,0xFF,
    0xFF,0xFF,0xFF,0xFF,0xFF,0x78,0x00,0x00,0x00,0x00,0x84,0xFF,0xFF,0xFF,0xFF,0xFF,
    0xFF,0xFF,0xFF,0xFF,0xFF,0xFF,0xFF,0xFF,0x78,0x00,0x00,0x00,0x00,0x00,0x00,0x00,
    0x00,0x00,0x00,0x00,0x00,0x00,0x00,0x00,0x00,0x97,0xFF,0xFF,0xD1,0x21,0x00,0x00,
    0x00,0x00,0x00,0x00,0x00,0x00,0x00,0x00,0x00,0x00,0x00,0x76,0xFF,0xFF,0xA7,0x0A,
    0x00,0x00,0x00,0x00,0x00,0x00,0x00,0x00,0x00,0x00,0x00,0x00,0x00,0x56,0xFE,0xFC,
    0x74,0x00,0x00,0x00,0x00,0x00,0x00,0x00,0x00,0x00,0x28,0xE8,0xFF,0xFF,0xFF,0xDC,
    0x1B,0x00,0x00,0x00,0x00,0x00,0x00,0x00,0x00,0x00,0x00,0x00,0x25,0xE6,0xFF,0xCF,
    0x59,0xDB,0xFF,0xD9,0x19,0x00,0x00,0x00,0x00,0x00,0x00,0x00,0x00,0x00,0x22,0xE3,
    0xFD,0x89,0x06,0x00,0x0B,0x99,0xFF,0xD7,0x17,0x00,0x00,0x00,0x00,0x00,0x00,0x00,
    0x00,0x00,0x00,0x00,0x00,0x00,0x00,0x00,0x00,0x00,0x00,0x00,0x00,0x00,0x00,0x00,
    0x00,0x00,0x00,0x00,0x00,0x00,0x00,0x00,0x00,0x00,0x00,0x00,0x00,0x00,0x00,0x00,
    0x00,0x00,0x00,0x00,0x00,0x00,0x00,0x02,0x4F,0xA2,0xD9,0xF0,0xFA,0xE7,0xBB,0x70,
    0x0B,0x00,0x00,0x00,0x00,0x00,0x00,0x00,0x00,0x29,0xD0,0xFF,0xFF,0xFF,0xFF,0xFF,
    0xFF,0xFF,0xFF,0xE9,0x43,0x00,0x00,0x00,0x00,0x00,0x00,0x2B,0xF0,0xFF,0xFF,0xFF,
    0xFF,0xFF,0xFF,0xFF,0xFF,0xFF,0xFF,0xFB,0x43,0x00,0x00,0x00,0x00,0x02,0xD3,0xFF,
    0xFF,0xFF,0xFF,0x8B,0x22,0x0D,0x48,0xE0,0xFF,0xFF,0xFF,0xEA,0x0C,0x00,0x00,0x00,
    0x51,0xFF,0xFF,0xFF,0xFF,0x93,0x00,0x00,0x00,0x00,0x39,0xFF,0xFF,0xFF,0xFF,0x72,
    0x00,0x00,0x00,0x9D,0xFF,0xFF,0xFF,0xFF,0x2C,0x00,0x00,0x00,0x00,0x00,0xEC,0xFF,
    0xFF,0xFF,0xBE,0x00,0x00,0x00,0xC4,0xFF,0xFF,0xFF,0xFF,0xFF,0xFF,0xFF,0xFF,0xFF,
    0xFF,0xFF,0xFF,0xFF,0xFF,0xE8,0x00,0x00,0x00,0xD3,0xFF,0xFF,0xFF,0xFF,0xFF,0xFF,
    0xFF,0xFF,0xFF,0xFF,0xFF,0xFF,0xFF,0xFF,0xFC,0x00,0x00,0x00,0xC3,0xFF,0xFF,0xFF,
    0xFF,0xFF,0xFF,0xFF,0xFF,0xFF,0xFF,0xFF,0xFF,0xFF,0xFF,0xFF,0x00,0x00,0x00,0x9D,
    0xFF,0xFF,0xFF,0xFF,0x1D,0x00,0x00,0x00,0x00,0x00,0x00,0x00,0x00,0x00,0x00,0x00,
    0x00,0x00,0x52,0xFF,0xFF,0xFF,0xFF,0x8B,0x00,0x00,0x00,0x00,0x00,0x00,0x00,0x00,
    0x00,0x00,0x00,0x00,0x00,0x02,0xD4,0xFF,0xFF,0xFF,0xFF,0x9C,0x34,0x0F,0x09,0x1E,
    0x33,0x58,0x93,0xCF,0x4D,0x00,0x00,0x00,0x00,0x2B,0xEF,0xFF,0xFF,0xFF,0xFF,0xFF,
    0xFF,0xFF,0xFF,0xFF,0xFF,0xFF,0xFF,0x50,0x00,0x00,0x00,0x00,0x00,0x28,0xCC,0xFF,
    0xFF,0xFF,0xFF,0xFF,0xFF,0xFF,0xFF,0xFF,0xFF,0xFF,0x50,0x00,0x00,0x00,0x00,0x00,
    0x00,0x01,0x48,0x9C,0xD3,0xEE,0xFB,0xEF,0xDC,0xC9,0xA1,0x68,0x2F,0x02,0x00,0x00,
    0x00,0x00,0x00,0x00,0x00,0x00,0x00,0x00,0x00,0x00,0x26,0xD5,0xFF,0xFF,0x8E,0x00,
    0x00,0x00,0x00,0x00,0x00,0x00,0x00,0x00,0x00,0x00,0x00,0x00,0x00,0x0C,0xAD,0xFF,
    0xFF,0x6D,0x00,0x00,0x00,0x00,0x00,0x00,0x00,0x00,0x00,0x00,0x00,0x00,0x00,0x00,
    0x01,0x7B,0xFD,0xFD,0x4F,0x00,0x00,0x00,0x00,0x00,0x00,0x00,0x26,0xE7,0xFF,0xFF,
    0xFF,0xDE,0x1D,0x00,0x00,0x00,0x00,0x00,0x00,0x00,0x00,0x00,0x00,0x23,0xE4,0xFF,
    0xD1,0x58,0xD9,0xFF,0xDC,0x1B,0x00,0x00,0x00,0x00,0x00,0x00,0x00,0x00,0x20,0xE1,
    0xFD,0x8B,0x06,0x00,0x0A,0x97,0xFF,0xD9,0x18,0x00,0x00,0x00,0x00,0x00,0x00,0x00,
    0x00,0x00,0x00,0x00,0x00,0x00,0x00,0x00,0x00,0x00,0x00,0x00,0x00,0x00,0x00,0x00,
    0x00,0x00,0x00,0x00,0x00,0x00,0x00,0x00,0x00,0x00,0x00,0x00,0x00,0x00,0x00,0x00,
    0x00,0x00,0x84,0xFF,0xFF,0xFF,0xFF,0xFF,0xFF,0xFF,0xFF,0xFF,0xFF,0xFF,0xFF,0xFF,
    0x2C,0x00,0x00,0x00,0x84,0xFF,0xFF,0xFF,0xFF,0xFF,0xFF,0xFF,0xFF,0xFF,0xFF,0xFF,
    0xFF,0xFF,0x2C,0x00,0x00,0x00,0x84,0xFF,0xFF,0xFF,0xFF,0xFF,0xFF,0xFF,0xFF,0xFF,
    0xFF,0xFF,0xFF,0xFF,0x2C,0x00,0x00,0x00,0x84,0xFF,0xFF,0xFF,0xFF,0x8C,0x00,0x00,
    0x00,0x00,0x00,0x00,0x00,0x00,0x00,0x00,0x00,0x00,0x84,0xFF,0xFF,0xFF,0xFF,0x8C,
    0x00,0x00,0x00,0x00,0x00,0x00,0x00,0x00,0x00,0x00,0x00,0x00,0x84,0xFF,0xFF,0xFF,
    0xFF,0x8C,0x00,0x00,0x00,0x00,0x00,0x00,0x00,0x00,0x00,0x00,0x00,0x00,0x84,0xFF,
    0xFF,0xFF,0xFF,0x8C,0x00,0x00,0x00,0x00,0x00,0x00,0x00,0x00,0x00,0x00,0x00,0x00,
    0x84,0xFF,0xFF,0xFF,0xFF,0x8C,0x00,0x00,0x00,0x00,0x00,0x00,0x00,0x00,0x00,0x00,
    0x00,0x00,0x84,0xFF,0xFF,0xFF,0xFF,0xFF,0xFF,0xFF,0xFF,0xFF,0xFF,0xFF,0xFF,0xA8,
    0x00,0x00,0x00,0x00,0x84,0xFF,0xFF,0xFF,0xFF,0xFF,0xFF,0xFF,0xFF,0xFF,0xFF,0xFF,
    0xFF,0xA8,0x00,0x00,0x00,0x00,0x84,0xFF,0xFF,0xFF,0xFF,0xFF,0xFF,0xFF,0xFF,0xFF,
    0xFF,0xFF,0xFF,0xA8,0x00,0x00,0x00,0x00,0x84,0xFF,0xFF,0xFF,0xFF,0x8C,0x00,0x00,
    0x00,0x00,0x00,0x00,0x00,0x00,0x00,0x00,0x00,0x00,0x84,0xFF,0xFF,0xFF,0xFF,0x8C,
    0x00,0x00,0x00,0x00,0x00,0x00,0x00,0x00,0x00,0x00,0x00,0x00,0x84,0xFF,0xFF,0xFF,
    0xFF,0x8C,0x00,0x00,0x00,0x00,0x00,0x00,0x00,0x00,0x00,0x00,0x00,0x00,0x84,0xFF,
    0xFF,0xFF,0xFF,0x8C,0x00,0x00,0x00,0x00,0x00,0x00,0x00,0x00,0x00,0x00,0x00,0x00,
    0x84,0xFF,0xFF,0xFF,0xFF,0x8C,0x00,0x00,0x00,0x00,0x00,0x00,0x00,0x00,0x00,0x00,
    0x00,0x00,0x84,0xFF,0xFF,0xFF,0xFF,0x8C,0x00,0x00,0x00,0x00,0x00,0x00,0x00,0x00,
    0x00,0x00,0x00,0x00,0x84,0xFF,0xFF,0xFF,0xFF,0xFF,0xFF,0xFF,0xFF,0xFF,0xFF,0xFF,
    0xFF,0xFF,0x78,0x00,0x00,0x00,0x84,0xFF,0xFF,0xFF,0xFF,0xFF,0xFF,0xFF,0xFF,0xFF,
    0xFF,0xFF,0xFF,0xFF,0x78,0x00,0x00,0x00,0x84,0xFF,0xFF,0xFF,0xFF,0xFF,0xFF,0xFF,
    0xFF,0xFF,0xFF,0xFF,0xFF,0xFF,0x78,0x00,0x00,0x00,0x00,0x00,0x00,0x00,0x00,0x00,
    0x00,0x05,0x93,0xFF,0xFF,0xDD,0x15,0x00,0x00,0x00,0x00,0x00,0x00,0x00,0x00,0x00,
    0x00,0x00,0x00,0x00,0x00,0x5F,0xF7,0xFF,0xC8,0x09,0x00,0x00,0x00,0x00,0x00,0x00,
    0x00,0x00,0x00,0x00,0x00,0x00,0x00,0x00,0x33,0xE1,0xFF,0xAD,0x02,0x00,0x00,0x00,
    0x00,0x00,0x00,0x02,0xA6,0xFF,0xFF,0xFF,0xFE,0x62,0x00,0x00,0x00,0x00,0x00,0x00,
    0x00,0x00,0x00,0x00,0x02,0xA1,0xFF,0xF6,0x70,0x9F,0xFF,0xFD,0x5D,0x00,0x00,0x00,
    0x00,0x00,0x00,0x00,0x00,0x01,0x9D,0xFF,0xCB,0x28,0x00,0x00,0x51,0xEB,0xFC,0x59,
    0x00,0x00,0x00,0x00,0x00,0x00,0x00,0x00,0x00,0x00,0x00,0x00,0x00,0x00,0x00,0x00,
    0x00,0x00,0x00,0x00,0x00,0x00,0x00,0x00,0x00,0x00,0x00,0x00,0x00,0x00,0x00,0x00,
    0x00,0x00,0x00,0x00,0x00,0x00,0x00,0x00,0x00,0x00,0x00,0x00,0x02,0x4F,0xA2,0xD9,
    0xF0,0xFA,0xE7,0xBB,0x70,0x0B,0x00,0x00,0x00,0x00,0x00,0x00,0x00,0x29,0xD0,0xFF,
    0xFF,0xFF,0xFF,0xFF,0xFF,0xFF,0xFF,0xE9,0x43,0x00,0x00,0x00,0x00,0x00,0x2B,0xF0,
    0xFF,0xFF,0xFF,0xFF,0xFF,0xFF,0xFF,0xFF,0xFF,0xFF,0xFB,0x43,0x00,0x00,0x00,0x02,
    0xD3,0xFF,0xFF,0xFF,0xFF,0x8B,0x22,0x0D,0x48,0xE0,0xFF,0xFF,0xFF,0xEA,0x0C,0x00,
    0x00,0x51,0xFF,0xFF,0xFF,0xFF,0x93,0x00,0x00,0x00,0x00,0x39,0xFF,0xFF,0xFF,0xFF,
    0x72,0x00,0x00,0x9D,0xFF,0xFF,0xFF,0xFF,0x2C,0x00,0x00,0x00,0x00,0x00,0xEC,0xFF,
    0xFF,0xFF,0xBE,0x00,0x00,0xC4,0xFF,0xFF,0xFF,0xFF,0xFF,0xFF,0xFF,0xFF,0xFF,0xFF,
    0xFF,0xFF,0xFF,0xFF,0xE8,0x00,0x00,0xD3,0xFF,0xFF,0xFF,0xFF,0xFF,0xFF,0xFF,0xFF,
    0xFF,0xFF,0xFF,0xFF,0xFF,0xFF,0xFC,0x00,0x00,0xC3,0xFF,0xFF,0xFF,0xFF,0xFF,0xFF,
    0xFF,0xFF,0xFF,0xFF,0xFF,0xFF,0xFF,0xFF,0xFF,0x00,0x00,0x9D,0xFF,0xFF,0xFF,0xFF,
    0x1D,0x00,0x00,0x00,0x00,0x00,0x00,0x00,0x00,0x00,0x00,0x00,0x00,0x52,0xFF,0xFF,
    0xFF,0xFF,0x8B,0x00,0x00,0x00,0x00,0x00,0x00,0x00,0x00,0x00,0x00,0x00,0x00,0x02,
    0xD4,0xFF,0xFF,0xFF,0xFF,0x9C,0x34,0x0F,0x09,0x1E,0x33,0x58,0x93,0xCF,0x4D,0x00,
    0x00,0x00,0x2B,0xEF,0xFF,0xFF,0xFF,0xFF,0xFF,0xFF,0xFF,0xFF,0xFF,0xFF,0xFF,0xFF,
    0x50,0x00,0x00,0x00,0x00,0x28,0xCC,0xFF,0xFF,0xFF,0xFF,0xFF,0xFF,0xFF,0xFF,0xFF,
    0xFF,0xFF,0x50,0x00,0x00,0x00,0x00,0x00,0x01,0x48,0x9C,0xD3,0xEE,0xFB,0xEF,0xDC,
    0xC9,0xA1,0x68,0x2F,0x02,0x00,0x00,0x00,0x00,0x00,0x00,0x00,0x00,0x00,0x00,0x00,
    0x00,0x0A,0x67,0x9D,0xB9,0xB4,0x8D,0x28,0x00,0x00,0x00,0x00,0x00,0x00,0x00,0x00,
    0x00,0x00,0x00,0x00,0x28,0xF9,0xC1,0x9F,0xAE,0xF8,0xF4,0x2D,0x00,0x00,0x00,0x00,
    0x00,0x00,0x00,0x00,0x00,0x00,0x00,0x0A,0x11,0x00,0x00,0x00,0x87,0xFF,0x79,0x00,
    0x00,0x00,0x00,0x00,0x00,0x00,0x00,0x00,0x00,0x00,0x00,0x00,0x00,0x00,0x37,0xEE,
    0xFF,0x4F,0x00,0x00,0x00,0x00,0x00,0x00,0x00,0x00,0x00,0x00,0x00,0x00,0x00,0x00,
    0x4B,0xF8,0xFF,0x87,0x00,0x00,0x00,0x00,0x00,0x00,0x00,0x37,0xF2,0xFF,0xFF,0xFF,
    0xCE,0x11,0x00,0xD4,0xFF,0x73,0x00,0x00,0x00,0x00,0x00,0x00,0x00,0x33,0xF0,0xFF,
    0xC2,0x5C,0xE5,0xFF,0xCB,0x0F,0x51,0x5C,0x17,0x00,0x00,0x00,0x00,0x00,0x00,0x30,
    0xEE,0xF9,0x78,0x02,0x00,0x12,0xA9,0xFF,0xC8,0x0D,0x00,0x00,0x00,0x00,0x00,0x00,
    0x00,0x00,0x00,0x00,0x00,0x00,0x00,0x00,0x00,0x00,0x00,0x00,0x00,0x00,0x00,0x00,
    0x00,0x00,0x00,0x00,0x00,0x00,0x00,0x00,0x00,0x00,0x00,0x00,0x00,0x00,0x00,0x00,
    0x00,0x00,0x00,0x00,0x00,0x00,0x84,0xFF,0xFF,0xFF,0xFF,0xFF,0xFF,0xFF,0xFF,0xFF,
    0xFF,0xFF,0xFF,0xFF,0x2C,0x00,0x00,0x00,0x00,0x84,0xFF,0xFF,0xFF,0xFF,0xFF,0xFF,
    0xFF,0xFF,0xFF,0xFF,0xFF,0xFF,0xFF,0x2C,0x00,0x00,0x00,0x00,0x84,0xFF,0xFF,0xFF,
    0xFF,0xFF,0xFF,0xFF,0xFF,0xFF,0xFF,0xFF,0xFF,0xFF,0x2C,0x00,0x00,0x00,0x00,0x84,
    0xFF,0xFF,0xFF,0xFF,0x8C,0x00,0x00,0x00,0x00,0x00,0x00,0x00,0x00,0x00,0x00,0x00,
    0x00,0x00,0x84,0xFF,0xFF,0xFF,0xFF,0x8C,0x00,0x00,0x00,0x00,0x00,0x00,0x00,0x00,
    0x00,0x00,0x00,0x00,0x00,0x84,0xFF,0xFF,0xFF,0xFF,0x8C,0x00,0x00,0x00,0x00,0x00,
    0x00,0x00,0x00,0x00,0x00,0x00,0x00,0x00,0x84,0xFF,0xFF,0xFF,0xFF,0x8C,0x00,0x00,
    0x00,0x00,0x00,0x00,0x00,0x00,0x00,0x00,0x00,0x00,0x00,0x84,0xFF,0xFF,0xFF,0xFF,
    0x8C,0x00,0x00,0x00,0x00,0x00,0x00,0x00,0x00,0x00,0x00,0x00,0x00,0x00,0x84,0xFF,
    0xFF,0xFF,0xFF,0xFF,0xFF,0xFF,0xFF,0xFF,0xFF,0xFF,0xFF,0xA8,0x00,0x00,0x00,0x00,
    0x00,0x84,0xFF,0xFF,0xFF,0xFF,0xFF,0xFF,0xFF,0xFF,0xFF,0xFF,0xFF,0xFF,0xA8,0x00,
    0x00,0x00,0x00,0x00,0x84,0xFF,0xFF,0xFF,0xFF,0xFF,0xFF,0xFF,0xFF,0xFF,0xFF,0xFF,
    0xFF,0xA8,0x00,0x00,0x00,0x00,0x00,0x84,0xFF,0xFF,0xFF,0xFF,0x8C,0x00,0x00,0x00,
    0x00,0x00,0x00,0x00,0x00,0x00,0x00,0x00,0x00,0x00,0x84,0xFF,0xFF,0xFF,0xFF,0x8C,
    0x00,0x00,0x00,0x00,0x00,0x00,0x00,0x00,0x00,0x00,0x00,0x00,0x00,0x84,0xFF,0xFF,
    0xFF,0xFF,0x8C,0x00,0x00,0x00,0x00,0x00,0x00,0x00,0x00,0x00,0x00,0x00,0x00,0x00,
    0x84,0xFF,0xFF,0xFF,0xFF,0x8C,0x00,0x00,0x00,0x00,0x00,0x00,0x00,0x00,0x00,0x00,
    0x00,0x00,0x00,0x84,0xFF,0xFF,0xFF,0xFF,0x8C,0x00,0x00,0x00,0x00,0x00,0x00,0x00,
    0x00,0x00,0x00,0x00,0x00,0x00,0x84,0xFF,0xFF,0xFF,0xFF,0x8C,0x00,0x00,0x00,0x00,
    0x00,0x00,0x00,0x00,0x00,0x00,0x00,0x00,0x00,0x84,0xFF,0xFF,0xFF,0xFF,0xFF,0xFF,
    0xFF,0xFF,0xFF,0xFF,0xFF,0xFF,0xFF,0x78,0x00,0x00,0x00,0x00,0x84,0xFF,0xFF,0xFF,
    0xFF,0xFF,0xFF,0xFF,0xFF,0xFF,0xFF,0xFF,0xFF,0xFF,0x78,0x00,0x00,0x00,0x00,0x84,
    0xFF,0xFF,0xFF,0xFF,0xFF,0xFF,0xFF,0xFF,0xFF,0xFF,0xFF,0xFF,0xFF,0x78,0x00,0x00,
    0x00,0x00,0x00,0x00,0x00,0x00,0x00,0x00,0x00,0x00,0x00,0x15,0x70,0xA3,0xBC,0xB0,
    0x81,0x1A,0x00,0x00,0x00,0x00,0x00,0x00,0x00,0x00,0x00,0x00,0x00,0x00,0x50,0xF3,
    0xB9,0x9D,0xB7,0xFE,0xE5,0x14,0x00,0x00,0x00,0x00,0x00,0x00,0x00,0x00,0x00,0x00,
    0x00,0x11,0x09,0x00,0x00,0x00,0xAF,0xFF,0x51,0x00,0x00,0x00,0x00,0x00,0x00,0x00,
    0x00,0x00,0x00,0x00,0x00,0x00,0x00,0x00,0x53,0xFA,0xFC,0x2A,0x00,0x00,0x00,0x00,
    0x00,0x00,0x00,0x00,0x00,0x00,0x00,0x00,0x00,0x00,0x6D,0xFE,0xFA,0x63,0x00,0x00,
    0x00,0x00,0x00,0x00,0x00,0x55,0xFC,0xFF,0xFF,0xFF,0xB2,0x05,0x04,0xF7,0xFF,0x4B,
    0x00,0x00,0x00,0x00,0x00,0x00,0x00,0x50,0xFB,0xFF,0xA9,0x68,0xF2,0xFF,0xAE,0x09,
    0x5C,0x5C,0x08,0x00,0x00,0x00,0x00,0x00,0x00,0x4C,0xFA,0xF0,0x5C,0x00,0x00,0x21,
    0xC3,0xFF,0xAA,0x03,0x00,0x00,0x00,0x00,0x00,0x00,0x00,0x00,0x00,0x00,0x00,0x00,
    0x00,0x00,0x00,0x00,0x00,0x00,0x00,0x00,0x00,0x00,0x00,0x00,0x00,0x00,0x00,0x00,
    0x00,0x00,0x00,0x00,0x00,0x00,0x00,0x00,0x00,0x00,0x00,0x00,0x00,0x00,0x00,0x00,
    0x00,0x00,0x02,0x4F,0xA2,0xD9,0xF0,0xFA,0xE7,0xBB,0x70,0x0B,0x00,0x00,0x00,0x00,
    0x00,0x00,0x00,0x00,0x29,0xD0,0xFF,0xFF,0xFF,0xFF,0xFF,0xFF,0xFF,0xFF,0xE9,0x43,
    0x00,0x00,0x00,0x00,0x00,0x00,0x2B,0xF0,0xFF,0xFF,0xFF,0xFF,0xFF,0xFF,0xFF,0xFF,
    0xFF,0xFF,0xFB,0x43,0x00,0x00,0x00,0x00,0x02,0xD3,0xFF,0xFF,0xFF,0xFF,0x8B,0x22,
    0x0D,0x48,0xE0,0xFF,0xFF,0xFF,0xEA,0x0C,0x00,0x00,0x00,0x51,0xFF,0xFF,0xFF,0xFF,
    0x93,0x00,0x00,0x00,0x00,0x39,0xFF,0xFF,0xFF,0xFF,0x72,0x00,0x00,0x00,0x9D,0xFF,
    0xFF,0xFF,0xFF,0x2C,0x00,0x00,0x00,0x00,0x00,0xEC,0xFF,0xFF,0xFF,0xBE,0x00,0x00,
    0x00,0xC4,0xFF,0xFF,0xFF,0xFF,0xFF,0xFF,0xFF,0xFF,0xFF,0xFF,0xFF,0xFF,0xFF,0xFF,
    0xE8,0x00,0x00,0x00,0xD3,0xFF,0xFF,0xFF,0xFF,0xFF,0xFF,0xFF,0xFF,0xFF,0xFF,0xFF,
    0xFF,0xFF,0xFF,0xFC,0x00,0x00,0x00,0xC3,0xFF,0xFF,0xFF,0xFF,0xFF,0xFF,0xFF,0xFF,
    0xFF,0xFF,0xFF,0xFF,0xFF,0xFF,0xFF,0x00,0x00,0x00,0x9D,0xFF,0xFF,0xFF,0xFF,0x1D,
    0x00,0x00,0x00,0x00,0x00,0x00,0x00,0x00,0x00,0x00,0x00,0x00,0x00,0x52,0xFF,0xFF,
    0xFF,0xFF,0x8B,0x00,0x00,0x00,0x00,0x00,0x00,0x00,0x00,0x00,0x00,0x00,0x00,0x00,
    0x02,0xD4,0xFF,0xFF,0xFF,0xFF,0x9C,0x34,0x0F,0x09,0x1E,0x33,0x58,0x93,0xCF,0x4D,
    0x00,0x00,0x00,0x00,0x2B,0xEF,0xFF,0xFF,0xFF,0xFF,0xFF,0xFF,0xFF,0xFF,0xFF,0xFF,
    0xFF,0xFF,0x50,0x00,0x00,0x00,0x00,0x00,0x28,0xCC,0xFF,0xFF,0xFF,0xFF,0xFF,0xFF,
    0xFF,0xFF,0xFF,0xFF,0xFF,0x50,0x00,0x00,0x00,0x00,0x00,0x00,0x01,0x48,0x9C,0xD3,
    0xEE,0xFB,0xEF,0xDC,0xC9,0xA1,0x68,0x2F,0x02,0x00,0x00,0x00,0x00,0x00,0x00,0x00,
    0x55,0xE0,0xE3,0x75,0x03,0x00,0x47,0xFF,0x91,0x00,0x00,0x00,0x00,0x00,0x00,0x00,
    0x00,0x1B,0xF9,0xFF,0xFF,0xFF,0xB6,0x1A,0x94,0xFF,0x73,0x00,0x00,0x00,0x00,0x00,
    0x00,0x00,0x00,0x6A,0xFF,0x9B,0x1C,0xB4,0xFF,0xFF,0xFF,0xFC,0x22,0x00,0x00,0x00,
    0x00,0x00,0x00,0x00,0x00,0x89,0xFF,0x4D,0x00,0x02,0x7B,0xE6,0xE3,0x5D,0x00,0x00,
    0x00,0x00,0x00,0x00,0x00,0x00,0x00,0x00,0x00,0x00,0x00,0x00,0x00,0x00,0x00,0x00,
    0x00,0x00,0x00,0x00,0x00,0x00,0x00,0x00,0x00,0x00,0x00,0x85,0xFF,0xFF,0xFF,0xFF,
    0x84,0x00,0x00,0x00,0x00,0x00,0x00,0x00,0x00,0x00,0x00,0x00,0x80,0xFF,0xFC,0x86,
    0x85,0xFC,0xFF,0x7F,0x00,0x00,0x00,0x00,0x00,0x00,0x00,0x00,0x00,0x7A,0xFF,0xDD,
    0x3A,0x00,0x00,0x3A,0xDD,0xFF,0x7A,0x00,0x00,0x00,0x00,0x00,0x00,0x00,0x00,0x00,
    0x00,0x00,0x00,0x00,0x00,0x00,0x00,0x00,0x00,0x00,0x00,0x00,0x00,0x00,0x00,0x00,
    0x00,0x00,0x00,0x00,0x00,0x00,0x00,0x00,0x00,0x00,0x00,0x00,0x00,0x00,0x00,0x00,
    0x00,0x84,0xFF,0xFF,0xFF,0xFF,0xFF,0xFF,0xFF,0xFF,0xFF,0xFF,0xFF,0xFF,0xFF,0x2C,
    0x00,0x00,0x00,0x84,0xFF,0xFF,0xFF,0xFF,0xFF,0xFF,0xFF,0xFF,0xFF,0xFF,0xFF,0xFF,
    0xFF,0x2C,0x00,0x00,0x00,0x84,0xFF,0xFF,0xFF,0xFF,0xFF,0xFF,0xFF,0xFF,0xFF,0xFF,
    0xFF,0xFF,0xFF,0x2C,0x00,0x00,0x00,0x84,0xFF,0xFF,0xFF,0xFF,0x8C,0x00,0x00,0x00,
    0x00,0x00,0x00,0x00,0x00,0x00,0x00,0x00,0x00,0x84,0xFF,0xFF,0xFF,0xFF,0x8C,0x00,
    0x00,0x00,0x00,0x00,0x00,0x00,0x00,0x00,0x00,0x00,0x00,0x84,0xFF,0xFF,0xFF,0xFF,
    0x8C,0x00,0x00,0x00,0x00,0x00,0x00,0x00,0x00,0x00,0x00,0x00,0x00,0x84,0xFF,0xFF,
    0xFF,0xFF,0x8C,0x00,0x00,0x00,0x00,0x00,0x00,0x00,0x00,0x00,0x00,0x00,0x00,0x84,
    0xFF,0xFF,0xFF,0xFF,0x8C,0x00,0x00,0x00,0x00,0x00,0x00,0x00,0x00,0x00,0x00,0x00,
    0x00,0x84,0xFF,0xFF,0xFF,0xFF,0xFF,0xFF,0xFF,0xFF,0xFF,0xFF,0xFF,0xFF,0xA8,0x00,
    0x00,0x00,0x00,0x84,0xFF,0xFF,0xFF,0xFF,0xFF,0xFF,0xFF,0xFF,0xFF,0xFF,0xFF,0xFF,
    0xA8,0x00,0x00,0x00,0x00,0x84,0xFF,0xFF,0xFF,0xFF,0xFF,0xFF,0xFF,0xFF,0xFF,0xFF,
    0xFF,0xFF,0xA8,0x00,0x00,0x00,0x00,0x84,0xFF,0xFF,0xFF,0xFF,0x8C,0x00,0x00,0x00,
    0x00,0x00,0x00,0x00,0x00,0x00,0x00,0x00,0x00,0x84,0xFF,0xFF,0xFF,0xFF,0x8C,0x00,
    0x00,0x00,0x00,0x00,0x00,0x00,0x00,0x00,0x00,0x00,0x00,0x84,0xFF,0xFF,0xFF,0xFF,
    0x8C,0x00,0x00,0x00,0x00,0x00,0x00,0x00,0x00,0x00,0x00,0x00,0x00,0x84,0xFF,0xFF,
    0xFF,0xFF,0x8C,0x00,0x00,0x00,0x00,0x00,0x00,0x00,0x00,0x00,0x00,0x00,0x00,0x84,
    0xFF,0xFF,0xFF,0xFF,0x8C,0x00,0x00,0x00,0x00,0x00,0x00,0x00,0x00,0x00,0x00,0x00,
    0x00,0x84,0xFF,0xFF,0xFF,0xFF,0x8C,0x00,0x00,0x00,0x00,0x00,0x00,0x00,0x00,0x00,
    0x00,0x00,0x00,0x84,0xFF,0xFF,0xFF,0xFF,0xFF,0xFF,0xFF,0xFF,0xFF,0xFF,0xFF,0xFF,
    0xFF,0x78,0x00,0x00,0x00,0x84,0xFF,0xFF,0xFF,0xFF,0xFF,0xFF,0xFF,0xFF,0xFF,0xFF,
    0xFF,0xFF,0xFF,0x78,0x00,0x00,0x00,0x84,0xFF,0xFF,0xFF,0xFF,0xFF,0xFF,0xFF,0xFF,
    0xFF,0xFF,0xFF,0xFF,0xFF,0x78,0x00,0x00,0x00,0x00,0x00,0x00,0x46,0xDB,0xE7,0x81,
    0x06,0x00,0x33,0xFF,0xA5,0x00,0x00,0x00,0x00,0x00,0x00,0x00,0x00,0x0F,0xF1,0xFF,
    0xFF,0xFF,0xC3,0x21,0x82,0xFF,0x87,0x00,0x00,0x00,0x00,0x00,0x00,0x00,0x00,0x56,
    0xFF,0xAD,0x18,0xA6,0xFF,0xFF,0xFF,0xFF,0x33,0x00,0x00,0x00,0x00,0x00,0x00,0x00,
    0x00,0x75,0xFF,0x61,0x00,0x00,0x6D,0xE2,0xE7,0x6D,0x00,0x00,0x00,0x00,0x00,0x00,
    0x00,0x00,0x00,0x00,0x00,0x00,0x00,0x00,0x00,0x00,0x00,0x00,0x00,0x00,0x00,0x00,
    0x00,0x00,0x00,0x00,0x00,0x00,0x00,0x71,0xFF,0xFF,0xFF,0xFF,0x97,0x00,0x00,0x00,
    0x00,0x00,0x00,0x00,0x00,0x00,0x00,0x00,0x6C,0xFF,0xFE,0x93,0x78,0xF9,0xFF,0x92,
    0x00,0x00,0x00,0x00,0x00,0x00,0x00,0x00,0x00,0x67,0xFE,0xE5,0x46,0x00,0x00,0x30,
    0xD4,0xFF,0x8E,0x00,0x00,0x00,0x00,0x00,0x00,0x00,0x00,0x00,0x00,0x00,0x00,0x00,
    0x00,0x00,0x00,0x00,0x00,0x00,0x00,0x00,0x00,0x00,0x00,0x00,0x00,0x00,0x00,0x00,
    0x00,0x00,0x00,0x00,0x00,0x00,0x00,0x00,0x00,0x00,0x00,0x00,0x00,0x00,0x00,0x02,
    0x4F,0xA2,0xD9,0xF0,0xFA,0xE7,0xBB,0x70,0x0B,0x00,0x00,0x00,0x00,0x00,0x00,0x00,
    0x29,0xD0,0xFF,0xFF,0xFF,0xFF,0xFF,0xFF,0xFF,0xFF,0xE9,0x43,0x00,0x00,0x00,0x00,
    0x00,0x2B,0xF0,0xFF,0xFF,0xFF,0xFF,0xFF,0xFF,0xFF,0xFF,0xFF,0xFF,0xFB,0x43,0x00,
    0x00,0x00,0x02,0xD3,0xFF,0xFF,0xFF,0xFF,0x8B,0x22,0x0D,0x48,0xE0,0xFF,0xFF,0xFF,
    0xEA,0x0C,0x00,0x00,0x51,0xFF,0xFF,0xFF,0xFF,0x93,0x00,0x00,0x00,0x00,0x39,0xFF,
    0xFF,0xFF,0xFF,0x72,0x00,0x00,0x9D,0xFF,0xFF,0xFF,0xFF,0x2C,0x00,0x00,0x00,0x00,
    0x00,0xEC,0xFF,0xFF,0xFF,0xBE,0x00,0x00,0xC4,0xFF,0xFF,0xFF,0xFF,0xFF,0xFF,0xFF,
    0xFF,0xFF,0xFF,0xFF,0xFF,0xFF,0xFF,0xE8,0x00,0x00,0xD3,0xFF,0xFF,0xFF,0xFF,0xFF,
    0xFF,0xFF,0xFF,0xFF,0xFF,0xFF,0xFF,0xFF,0xFF,0xFC,0x00,0x00,0xC3,0xFF,0xFF,0xFF,
    0xFF,0xFF,0xFF,0xFF,0xFF,0xFF,0xFF,0xFF,0xFF,0xFF,0xFF,0xFF,0x00,0x00,0x9D,0xFF,
    0xFF,0xFF,0xFF,0x1D,0x00,0x00,0x00,0x00,0x00,0x00,0x00,0x00,0x00,0x00,0x00,0x00,
    0x52,0xFF,0xFF,0xFF,0xFF,0x8B,0x00,0x00,0x00,0x00,0x00,0x00,0x00,0x00,0x00,0x00,
    0x00,0x00,0x02,0xD4,0xFF,0xFF,0xFF,0xFF,0x9C,0x34,0x0F,0x09,0x1E,0x33,0x58,0x93,
    0xCF,0x4D,0x00,0x00,0x00,0x2B,0xEF,0xFF,0xFF,0xFF,0xFF,0xFF,0xFF,0xFF,0xFF,0xFF,
    0xFF,0xFF,0xFF,0x50,0x00,0x00,0x00,0x00,0x28,0xCC,0xFF,0xFF,0xFF,0xFF,0xFF,0xFF,
    0xFF,0xFF,0xFF,0xFF,0xFF,0x50,0x00,0x00,0x00,0x00,0x00,0x01,0x48,0x9C,0xD3,0xEE,
    0xFB,0xEF,0xDC,0xC9,0xA1,0x68,0x2F,0x02,0x00,0x00,0x00,0x00,0x00,0x00,0x00,0x66,
    0xFE,0xFF,0xFF,0xFF,0xA2,0x02,0x00,0x00,0x00,0x00,0x00,0x00,0x00,0x00,0x00,0x00,
    0x61,0xFE,0xFF,0x9C,0x72,0xF7,0xFF,0x9D,0x01,0x00,0x00,0x00,0x00,0x00,0x00,0x00,
    0x00,0x5C,0xFD,0xE9,0x4D,0x00,0x00,0x2A,0xCE,0xFF,0x99,0x01,0x00,0x00,0x00,0x00,
    0x00,0x00,0x00,0x00,0x00,0x00,0x00,0x00,0x00,0x00,0x00,0x00,0x00,0x00,0x00,0x00,
    0x00,0x00,0x00,0x00,0x00,0x00,0x00,0x00,0x00,0x00,0x00,0x00,0x00,0x00,0x00,0x00,
    0x00,0x00,0x00,0x00,0x00,0x84,0xFF,0xFF,0xFF,0xFF,0xFF,0xFF,0xFF,0xFF,0xFF,0xFF,
    0xFF,0xFF,0xFF,0x2C,0x00,0x00,0x00,0x84,0xFF,0xFF,0xFF,0xFF,0xFF,0xFF,0xFF,0xFF,
    0xFF,0xFF,0xFF,0xFF,0xFF,0x2C,0x00,0x00,0x00,0x84,0xFF,0xFF,0xFF,0xFF,0xFF,0xFF,
    0xFF,0xFF,0xFF,0xFF,0xFF,0xFF,0xFF,0x2C,0x00,0x00,0x00,0x84,0xFF,0xFF,0xFF,0xFF,
    0x8C,0x00,0x00,0x00,0x00,0x00,0x00,0x00,0x00,0x00,0x00,0x00,0x00,0x84,0xFF,0xFF,
    0xFF,0xFF,0x8C,0x00,0x00,0x00,0x00,0x00,0x00,0x00,0x00,0x00,0x00,0x00,0x00,0x84,
    0xFF,0xFF,0xFF,0xFF,0x8C,0x00,0x00,0x00,0x00,0x00,0x00,0x00,0x00,0x00,0x00,0x00,
    0x00,0x84,0xFF,0xFF,0xFF,0xFF,0x8C,0x00,0x00,0x00,0x00,0x00,0x00,0x00,0x00,0x00,
    0x00,0x00,0x00,0x84,0xFF,0xFF,0xFF,0xFF,0x8C,0x00,0x00,0x00,0x00,0x00,0x00,0x00,
    0x00,0x00,0x00,0x00,0x00,0x84,0xFF,0xFF,0xFF,0xFF,0xFF,0xFF,0xFF,0xFF,0xFF,0xFF,
    0xFF,0xFF,0xA8,0x00,0x00,0x00,0x00,0x84,0xFF,0xFF,0xFF,0xFF,0xFF,0xFF,0xFF,0xFF,
    0xFF,0xFF,0xFF,0xFF,0xA8,0x00,0x00,0x00,0x00,0x84,0xFF,0xFF,0xFF,0xFF,0xFF,0xFF,
    0xFF,0xFF,0xFF,0xFF,0xFF,0xFF,0xA8,0x00,0x00,0x00,0x00,0x84,0xFF,0xFF,0xFF,0xFF,
    0x8C,0x00,0x00,0x00,0x00,0x00,0x00,0x00,0x00,0x00,0x00,0x00,0x00,0x84,0xFF,0xFF,
    0xFF,0xFF,0x8C,0x00,0x00,0x00,0x00,0x00,0x00,0x00,0x00,0x00,0x00,0x00,0x00,0x84,
    0xFF,0xFF,0xFF,0xFF,0x8C,0x00,0x00,0x00,0x00,0x00,0x00,0x00,0x00,0x00,0x00,0x00,
    0x00,0x84,0xFF,0xFF,0xFF,0xFF,0x8C,0x00,0x00,0x00,0x00,0x00,0x00,0x00,0x00,0x00,
    0x00,0x00,0x00,0x84,0xFF,0xFF,0xFF,0xFF,0x8C,0x00,0x00,0x00,0x00,0x00,0x00,0x00,
    0x00,0x00,0x00,0x00,0x00,0x84,0xFF,0xFF,0xFF,0xFF,0x8C,0x00,0x00,0x00,0x00,0x00,
    0x00,0x00,0x00,0x00,0x00,0x00,0x00,0x84,0xFF,0xFF,0xFF,0xFF,0xFF,0xFF,0xFF,0xFF,
    0xFF,0xFF,0xFF,0xFF,0xFF,0x78,0x00,0x00,0x00,0x84,0xFF,0xFF,0xFF,0xFF,0xFF,0xFF,
    0xFF,0xFF,0xFF,0xFF,0xFF,0xFF,0xFF,0x78,0x00,0x00,0x00,0x84,0xFF,0xFF,0xFF,0xFF,
    0xFF,0xFF,0xFF,0xFF,0xFF,0xFF,0xFF,0xFF,0xFF,0x78,0x00,0x00,0x00,0x00,0x00,0x00,
    0x00,0x00,0x00,0x00,0x00,0x00,0x00,0x00,0x00,0x00,0x00,0x00,0x00,0x00,0x00,0x00,
    0x00,0x00,0x00,0x07,0x1C,0x1C,0x1C,0x1C,0x0C,0x00,0x00,0x00,0x00,0x00,0x00,0x00,
    0x00,0x00,0x00,0x00,0x00,0x44,0xFF,0xFF,0xFF,0xFF,0x74,0x00,0x00,0x00,0x00,0x00,
    0x00,0x00,0x00,0x00,0x00,0x00,0x00,0x44,0xFF,0xFF,0xFF,0xFF,0x74,0x00,0x00,0x00,
    0x00,0x00,0x00,0x00,0x00,0x00,0x00,0x00,0x00,0x44,0xFF,0xFF,0xFF,0xFF,0x74,0x00,
    0x00,0x00,0x00,0x00,0x00,0x00,0x00,0x00,0x00,0x00,0x00,0x31,0xBC,0xBC,0xBC,0xBC,
    0x55,0x00,0x00,0x00,0x00,0x00,0x00,0x00,0x00,0x00,0x00,0x00,0x00,0x00,0x52,0xFF,
    0xFF,0xFF,0x89,0x00,0x00,0x00,0x00,0x00,0x00,0x00,0x00,0x00,0x00,0x00,0x00,0x15,
    0xE9,0xFF,0xFF,0xFF,0xFD,0x39,0x00,0x00,0x00,0x00,0x00,0x00,0x00,0x00,0x00,0x00,
    0x00,0xAB,0xFF,0xF6,0x50,0xDF,0xFF,0xD9,0x09,0x00,0x00,0x00,0x00,0x00,0x00,0x00,
    0x00,0x00,0x59,0xFF,0xFD,0x50,0x00,0x28,0xED,0xFF,0x90,0x00,0x00,0x00,0x00,0x00,
    0x00,0x00,0x00,0x18,0xED,0xFF,0x6C,0x00,0x00,0x00,0x3C,0xF8,0xFE,0x3F,0x00,0x00,
    0x00,0x00,0x00,0x00,0x00,0x00,0x00,0x00,0x00,0x00,0x00,0x00,0x00,0x00,0x00,0x00,
    0x00,0x00,0x00,0x00,0x00,0x00,0x00,0x00,0x00,0x00,0x00,0x00,0x00,0x00,0x00,0x00,
    0x00,0x00,0x00,0x00,0x00,0x00,0x00,0x00,0x00,0x02,0x4F,0xA2,0xD9,0xF0,0xFA,0xE7,
    0xBB,0x70,0x0B,0x00,0x00,0x00,0x00,0x00,0x00,0x00,0x29,0xD0,0xFF,0xFF,0xFF,0xFF,
    0xFF,0xFF,0xFF,0xFF,0xE9,0x43,0x00,0x00,0x00,0x00,0x00,0x2B,0xF0,0xFF,0xFF,0xFF,
    0xFF,0xFF,0xFF,0xFF,0xFF,0xFF,0xFF,0xFB,0x43,0x00,0x00,0x00,0x02,0xD3,0xFF,0xFF,
    0xFF,0xFF,0x8B,0x22,0x0D,0x48,0xE0,0xFF,0xFF,0xFF,0xEA,0x0C,0x00,0x00,0x51,0xFF,
    0xFF,0xFF,0xFF,0x93,0x00,0x00,0x00,0x00,0x39,0xFF,0xFF,0xFF,0xFF,0x72,0x00,0x00,
    0x9D,0xFF,0xFF,0xFF,0xFF,0x2C,0x00,0x00,0x00,0x00,0x00,0xEC,0xFF,0xFF,0xFF,0xBE,
    0x00,0x00,0xC4,0xFF,0xFF,0xFF,0xFF,0xFF,0xFF,0xFF,0xFF,0xFF,0xFF,0xFF,0xFF,0xFF,
    0xFF,0xE8,0x00,0x00,0xD3,0xFF,0xFF,0xFF,0xFF,0xFF,0xFF,0xFF,0xFF,0xFF,0xFF,0xFF,
    0xFF,0xFF,0xFF,0xFC,0x00,0x00,0xC3,0xFF,0xFF,0xFF,0xFF,0xFF,0xFF,0xFF,0xFF,0xFF,
    0xFF,0xFF,0xFF,0xFF,0xFF,0xFF,0x00,0x00,0x9D,0xFF,0xFF,0xFF,0xFF,0x1D,0x00,0x00,
    0x00,0x00,0x00,0x00,0x00,0x00,0x00,0x00,0x00,0x00,0x52,0xFF,0xFF,0xFF,0xFF,0x8B,
    0x00,0x00,0x00,0x00,0x00,0x00,0x00,0x00,0x00,0x00,0x00,0x00,0x02,0xD4,0xFF,0xFF,
    0xFF,0xFF,0x9C,0x34,0x0F,0x09,0x1E,0x33,0x58,0x93,0xCF,0x4D,0x00,0x00,0x00,0x2B,
    0xEF,0xFF,0xFF,0xFF,0xFF,0xFF,0xFF,0xFF,0xFF,0xFF,0xFF,0xFF,0xFF,0x50,0x00,0x00,
    0x00,0x00,0x28,0xCC,0xFF,0xFF,0xFF,0xFF,0xFF,0xFF,0xFF,0xFF,0xFF,0xFF,0xFF,0x50,
    0x00,0x00,0x00,0x00,0x00,0x01,0x48,0x9C,0xD3,0xEE,0xFB,0xEF,0xDC,0xC9,0xA1,0x68,
    0x2F,0x02,0x00,0x00,0x00,0x00,0x00,0x00,0x00,0x00,0x00,0x00,0x00,0x00,0x00,0x00,
    0x00,0x00,0x00,0x00,0x00,0x00,0x00,0x00,0x00,0x00,0x00,0x00,0x15,0x1C,0x1C,0x1C,
    0x1A,0x00,0x00,0x00,0x00,0x00,0x00,0x00,0x00,0x00,0x00,0x00,0x00,0x00,0xC8,0xFF,
    0xFF,0xFF,0xF0,0x00,0x00,0x00,0x00,0x00,0x00,0x00,0x00,0x00,0x00,0x00,0x00,0x00,
    0xC8,0xFF,0xFF,0xFF,0xF0,0x00,0x00,0x00,0x00,0x00,0x00,0x00,0x00,0x00,0x00,0x00,
    0x00,0x00,0xC8,0xFF,0xFF,0xFF,0xF0,0x00,0x00,0x00,0x00,0x00,0x00,0x00,0x00,0x00,
    0x00,0x00,0x00,0x00,0x92,0xBC,0xBC,0xBC,0xB0,0x00,0x00,0x00,0x00,0x00,0x00,0x00,
    0x0E,0x6A,0x9F,0xBA,0xB2,0x89,0x22,0x00,0x00,0x00,0x38,0xF7,0xBD,0x9E,0xB1,0xFB,
    0xEF,0x22,0x00,0x00,0x0D,0x0E,0x00,0x00,0x00,0x97,0xFF,0x69,0x00,0x00,0x00,0x00,
    0x00,0x00,0x41,0xF4,0xFF,0x40,0x00,0x00,0x00,0x00,0x00,0x58,0xFB,0xFD,0x78,0x00,
    0x00,0x00,0x00,0x00,0x00,0xE4,0xFF,0x63,0x00,0x00,0x00,0x00,0x00,0x00,0x00,0x57,
    0x5C,0x11,0x00,0x00,0x00,0x00,0x00,0x00,0x00,0x00,0x00,0x00,0x00,0x00,0x00,0x00,
    0x00,0x84,0xFF,0xFF,0xFF,0xFF,0x8C,0x00,0x00,0x00,0x00,0x84,0xFF,0xFF,0xFF,0xFF,
    0x8C,0x00,0x00,0x00,0x00,0x84,0xFF,0xFF,0xFF,0xFF,0x8C,0x00,0x00,0x00,0x00,0x84,
    0xFF,0xFF,0xFF,0xFF,0x8C,0x00,0x00,0x00,0x00,0x84,0xFF,0xFF,0xFF,0xFF,0x8C,0x00,
    0x00,0x00,0x00,0x84,0xFF,0xFF,0xFF,0xFF,0x8C,0x00,0x00,0x00,0x00,0x84,0xFF,0xFF,
    0xFF,0xFF,0x8C,0x00,0x00,0x00,0x00,0x84,0xFF,0xFF,0xFF,0xFF,0x8C,0x00,0x00,0x00,
    0x00,0x84,0xFF,0xFF,0xFF,0xFF,0x8C,0x00,0x00,0x00,0x00,0x84,0xFF,0xFF,0xFF,0xFF,
    0x8C,0x00,0x00,0x00,0x00,0x84,0xFF,0xFF,0xFF,0xFF,0x8C,0x00,0x00,0x00,0x00,0x84,
    0xFF,0xFF,0xFF,0xFF,0x8C,0x00,0x00,0x00,0x00,0x84,0xFF,0xFF,0xFF,0xFF,0x8C,0x00,
    0x00,0x00,0x00,0x84,0xFF,0xFF,0xFF,0xFF,0x8C,0x00,0x00,0x00,0x00,0x84,0xFF,0xFF,
    0xFF,0xFF,0x8C,0x00,0x00,0x00,0x00,0x84,0xFF,0xFF,0xFF,0xFF,0x8C,0x00,0x00,0x00,
    0x00,0x84,0xFF,0xFF,0xFF,0xFF,0x8C,0x00,0x00,0x00,0x00,0x84,0xFF,0xFF,0xFF,0xFF,
    0x8C,0x00,0x00,0x00,0x00,0x84,0xFF,0xFF,0xFF,0xFF,0x8C,0x00,0x00,0x00,0x00,0x84,
    0xFF,0xFF,0xFF,0xFF,0x8C,0x00,0x00,0x00,0x2F,0x81,0xAC,0xBD,0xA9,0x67,0x08,0x00,
    0x00,0x98,0xE4,0xAD,0x9D,0xCF,0xFF,0xB2,0x00,0x00,0x1A,0x01,0x00,0x00,0x03,0xF3,
    0xFE,0x0B,0x00,0x00,0x00,0x00,0x02,0x93,0xFF,0xDD,0x01,0x00,0x00,0x00,0x02,0xB1,
    0xFF,0xE5,0x30,0x00,0x00,0x00,0x00,0x44,0xFF,0xEB,0x17,0x00,0x00,0x00,0x00,0x00,
    0x1E,0x5C,0x4A,0x00,0x00,0x00,0x00,0x00,0x00,0x00,0x00,0x00,0x00,0x00,0x00,0x00,
    0x00,0xBC,0xFF,0xFF,0xFF,0xFC,0x00,0x00,0x00,0x00,0xBC,0xFF,0xFF,0xFF,0xFC,0x00,
    0x00,0x00,0x00,0xBC,0xFF,0xFF,0xFF,0xFC,0x00,0x00,0x00,0x00,0xBC,0xFF,0xFF,0xFF,
    0xFC,0x00,0x00,0x00,0x00,0xBC,0xFF,0xFF,0xFF,0xFC,0x00,0x00,0x00,0x00,0xBC,0xFF,
    0xFF,0xFF,0xFC,0x00,0x00,0x00,0x00,0xBC,0xFF,0xFF,0xFF,0xFC,0x00,0x00,0x00,0x00,
    0xBC,0xFF,0xFF,0xFF,0xFC,0x00,0x00,0x00,0x00,0xBC,0xFF,0xFF,0xFF,0xFC,0x00,0x00,
    0x00,0x00,0xBC,0xFF,0xFF,0xFF,0xFC,0x00,0x00,0x00,0x00,0xBC,0xFF,0xFF,0xFF,0xFC,
    0x00,0x00,0x00,0x00,0xBC,0xFF,0xFF,0xFF,0xFC,0x00,0x00,0x00,0x00,0xBC,0xFF,0xFF,
    0xFF,0xFC,0x00,0x00,0x00,0x00,0xBC,0xFF,0xFF,0xFF,0xFC,0x00,0x00,0x00,0x00,0xBC,
    0xFF,0xFF,0xFF,0xFC,0x00,0x00,0x00,0x00,0x84,0xFF,0xFF,0xFF,0xFF,0x8C,0x00,0x00,
    0x00,0x00,0x84,0xFF,0xFF,0xFF,0xFF,0x8C,0x00,0x00,0x00,0x00,0x84,0xFF,0xFF,0xFF,
    0xFF,0x8C,0x00,0x00,0x00,0x00,0x84,0xFF,0xFF,0xFF,0xFF,0x8C,0x00,0x00,0x00,0x00,
    0x84,0xFF,0xFF,0xFF,0xFF,0x8C,0x00,0x00,0x00,0x00,0x84,0xFF,0xFF,0xFF,0xFF,0x8C,
    0x00,0x00,0x00,0x00,0x84,0xFF,0xFF,0xFF,0xFF,0x8C,0x00,0x00,0x00,0x00,0x84,0xFF,
    0xFF,0xFF,0xFF,0x8C,0x00,0x00,0x00,0x00,0x84,0xFF,0xFF,0xFF,0xFF,0x8C,0x00,0x00,
    0x00,0x00,0x84,0xFF,0xFF,0xFF,0xFF,0x8C,0x00,0x00,0x00,0x00,0x84,0xFF,0xFF,0xFF,
    0xFF,0x8C,0x00,0x00,0x00,0x00,0x84,0xFF,0xFF,0xFF,0xFF,0x8C,0x00,0x00,0x00,0x00,
    0x84,0xFF,0xFF,0xFF,0xFF,0x8C,0x00,0x00,0x00,0x00,0x84,0xFF,0xFF,0xFF,0xFF,0x8C,
    0x00,0x00,0x00,0x00,0x84,0xFF,0xFF,0xFF,0xFF,0x8C,0x00,0x00,0x00,0x00,0x84,0xFF,
    0xFF,0xFF,0xFF,0x8C,0x00,0x00,0x00,0x00,0x84,0xFF,0xFF,0xFF,0xFF,0x8C,0x00,0x00,
    0x00,0x00,0x84,0xFF,0xFF,0xFF,0xFF,0x8C,0x00,0x00,0x00,0x00,0x84,0xFF,0xFF,0xFF,
    0xFF,0x8C,0x00,0x00,0x00,0x00,0x84,0xFF,0xFF,0xFF,0xFF,0x8C,0x00,0x00,0x00,0x00,
    0x00,0x00,0x00,0x00,0x00,0x00,0x00,0x00,0x00,0x00,0x0A,0x1C,0x1C,0x1C,0x1C,0x09,
    0x00,0x00,0x00,0x00,0x60,0xFF,0xFF,0xFF,0xFF,0x58,0x00,0x00,0x00,0x00,0x60,0xFF,
    0xFF,0xFF,0xFF,0x58,0x00,0x00,0x00,0x00,0x60,0xFF,0xFF,0xFF,0xFF,0x58,0x00,0x00,
    0x00,0x00,0x46,0xBC,0xBC,0xBC,0xBC,0x40,0x00,0x00,0x00,0x00,0xBC,0xFF,0xFF,0xFF,
    0xFC,0x00,0x00,0x00,0x00,0xBC,0xFF,0xFF,0xFF,0xFC,0x00,0x00,0x00,0x00,0xBC,0xFF,
    0xFF,0xFF,0xFC,0x00,0x00,0x00,0x00,0xBC,0xFF,0xFF,0xFF,0xFC,0x00,0x00,0x00,0x00,
    0x00,0x00,0x00,0x00,0x00,0x00,0x00,0x00,0x00,0x00,0x00,0x00,0x00,0x00,0x00,0x00,
    0x00,0x00,0xBC,0xFF,0xFF,0xFF,0xFC,0x00,0x00,0x00,0x00,0xBC,0xFF,0xFF,0xFF,0xFC,
    0x00,0x00,0x00,0x00,0xBC,0xFF,0xFF,0xFF,0xFC,0x00,0x00,0x00,0x00,0xBC,0xFF,0xFF,
    0xFF,0xFC,0x00,0x00,0x00,0x00,0xBC,0xFF,0xFF,0xFF,0xFC,0x00,0x00,0x00,0x00,0xBC,
    0xFF,0xFF,0xFF,0xFC,0x00,0x00,0x00,0x00,0xBC,0xFF,0xFF,0xFF,0xFC,0x00,0x00,0x00,
    0x00,0xBC,0xFF,0xFF,0xFF,0xFC,0x00,0x00,0x00,0x00,0xBC,0xFF,0xFF,0xFF,0xFC,0x00,
    0x00,0x00,0x00,0xBC,0xFF,0xFF,0xFF,0xFC,0x00,0x00,0x00,0x00,0xBC,0xFF,0xFF,0xFF,
    0xFC,0x00,0x00,0x00,0x00,0xBC,0xFF,0xFF,0xFF,0xFC,0x00,0x00,0x00,0x00,0xBC,0xFF,
    0xFF,0xFF,0xFC,0x00,0x00,0x00,0x00,0xBC,0xFF,0xFF,0xFF,0xFC,0x00,0x00,0x00,0x00,
    0xBC,0xFF,0xFF,0xFF,0xFC,0x00,0x00,0x00,0x00,0x00,0x00,0x00,0x00,0x00,0x00,0x00,
    0x00,0x00,0x15,0x1C,0x1C,0x1C,0x1A,0x00,0x00,0x00,0x00,0xC4,0xFF,0xFF,0xFF,0xF4,
    0x00,0x00,0x00,0x00,0xC4,0xFF,0xFF,0xFF,0xF4,0x00,0x00,0x00,0x00,0xC4,0xFF,0xFF,
    0xFF,0xF4,0x00,0x00,0x00,0x00,0x8F,0xBC,0xBC,0xBC,0xB3,0x00,0x00,0x00,0x00,0x00,
    0x00,0x00,0x00,0x0C,0x64,0xA6,0xD8,0xED,0xFA,0xEB,0xD6,0xA2,0x5F,0x09,0x00,0x00,
    0x00,0x00,0x00,0x00,0x00,0x00,0x00,0x00,0x01,0x75,0xED,0xFF,0xFF,0xFF,0xFF,0xFF,
    0xFF,0xFF,0xFF,0xFF,0xE9,0x6B,0x00,0x00,0x00,0x00,0x00,0x00,0x00,0x00,0x09,0xB4,
    0xFF,0xFF,0xFF,0xFF,0xFF,0xFF,0xFF,0xFF,0xFF,0xFF,0xFF,0xFF,0xFF,0xA8,0x05,0x00,
    0x00,0x00,0x00,0x00,0x00,0xA6,0xFF,0xFF,0xFF,0xFF,0xF4,0x75,0x1F,0x07,0x22,0x7C,
    0xF7,0xFF,0xFF,0xFF,0xFF,0x96,0x00,0x00,0x00,0x00,0x00,0x55,0xFF,0xFF,0xFF,0xFF,
    0xF6,0x37,0x00,0x00,0x00,0x00,0x00,0x40,0xFA,0xFF,0xFF,0xFF,0xFF,0x44,0x00,0x00,
    0x00,0x00,0xD2,0xFF,0xFF,0xFF,0xFF,0x82,0x00,0x00,0x00,0x00,0x00,0x00,0x00,0x8F,
    0xFF,0xFF,0xFF,0xFF,0xC2,0x00,0x00,0x00,0x29,0xFF,0xFF,0xFF,0xFF,0xFE,0x1A,0x00,
    0x00,0x00,0x00,0x00,0x00,0x00,0x25,0xFF,0xFF,0xFF,0xFF,0xFF,0x18,0x00,0x00,0x69,
    0xFF,0xFF,0xFF,0xFF,0xD5,0x00,0x00,0x00,0x00,0x00,0x00,0x00,0x00,0x00,0xE2,0xFF,
    0xFF,0xFF,0xFF,0x59,0x00,0x00,0x8B,0xFF,0xFF,0xFF,0xFF,0xAD,0x00,0x00,0x00,0x00,
    0x00,0x00,0x00,0x00,0x00,0xBB,0xFF,0xFF,0xFF,0xFF,0x7A,0x00,0x00,0x9E,0xFF,0xFF,
    0xFF,0xFF,0x9E,0x00,0x00,0x00,0x00,0x00,0x00,0x00,0x00,0x00,0xAB,0xFF,0xFF,0xFF,
    0xFF,0x8E,0x00,0x00,0x9F,0xFF,0xFF,0xFF,0xFF,0x9D,0x00,0x00,0x00,0x00,0x00,0x00,
    0x00,0x00,0x00,0xAB,0xFF,0xFF,0xFF,0xFF,0x8D,0x00,0x00,0x8B,0xFF,0xFF,0xFF,0xFF,
    0xAD,0x00,0x00,0x00,0x00,0x00,0x00,0x00,0x00,0x00,0xBB,0xFF,0xFF,0xFF,0xFF,0x7A,
    0x00,0x00,0x69,0xFF,0xFF,0xFF,0xFF,0xD5,0x00,0x00,0x00,0x00,0x00,0x00,0x00,0x00,
    0x00,0xE1,0xFF,0xFF,0xFF,0xFF,0x59,0x00,0x00,0x29,0xFF,0xFF,0xFF,0xFF,0xFD,0x19,
    0x00,0x00,0x00,0x00,0x00,0x00,0x00,0x25,0xFF,0xFF,0xFF,0xFF,0xFF,0x19,0x00,0x00,
    0x00,0xD2,0xFF,0xFF,0xFF,0xFF,0x80,0x00,0x00,0x00,0x00,0x00,0x00,0x00,0x8D,0xFF,
    0xFF,0xFF,0xFF,0xC2,0x00,0x00,0x00,0x00,0x55,0xFF,0xFF,0xFF,0xFF,0xF6,0x34,0x00,
    0x00,0x00,0x00,0x00,0x3D,0xF9,0xFF,0xFF,0xFF,0xFF,0x45,0x00,0x00,0x00,0x00,0x00,
    0xA6,0xFF,0xFF,0xFF,0xFF,0xF3,0x74,0x1E,0x06,0x21,0x7A,0xF6,0xFF,0xFF,0xFF,0xFF,
    0x96,0x00,0x00,0x00,0x00,0x00,0x00,0x09,0xB4,0xFF,0xFF,0xFF,0xFF,0xFF,0xFF,0xFF,
    0xFF,0xFF,0xFF,0xFF,0xFF,0xFF,0xA9,0x05,0x00,0x00,0x00,0x00,0x00,0x00,0x00,0x01,
    0x77,0xEE,0xFF,0xFF,0xFF,0xFF,0xFF,0xFF,0xFF,0xFF,0xFF,0xEA,0x6D,0x00,0x00,0x00,
    0x00,0x00,0x00,0x00,0x00,0x00,0x00,0x00,0x0D,0x65,0xA7,0xDA,0xEE,0xFB,0xED,0xD8,
    0xA4,0x60,0x0A,0x00,0x00,0x00,0x00,0x00,0x00,0x00,0x00,0x00,0x00,0x00,0x00,0x00,
    0x00,0x00,0x00,0x00,0x00,0x00,0x00,0x00,0x00,0x00,0x00,0x00,0x00,0x00,0x00,0x00,
    0x00,0x00,0x00,0x00,0x00,0x00,0x00,0x00,0x00,0x19,0x1C,0x1C,0x1C,0x16,0x00,0x00,
    0x00,0x00,0x00,0x00,0x00,0x00,0x00,0x00,0x00,0x00,0x00,0x00,0x00,0x00,0x00,0x00,
    0xEC,0xFF,0xFF,0xFF,0xCC,0x00,0x00,0x00,0x00,0x00,0x00,0x00,0x00,0x00,0x00,0x00,
    0x00,0x00,0x00,0x00,0x00,0x00,0x00,0xEC,0xFF,0xFF,0xFF,0xCC,0x00,0x00,0x00,0x00,
    0x00,0x00,0x00,0x00,0x00,0x00,0x00,0x00,0x00,0x00,0x00,0x00,0x00,0x00,0xEC,0xFF,
    0xFF,0xFF,0xCC,0x00,0x00,0x00,0x00,0x00,0x00,0x00,0x00,0x00,0x00,0x00,0x00,0x00,
    0x00,0x00,0x00,0x00,0x00,0xAD,0xBC,0xBC,0xBC,0x95,0x00,0x00,0x00,0x00,0x00,0x00,
    0x00,0x00,0x00,0x00,0x00,0x00,0x00,0x02,0x53,0xA4,0xDB,0xF1,0xFA,0xEA,0xC7,0x88,
    0x24,0x00,0x00,0x00,0x00,0x00,0x00,0x00,0x00,0x2C,0xD4,0xFF,0xFF,0xFF,0xFF,0xFF,
    0xFF,0xFF,0xFF,0xFD,0x8E,0x05,0x00,0x00,0x00,0x00,0x00,0x2D,0xF1,0xFF,0xFF,0xFF,
    0xFF,0xFF,0xFF,0xFF,0xFF,0xFF,0xFF,0xFF,0xAB,0x01,0x00,0x00,0x00,0x03,0xD5,0xFF,
    0xFF,0xFF,0xFF,0x95,0x1D,0x07,0x42,0xDE,0xFF,0xFF,0xFF,0xFF,0x65,0x00,0x00,0x00,
    0x53,0xFF,0xFF,0xFF,0xFF,0xB5,0x00,0x00,0x00,0x00,0x2F,0xFE,0xFF,0xFF,0xFF,0xDF,
    0x00,0x00,0x00,0x9D,0xFF,0xFF,0xFF,0xFF,0x51,0x00,0x00,0x00,0x00,0x00,0xC7,0xFF,
    0xFF,0xFF,0xFF,0x28,0x00,0x00,0xC4,0xFF,0xFF,0xFF,0xFF,0x23,0x00,0x00,0x00,0x00,
    0x00,0x99,0xFF,0xFF,0xFF,0xFF,0x4E,0x00,0x00,0xD3,0xFF,0xFF,0xFF,0xFF,0x17,0x00,
    0x00,0x00,0x00,0x00,0x8B,0xFF,0xFF,0xFF,0xFF,0x5E,0x00,0x00,0xC4,0xFF,0xFF,0xFF,
    0xFF,0x23,0x00,0x00,0x00,0x00,0x00,0x99,0xFF,0xFF,0xFF,0xFF,0x4E,0x00,0x00,0x9D,
    0xFF,0xFF,0xFF,0xFF,0x51,0x00,0x00,0x00,0x00,0x00,0xC7,0xFF,0xFF,0xFF,0xFF,0x29,
    0x00,0x00,0x53,0xFF,0xFF,0xFF,0xFF,0xB5,0x00,0x00,0x00,0x00,0x2E,0xFE,0xFF,0xFF,
    0xFF,0xDF,0x00,0x00,0x00,0x03,0xD7,0xFF,0xFF,0xFF,0xFF,0x94,0x1C,0x07,0x41,0xDD,
    0xFF,0xFF,0xFF,0xFF,0x66,0x00,0x00,0x00,0x00,0x2F,0xF2,0xFF,0xFF,0xFF,0xFF,0xFF,
    0xFF,0xFF,0xFF,0xFF,0xFF,0xFF,0xAE,0x02,0x00,0x00,0x00,0x00,0x00,0x2F,0xD7,0xFF,
    0xFF,0xFF,0xFF,0xFF,0xFF,0xFF,0xFF,0xFE,0x92,0x07,0x00,0x00,0x00,0x00,0x00,0x00,
    0x00,0x03,0x55,0xA6,0xDC,0xF2,0xFB,0xEB,0xC8,0x8A,0x26,0x00,0x00,0x00,0x00,0x00,
    0x00,0x00,0x00,0x00,0x00,0x00,0x00,0x00,0x00,0x00,0x00,0x00,0x00,0x00,0x00,0x00,
    0x00,0x00,0x00,0x00,0x00,0x00,0x00,0x00,0x00,0x02,0x1C,0x1C,0x1C,0x1C,0x11,0x00,
    0x00,0x00,0x00,0x00,0x00,0x00,0x00,0x00,0x00,0x00,0x00,0x00,0x18,0xFF,0xFF,0xFF,
    0xFF,0xA0,0x00,0x00,0x00,0x00,0x00,0x00,0x00,0x00,0x00,0x00,0x00,0x00,0x00,0x18,
    0xFF,0xFF,0xFF,0xFF,0xA0,0x00,0x00,0x00,0x00,0x00,0x00,0x00,0x00,0x00,0x00,0x00,
    0x00,0x00,0x18,0xFF,0xFF,0xFF,0xFF,0xA0,0x00,0x00,0x00,0x00,0x00,0x00,0x00,0x00,
    0x00,0x00,0x00,0x00,0x00,0x11,0xBC,0xBC,0xBC,0xBC,0x75,0x00,0x00,0x00,0x00,0x00,
    0x00,0x00,0x00,0x00,0x00,0x00,0x00,0x00,0x00,0x00,0x3D,0x89,0xB0,0xBC,0xA4,0x58,
    0x02,0x00,0x00,0x00,0x00,0x00,0x00,0x00,0x00,0x00,0x00,0x00,0x00,0x00,0x00,0x00,
    0x00,0xBC,0xDB,0xA9,0x9F,0xDB,0xFF,0x8E,0x00,0x00,0x00,0x00,0x00,0x00,0x00,0x00,
    0x00,0x00,0x00,0x00,0x00,0x00,0x00,0x00,0x1B,0x00,0x00,0x00,0x1B,0xFF,0xE5,0x00,
    0x00,0x00,0x00,0x00,0x00,0x00,0x00,0x00,0x00,0x00,0x00,0x00,0x00,0x00,0x00,0x00,
    0x00,0x00,0x09,0xB0,0xFF,0xBB,0x00,0x00,0x00,0x00,0x00,0x00,0x00,0x00,0x00,0x00,
    0x00,0x00,0x00,0x00,0x00,0x00,0x00,0x00,0x0C,0xCB,0xFF,0xD5,0x1D,0x00,0x00,0x00,
    0x00,0x00,0x00,0x00,0x00,0x00,0x00,0x00,0x00,0x00,0x00,0x00,0x00,0x00,0x00,0x68,
    0xFF,0xD3,0x0B,0x00,0x00,0x00,0x00,0x00,0x00,0x00,0x00,0x00,0x00,0x00,0x00,0x00,
    0x00,0x00,0x00,0x00,0x00,0x00,0x2B,0x5C,0x3D,0x00,0x00,0x00,0x00,0x00,0x00,0x00,
    0x00,0x00,0x00,0x00,0x00,0x00,0x00,0x00,0x00,0x00,0x00,0x00,0x00,0x00,0x00,0x00,
    0x00,0x00,0x00,0x00,0x00,0x00,0x00,0x00,0x00,0x00,0x00,0x00,0x00,0x00,0x00,0x00,
    0x0C,0x64,0xA6,0xD8,0xED,0xFA,0xEB,0xD6,0xA2,0x5F,0x09,0x00,0x00,0x00,0x00,0x00,
    0x00,0x00,0x00,0x00,0x00,0x01,0x75,0xED,0xFF,0xFF,0xFF,0xFF,0xFF,0xFF,0xFF,0xFF,
    0xFF,0xE9,0x6B,0x00,0x00,0x00,0x00,0x00,0x00,0x00,0x00,0x09,0xB4,0xFF,0xFF,0xFF,
    0xFF,0xFF,0xFF,0xFF,0xFF,0xFF,0xFF,0xFF,0xFF,0xFF,0xA8,0x05,0x00,0x00,0x00,0x00,
    0x00,0x00,0xA6,0xFF,0xFF,0xFF,0xFF,0xF4,0x75,0x1F,0x07,0x22,0x7C,0xF7,0xFF,0xFF,
    0xFF,0xFF,0x96,0x00,0x00,0x00,0x00,0x00,0x55,0xFF,0xFF,0xFF,0xFF,0xF6,0x37,0x00,
    0x00,0x00,0x00,0x00,0x40,0xFA,0xFF,0xFF,0xFF,0xFF,0x44,0x00,0x00,0x00,0x00,0xD2,
    0xFF,0xFF,0xFF,0xFF,0x82,0x00,0x00,0x00,0x00,0x00,0x00,0x00,0x8F,0xFF,0xFF,0xFF,
    0xFF,0xC2,0x00,0x00,0x00,0x29,0xFF,0xFF,0xFF,0xFF,0xFE,0x1A,0x00,0x00,0x00,0x00,
    0x00,0x00,0x00,0x25,0xFF,0xFF,0xFF,0xFF,0xFF,0x18,0x00,0x00,0x69,0xFF,0xFF,0xFF,
    0xFF,0xD5,0x00,0x00,0x00,0x00,0x00,0x00,0x00,0x00,0x00,0xE2,0xFF,0xFF,0xFF,0xFF,
    0x59,0x00,0x00,0x8B,0xFF,0xFF,0xFF,0xFF,0xAD,0x00,0x00,0x00,0x00,0x00,0x00,0x00,
    0x00,0x00,0xBB,0xFF,0xFF,0xFF,0xFF,0x7A,0x00,0x00,0x9E,0xFF,0xFF,0xFF,0xFF,0x9E,
    0x00,0x00,0x00,0x00,0x00,0x00,0x00,0x00,0x00,0xAB,0xFF,0xFF,0xFF,0xFF,0x8E,0x00,
    0x00,0x9F,0xFF,0xFF,0xFF,0xFF,0x9D,0x00,0x00,0x00,0x00,0x00,0x00,0x00,0x00,0x00,
    0xAB,0xFF,0xFF,0xFF,0xFF,0x8D,0x00,0x00,0x8B,0xFF,0xFF,0xFF,0xFF,0xAD,0x00,0x00,
    0x00,0x00,0x00,0x00,0x00,0x00,0x00,0xBB,0xFF,0xFF,0xFF,0xFF,0x7A,0x00,0x00,0x69,
    0xFF,0xFF,0xFF,0xFF,0xD5,0x00,0x00,0x00,0x00,0x00,0x00,0x00,0x00,0x00,0xE1,0xFF,
    0xFF,0xFF,0xFF,0x59,0x00,0x00,0x29,0xFF,0xFF,0xFF,0xFF,0xFD,0x19,0x00,0x00,0x00,
    0x00,0x00,0x00,0x00,0x25,0xFF,0xFF,0xFF,0xFF,0xFF,0x19,0x00,0x00,0x00,0xD2,0xFF,
    0xFF,0xFF,0xFF,0x80,0x00,0x00,0x00,0x00,0x00,0x00,0x00,0x8D,0xFF,0xFF,0xFF,0xFF,
    0xC2,0x00,0x00,0x00,0x00,0x55,0xFF,0xFF,0xFF,0xFF,0xF6,0x34,0x00,0x00,0x00,0x00,
    0x00,0x3D,0xF9,0xFF,0xFF,0xFF,0xFF,0x45,0x00,0x00,0x00,0x00,0x00,0xA6,0xFF,0xFF,
    0xFF,0xFF,0xF3,0x74,0x1E,0x06,0x21,0x7A,0xF6,0xFF,0xFF,0xFF,0xFF,0x96,0x00,0x00,
    0x00,0x00,0x00,0x00,0x09,0xB4,0xFF,0xFF,0xFF,0xFF,0xFF,0xFF,0xFF,0xFF,0xFF,0xFF,
    0xFF,0xFF,0xFF,0xA9,0x05,0x00,0x00,0x00,0x00,0x00,0x00,0x00,0x01,0x77,0xEE,0xFF,
    0xFF,0xFF,0xFF,0xFF,0xFF,0xFF,0xFF,0xFF,0xEA,0x6D,0x00,0x00,0x00,0x00,0x00,0x00,
    0x00,0x00,0x00,0x00,0x00,0x0D,0x65,0xA7,0xDA,0xEE,0xFB,0xED,0xD8,0xA4,0x60,0x0A,
    0x00,0x00,0x00,0x00,0x00,0x00,0x00,0x00,0x00,0x00,0x00,0x00,0x51,0x92,0xB4,0xBA,
    0x9D,0x44,0x00,0x00,0x00,0x00,0x00,0x00,0x00,0x00,0x00,0x00,0x00,0x00,0x00,0xE7,
    0xCF,0xA3,0xA4,0xE8,0xFF,0x62,0x00,0x00,0x00,0x00,0x00,0x00,0x00,0x00,0x00,0x00,
    0x00,0x00,0x1B,0x00,0x00,0x00,0x47,0xFF,0xB9,0x00,0x00,0x00,0x00,0x00,0x00,0x00,
    0x00,0x00,0x00,0x00,0x00,0x00,0x00,0x00,0x17,0xCE,0xFF,0x8F,0x00,0x00,0x00,0x00,
    0x00,0x00,0x00,0x00,0x00,0x00,0x00,0x00,0x00,0x00,0x21,0xE2,0xFF,0xBA,0x0B,0x00,
    0x00,0x00,0x00,0x00,0x00,0x00,0x00,0x00,0x00,0x00,0x00,0x00,0x00,0x94,0xFF,0xB0,
    0x02,0x00,0x00,0x00,0x00,0x00,0x00,0x00,0x00,0x00,0x00,0x00,0x00,0x00,0x00,0x00,
    0x3A,0x5C,0x2E,0x00,0x00,0x00,0x00,0x00,0x00,0x00,0x00,0x00,0x00,0x00,0x00,0x00,
    0x00,0x00,0x00,0x00,0x00,0x00,0x00,0x00,0x00,0x00,0x00,0x00,0x00,0x00,0x00,0x00,
    0x00,0x00,0x02,0x53,0xA4,0xDB,0xF1,0xFA,0xEA,0xC7,0x88,0x24,0x00,0x00,0x00,0x00,
    0x00,0x00,0x00,0x00,0x2C,0xD4,0xFF,0xFF,0xFF,0xFF,0xFF,0xFF,0xFF,0xFF,0xFD,0x8E,
    0x05,0x00,0x00,0x00,0x00,0x00,0x2D,0xF1,0xFF,0xFF,0xFF,0xFF,0xFF,0xFF,0xFF,0xFF,
    0xFF,0xFF,0xFF,0xAB,0x01,0x00,0x00,0x00,0x03,0xD5,0xFF,0xFF,0xFF,0xFF,0x95,0x1D,
    0x07,0x42,0xDE,0xFF,0xFF,0xFF,0xFF,0x65,0x00,0x00,0x00,0x53,0xFF,0xFF,0xFF,0xFF,
    0xB5,0x00,0x00,0x00,0x00,0x2F,0xFE,0xFF,0xFF,0xFF,0xDF,0x00,0x00,0x00,0x9D,0xFF,
    0xFF,0xFF,0xFF,0x51,0x00,0x00,0x00,0x00,0x00,0xC7,0xFF,0xFF,0xFF,0xFF,0x28,0x00,
    0x00,0xC4,0xFF,0xFF,0xFF,0xFF,0x23,0x00,0x00,0x00,0x00,0x00,0x99,0xFF,0xFF,0xFF,
    0xFF,0x4E,0x00,0x00,0xD3,0xFF,0xFF,0xFF,0xFF,0x17,0x00,0x00,0x00,0x00,0x00,0x8B,
    0xFF,0xFF,0xFF,0xFF,0x5E,0x00,0x00,0xC4,0xFF,0xFF,0xFF,0xFF,0x23,0x00,0x00,0x00,
    0x00,0x00,0x99,0xFF,0xFF,0xFF,0xFF,0x4E,0x00,0x00,0x9D,0xFF,0xFF,0xFF,0xFF,0x51,
    0x00,0x00,0x00,0x00,0x00,0xC7,0xFF,0xFF,0xFF,0xFF,0x29,0x00,0x00,0x53,0xFF,0xFF,
    0xFF,0xFF,0xB5,0x00,0x00,0x00,0x00,0x2E,0xFE,0xFF,0xFF,0xFF,0xDF,0x00,0x00,0x00,
    0x03,0xD7,0xFF,0xFF,0xFF,0xFF,0x94,0x1C,0x07,0x41,0xDD,0xFF,0xFF,0xFF,0xFF,0x66,
    0x00,0x00,0x00,0x00,0x2F,0xF2,0xFF,0xFF,0xFF,0xFF,0xFF,0xFF,0xFF,0xFF,0xFF,0xFF,
    0xFF,0xAE,0x02,0x00,0x00,0x00,0x00,0x00,0x2F,0xD7,0xFF,0xFF,0xFF,0xFF,0xFF,0xFF,
    0xFF,0xFF,0xFE,0x92,0x07,0x00,0x00,0x00,0x00,0x00,0x00,0x00,0x03,0x55,0xA6,0xDC,
    0xF2,0xFB,0xEB,0xC8,0x8A,0x26,0x00,0x00,0x00,0x00,0x00,0x00,0x00,0x00,0x00,0x00,
    0x00,0x00,0x00,0x00,0x00,0x00,0x00,0x00,0x00,0x00,0x00,0x78,0xFF,0xFF,0xE0,0x32,
    0x00,0x00,0x00,0x00,0x00,0x00,0x00,0x00,0x00,0x00,0x00,0x00,0x00,0x00,0x00,0x00,
    0x00,0x57,0xFE,0xFF,0xBD,0x14,0x00,0x00,0x00,0x00,0x00,0x00,0x00,0x00,0x00,0x00,
    0x00,0x00,0x00,0x00,0x00,0x00,0x00,0x3C,0xF8,0xFF,0x8E,0x03,0x00,0x00,0x00,0x00,
    0x00,0x00,0x00,0x00,0x00,0x00,0x00,0x00,0x18,0xD9,0xFF,0xFF,0xFF,0xEB,0x2C,0x00,
    0x00,0x00,0x00,0x00,0x00,0x00,0x00,0x00,0x00,0x00,0x00,0x00,0x00,0x00,0x16,0xD5,
    0xFF,0xDE,0x5A,0xCB,0xFF,0xE9,0x29,0x00,0x00,0x00,0x00,0x00,0x00,0x00,0x00,0x00,
    0x00,0x00,0x00,0x00,0x13,0xD2,0xFF,0x9F,0x0D,0x00,0x04,0x83,0xFC,0xE7,0x26,0x00,
    0x00,0x00,0x00,0x00,0x00,0x00,0x00,0x00,0x00,0x00,0x00,0x00,0x00,0x00,0x00,0x00,
    0x00,0x00,0x00,0x00,0x00,0x00,0x00,0x00,0x00,0x00,0x00,0x00,0x00,0x00,0x00,0x00,
    0x00,0x00,0x00,0x00,0x00,0x00,0x00,0x00,0x00,0x00,0x00,0x00,0x00,0x00,0x00,0x00,
    0x00,0x00,0x00,0x00,0x00,0x00,0x00,0x00,0x00,0x0C,0x64,0xA6,0xD8,0xED,0xFA,0xEB,
    0xD6,0xA2,0x5F,0x09,0x00,0x00,0x00,0x00,0x00,0x00,0x00,0x00,0x00,0x00,0x01,0x75,
    0xED,0xFF,0xFF,0xFF,0xFF,0xFF,0xFF,0xFF,0xFF,0xFF,0xE9,0x6B,0x00,0x00,0x00,0x00,
    0x00,0x00,0x00,0x00,0x09,0xB4,0xFF,0xFF,0xFF,0xFF,0xFF,0xFF,0xFF,0xFF,0xFF,0xFF,
    0xFF,0xFF,0xFF,0xA8,0x05,0x00,0x00,0x00,0x00,0x00,0x00,0xA6,0xFF,0xFF,0xFF,0xFF,
    0xF4,0x75,0x1F,0x07,0x22,0x7C,0xF7,0xFF,0xFF,0xFF,0xFF,0x96,0x00,0x00,0x00,0x00,
    0x00,0x55,0xFF,0xFF,0xFF,0xFF,0xF6,0x37,0x00,0x00,0x00,0x00,0x00,0x40,0xFA,0xFF,
    0xFF,0xFF,0xFF,0x44,0x00,0x00,0x00,0x00,0xD2,0xFF,0xFF,0xFF,0xFF,0x82,0x00,0x00,
    0x00,0x00,0x00,0x00,0x00,0x8F,0xFF,0xFF,0xFF,0xFF,0xC2,0x00,0x00,0x00,0x29,0xFF,
    0xFF,0xFF,0xFF,0xFE,0x1A,0x00,0x00,0x00,0x00,0x00,0x00,0x00,0x25,0xFF,0xFF,0xFF,
    0xFF,0xFF,0x18,0x00,0x00,0x69,0xFF,0xFF,0xFF,0xFF,0xD5,0x00,0x00,0x00,0x00,0x00,
    0x00,0x00,0x00,0x00,0xE2,0xFF,0xFF,0xFF,0xFF,0x59,0x00,0x00,0x8B,0xFF,0xFF,0xFF,
    0xFF,0xAD,0x00,0x00,0x00,0x00,0x00,0x00,0x00,0x00,0x00,0xBB,0xFF,0xFF,0xFF,0xFF,
    0x7A,0x00,0x00,0x9E,0xFF,0xFF,0xFF,0xFF,0x9E,0x00,0x00,0x00,0x00,0x00,0x00,0x00,
    0x00,0x00,0xAB,0xFF,0xFF,0xFF,0xFF,0x8E,0x00,0x00,0x9F,0xFF,0xFF,0xFF,0xFF,0x9D,
    0x00,0x00,0x00,0x00,0x00,0x00,0x00,0x00,0x00,0xAB,0xFF,0xFF,0xFF,0xFF,0x8D,0x00,
    0x00,0x8B,0xFF,0xFF,0xFF,0xFF,0xAD,0x00,0x00,0x00,0x00,0x00,0x00,0x00,0x00,0x00,
    0xBB,0xFF,0xFF,0xFF,0xFF,0x7A,0x00,0x00,0x69,0xFF,0xFF,0xFF,0xFF,0xD5,0x00,0x00,
    0x00,0x00,0x00,0x00,0x00,0x00,0x00,0xE1,0xFF,0xFF,0xFF,0xFF,0x59,0x00,0x00,0x29,
    0xFF,0xFF,0xFF,0xFF,0xFD,0x19,0x00,0x00,0x00,0x00,0x00,0x00,0x00,0x25,0xFF,0xFF,
    0xFF,0xFF,0xFF,0x19,0x00,0x00,0x00,0xD2,0xFF,0xFF,0xFF,0xFF,0x80,0x00,0x00,0x00,
    0x00,0x00,0x00,0x00,0x8D,0xFF,0xFF,0xFF,0xFF,0xC2,0x00,0x00,0x00,0x00,0x55,0xFF,
    0xFF,0xFF,0xFF,0xF6,0x34,0x00,0x00,0x00,0x00,0x00,0x3D,0xF9,0xFF,0xFF,0xFF,0xFF,
    0x45,0x00,0x00,0x00,0x00,0x00,0xA6,0xFF,0xFF,0xFF,0xFF,0xF3,0x74,0x1E,0x06,0x21,
    0x7A,0xF6,0xFF,0xFF,0xFF,0xFF,0x96,0x00,0x00,0x00,0x00,0x00,0x00,0x09,0xB4,0xFF,
    0xFF,0xFF,0xFF,0xFF,0xFF,0xFF,0xFF,0xFF,0xFF,0xFF,0xFF,0xFF,0xA9,0x05,0x00,0x00,
    0x00,0x00,0x00,0x00,0x00,0x01,0x77,0xEE,0xFF,0xFF,0xFF,0xFF,0xFF,0xFF,0xFF,0xFF,
    0xFF,0xEA,0x6D,0x00,0x00,0x00,0x00,0x00,0x00,0x00,0x00,0x00,0x00,0x00,0x0D,0x65,
    0xA7,0xDA,0xEE,0xFB,0xED,0xD8,0xA4,0x60,0x0A,0x00,0x00,0x00,0x00,0x00,0x00,0x00,
    0x00,0x00,0x00,0x00,0x00,0x00,0x00,0x00,0x00,0x00,0x00,0x00,0x09,0xC9,0xFF,0xFF,
    0xAB,0x0C,0x00,0x00,0x00,0x00,0x00,0x00,0x00,0x00,0x00,0x00,0x00,0x00,0x02,0xAF,
    0xFF,0xFD,0x79,0x00,0x00,0x00,0x00,0x00,0x00,0x00,0x00,0x00,0x00,0x00,0x00,0x00,
    0x00,0x91,0xFF,0xED,0x46,0x00,0x00,0x00,0x00,0x00,0x00,0x00,0x00,0x00,0x51,0xFB,
    0xFF,0xFF,0xFF,0xB5,0x06,0x00,0x00,0x00,0x00,0x00,0x00,0x00,0x00,0x00,0x00,0x00,
    0x4D,0xFA,0xFF,0xAC,0x67,0xF1,0xFF,0xB1,0x05,0x00,0x00,0x00,0x00,0x00,0x00,0x00,
    0x00,0x00,0x49,0xF9,0xF1,0x5F,0x00,0x00,0x1F,0xC0,0xFF,0xAD,0x04,0x00,0x00,0x00,
    0x00,0x00,0x00,0x00,0x00,0x00,0x00,0x00,0x00,0x00,0x00,0x00,0x00,0x00,0x00,0x00,
    0x00,0x00,0x00,0x00,0x00,0x00,0x00,0x00,0x00,0x00,0x00,0x00,0x00,0x00,0x00,0x00,
    0x00,0x00,0x00,0x00,0x00,0x00,0x00,0x00,0x00,0x00,0x00,0x02,0x53,0xA4,0xDB,0xF1,
    0xFA,0xEA,0xC7,0x88,0x24,0x00,0x00,0x00,0x00,0x00,0x00,0x00,0x00,0x2C,0xD4,0xFF,
    0xFF,0xFF,0xFF,0xFF,0xFF,0xFF,0xFF,0xFD,0x8E,0x05,0x00,0x00,0x00,0x00,0x00,0x2D,
    0xF1,0xFF,0xFF,0xFF,0xFF,0xFF,0xFF,0xFF,0xFF,0xFF,0xFF,0xFF,0xAB,0x01,0x00,0x00,
    0x00,0x03,0xD5,0xFF,0xFF,0xFF,0xFF,0x95,0x1D,0x07,0x42,0xDE,0xFF,0xFF,0xFF,0xFF,
    0x65,0x00,0x00,0x00,0x53,0xFF,0xFF,0xFF,0xFF,0xB5,0x00,0x00,0x00,0x00,0x2F,0xFE,
    0xFF,0xFF,0xFF,0xDF,0x00,0x00,0x00,0x9D,0xFF,0xFF,0xFF,0xFF,0x51,0x00,0x00,0x00,
    0x00,0x00,0xC7,0xFF,0xFF,0xFF,0xFF,0x28,0x00,0x00,0xC4,0xFF,0xFF,0xFF,0xFF,0x23,
    0x00,0x00,0x00,0x00,0x00,0x99,0xFF,0xFF,0xFF,0xFF,0x4E,0x00,0x00,0xD3,0xFF,0xFF,
    0xFF,0xFF,0x17,0x00,0x00,0x00,0x00,0x00,0x8B,0xFF,0xFF,0xFF,0xFF,0x5E,0x00,0x00,
    0xC4,0xFF,0xFF,0xFF,0xFF,0x23,0x00,0x00,0x00,0x00,0x00,0x99,0xFF,0xFF,0xFF,0xFF,
    0x4E,0x00,0x00,0x9D,0xFF,0xFF,0xFF,0xFF,0x51,0x00,0x00,0x00,0x00,0x00,0xC7,0xFF,
    0xFF,0xFF,0xFF,0x29,0x00,0x00,0x53,0xFF,0xFF,0xFF,0xFF,0xB5,0x00,0x00,0x00,0x00,
    0x2E,0xFE,0xFF,0xFF,0xFF,0xDF,0x00,0x00,0x00,0x03,0xD7,0xFF,0xFF,0xFF,0xFF,0x94,
    0x1C,0x07,0x41,0xDD,0xFF,0xFF,0xFF,0xFF,0x66,0x00,0x00,0x00,0x00,0x2F,0xF2,0xFF,
    0xFF,0xFF,0xFF,0xFF,0xFF,0xFF,0xFF,0xFF,0xFF,0xFF,0xAE,0x02,0x00,0x00,0x00,0x00,
    0x00,0x2F,0xD7,0xFF,0xFF,0xFF,0xFF,0xFF,0xFF,0xFF,0xFF,0xFE,0x92,0x07,0x00,0x00,
    0x00,0x00,0x00,0x00,0x00,0x03,0x55,0xA6,0xDC,0xF2,0xFB,0xEB,0xC8,0x8A,0x26,0x00,
    0x00,0x00,0x00,0x00,0x00,0x00,0x00,0x00,0x00,0x00,0x00,0x00,0x00,0x00,0x00,0x00,
    0x16,0xC1,0xFF,0xFF,0xAF,0x02,0x00,0x00,0x00,0x00,0x00,0x00,0x00,0x00,0x00,0x00,
    0x00,0x00,0x00,0x00,0x00,0x00,0x00,0x00,0x04,0x92,0xFF,0xFF,0x91,0x00,0x00,0x00,
    0x00,0x00,0x00,0x00,0x00,0x00,0x00,0x00,0x00,0x00,0x00,0x00,0x00,0x00,0x00,0x00,
    0x00,0x5E,0xF7,0xFF,0x70,0x00,0x00,0x00,0x00,0x00,0x00,0x00,0x00,0x00,0x00,0x00,
    0x00,0x14,0xD4,0xFF,0xFF,0xFF,0xEE,0x31,0x00,0x00,0x00,0x00,0x00,0x00,0x00,0x00,
    0x00,0x00,0x00,0x00,0x00,0x00,0x00,0x12,0xD1,0xFF,0xE2,0x5A,0xC7,0xFF,0xEC,0x2E,
    0x00,0x00,0x00,0x00,0x00,0x00,0x00,0x00,0x00,0x00,0x00,0x00,0x00,0x10,0xCD,0xFF,
    0xA4,0x0F,0x00,0x03,0x7D,0xFB,0xEA,0x2B,0x00,0x00,0x00,0x00,0x00,0x00,0x00,0x00,
    0x00,0x00,0x00,0x00,0x00,0x00,0x00,0x00,0x00,0x00,0x00,0x00,0x00,0x00,0x00,0x00,
    0x00,0x00,0x00,0x00,0x00,0x00,0x00,0x00,0x00,0x00,0x00,0x00,0x00,0x00,0x00,0x00,
    0x00,0x00,0x00,0x00,0x00,0x00,0x00,0x00,0x00,0x00,0x00,0x00,0x00,0x00,0x00,0x00,
    0x00,0x00,0x0C,0x64,0xA6,0xD8,0xED,0xFA,0xEB,0xD6,0xA2,0x5F,0x09,0x00,0x00,0x00,
    0x00,0x00,0x00,0x00,0x00,0x00,0x00,0x01,0x75,0xED,0xFF,0xFF,0xFF,0xFF,0xFF,0xFF,
    0xFF,0xFF,0xFF,0xE9,0x6B,0x00,0x00,0x00,0x00,0x00,0x00,0x00,0x00,0x09,0xB4,0xFF,
    0xFF,0xFF,0xFF,0xFF,0xFF,0xFF,0xFF,0xFF,0xFF,0xFF,0xFF,0xFF,0xA8,0x05,0x00,0x00,
    0x00,0x00,0x00,0x00,0xA6,0xFF,0xFF,0xFF,0xFF,0xF4,0x75,0x1F,0x07,0x22,0x7C,0xF7,
    0xFF,0xFF,0xFF,0xFF,0x96,0x00,0x00,0x00,0x00,0x00,0x55,0xFF,0xFF,0xFF,0xFF,0xF6,
    0x37,0x00,0x00,0x00,0x00,0x00,0x40,0xFA,0xFF,0xFF,0xFF,0xFF,0x44,0x00,0x00,0x00,
    0x00,0xD2,0xFF,0xFF,0xFF,0xFF,0x82,0x00,0x00,0x00,0x00,0x00,0x00,0x00,0x8F,0xFF,
    0xFF,0xFF,0xFF,0xC2,0x00,0x00,0x00,0x29,0xFF,0xFF,0xFF,0xFF,0xFE,0x1A,0x00,0x00,
    0x00,0x00,0x00,0x00,0x00,0x25,0xFF,0xFF,0xFF,0xFF,0xFF,0x18,0x00,0x00,0x69,0xFF,
    0xFF,0xFF,0xFF,0xD5,0x00,0x00,0x00,0x00,0x00,0x00,0x00,0x00,0x00,0xE2,0xFF,0xFF,
    0xFF,0xFF,0x59,0x00,0x00,0x8B,0xFF,0xFF,0xFF,0xFF,0xAD,0x00,0x00,0x00,0x00,0x00,
    0x00,0x00,0x00,0x00,0xBB,0xFF,0xFF,0xFF,0xFF,0x7A,0x00,0x00,0x9E,0xFF,0xFF,0xFF,
    0xFF,0x9E,0x00,0x00,0x00,0x00,0x00,0x00,0x00,0x00,0x00,0xAB,0xFF,0xFF,0xFF,0xFF,
    0x8E,0x00,0x00,0x9F,0xFF,0xFF,0xFF,0xFF,0x9D,0x00,0x00,0x00,0x00,0x00,0x00,0x00,
    0x00,0x00,0xAB,0xFF,0xFF,0xFF,0xFF,0x8D,0x00,0x00,0x8B,0xFF,0xFF,0xFF,0xFF,0xAD,
    0x00,0x00,0x00,0x00,0x00,0x00,0x00,0x00,0x00,0xBB,0xFF,0xFF,0xFF,0xFF,0x7A,0x00,
    0x00,0x69,0xFF,0xFF,0xFF,0xFF,0xD5,0x00,0x00,0x00,0x00,0x00,0x00,0x00,0x00,0x00,
    0xE1,0xFF,0xFF,0xFF,0xFF,0x59,0x00,0x00,0x29,0xFF,0xFF,0xFF,0xFF,0xFD,0x19,0x00,
    0x00,0x00,0x00,0x00,0x00,0x00,0x25,0xFF,0xFF,0xFF,0xFF,0xFF,0x19,0x00,0x00,0x00,
    0xD2,0xFF,0xFF,0xFF,0xFF,0x80,0x00,0x00,0x00,0x00,0x00,0x00,0x00,0x8D,0xFF,0xFF,
    0xFF,0xFF,0xC2,0x00,0x00,0x00,0x00,0x55,0xFF,0xFF,0xFF,0xFF,0xF6,0x34,0x00,0x00,
    0x00,0x00,0x00,0x3D,0xF9,0xFF,0xFF,0xFF,0xFF,0x45,0x00,0x00,0x00,0x00,0x00,0xA6,
    0xFF,0xFF,0xFF,0xFF,0xF3,0x74,0x1E,0x06,0x21,0x7A,0xF6,0xFF,0xFF,0xFF,0xFF,0x96,
    0x00,0x00,0x00,0x00,0x00,0x00,0x09,0xB4,0xFF,0xFF,0xFF,0xFF,0xFF,0xFF,0xFF,0xFF,
    0xFF,0xFF,0xFF,0xFF,0xFF,0xA9,0x05,0x00,0x00,0x00,0x00,0x00,0x00,0x00,0x01,0x77,
    0xEE,0xFF,0xFF,0xFF,0xFF,0xFF,0xFF,0xFF,0xFF,0xFF,0xEA,0x6D,0x00,0x00,0x00,0x00,
    0x00,0x00,0x00,0x00,0x00,0x00,0x00,0x0D,0x65,0xA7,0xDA,0xEE,0xFB,0xED,0xD8,0xA4,
    0x60,0x0A,0x00,0x00,0x00,0x00,0x00,0x00,0x00,0x00,0x00,0x00,0x00,0x00,0x00,0x00,
    0x00,0x00,0x4B,0xF0,0xFF,0xFD,0x51,0x00,0x00,0x00,0x00,0x00,0x00,0x00,0x00,0x00,
    0x00,0x00,0x00,0x00,0x00,0x00,0x25,0xD5,0xFF,0xF6,0x37,0x00,0x00,0x00,0x00,0x00,
    0x00,0x00,0x00,0x00,0x00,0x00,0x00,0x00,0x00,0x00,0x0C,0xAC,0xFF,0xE9,0x22,0x00,
    0x00,0x00,0x00,0x00,0x00,0x00,0x00,0x51,0xFB,0xFF,0xFF,0xFF,0xB5,0x06,0x00,0x00,
    0x00,0x00,0x00,0x00,0x00,0x00,0x00,0x00,0x00,0x4D,0xFA,0xFF,0xAC,0x67,0xF1,0xFF,
    0xB1,0x05,0x00,0x00,0x00,0x00,0x00,0x00,0x00,0x00,0x00,0x49,0xF9,0xF1,0x5F,0x00,
    0x00,0x1F,0xC0,0xFF,0xAD,0x04,0x00,0x00,0x00,0x00,0x00,0x00,0x00,0x00,0x00,0x00,
    0x00,0x00,0x00,0x00,0x00,0x00,0x00,0x00,0x00,0x00,0x00,0x00,0x00,0x00,0x00,0x00,
    0x00,0x00,0x00,0x00,0x00,0x00,0x00,0x00,0x00,0x00,0x00,0x00,0x00,0x00,0x00,0x00,
    0x00,0x00,0x00,0x00,0x02,0x53,0xA4,0xDB,0xF1,0xFA,0xEA,0xC7,0x88,0x24,0x00,0x00,
    0x00,0x00,0x00,0x00,0x00,0x00,0x2C,0xD4,0xFF,0xFF,0xFF,0xFF,0xFF,0xFF,0xFF,0xFF,
    0xFD,0x8E,0x05,0x00,0x00,0x00,0x00,0x00,0x2D,0xF1,0xFF,0xFF,0xFF,0xFF,0xFF,0xFF,
    0xFF,0xFF,0xFF,0xFF,0xFF,0xAB,0x01,0x00,0x00,0x00,0x03,0xD5,0xFF,0xFF,0xFF,0xFF,
    0x95,0x1D,0x07,0x42,0xDE,0xFF,0xFF,0xFF,0xFF,0x65,0x00,0x00,0x00,0x53,0xFF,0xFF,
    0xFF,0xFF,0xB5,0x00,0x00,0x00,0x00,0x2F,0xFE,0xFF,0xFF,0xFF,0xDF,0x00,0x00,0x00,
    0x9D,0xFF,0xFF,0xFF,0xFF,0x51,0x00,0x00,0x00,0x00,0x00,0xC7,0xFF,0xFF,0xFF,0xFF,
    0x28,0x00,0x00,0xC4,0xFF,0xFF,0xFF,0xFF,0x23,0x00,0x00,0x00,0x00,0x00,0x99,0xFF,
    0xFF,0xFF,0xFF,0x4E,0x00,0x00,0xD3,0xFF,0xFF,0xFF,0xFF,0x17,0x00,0x00,0x00,0x00,
    0x00,0x8B,0xFF,0xFF,0xFF,0xFF,0x5E,0x00,0x00,0xC4,0xFF,0xFF,0xFF,0xFF,0x23,0x00,
    0x00,0x00,0x00,0x00,0x99,0xFF,0xFF,0xFF,0xFF,0x4E,0x00,0x00,0x9D,0xFF,0xFF,0xFF,
    0xFF,0x51,0x00,0x00,0x00,0x00,0x00,0xC7,0xFF,0xFF,0xFF,0xFF,0x29,0x00,0x00,0x53,
    0xFF,0xFF,0xFF,0xFF,0xB5,0x00,0x00,0x00,0x00,0x2E,0xFE,0xFF,0xFF,0xFF,0xDF,0x00,
    0x00,0x00,0x03,0xD7,0xFF,0xFF,0xFF,0xFF,0x94,0x1C,0x07,0x41,0xDD,0xFF,0xFF,0xFF,
    0xFF,0x66,0x00,0x00,0x00,0x00,0x2F,0xF2,0xFF,0xFF,0xFF,0xFF,0xFF,0xFF,0xFF,0xFF,
    0xFF,0xFF,0xFF,0xAE,0x02,0x00,0x00,0x00,0x00,0x00,0x2F,0xD7,0xFF,0xFF,0xFF,0xFF,
    0xFF,0xFF,0xFF,0xFF,0xFE,0x92,0x07,0x00,0x00,0x00,0x00,0x00,0x00,0x00,0x03,0x55,
    0xA6,0xDC,0xF2,0xFB,0xEB,0xC8,0x8A,0x26,0x00,0x00,0x00,0x00,0x00,0x00,0x00,0x00,
    0x00,0x00,0x00,0x00,0x00,0x00,0x00,0x00,0x00,0x00,0x01,0x5F,0x98,0xB7,0xB7,0x95,
    0x35,0x00,0x00,0x00,0x00,0x00,0x00,0x00,0x00,0x00,0x00,0x00,0x00,0x00,0x00,0x00,
    0x00,0x08,0xFC,0xC7,0xA1,0xA9,0xF0,0xFC,0x45,0x00,0x00,0x00,0x00,0x00,0x00,0x00,
    0x00,0x00,0x00,0x00,0x00,0x00,0x00,0x00,0x02,0x19,0x00,0x00,0x00,0x67,0xFF,0x99,
    0x00,0x00,0x00,0x00,0x00,0x00,0x00,0x00,0x00,0x00,0x00,0x00,0x00,0x00,0x00,0x00,
    0x00,0x00,0x00,0x25,0xE0,0xFF,0x6F,0x00,0x00,0x00,0x00,0x00,0x00,0x00,0x00,0x00,
    0x00,0x00,0x00,0x00,0x00,0x00,0x00,0x00,0x00,0x34,0xEF,0xFF,0xA2,0x03,0x00,0x00,
    0x00,0x00,0x00,0x00,0x00,0x00,0x00,0x00,0x24,0xE5,0xFF,0xFF,0xFF,0xE0,0x1F,0x00,
    0xB4,0xFF,0x93,0x00,0x00,0x00,0x00,0x00,0x00,0x00,0x00,0x00,0x00,0x00,0x21,0xE2,
    0xFF,0xD3,0x58,0xD7,0xFF,0xDE,0x1D,0x46,0x5C,0x22,0x00,0x00,0x00,0x00,0x00,0x00,
    0x00,0x00,0x00,0x00,0x1E,0xE0,0xFE,0x8E,0x07,0x00,0x09,0x94,0xFE,0xDB,0x1A,0x00,
    0x00,0x00,0x00,0x00,0x00,0x00,0x00,0x00,0x00,0x00,0x00,0x00,0x00,0x00,0x00,0x00,
    0x00,0x00,0x00,0x00,0x00,0x00,0x00,0x00,0x00,0x00,0x00,0x00,0x00,0x00,0x00,0x00,
    0x00,0x00,0x00,0x00,0x00,0x00,0x00,0x00,0x00,0x00,0x00,0x00,0x00,0x00,0x00,0x00,
    0x00,0x00,0x00,0x00,0x00,0x00,0x00,0x00,0x00,0x0C,0x64,0xA6,0xD8,0xED,0xFA,0xEB,
    0xD6,0xA2,0x5F,0x09,0x00,0x00,0x00,0x00,0x00,0x00,0x00,0x00,0x00,0x00,0x01,0x75,
    0xED,0xFF,0xFF,0xFF,0xFF,0xFF,0xFF,0xFF,0xFF,0xFF,0xE9,0x6B,0x00,0x00,0x00,0x00,
    0x00,0x00,0x00,0x00,0x09,0xB4,0xFF,0xFF,0xFF,0xFF,0xFF,0xFF,0xFF,0xFF,0xFF,0xFF,
    0xFF,0xFF,0xFF,0xA8,0x05,0x00,0x00,0x00,0x00,0x00,0x00,0xA6,0xFF,0xFF,0xFF,0xFF,
    0xF4,0x75,0x1F,0x07,0x22,0x7C,0xF7,0xFF,0xFF,0xFF,0xFF,0x96,0x00,0x00,0x00,0x00,
    0x00,0x55,0xFF,0xFF,0xFF,0xFF,0xF6,0x37,0x00,0x00,0x00,0x00,0x00,0x40,0xFA,0xFF,
    0xFF,0xFF,0xFF,0x44,0x00,0x00,0x00,0x00,0xD2,0xFF,0xFF,0xFF,0xFF,0x82,0x00,0x00,
    0x00,0x00,0x00,0x00,0x00,0x8F,0xFF,0xFF,0xFF,0xFF,0xC2,0x00,0x00,0x00,0x29,0xFF,
    0xFF,0xFF,0xFF,0xFE,0x1A,0x00,0x00,0x00,0x00,0x00,0x00,0x00,0x25,0xFF,0xFF,0xFF,
    0xFF,0xFF,0x18,0x00,0x00,0x69,0xFF,0xFF,0xFF,0xFF,0xD5,0x00,0x00,0x00,0x00,0x00,
    0x00,0x00,0x00,0x00,0xE2,0xFF,0xFF,0xFF,0xFF,0x59,0x00,0x00,0x8B,0xFF,0xFF,0xFF,
    0xFF,0xAD,0x00,0x00,0x00,0x00,0x00,0x00,0x00,0x00,0x00,0xBB,0xFF,0xFF,0xFF,0xFF,
    0x7A,0x00,0x00,0x9E,0xFF,0xFF,0xFF,0xFF,0x9E,0x00,0x00,0x00,0x00,0x00,0x00,0x00,
    0x00,0x00,0xAB,0xFF,0xFF,0xFF,0xFF,0x8E,0x00,0x00,0x9F,0xFF,0xFF,0xFF,0xFF,0x9D,
    0x00,0x00,0x00,0x00,0x00,0x00,0x00,0x00,0x00,0xAB,0xFF,0xFF,0xFF,0xFF,0x8D,0x00,
    0x00,0x8B,0xFF,0xFF,0xFF,0xFF,0xAD,0x00,0x00,0x00,0x00,0x00,0x00,0x00,0x00,0x00,
    0xBB,0xFF,0xFF,0xFF,0xFF,0x7A,0x00,0x00,0x69,0xFF,0xFF,0xFF,0xFF,0xD5,0x00,0x00,
    0x00,0x00,0x00,0x00,0x00,0x00,0x00,0xE1,0xFF,0xFF,0xFF,0xFF,0x59,0x00,0x00,0x29,
    0xFF,0xFF,0xFF,0xFF,0xFD,0x19,0x00,0x00,0x00,0x00,0x00,0x00,0x00,0x25,0xFF,0xFF,
    0xFF,0xFF,0xFF,0x19,0x00,0x00,0x00,0xD2,0xFF,0xFF,0xFF,0xFF,0x80,0x00,0x00,0x00,
    0x00,0x00,0x00,0x00,0x8D,0xFF,0xFF,0xFF,0xFF,0xC2,0x00,0x00,0x00,0x00,0x55,0xFF,
    0xFF,0xFF,0xFF,0xF6,0x34,0x00,0x00,0x00,0x00,0x00,0x3D,0xF9,0xFF,0xFF,0xFF,0xFF,
    0x45,0x00,0x00,0x00,0x00,0x00,0xA6,0xFF,0xFF,0xFF,0xFF,0xF3,0x74,0x1E,0x06,0x21,
    0x7A,0xF6,0xFF,0xFF,0xFF,0xFF,0x96,0x00,0x00,0x00,0x00,0x00,0x00,0x09,0xB4,0xFF,
    0xFF,0xFF,0xFF,0xFF,0xFF,0xFF,0xFF,0xFF,0xFF,0xFF,0xFF,0xFF,0xA9,0x05,0x00,0x00,
    0x00,0x00,0x00,0x00,0x00,0x01,0x77,0xEE,0xFF,0xFF,0xFF,0xFF,0xFF,0xFF,0xFF,0xFF,
    0xFF,0xEA,0x6D,0x00,0x00,0x00,0x00,0x00,0x00,0x00,0x00,0x00,0x00,0x00,0x0D,0x65,
    0xA7,0xDA,0xEE,0xFB,0xED,0xD8,0xA4,0x60,0x0A,0x00,0x00,0x00,0x00,0x00,0x00,0x00,
    0x00,0x00,0x00,0x00,0x00,0x00,0x00,0x00,0x00,0x00,0x0C,0x69,0x9E,0xBA,0xB3,0x8B,
    0x25,0x00,0x00,0x00,0x00,0x00,0x00,0x00,0x00,0x00,0x00,0x00,0x00,0x30,0xF8,0xBF,
    0x9F,0xAF,0xF9,0xF2,0x27,0x00,0x00,0x00,0x00,0x00,0x00,0x00,0x00,0x00,0x00,0x00,
    0x0B,0x10,0x00,0x00,0x00,0x8F,0xFF,0x71,0x00,0x00,0x00,0x00,0x00,0x00,0x00,0x00,
    0x00,0x00,0x00,0x00,0x00,0x00,0x00,0x3C,0xF1,0xFF,0x47,0x00,0x00,0x00,0x00,0x00,
    0x00,0x00,0x00,0x00,0x00,0x00,0x00,0x00,0x00,0x52,0xF9,0xFE,0x7F,0x00,0x00,0x00,
    0x00,0x00,0x00,0x00,0x3C,0xF4,0xFF,0xFF,0xFF,0xC9,0x0E,0x00,0xDC,0xFF,0x6B,0x00,
    0x00,0x00,0x00,0x00,0x00,0x00,0x39,0xF2,0xFF,0xBD,0x5D,0xE8,0xFF,0xC6,0x0D,0x54,
    0x5C,0x14,0x00,0x00,0x00,0x00,0x00,0x00,0x35,0xF1,0xF8,0x72,0x01,0x00,0x15,0xAF,
    0xFF,0xC2,0x0B,0x00,0x00,0x00,0x00,0x00,0x00,0x00,0x00,0x00,0x00,0x00,0x00,0x00,
    0x00,0x00,0x00,0x00,0x00,0x00,0x00,0x00,0x00,0x00,0x00,0x00,0x00,0x00,0x00,0x00,
    0x00,0x00,0x00,0x00,0x00,0x00,0x00,0x00,0x00,0x00,0x00,0x00,0x00,0x00,0x00,0x00,
    0x00,0x02,0x53,0xA4,0xDB,0xF1,0xFA,0xEA,0xC7,0x88,0x24,0x00,0x00,0x00,0x00,0x00,
    0x00,0x00,0x00,0x2C,0xD4,0xFF,0xFF,0xFF,0xFF,0xFF,0xFF,0xFF,0xFF,0xFD,0x8E,0x05,
    0x00,0x00,0x00,0x00,0x00,0x2D,0xF1,0xFF,0xFF,0xFF,0xFF,0xFF,0xFF,0xFF,0xFF,0xFF,
    0xFF,0xFF,0xAB,0x01,0x00,0x00,0x00,0x03,0xD5,0xFF,0xFF,0xFF,0xFF,0x95,0x1D,0x07,
    0x42,0xDE,0xFF,0xFF,0xFF,0xFF,0x65,0x00,0x00,0x00,0x53,0xFF,0xFF,0xFF,0xFF,0xB5,
    0x00,0x00,0x00,0x00,0x2F,0xFE,0xFF,0xFF,0xFF,0xDF,0x00,0x00,0x00,0x9D,0xFF,0xFF,
    0xFF,0xFF,0x51,0x00,0x00,0x00,0x00,0x00,0xC7,0xFF,0xFF,0xFF,0xFF,0x28,0x00,0x00,
    0xC4,0xFF,0xFF,0xFF,0xFF,0x23,0x00,0x00,0x00,0x00,0x00,0x99,0xFF,0xFF,0xFF,0xFF,
    0x4E,0x00,0x00,0xD3,0xFF,0xFF,0xFF,0xFF,0x17,0x00,0x00,0x00,0x00,0x00,0x8B,0xFF,
    0xFF,0xFF,0xFF,0x5E,0x00,0x00,0xC4,0xFF,0xFF,0xFF,0xFF,0x23,0x00,0x00,0x00,0x00,
    0x00,0x99,0xFF,0xFF,0xFF,0xFF,0x4E,0x00,0x00,0x9D,0xFF,0xFF,0xFF,0xFF,0x51,0x00,
    0x00,0x00,0x00,0x00,0xC7,0xFF,0xFF,0xFF,0xFF,0x29,0x00,0x00,0x53,0xFF,0xFF,0xFF,
    0xFF,0xB5,0x00,0x00,0x00,0x00,0x2E,0xFE,0xFF,0xFF,0xFF,0xDF,0x00,0x00,0x00,0x03,
    0xD7,0xFF,0xFF,0xFF,0xFF,0x94,0x1C,0x07,0x41,0xDD,0xFF,0xFF,0xFF,0xFF,0x66,0x00,
    0x00,0x00,0x00,0x2F,0xF2,0xFF,0xFF,0xFF,0xFF,0xFF,0xFF,0xFF,0xFF,0xFF,0xFF,0xFF,
    0xAE,0x02,0x00,0x00,0x00,0x00,0x00,0x2F,0xD7,0xFF,0xFF,0xFF,0xFF,0xFF,0xFF,0xFF,
    0xFF,0xFE,0x92,0x07,0x00,0x00,0x00,0x00,0x00,0x00,0x00,0x03,0x55,0xA6,0xDC,0xF2,
    0xFB,0xEB,0xC8,0x8A,0x26,0x00,0x00,0x00,0x00,0x00,0x00,0x00,0x00,0x00,0x00,0x00,
    0x00,0x14,0xB7,0xF0,0xB2,0x22,0x00,0x00,0xD7,0xFD,0x03,0x00,0x00,0x00,0x00,0x00,
    0x00,0x00,0x00,0x00,0x00,0x00,0x00,0x00,0xA6,0xFF,0xFF,0xFF,0xEF,0x4E,0x2B,0xFC,
    0xE3,0x00,0x00,0x00,0x00,0x00,0x00,0x00,0x00,0x00,0x00,0x00,0x00,0x00,0x01,0xF8,
    0xF1,0x1F,0x63,0xF7,0xFF,0xFF,0xFF,0x8F,0x00,0x00,0x00,0x00,0x00,0x00,0x00,0x00,
    0x00,0x00,0x00,0x00,0x00,0x19,0xFF,0xBD,0x00,0x00,0x32,0xC6,0xF2,0xAC,0x0D,0x00,
    0x00,0x00,0x00,0x00,0x00,0x00,0x00,0x00,0x00,0x00,0x00,0x00,0x00,0x00,0x00,0x00,
    0x00,0x00,0x00,0x00,0x00,0x00,0x00,0x00,0x00,0x00,0x00,0x00,0x00,0x00,0x00,0x00,
    0x00,0x00,0x00,0x00,0x00,0x2A,0xEA,0xFF,0xFF,0xFF,0xDA,0x1A,0x00,0x00,0x00,0x00,
    0x00,0x00,0x00,0x00,0x00,0x00,0x00,0x00,0x00,0x00,0x00,0x27,0xE8,0xFF,0xCD,0x59,
    0xDD,0xFF,0xD7,0x17,0x00,0x00,0x00,0x00,0x00,0x00,0x00,0x00,0x00,0x00,0x00,0x00,
    0x00,0x24,0xE5,0xFC,0x86,0x05,0x00,0x0C,0x9C,0xFF,0xD4,0x15,0x00,0x00,0x00,0x00,
    0x00,0x00,0x00,0x00,0x00,0x00,0x00,0x00,0x00,0x00,0x00,0x00,0x00,0x00,0x00,0x00,
    0x00,0x00,0x00,0x00,0x00,0x00,0x00,0x00,0x00,0x00,0x00,0x00,0x00,0x00,0x00,0x00,
    0x00,0x00,0x00,0x00,0x00,0x00,0x00,0x00,0x00,0x00,0x00,0x00,0x00,0x00,0x00,0x00,
    0x00,0x00,0x00,0x00,0x00,0x00,0x0C,0x64,0xA6,0xD8,0xED,0xFA,0xEB,0xD6,0xA2,0x5F,
    0x09,0x00,0x00,0x00,0x00,0x00,0x00,0x00,0x00,0x00,0x00,0x01,0x75,0xED,0xFF,0xFF,
    0xFF,0xFF,0xFF,0xFF,0xFF,0xFF,0xFF,0xE9,0x6B,0x00,0x00,0x00,0x00,0x00,0x00,0x00,
    0x00,0x09,0xB4,0xFF,0xFF,0xFF,0xFF,0xFF,0xFF,0xFF,0xFF,0xFF,0xFF,0xFF,0xFF,0xFF,
    0xA8,0x05,0x00,0x00,0x00,0x00,0x00,0x00,0xA6,0xFF,0xFF,0xFF,0xFF,0xF4,0x75,0x1F,
    0x07,0x22,0x7C,0xF7,0xFF,0xFF,0xFF,0xFF,0x96,0x00,0x00,0x00,0x00,0x00,0x55,0xFF,
    0xFF,0xFF,0xFF,0xF6,0x37,0x00,0x00,0x00,0x00,0x00,0x40,0xFA,0xFF,0xFF,0xFF,0xFF,
    0x44,0x00,0x00,0x00,0x00,0xD2,0xFF,0xFF,0xFF,0xFF,0x82,0x00,0x00,0x00,0x00,0x00,
    0x00,0x00,0x8F,0xFF,0xFF,0xFF,0xFF,0xC2,0x00,0x00,0x00,0x29,0xFF,0xFF,0xFF,0xFF,
    0xFE,0x1A,0x00,0x00,0x00,0x00,0x00,0x00,0x00,0x25,0xFF,0xFF,0xFF,0xFF,0xFF,0x18,
    0x00,0x00,0x69,0xFF,0xFF,0xFF,0xFF,0xD5,0x00,0x00,0x00,0x00,0x00,0x00,0x00,0x00,
    0x00,0xE2,0xFF,0xFF,0xFF,0xFF,0x59,0x00,0x00,0x8B,0xFF,0xFF,0xFF,0xFF,0xAD,0x00,
    0x00,0x00,0x00,0x00,0x00,0x00,0x00,0x00,0xBB,0xFF,0xFF,0xFF,0xFF,0x7A,0x00,0x00,
    0x9E,0xFF,0xFF,0xFF,0xFF,0x9E,0x00,0x00,0x00,0x00,0x00,0x00,0x00,0x00,0x00,0xAB,
    0xFF,0xFF,0xFF,0xFF,0x8E,0x00,0x00,0x9F,0xFF,0xFF,0xFF,0xFF,0x9D,0x00,0x00,0x00,
    0x00,0x00,0x00,0x00,0x00,0x00,0xAB,0xFF,0xFF,0xFF,0xFF,0x8D,0x00,0x00,0x8B,0xFF,
    0xFF,0xFF,0xFF,0xAD,0x00,0x00,0x00,0x00,0x00,0x00,0x00,0x00,0x00,0xBB,0xFF,0xFF,
    0xFF,0xFF,0x7A,0x00,0x00,0x69,0xFF,0xFF,0xFF,0xFF,0xD5,0x00,0x00,0x00,0x00,0x00,
    0x00,0x00,0x00,0x00,0xE1,0xFF,0xFF,0xFF,0xFF,0x59,0x00,0x00,0x29,0xFF,0xFF,0xFF,
    0xFF,0xFD,0x19,0x00,0x00,0x00,0x00,0x00,0x00,0x00,0x25,0xFF,0xFF,0xFF,0xFF,0xFF,
    0x19,0x00,0x00,0x00,0xD2,0xFF,0xFF,0xFF,0xFF,0x80,0x00,0x00,0x00,0x00,0x00,0x00,
    0x00,0x8D,0xFF,0xFF,0xFF,0xFF,0xC2,0x00,0x00,0x00,0x00,0x55,0xFF,0xFF,0xFF,0xFF,
    0xF6,0x34,0x00,0x00,0x00,0x00,0x00,0x3D,0xF9,0xFF,0xFF,0xFF,0xFF,0x45,0x00,0x00,
    0x00,0x00,0x00,0xA6,0xFF,0xFF,0xFF,0xFF,0xF3,0x74,0x1E,0x06,0x21,0x7A,0xF6,0xFF,
    0xFF,0xFF,0xFF,0x96,0x00,0x00,0x00,0x00,0x00,0x00,0x09,0xB4,0xFF,0xFF,0xFF,0xFF,
    0xFF,0xFF,0xFF,0xFF,0xFF,0xFF,0xFF,0xFF,0xFF,0xA9,0x05,0x00,0x00,0x00,0x00,0x00,
    0x00,0x00,0x01,0x77,0xEE,0xFF,0xFF,0xFF,0xFF,0xFF,0xFF,0xFF,0xFF,0xFF,0xEA,0x6D,
    0x00,0x00,0x00,0x00,0x00,0x00,0x00,0x00,0x00,0x00,0x00,0x0D,0x65,0xA7,0xDA,0xEE,
    0xFB,0xED,0xD8,0xA4,0x60,0x0A,0x00,0x00,0x00,0x00,0x00,0x00,0x00,0x00,0x00,0x00,
    0x00,0x2D,0xCE,0xED,0x98,0x10,0x00,0x0A,0xFF,0xCD,0x00,0x00,0x00,0x00,0x00,0x00,
    0x00,0x00,0x00,0x01,0xD7,0xFF,0xFF,0xFF,0xD9,0x32,0x5B,0xFF,0xAF,0x00,0x00,0x00,
    0x00,0x00,0x00,0x00,0x00,0x00,0x2E,0xFF,0xCF,0x14,0x89,0xFF,0xFF,0xFF,0xFF,0x5B,
    0x00,0x00,0x00,0x00,0x00,0x00,0x00,0x00,0x00,0x4D,0xFF,0x89,0x00,0x00,0x52,0xD7,
    0xEE,0x8B,0x02,0x00,0x00,0x00,0x00,0x00,0x00,0x00,0x00,0x00,0x00,0x00,0x00,0x00,
    0x00,0x00,0x00,0x00,0x00,0x00,0x00,0x00,0x00,0x00,0x00,0x00,0x00,0x00,0x00,0x00,
    0x00,0x4E,0xFA,0xFF,0xFF,0xFF,0xB8,0x07,0x00,0x00,0x00,0x00,0x00,0x00,0x00,0x00,
    0x00,0x00,0x00,0x4A,0xF9,0xFF,0xAE,0x65,0xF0,0xFF,0xB4,0x06,0x00,0x00,0x00,0x00,
    0x00,0x00,0x00,0x00,0x00,0x46,0xF8,0xF2,0x62,0x00,0x00,0x1D,0xBE,0xFF,0xB1,0x05,
    0x00,0x00,0x00,0x00,0x00,0x00,0x00,0x00,0x00,0x00,0x00,0x00,0x00,0x00,0x00,0x00,
    0x00,0x00,0x00,0x00,0x00,0x00,0x00,0x00,0x00,0x00,0x00,0x00,0x00,0x00,0x00,0x00,
    0x00,0x00,0x00,0x00,0x00,0x00,0x00,0x00,0x00,0x00,0x00,0x00,0x00,0x00,0x02,0x53,
    0xA4,0xDB,0xF1,0xFA,0xEA,0xC7,0x88,0x24,0x00,0x00,0x00,0x00,0x00,0x00,0x00,0x00,
    0x2C,0xD4,0xFF,0xFF,0xFF,0xFF,0xFF,0xFF,0xFF,0xFF,0xFD,0x8E,0x05,0x00,0x00,0x00,
    0x00,0x00,0x2D,0xF1,0xFF,0xFF,0xFF,0xFF,0xFF,0xFF,0xFF,0xFF,0xFF,0xFF,0xFF,0xAB,
    0x01,0x00,0x00,0x00,0x03,0xD5,0xFF,0xFF,0xFF,0xFF,0x95,0x1D,0x07,0x42,0xDE,0xFF,
    0xFF,0xFF,0xFF,0x65,0x00,0x00,0x00,0x53,0xFF,0xFF,0xFF,0xFF,0xB5,0x00,0x00,0x00,
    0x00,0x2F,0xFE,0xFF,0xFF,0xFF,0xDF,0x00,0x00,0x00,0x9D,0xFF,0xFF,0xFF,0xFF,0x51,
    0x00,0x00,0x00,0x00,0x00,0xC7,0xFF,0xFF,0xFF,0xFF,0x28,0x00,0x00,0xC4,0xFF,0xFF,
    0xFF,0xFF,0x23,0x00,0x00,0x00,0x00,0x00,0x99,0xFF,0xFF,0xFF,0xFF,0x4E,0x00,0x00,
    0xD3,0xFF,0xFF,0xFF,0xFF,0x17,0x00,0x00,0x00,0x00,0x00,0x8B,0xFF,0xFF,0xFF,0xFF,
    0x5E,0x00,0x00,0xC4,0xFF,0xFF,0xFF,0xFF,0x23,0x00,0x00,0x00,0x00,0x00,0x99,0xFF,
    0xFF,0xFF,0xFF,0x4E,0x00,0x00,0x9D,0xFF,0xFF,0xFF,0xFF,0x51,0x00,0x00,0x00,0x00,
    0x00,0xC7,0xFF,0xFF,0xFF,0xFF,0x29,0x00,0x00,0x53,0xFF,0xFF,0xFF,0xFF,0xB5,0x00,
    0x00,0x00,0x00,0x2E,0xFE,0xFF,0xFF,0xFF,0xDF,0x00,0x00,0x00,0x03,0xD7,0xFF,0xFF,
    0xFF,0xFF,0x94,0x1C,0x07,0x41,0xDD,0xFF,0xFF,0xFF,0xFF,0x66,0x00,0x00,0x00,0x00,
    0x2F,0xF2,0xFF,0xFF,0xFF,0xFF,0xFF,0xFF,0xFF,0xFF,0xFF,0xFF,0xFF,0xAE,0x02,0x00,
    0x00,0x00,0x00,0x00,0x2F,0xD7,0xFF,0xFF,0xFF,0xFF,0xFF,0xFF,0xFF,0xFF,0xFE,0x92,
    0x07,0x00,0x00,0x00,0x00,0x00,0x00,0x00,0x03,0x55,0xA6,0xDC,0xF2,0xFB,0xEB,0xC8,
    0x8A,0x26,0x00,0x00,0x00,0x00,0x00,0x00,0x00,0x00,0x00,0x00,0x00,0x00,0x00,0x5F,
    0xFE,0xFF,0xFF,0xFF,0xA9,0x03,0x00,0x00,0x00,0x00,0x00,0x00,0x00,0x00,0x00,0x00,
    0x00,0x00,0x00,0x00,0x00,0x5A,0xFD,0xFF,0xA1,0x6D,0xF5,0xFF,0xA4,0x02,0x00,0x00,
    0x00,0x00,0x00,0x00,0x00,0x00,0x00,0x00,0x00,0x00,0x00,0x56,0xFC,0xEC,0x53,0x00,
    0x00,0x26,0xC9,0xFF,0xA0,0x02,0x00,0x00,0x00,0x00,0x00,0x00,0x00,0x00,0x00,0x00,
    0x00,0x00,0x00,0x00,0x00,0x00,0x00,0x00,0x00,0x00,0x00,0x00,0x00,0x00,0x00,0x00,
    0x00,0x00,0x00,0x00,0x00,0x00,0x00,0x00,0x00,0x00,0x00,0x00,0x00,0x00,0x00,0x00,
    0x00,0x00,0x00,0x00,0x00,0x00,0x00,0x00,0x00,0x00,0x00,0x00,0x00,0x00,0x00,0x00,
    0x0C,0x64,0xA6,0xD8,0xED,0xFA,0xEB,0xD6,0xA2,0x5F,0x09,0x00,0x00,0x00,0x00,0x00,
    0x00,0x00,0x00,0x00,0x00,0x01,0x75,0xED,0xFF,0xFF,0xFF,0xFF,0xFF,0xFF,0xFF,0xFF,
    0xFF,0xE9,0x6B,0x00,0x00,0x00,0x00,0x00,0x00,0x00,0x00,0x09,0xB4,0xFF,0xFF,0xFF,
    0xFF,0xFF,0xFF,0xFF,0xFF,0xFF,0xFF,0xFF,0xFF,0xFF,0xA8,0x05,0x00,0x00,0x00,0x00,
    0x00,0x00,0xA6,0xFF,0xFF,0xFF,0xFF,0xF4,0x75,0x1F,0x07,0x22,0x7C,0xF7,0xFF,0xFF,
    0xFF,0xFF,0x96,0x00,0x00,0x00,0x00,0x00,0x55,0xFF,0xFF,0xFF,0xFF,0xF6,0x37,0x00,
    0x00,0x00,0x00,0x00,0x40,0xFA,0xFF,0xFF,0xFF,0xFF,0x44,0x00,0x00,0x00,0x00,0xD2,
    0xFF,0xFF,0xFF,0xFF,0x82,0x00,0x00,0x00,0x00,0x00,0x00,0x00,0x8F,0xFF,0xFF,0xFF,
    0xFF,0xC2,0x00,0x00,0x00,0x29,0xFF,0xFF,0xFF,0xFF,0xFE,0x1A,0x00,0x00,0x00,0x00,
    0x00,0x00,0x00,0x25,0xFF,0xFF,0xFF,0xFF,0xFF,0x18,0x00,0x00,0x69,0xFF,0xFF,0xFF,
    0xFF,0xD5,0x00,0x00,0x00,0x00,0x00,0x00,0x00,0x00,0x00,0xE2,0xFF,0xFF,0xFF,0xFF,
    0x59,0x00,0x00,0x8B,0xFF,0xFF,0xFF,0xFF,0xAD,0x00,0x00,0x00,0x00,0x00,0x00,0x00,
    0x00,0x00,0xBB,0xFF,0xFF,0xFF,0xFF,0x7A,0x00,0x00,0x9E,0xFF,0xFF,0xFF,0xFF,0x9E,
    0x00,0x00,0x00,0x00,0x00,0x00,0x00,0x00,0x00,0xAB,0xFF,0xFF,0xFF,0xFF,0x8E,0x00,
    0x00,0x9F,0xFF,0xFF,0xFF,0xFF,0x9D,0x00,0x00,0x00,0x00,0x00,0x00,0x00,0x00,0x00,
    0xAB,0xFF,0xFF,0xFF,0xFF,0x8D,0x00,0x00,0x8B,0xFF,0xFF,0xFF,0xFF,0xAD,0x00,0x00,
    0x00,0x00,0x00,0x00,0x00,0x00,0x00,0xBB,0xFF,0xFF,0xFF,0xFF,0x7A,0x00,0x00,0x69,
    0xFF,0xFF,0xFF,0xFF,0xD5,0x00,0x00,0x00,0x00,0x00,0x00,0x00,0x00,0x00,0xE1,0xFF,
    0xFF,0xFF,0xFF,0x59,0x00,0x00,0x29,0xFF,0xFF,0xFF,0xFF,0xFD,0x19,0x00,0x00,0x00,
    0x00,0x00,0x00,0x00,0x25,0xFF,0xFF,0xFF,0xFF,0xFF,0x19,0x00,0x00,0x00,0xD2,0xFF,
    0xFF,0xFF,0xFF,0x80,0x00,0x00,0x00,0x00,0x00,0x00,0x00,0x8D,0xFF,0xFF,0xFF,0xFF,
    0xC2,0x00,0x00,0x00,0x00,0x55,0xFF,0xFF,0xFF,0xFF,0xF6,0x34,0x00,0x00,0x00,0x00,
    0x00,0x3D,0xF9,0xFF,0xFF,0xFF,0xFF,0x45,0x00,0x00,0x00,0x00,0x00,0xA6,0xFF,0xFF,
    0xFF,0xFF,0xF3,0x74,0x1E,0x06,0x21,0x7A,0xF6,0xFF,0xFF,0xFF,0xFF,0x96,0x00,0x00,
    0x00,0x00,0x00,0x00,0x09,0xB4,0xFF,0xFF,0xFF,0xFF,0xFF,0xFF,0xFF,0xFF,0xFF,0xFF,
    0xFF,0xFF,0xFF,0xA9,0x05,0x00,0x00,0x00,0x00,0x00,0x00,0x00,0x01,0x77,0xEE,0xFF,
    0xFF,0xFF,0xFF,0xFF,0xFF,0xFF,0xFF,0xFF,0xEA,0x6D,0x00,0x00,0x00,0x00,0x00,0x00,
    0x00,0x00,0x00,0x00,0x00,0x0D,0x65,0xA7,0xDA,0xEE,0xFB,0xED,0xD8,0xA4,0x60,0x0A,
    0x00,0x00,0x00,0x00,0x00,0x00,0x00,0x00,0x00,0x00,0x00,0x00,0x00,0x00,0x00,0x00,
    0x00,0x00,0x00,0x00,0x00,0x00,0x00,0x00,0x00,0x00,0x00,0x00,0x00,0x00,0x00,0x00,
    0x00,0x00,0x00,0x00,0x00,0x00,0x19,0x1C,0x1C,0x1C,0x16,0x00,0x00,0x00,0x00,0x00,
    0x00,0x00,0x00,0x00,0x00,0x00,0x00,0x00,0x00,0x00,0x00,0x00,0x00,0xEC,0xFF,0xFF,
    0xFF,0xCC,0x00,0x00,0x00,0x00,0x00,0x00,0x00,0x00,0x00,0x00,0x00,0x00,0x00,0x00,
    0x00,0x00,0x00,0x00,0xEC,0xFF,0xFF,0xFF,0xCC,0x00,0x00,0x00,0x00,0x00,0x00,0x00,
    0x00,0x00,0x00,0x00,0x00,0x00,0x00,0x00,0x00,0x00,0x00,0xEC,0xFF,0xFF,0xFF,0xCC,
    0x00,0x00,0x00,0x00,0x00,0x00,0x00,0x00,0x00,0x00,0x00,0x00,0x00,0x00,0x00,0x00,
    0x00,0x00,0xAD,0xBC,0xBC,0xBC,0x95,0x00,0x00,0x00,0x00,0x00,0x00,0x00,0x00,0x00,
    0x00,0x00,0x00,0x00,0x00,0x00,0x00,0xAA,0xFF,0xFF,0xFC,0x35,0x00,0x00,0x00,0x00,
    0x00,0x00,0x00,0x00,0x00,0x00,0x00,0x00,0x00,0x57,0xFF,0xFF,0xFF,0xFF,0xD6,0x08,
    0x00,0x00,0x00,0x00,0x00,0x00,0x00,0x00,0x00,0x00,0x00,0x17,0xEC,0xFF,0xCB,0x5C,
    0xFD,0xFF,0x8B,0x00,0x00,0x00,0x00,0x00,0x00,0x00,0x00,0x00,0x00,0x00,0xB0,0xFF,
    0xDE,0x17,0x00,0x6E,0xFF,0xFD,0x3B,0x00,0x00,0x00,0x00,0x00,0x00,0x00,0x00,0x00,
    0x5E,0xFF,0xED,0x27,0x00,0x00,0x00,0x8D,0xFF,0xDA,0x0A,0x00,0x00,0x00,0x00,0x00,
    0x00,0x00,0x00,0x00,0x00,0x00,0x00,0x00,0x00,0x00,0x00,0x00,0x00,0x00,0x00,0x00,
    0x00,0x00,0x00,0x00,0x00,0x00,0x00,0x00,0x00,0x00,0x00,0x00,0x00,0x00,0x00,0x00,
    0x00,0x00,0x00,0x00,0x00,0x00,0x00,0x00,0x00,0x02,0x53,0xA4,0xDB,0xF1,0xFA,0xEA,
    0xC7,0x88,0x24,0x00,0x00,0x00,0x00,0x00,0x00,0x00,0x00,0x2C,0xD4,0xFF,0xFF,0xFF,
    0xFF,0xFF,0xFF,0xFF,0xFF,0xFD,0x8E,0x05,0x00,0x00,0x00,0x00,0x00,0x2D,0xF1,0xFF,
    0xFF,0xFF,0xFF,0xFF,0xFF,0xFF,0xFF,0xFF,0xFF,0xFF,0xAB,0x01,0x00,0x00,0x00,0x03,
    0xD5,0xFF,0xFF,0xFF,0xFF,0x95,0x1D,0x07,0x42,0xDE,0xFF,0xFF,0xFF,0xFF,0x65,0x00,
    0x00,0x00,0x53,0xFF,0xFF,0xFF,0xFF,0xB5,0x00,0x00,0x00,0x00,0x2F,0xFE,0xFF,0xFF,
    0xFF,0xDF,0x00,0x00,0x00,0x9D,0xFF,0xFF,0xFF,0xFF,0x51,0x00,0x00,0x00,0x00,0x00,
    0xC7,0xFF,0xFF,0xFF,0xFF,0x28,0x00,0x00,0xC4,0xFF,0xFF,0xFF,0xFF,0x23,0x00,0x00,
    0x00,0x00,0x00,0x99,0xFF,0xFF,0xFF,0xFF,0x4E,0x00,0x00,0xD3,0xFF,0xFF,0xFF,0xFF,
    0x17,0x00,0x00,0x00,0x00,0x00,0x8B,0xFF,0xFF,0xFF,0xFF,0x5E,0x00,0x00,0xC4,0xFF,
    0xFF,0xFF,0xFF,0x23,0x00,0x00,0x00,0x00,0x00,0x99,0xFF,0xFF,0xFF,0xFF,0x4E,0x00,
    0x00,0x9D,0xFF,0xFF,0xFF,0xFF,0x51,0x00,0x00,0x00,0x00,0x00,0xC7,0xFF,0xFF,0xFF,
    0xFF,0x29,0x00,0x00,0x53,0xFF,0xFF,0xFF,0xFF,0xB5,0x00,0x00,0x00,0x00,0x2E,0xFE,
    0xFF,0xFF,0xFF,0xDF,0x00,0x00,0x00,0x03,0xD7,0xFF,0xFF,0xFF,0xFF,0x94,0x1C,0x07,
    0x41,0xDD,0xFF,0xFF,0xFF,0xFF,0x66,0x00,0x00,0x00,0x00,0x2F,0xF2,0xFF,0xFF,0xFF,
    0xFF,0xFF,0xFF,0xFF,0xFF,0xFF,0xFF,0xFF,0xAE,0x02,0x00,0x00,0x00,0x00,0x00,0x2F,
    0xD7,0xFF,0xFF,0xFF,0xFF,0xFF,0xFF,0xFF,0xFF,0xFE,0x92,0x07,0x00,0x00,0x00,0x00,
    0x00,0x00,0x00,0x03,0x55,0xA6,0xDC,0xF2,0xFB,0xEB,0xC8,0x8A,0x26,0x00,0x00,0x00,
    0x00,0x00,0x00,0x00,0x00,0x00,0x00,0x00,0x00,0x00,0x00,0x00,0x00,0x00,0x00,0x00,
    0x00,0x00,0x00,0x00,0x00,0x00,0x00,0x00,0x00,0x00,0x00,0x02,0x1C,0x1C,0x1C,0x1C,
    0x11,0x00,0x00,0x00,0x00,0x00,0x00,0x00,0x00,0x00,0x00,0x00,0x00,0x00,0x18,0xFF,
    0xFF,0xFF,0xFF,0xA0,0x00,0x00,0x00,0x00,0x00,0x00,0x00,0x00,0x00,0x00,0x00,0x00,
    0x00,0x18,0xFF,0xFF,0xFF,0xFF,0xA0,0x00,0x00,0x00,0x00,0x00,0x00,0x00,0x00,0x00,
    0x00,0x00,0x00,0x00,0x18,0xFF,0xFF,0xFF,0xFF,0xA0,0x00,0x00,0x00,0x00,0x00,0x00,
    0x00,0x00,0x00,0x00,0x00,0x00,0x00,0x11,0xBC,0xBC,0xBC,0xBC,0x75,0x00,0x00,0x00,
    0x00,0x00,0x00,0x00,0x00,0x00,0x00,0x00,0x00,0x00,0x00,0x00,0x00,0x00,0x00,0x9B,
    0xFF,0xFF,0xCE,0x20,0x00,0x00,0x00,0x00,0x00,0x00,0x00,0x00,0x00,0x00,0x00,0x00,
    0x00,0x00,0x00,0x00,0x00,0x00,0x7A,0xFF,0xFF,0xA4,0x09,0x00,0x00,0x00,0x00,0x00,
    0x00,0x00,0x00,0x00,0x00,0x00,0x00,0x00,0x00,0x00,0x00,0x00,0x00,0x59,0xFE,0xFB,
    0x71,0x00,0x00,0x00,0x00,0x00,0x00,0x00,0x00,0x00,0x00,0x00,0x00,0x00,0x00,0x00,
    0x00,0x00,0x00,0x00,0x00,0x00,0x00,0x00,0x00,0x00,0x00,0x00,0x00,0x00,0x00,0x00,
    0x00,0x00,0x00,0x00,0x00,0x00,0x00,0x00,0x00,0x00,0x00,0x00,0x00,0x00,0x00,0x00,
    0x00,0x00,0x00,0x00,0x00,0x00,0x00,0x00,0x1A,0x74,0x5C,0x00,0x00,0x00,0x00,0x00,
    0x00,0x00,0x08,0x5E,0xA1,0xD6,0xEB,0xFA,0xED,0xD9,0xA7,0x66,0x0E,0x00,0x00,0x00,
    0x0B,0xFC,0xE8,0x00,0x00,0x00,0x00,0x00,0x00,0x68,0xE8,0xFF,0xFF,0xFF,0xFF,0xFF,
    0xFF,0xFF,0xFF,0xFF,0xEE,0x7C,0x02,0x00,0x00,0xEB,0xFE,0x03,0x00,0x00,0x00,0x04,
    0xA5,0xFF,0xFF,0xFF,0xFF,0xFF,0xFF,0xFF,0xFF,0xFF,0xFF,0xFF,0xFF,0xFF,0xFF,0x27,
    0x35,0xFD,0xFB,0x03,0x00,0x00,0x00,0x93,0xFF,0xFF,0xFF,0xFF,0xF8,0x7F,0x23,0x07,
    0x1E,0x72,0xF2,0xFF,0xFF,0xFF,0xFF,0xFF,0xFF,0xFF,0xD0,0x00,0x00,0x00,0x41,0xFF,
    0xFF,0xFF,0xFF,0xFC,0x46,0x00,0x00,0x00,0x00,0x00,0x32,0xF4,0xFF,0xFF,0xFF,0xFF,
    0xFF,0xF5,0x46,0x00,0x00,0x00,0xBE,0xFF,0xFF,0xFF,0xFF,0x96,0x00,0x00,0x00,0x00,
    0x00,0x00,0x00,0x7B,0xFF,0xFF,0xFF,0xFF,0xFB,0x0B,0x00,0x00,0x00,0x15,0xFE,0xFF,
    0xFF,0xFF,0xFF,0x2C,0x00,0x00,0x00,0x00,0x00,0x00,0x00,0x15,0xFC,0xFF,0xFF,0xFF,
    0xFF,0x2C,0x00,0x00,0x00,0x55,0xFF,0xFF,0xFF,0xFF,0xE9,0x00,0x00,0x00,0x00,0x00,
    0x00,0x00,0x00,0x00,0xCE,0xFF,0xFF,0xFF,0xFF,0x6D,0x00,0x00,0x00,0x77,0xFF,0xFF,
    0xFF,0xFF,0xC1,0x00,0x00,0x00,0x00,0x00,0x00,0x00,0x00,0x00,0xA7,0xFF,0xFF,0xFF,
    0xFF,0x8E,0x00,0x00,0x00,0x8A,0xFF,0xFF,0xFF,0xFF,0xB2,0x00,0x00,0x00,0x00,0x00,
    0x00,0x00,0x00,0x00,0x97,0xFF,0xFF,0xFF,0xFF,0xA2,0x00,0x00,0x00,0x8B,0xFF,0xFF,
    0xFF,0xFF,0xB1,0x00,0x00,0x00,0x00,0x00,0x00,0x00,0x00,0x00,0x97,0xFF,0xFF,0xFF,
    0xFF,0xA1,0x00,0x00,0x00,0x77,0xFF,0xFF,0xFF,0xFF,0xC1,0x00,0x00,0x00,0x00,0x00,
    0x00,0x00,0x00,0x00,0xA7,0xFF,0xFF,0xFF,0xFF,0x8E,0x00,0x00,0x00,0x55,0xFF,0xFF,
    0xFF,0xFF,0xE9,0x00,0x00,0x00,0x00,0x00,0x00,0x00,0x00,0x00,0xCD,0xFF,0xFF,0xFF,
    0xFF,0x6D,0x00,0x00,0x00,0x16,0xFE,0xFF,0xFF,0xFF,0xFF,0x2B,0x00,0x00,0x00,0x00,
    0x00,0x00,0x00,0x14,0xFB,0xFF,0xFF,0xFF,0xFF,0x2C,0x00,0x00,0x00,0x00,0xBE,0xFF,
    0xFF,0xFF,0xFF,0x94,0x00,0x00,0x00,0x00,0x00,0x00,0x00,0x79,0xFF,0xFF,0xFF,0xFF,
    0xD5,0x00,0x00,0x00,0x00,0x00,0x41,0xFF,0xFF,0xFF,0xFF,0xFB,0x43,0x00,0x00,0x00,
    0x00,0x00,0x2F,0xF3,0xFF,0xFF,0xFF,0xFF,0x59,0x00,0x00,0x00,0x00,0x00,0x00,0x93,
    0xFF,0xFF,0xFF,0xFF,0xF7,0x7D,0x22,0x06,0x1C,0x70,0xF1,0xFF,0xFF,0xFF,0xFF,0xA9,
    0x00,0x00,0x00,0x00,0x00,0x00,0x00,0x04,0xA5,0xFF,0xFF,0xFF,0xFF,0xFF,0xFF,0xFF,
    0xFF,0xFF,0xFF,0xFF,0xFF,0xFF,0xB7,0x0A,0x00,0x00,0x00,0x00,0x00,0x00,0x00,0x00,
    0x00,0x69,0xE9,0xFF,0xFF,0xFF,0xFF,0xFF,0xFF,0xFF,0xFF,0xFF,0xEF,0x7A,0x02,0x00,
    0x00,0x00,0x00,0x00,0x00,0x00,0x00,0x00,0x00,0x00,0x09,0x5E,0xA2,0xD7,0xED,0xFB,
    0xEE,0xDA,0xA9,0x67,0x0E,0x00,0x00,0x00,0x00,0x00,0x00,0x00,0x00,0x00,0x00,0x00,
    0x00,0x00,0x00,0x00,0x00,0x00,0x19,0xE9,0xFF,0xFF,0x9A,0x01,0x00,0x00,0x00,0x00,
    0x00,0x00,0x00,0x00,0x00,0x00,0x00,0x00,0x00,0x02,0xBE,0xFF,0xFF,0x9F,0x01,0x00,
    0x00,0x00,0x00,0x00,0x00,0x00,0x00,0x00,0x00,0x00,0x00,0x00,0x00,0x80,0xFF,0xFF,
    0xA5,0x02,0x00,0x00,0x00,0x00,0x00,0x00,0x00,0x00,0x00,0x00,0x00,0x00,0x00,0x00,
    0x41,0xFD,0xFF,0xAA,0x03,0x00,0x00,0x00,0x00,0x00,0x00,0x00,0x00,0x00,0x00,0x00,
    0x00,0x00,0x00,0x16,0xE6,0xFF,0xAF,0x04,0x00,0x00,0x00,0x00,0x00,0x00,0x00,0x00,
    0x00,0x00,0x00,0x00,0x00,0x00,0x00,0x00,0x00,0x00,0x00,0x00,0x00,0x00,0x00,0x00,
    0x13,0x74,0x63,0x00,0x00,0x00,0x00,0x00,0x00,0x00,0x00,0x00,0x00,0x00,0x00,0x00,
    0x00,0x00,0x00,0x00,0x04,0xF3,0xF6,0x01,0x00,0x00,0x00,0x00,0x01,0x48,0x9F,0xD7,
    0xF0,0xFB,0xEC,0xCC,0x8F,0x31,0x00,0x00,0x00,0xDB,0xFF,0x12,0x00,0x00,0x00,0x21,
    0xC8,0xFF,0xFF,0xFF,0xFF,0xFF,0xFF,0xFF,0xFF,0xFF,0xFF,0x2C,0x2A,0xF9,0xFF,0x0E,
    0x00,0x00,0x1F,0xE7,0xFF,0xFF,0xFF,0xFF,0xFF,0xFF,0xFF,0xFF,0xFF,0xFF,0xFF,0xFF,
    0xFF,0xFF,0xE0,0x00,0x00,0x00,0xC0,0xFF,0xFF,0xFF,0xFF,0xA6,0x23,0x07,0x38,0xD2,
    0xFF,0xFF,0xFF,0xFF,0xFF,0xF9,0x53,0x00,0x00,0x3B,0xFF,0xFF,0xFF,0xFF,0xCB,0x02,
    0x00,0x00,0x00,0x1D,0xF7,0xFF,0xFF,0xFF,0xFF,0x13,0x00,0x00,0x00,0x85,0xFF,0xFF,
    0xFF,0xFF,0x69,0x00,0x00,0x00,0x00,0x00,0xAF,0xFF,0xFF,0xFF,0xFF,0x40,0x00,0x00,
    0x00,0xAC,0xFF,0xFF,0xFF,0xFF,0x3B,0x00,0x00,0x00,0x00,0x00,0x81,0xFF,0xFF,0xFF,
    0xFF,0x66,0x00,0x00,0x00,0xBB,0xFF,0xFF,0xFF,0xFF,0x2F,0x00,0x00,0x00,0x00,0x00,
    0x73,0xFF,0xFF,0xFF,0xFF,0x76,0x00,0x00,0x00,0xAC,0xFF,0xFF,0xFF,0xFF,0x3B,0x00,
    0x00,0x00,0x00,0x00,0x81,0xFF,0xFF,0xFF,0xFF,0x66,0x00,0x00,0x00,0x85,0xFF,0xFF,
    0xFF,0xFF,0x69,0x00,0x00,0x00,0x00,0x00,0xAF,0xFF,0xFF,0xFF,0xFF,0x41,0x00,0x00,
    0x00,0x3B,0xFF,0xFF,0xFF,0xFF,0xCB,0x02,0x00,0x00,0x00,0x1D,0xF7,0xFF,0xFF,0xFF,
    0xF1,0x06,0x00,0x00,0x00,0x00,0xC2,0xFF,0xFF,0xFF,0xFF,0xA5,0x22,0x06,0x37,0xD1,
    0xFF,0xFF,0xFF,0xFF,0x7E,0x00,0x00,0x00,0x00,0x00,0x21,0xE9,0xFF,0xFF,0xFF,0xFF,
    0xFF,0xFF,0xFF,0xFF,0xFF,0xFF,0xFF,0xC2,0x06,0x00,0x00,0x00,0x00,0x00,0x00,0x23,
    0xCB,0xFF,0xFF,0xFF,0xFF,0xFF,0xFF,0xFF,0xFF,0xFF,0xA3,0x0C,0x00,0x00,0x00,0x00,
    0x00,0x00,0x00,0x00,0x01,0x4A,0xA1,0xD8,0xF1,0xFB,0xED,0xCD,0x91,0x2F,0x00,0x00,
    0x00,0x00,0x00,0x00,0x00,0x00,0x00,0x00,0x00,0x00,0x06,0x99,0xFF,0xFF,0xD8,0x12,
    0x00,0x00,0x00,0x00,0x00,0x00,0x00,0x00,0x00,0x00,0x00,0x00,0x00,0x00,0x00,0x00,
    0x00,0x00,0x00,0x00,0x65,0xF9,0xFF,0xC2,0x07,0x00,0x00,0x00,0x00,0x00,0x00,0x00,
    0x00,0x00,0x00,0x00,0x00,0x00,0x00,0x00,0x00,0x00,0x00,0x00,0x00,0x38,0xE4,0xFF,
    0xA6,0x01,0x00,0x00,0x00,0x00,0x00,0x00,0x00,0x00,0x00,0x00,0x00,0x00,0x00,0x00,
    0x00,0x00,0x00,0x00,0x00,0x00,0x00,0x00,0x00,0x00,0x00,0x00,0x00,0x00,0x00,0x00,
    0x00,0x00,0x00,0x00,0x00,0x00,0x00,0x00,0x00,0x00,0x00,0x00,0x00,0x00,0x00,0x00,
    0x00,0x00,0x00,0x00,0x00,0x00,0x00,0x00,0x1A,0x74,0x5C,0x00,0x00,0x00,0x00,0x00,
    0x00,0x00,0x08,0x5E,0xA1,0xD6,0xEB,0xFA,0xED,0xD9,0xA7,0x66,0x0E,0x00,0x00,0x00,
    0x0B,0xFC,0xE8,0x00,0x00,0x00,0x00,0x00,0x00,0x68,0xE8,0xFF,0xFF,0xFF,0xFF,0xFF,
    0xFF,0xFF,0xFF,0xFF,0xEE,0x7C,0x02,0x00,0x00,0xEB,0xFE,0x03,0x00,0x00,0x00,0x04,
    0xA5,0xFF,0xFF,0xFF,0xFF,0xFF,0xFF,0xFF,0xFF,0xFF,0xFF,0xFF,0xFF,0xFF,0xFF,0x27,
    0x35,0xFD,0xFB,0x03,0x00,0x00,0x00,0x93,0xFF,0xFF,0xFF,0xFF,0xF8,0x7F,0x23,0x07,
    0x1E,0x72,0xF2,0xFF,0xFF,0xFF,0xFF,0xFF,0xFF,0xFF,0xD0,0x00,0x00,0x00,0x41,0xFF,
    0xFF,0xFF,0xFF,0xFC,0x46,0x00,0x00,0x00,0x00,0x00,0x32,0xF4,0xFF,0xFF,0xFF,0xFF,
    0xFF,0xF5,0x46,0x00,0x00,0x00,0xBE,0xFF,0xFF,0xFF,0xFF,0x96,0x00,0x00,0x00,0x00,
    0x00,0x00,0x00,0x7B,0xFF,0xFF,0xFF,0xFF,0xFB,0x0B,0x00,0x00,0x00,0x15,0xFE,0xFF,
    0xFF,0xFF,0xFF,0x2C,0x00,0x00,0x00,0x00,0x00,0x00,0x00,0x15,0xFC,0xFF,0xFF,0xFF,
    0xFF,0x2C,0x00,0x00,0x00,0x55,0xFF,0xFF,0xFF,0xFF,0xE9,0x00,0x00,0x00,0x00,0x00,
    0x00,0x00,0x00,0x00,0xCE,0xFF,0xFF,0xFF,0xFF,0x6D,0x00,0x00,0x00,0x77,0xFF,0xFF,
    0xFF,0xFF,0xC1,0x00,0x00,0x00,0x00,0x00,0x00,0x00,0x00,0x00,0xA7,0xFF,0xFF,0xFF,
    0xFF,0x8E,0x00,0x00,0x00,0x8A,0xFF,0xFF,0xFF,0xFF,0xB2,0x00,0x00,0x00,0x00,0x00,
    0x00,0x00,0x00,0x00,0x97,0xFF,0xFF,0xFF,0xFF,0xA2,0x00,0x00,0x00,0x8B,0xFF,0xFF,
    0xFF,0xFF,0xB1,0x00,0x00,0x00,0x00,0x00,0x00,0x00,0x00,0x00,0x97,0xFF,0xFF,0xFF,
    0xFF,0xA1,0x00,0x00,0x00,0x77,0xFF,0xFF,0xFF,0xFF,0xC1,0x00,0x00,0x00,0x00,0x00,
    0x00,0x00,0x00,0x00,0xA7,0xFF,0xFF,0xFF,0xFF,0x8E,0x00,0x00,0x00,0x55,0xFF,0xFF,
    0xFF,0xFF,0xE9,0x00,0x00,0x00,0x00,0x00,0x00,0x00,0x00,0x00,0xCD,0xFF,0xFF,0xFF,
    0xFF,0x6D,0x00,0x00,0x00,0x16,0xFE,0xFF,0xFF,0xFF,0xFF,0x2B,0x00,0x00,0x00,0x00,
    0x00,0x00,0x00,0x14,0xFB,0xFF,0xFF,0xFF,0xFF,0x2C,0x00,0x00,0x00,0x00,0xBE,0xFF,
    0xFF,0xFF,0xFF,0x94,0x00,0x00,0x00,0x00,0x00,0x00,0x00,0x79,0xFF,0xFF,0xFF,0xFF,
    0xD5,0x00,0x00,0x00,0x00,0x00,0x41,0xFF,0xFF,0xFF,0xFF,0xFB,0x43,0x00,0x00,0x00,
    0x00,0x00,0x2F,0xF3,0xFF,0xFF,0xFF,0xFF,0x59,0x00,0x00,0x00,0x00,0x00,0x00,0x93,
    0xFF,0xFF,0xFF,0xFF,0xF7,0x7D,0x22,0x06,0x1C,0x70,0xF1,0xFF,0xFF,0xFF,0xFF,0xA9,
    0x00,0x00,0x00,0x00,0x00,0x00,0x00,0x04,0xA5,0xFF,0xFF,0xFF,0xFF,0xFF,0xFF,0xFF,
    0xFF,0xFF,0xFF,0xFF,0xFF,0xFF,0xB7,0x0A,0x00,0x00,0x00,0x00,0x00,0x00,0x00,0x00,
    0x00,0x69,0xE9,0xFF,0xFF,0xFF,0xFF,0xFF,0xFF,0xFF,0xFF,0xFF,0xEF,0x7A,0x02,0x00,
    0x00,0x00,0x00,0x00,0x00,0x00,0x00,0x00,0x00,0x00,0x09,0x5E,0xA2,0xD7,0xED,0xFB,
    0xEE,0xDA,0xA9,0x67,0x0E,0x00,0x00,0x00,0x00,0x00,0x00,0x00,0x00,0x00,0x00,0x00,
    0x74,0xFF,0xFF,0xF8,0x32,0x00,0x00,0x00,0x00,0x00,0x00,0x00,0x00,0x00,0x00,0x00,
    0x00,0x00,0x00,0x00,0x00,0x7A,0xFF,0xFF,0xDB,0x0D,0x00,0x00,0x00,0x00,0x00,0x00,
    0x00,0x00,0x00,0x00,0x00,0x00,0x00,0x00,0x00,0x00,0x80,0xFF,0xFF,0xA7,0x00,0x00,
    0x00,0x00,0x00,0x00,0x00,0x00,0x00,0x00,0x00,0x00,0x00,0x00,0x00,0x00,0x00,0x86,
    0xFF,0xFF,0x66,0x00,0x00,0x00,0x00,0x00,0x00,0x00,0x00,0x00,0x00,0x00,0x00,0x00,
    0x00,0x00,0x00,0x00,0x8C,0xFF,0xF6,0x2D,0x00,0x00,0x00,0x00,0x00,0x00,0x00,0x00,
    0x00,0x00,0x00,0x00,0x00,0x00,0x00,0x00,0x00,0x00,0x00,0x00,0x00,0x00,0x00,0x00,
    0x13,0x74,0x63,0x00,0x00,0x00,0x00,0x00,0x00,0x00,0x00,0x00,0x00,0x00,0x00,0x00,
    0x00,0x00,0x00,0x00,0x04,0xF3,0xF6,0x01,0x00,0x00,0x00,0x00,0x01,0x48,0x9F,0xD7,
    0xF0,0xFB,0xEC,0xCC,0x8F,0x31,0x00,0x00,0x00,0xDB,0xFF,0x12,0x00,0x00,0x00,0x21,
    0xC8,0xFF,0xFF,0xFF,0xFF,0xFF,0xFF,0xFF,0xFF,0xFF,0xFF,0x2C,0x2A,0xF9,0xFF,0x0E,
    0x00,0x00,0x1F,0xE7,0xFF,0xFF,0xFF,0xFF,0xFF,0xFF,0xFF,0xFF,0xFF,0xFF,0xFF,0xFF,
    0xFF,0xFF,0xE0,0x00,0x00,0x00,0xC0,0xFF,0xFF,0xFF,0xFF,0xA6,0x23,0x07,0x38,0xD2,
    0xFF,0xFF,0xFF,0xFF,0xFF,0xF9,0x53,0x00,0x00,0x3B,0xFF,0xFF,0xFF,0xFF,0xCB,0x02,
    0x00,0x00,0x00,0x1D,0xF7,0xFF,0xFF,0xFF,0xFF,0x13,0x00,0x00,0x00,0x85,0xFF,0xFF,
    0xFF,0xFF,0x69,0x00,0x00,0x00,0x00,0x00,0xAF,0xFF,0xFF,0xFF,0xFF,0x40,0x00,0x00,
    0x00,0xAC,0xFF,0xFF,0xFF,0xFF,0x3B,0x00,0x00,0x00,0x00,0x00,0x81,0xFF,0xFF,0xFF,
    0xFF,0x66,0x00,0x00,0x00,0xBB,0xFF,0xFF,0xFF,0xFF,0x2F,0x00,0x00,0x00,0x00,0x00,
    0x73,0xFF,0xFF,0xFF,0xFF,0x76,0x00,0x00,0x00,0xAC,0xFF,0xFF,0xFF,0xFF,0x3B,0x00,
    0x00,0x00,0x00,0x00,0x81,0xFF,0xFF,0xFF,0xFF,0x66,0x00,0x00,0x00,0x85,0xFF,0xFF,
    0xFF,0xFF,0x69,0x00,0x00,0x00,0x00,0x00,0xAF,0xFF,0xFF,0xFF,0xFF,0x41,0x00,0x00,
    0x00,0x3B,0xFF,0xFF,0xFF,0xFF,0xCB,0x02,0x00,0x00,0x00,0x1D,0xF7,0xFF,0xFF,0xFF,
    0xF1,0x06,0x00,0x00,0x00,0x00,0xC2,0xFF,0xFF,0xFF,0xFF,0xA5,0x22,0x06,0x37,0xD1,
    0xFF,0xFF,0xFF,0xFF,0x7E,0x00,0x00,0x00,0x00,0x00,0x21,0xE9,0xFF,0xFF,0xFF,0xFF,
    0xFF,0xFF,0xFF,0xFF,0xFF,0xFF,0xFF,0xC2,0x06,0x00,0x00,0x00,0x00,0x00,0x00,0x23,
    0xCB,0xFF,0xFF,0xFF,0xFF,0xFF,0xFF,0xFF,0xFF,0xFF,0xA3,0x0C,0x00,0x00,0x00,0x00,
    0x00,0x00,0x00,0x00,0x01,0x4A,0xA1,0xD8,0xF1,0xFB,0xED,0xCD,0x91,0x2F,0x00,0x00,
    0x00,0x00,0x00,0x00,0x00,0x00,0x00,0x00,0x00,0x00,0x00,0x00,0x3D,0x89,0xB0,0xBC,
    0xA4,0x58,0x02,0x00,0x00,0x00,0x00,0x00,0x00,0x00,0x00,0x00,0x00,0x00,0x00,0x00,
    0x00,0x00,0x00,0x00,0xBC,0xDB,0xA9,0x9F,0xDB,0xFF,0x8E,0x00,0x00,0x00,0x00,0x00,
    0x00,0x00,0x00,0x00,0x00,0x00,0x00,0x00,0x00,0x00,0x00,0x00,0x1B,0x00,0x00,0x00,
    0x1B,0xFF,0xE5,0x00,0x00,0x00,0x00,0x00,0x00,0x00,0x00,0x00,0x00,0x00,0x00,0x00,
    0x00,0x00,0x00,0x00,0x00,0x00,0x00,0x09,0xB0,0xFF,0xBB,0x00,0x00,0x00,0x00,0x00,
    0x00,0x00,0x00,0x00,0x00,0x00,0x00,0x00,0x00,0x00,0x00,0x00,0x00,0x00,0x0C,0xCB,
    0xFF,0xD5,0x1D,0x00,0x00,0x00,0x00,0x00,0x00,0x00,0x00,0x00,0x00,0x00,0x00,0x00,
    0x00,0x00,0x00,0x00,0x00,0x00,0x68,0xFF,0xD3,0x0B,0x00,0x00,0x00,0x00,0x00,0x00,
    0x00,0x00,0x00,0x00,0x00,0x00,0x00,0x00,0x00,0x00,0x00,0x00,0x00,0x00,0x2B,0x5C,
    0x3D,0x00,0x00,0x00,0x00,0x00,0x00,0x00,0x00,0x00,0x00,0x00,0x00,0x00,0x00,0x00,
    0x00,0x00,0x00,0x00,0x00,0x00,0x00,0x00,0x00,0x00,0x00,0x00,0x00,0x00,0x00,0x00,
    0x1A,0x74,0x5C,0x00,0x00,0x00,0x00,0x00,0x00,0x00,0x08,0x5E,0xA1,0xD6,0xEB,0xFA,
    0xED,0xD9,0xA7,0x66,0x0E,0x00,0x00,0x00,0x0B,0xFC,0xE8,0x00,0x00,0x00,0x00,0x00,
    0x00,0x68,0xE8,0xFF,0xFF,0xFF,0xFF,0xFF,0xFF,0xFF,0xFF,0xFF,0xEE,0x7C,0x02,0x00,
    0x00,0xEB,0xFE,0x03,0x00,0x00,0x00,0x04,0xA5,0xFF,0xFF,0xFF,0xFF,0xFF,0xFF,0xFF,
    0xFF,0xFF,0xFF,0xFF,0xFF,0xFF,0xFF,0x27,0x35,0xFD,0xFB,0x03,0x00,0x00,0x00,0x93,
    0xFF,0xFF,0xFF,0xFF,0xF8,0x7F,0x23,0x07,0x1E,0x72,0xF2,0xFF,0xFF,0xFF,0xFF,0xFF,
    0xFF,0xFF,0xD0,0x00,0x00,0x00,0x41,0xFF,0xFF,0xFF,0xFF,0xFC,0x46,0x00,0x00,0x00,
    0x00,0x00,0x32,0xF4,0xFF,0xFF,0xFF,0xFF,0xFF,0xF5,0x46,0x00,0x00,0x00,0xBE,0xFF,
    0xFF,0xFF,0xFF,0x96,0x00,0x00,0x00,0x00,0x00,0x00,0x00,0x7B,0xFF,0xFF,0xFF,0xFF,
    0xFB,0x0B,0x00,0x00,0x00,0x15,0xFE,0xFF,0xFF,0xFF,0xFF,0x2C,0x00,0x00,0x00,0x00,
    0x00,0x00,0x00,0x15,0xFC,0xFF,0xFF,0xFF,0xFF,0x2C,0x00,0x00,0x00,0x55,0xFF,0xFF,
    0xFF,0xFF,0xE9,0x00,0x00,0x00,0x00,0x00,0x00,0x00,0x00,0x00,0xCE,0xFF,0xFF,0xFF,
    0xFF,0x6D,0x00,0x00,0x00,0x77,0xFF,0xFF,0xFF,0xFF,0xC1,0x00,0x00,0x00,0x00,0x00,
    0x00,0x00,0x00,0x00,0xA7,0xFF,0xFF,0xFF,0xFF,0x8E,0x00,0x00,0x00,0x8A,0xFF,0xFF,
    0xFF,0xFF,0xB2,0x00,0x00,0x00,0x00,0x00,0x00,0x00,0x00,0x00,0x97,0xFF,0xFF,0xFF,
    0xFF,0xA2,0x00,0x00,0x00,0x8B,0xFF,0xFF,0xFF,0xFF,0xB1,0x00,0x00,0x00,0x00,0x00,
    0x00,0x00,0x00,0x00,0x97,0xFF,0xFF,0xFF,0xFF,0xA1,0x00,0x00,0x00,0x77,0xFF,0xFF,
    0xFF,0xFF,0xC1,0x00,0x00,0x00,0x00,0x00,0x00,0x00,0x00,0x00,0xA7,0xFF,0xFF,0xFF,
    0xFF,0x8E,0x00,0x00,0x00,0x55,0xFF,0xFF,0xFF,0xFF,0xE9,0x00,0x00,0x00,0x00,0x00,
    0x00,0x00,0x00,0x00,0xCD,0xFF,0xFF,0xFF,0xFF,0x6D,0x00,0x00,0x00,0x16,0xFE,0xFF,
    0xFF,0xFF,0xFF,0x2B,0x00,0x00,0x00,0x00,0x00,0x00,0x00,0x14,0xFB,0xFF,0xFF,0xFF,
    0xFF,0x2C,0x00,0x00,0x00,0x00,0xBE,0xFF,0xFF,0xFF,0xFF,0x94,0x00,0x00,0x00,0x00,
    0x00,0x00,0x00,0x79,0xFF,0xFF,0xFF,0xFF,0xD5,0x00,0x00,0x00,0x00,0x00,0x41,0xFF,
    0xFF,0xFF,0xFF,0xFB,0x43,0x00,0x00,0x00,0x00,0x00,0x2F,0xF3,0xFF,0xFF,0xFF,0xFF,
    0x59,0x00,0x00,0x00,0x00,0x00,0x00,0x93,0xFF,0xFF,0xFF,0xFF,0xF7,0x7D,0x22,0x06,
    0x1C,0x70,0xF1,0xFF,0xFF,0xFF,0xFF,0xA9,0x00,0x00,0x00,0x00,0x00,0x00,0x00,0x04,
    0xA5,0xFF,0xFF,0xFF,0xFF,0xFF,0xFF,0xFF,0xFF,0xFF,0xFF,0xFF,0xFF,0xFF,0xB7,0x0A,
    0x00,0x00,0x00,0x00,0x00,0x00,0x00,0x00,0x00,0x69,0xE9,0xFF,0xFF,0xFF,0xFF,0xFF,
    0xFF,0xFF,0xFF,0xFF,0xEF,0x7A,0x02,0x00,0x00,0x00,0x00,0x00,0x00,0x00,0x00,0x00,
    0x00,0x00,0x09,0x5E,0xA2,0xD7,0xED,0xFB,0xEE,0xDA,0xA9,0x67,0x0E,0x00,0x00,0x00,
    0x00,0x00,0x00,0x00,0x00,0x00,0x00,0x00,0x00,0x00,0x51,0x92,0xB4,0xBA,0x9D,0x44,
    0x00,0x00,0x00,0x00,0x00,0x00,0x00,0x00,0x00,0x00,0x00,0x00,0x00,0x00,0xE7,0xCF,
    0xA3,0xA4,0xE8,0xFF,0x62,0x00,0x00,0x00,0x00,0x00,0x00,0x00,0x00,0x00,0x00,0x00,
    0x00,0x00,0x1B,0x00,0x00,0x00,0x47,0xFF,0xB9,0x00,0x00,0x00,0x00,0x00,0x00,0x00,
    0x00,0x00,0x00,0x00,0x00,0x00,0x00,0x00,0x00,0x17,0xCE,0xFF,0x8F,0x00,0x00,0x00,
    0x00,0x00,0x00,0x00,0x00,0x00,0x00,0x00,0x00,0x00,0x00,0x00,0x21,0xE2,0xFF,0xBA,
    0x0B,0x00,0x00,0x00,0x00,0x00,0x00,0x00,0x00,0x00,0x00,0x00,0x00,0x00,0x00,0x00,
    0x94,0xFF,0xB0,0x02,0x00,0x00,0x00,0x00,0x00,0x00,0x00,0x00,0x00,0x00,0x00,0x00,
    0x00,0x00,0x00,0x00,0x3A,0x5C,0x2E,0x00,0x00,0x00,0x00,0x00,0x13,0x74,0x63,0x00,
    0x00,0x00,0x00,0x00,0x00,0x00,0x00,0x00,0x00,0x00,0x00,0x00,0x00,0x00,0x00,0x00,
    0x04,0xF3,0xF6,0x01,0x00,0x00,0x00,0x00,0x01,0x48,0x9F,0xD7,0xF0,0xFB,0xEC,0xCC,
    0x8F,0x31,0x00,0x00,0x00,0xDB,0xFF,0x12,0x00,0x00,0x00,0x21,0xC8,0xFF,0xFF,0xFF,
    0xFF,0xFF,0xFF,0xFF,0xFF,0xFF,0xFF,0x2C,0x2A,0xF9,0xFF,0x0E,0x00,0x00,0x1F,0xE7,
    0xFF,0xFF,0xFF,0xFF,0xFF,0xFF,0xFF,0xFF,0xFF,0xFF,0xFF,0xFF,0xFF,0xFF,0xE0,0x00,
    0x00,0x00,0xC0,0xFF,0xFF,0xFF,0xFF,0xA6,0x23,0x07,0x38,0xD2,0xFF,0xFF,0xFF,0xFF,
    0xFF,0xF9,0x53,0x00,0x00,0x3B,0xFF,0xFF,0xFF,0xFF,0xCB,0x02,0x00,0x00,0x00,0x1D,
    0xF7,0xFF,0xFF,0xFF,0xFF,0x13,0x00,0x00,0x00,0x85,0xFF,0xFF,0xFF,0xFF,0x69,0x00,
    0x00,0x00,0x00,0x00,0xAF,0xFF,0xFF,0xFF,0xFF,0x40,0x00,0x00,0x00,0xAC,0xFF,0xFF,
    0xFF,0xFF,0x3B,0x00,0x00,0x00,0x00,0x00,0x81,0xFF,0xFF,0xFF,0xFF,0x66,0x00,0x00,
    0x00,0xBB,0xFF,0xFF,0xFF,0xFF,0x2F,0x00,0x00,0x00,0x00,0x00,0x73,0xFF,0xFF,0xFF,
    0xFF,0x76,0x00,0x00,0x00,0xAC,0xFF,0xFF,0xFF,0xFF,0x3B,0x00,0x00,0x00,0x00,0x00,
    0x81,0xFF,0xFF,0xFF,0xFF,0x66,0x00,0x00,0x00,0x85,0xFF,0xFF,0xFF,0xFF,0x69,0x00,
    0x00,0x00,0x00,0x00,0xAF,0xFF,0xFF,0xFF,0xFF,0x41,0x00,0x00,0x00,0x3B,0xFF,0xFF,
    0xFF,0xFF,0xCB,0x02,0x00,0x00,0x00,0x1D,0xF7,0xFF,0xFF,0xFF,0xF1,0x06,0x00,0x00,
    0x00,0x00,0xC2,0xFF,0xFF,0xFF,0xFF,0xA5,0x22,0x06,0x37,0xD1,0xFF,0xFF,0xFF,0xFF,
    0x7E,0x00,0x00,0x00,0x00,0x00,0x21,0xE9,0xFF,0xFF,0xFF,0xFF,0xFF,0xFF,0xFF,0xFF,
    0xFF,0xFF,0xFF,0xC2,0x06,0x00,0x00,0x00,0x00,0x00,0x00,0x23,0xCB,0xFF,0xFF,0xFF,
    0xFF,0xFF,0xFF,0xFF,0xFF,0xFF,0xA3,0x0C,0x00,0x00,0x00,0x00,0x00,0x00,0x00,0x00,
    0x01,0x4A,0xA1,0xD8,0xF1,0xFB,0xED,0xCD,0x91,0x2F,0x00,0x00,0x00,0x00,0x00,0x00,
    0x00,0x00,0x00,0x00,0x00,0x00,0x00,0x11,0xB3,0xF1,0xB5,0x26,0x00,0x00,0xCF,0xFF,
    0x09,0x00,0x00,0x00,0x00,0x00,0x00,0x00,0x00,0x00,0x00,0x00,0x00,0x00,0x00,0x9E,
    0xFF,0xFF,0xFF,0xF1,0x53,0x26,0xFA,0xEB,0x00,0x00,0x00,0x00,0x00,0x00,0x00,0x00,
    0x00,0x00,0x00,0x00,0x00,0x00,0x00,0xF2,0xF5,0x22,0x5E,0xF5,0xFF,0xFF,0xFF,0x97,
    0x00,0x00,0x00,0x00,0x00,0x00,0x00,0x00,0x00,0x00,0x00,0x00,0x00,0x00,0x11,0xFF,
    0xC5,0x00,0x00,0x2E,0xC3,0xF2,0xB1,0x10,0x00,0x00,0x00,0x00,0x00,0x00,0x00,0x00,
    0x00,0x00,0x00,0x00,0x00,0x00,0x00,0x00,0x00,0x00,0x00,0x00,0x00,0x00,0x00,0x00,
    0x00,0x00,0x00,0x00,0x00,0x00,0x00,0x00,0x00,0x00,0x00,0x00,0x00,0x00,0x00,0x00,
    0x00,0x00,0x00,0x00,0x00,0x00,0x00,0x00,0x00,0x00,0x00,0x00,0x1A,0x74,0x5C,0x00,
    0x00,0x00,0x00,0x00,0x00,0x00,0x08,0x5E,0xA1,0xD6,0xEB,0xFA,0xED,0xD9,0xA7,0x66,
    0x0E,0x00,0x00,0x00,0x0B,0xFC,0xE8,0x00,0x00,0x00,0x00,0x00,0x00,0x68,0xE8,0xFF,
    0xFF,0xFF,0xFF,0xFF,0xFF,0xFF,0xFF,0xFF,0xEE,0x7C,0x02,0x00,0x00,0xEB,0xFE,0x03,
    0x00,0x00,0x00,0x04,0xA5,0xFF,0xFF,0xFF,0xFF,0xFF,0xFF,0xFF,0xFF,0xFF,0xFF,0xFF,
    0xFF,0xFF,0xFF,0x27,0x35,0xFD,0xFB,0x03,0x00,0x00,0x00,0x93,0xFF,0xFF,0xFF,0xFF,
    0xF8,0x7F,0x23,0x07,0x1E,0x72,0xF2,0xFF,0xFF,0xFF,0xFF,0xFF,0xFF,0xFF,0xD0,0x00,
    0x00,0x00,0x41,0xFF,0xFF,0xFF,0xFF,0xFC,0x46,0x00,0x00,0x00,0x00,0x00,0x32,0xF4,
    0xFF,0xFF,0xFF,0xFF,0xFF,0xF5,0x46,0x00,0x00,0x00,0xBE,0xFF,0xFF,0xFF,0xFF,0x96,
    0x00,0x00,0x00,0x00,0x00,0x00,0x00,0x7B,0xFF,0xFF,0xFF,0xFF,0xFB,0x0B,0x00,0x00,
    0x00,0x15,0xFE,0xFF,0xFF,0xFF,0xFF,0x2C,0x00,0x00,0x00,0x00,0x00,0x00,0x00,0x15,
    0xFC,0xFF,0xFF,0xFF,0xFF,0x2C,0x00,0x00,0x00,0x55,0xFF,0xFF,0xFF,0xFF,0xE9,0x00,
    0x00,0x00,0x00,0x00,0x00,0x00,0x00,0x00,0xCE,0xFF,0xFF,0xFF,0xFF,0x6D,0x00,0x00,
    0x00,0x77,0xFF,0xFF,0xFF,0xFF,0xC1,0x00,0x00,0x00,0x00,0x00,0x00,0x00,0x00,0x00,
    0xA7,0xFF,0xFF,0xFF,0xFF,0x8E,0x00,0x00,0x00,0x8A,0xFF,0xFF,0xFF,0xFF,0xB2,0x00,
    0x00,0x00,0x00,0x00,0x00,0x00,0x00,0x00,0x97,0xFF,0xFF,0xFF,0xFF,0xA2,0x00,0x00,
    0x00,0x8B,0xFF,0xFF,0xFF,0xFF,0xB1,0x00,0x00,0x00,0x00,0x00,0x00,0x00,0x00,0x00,
    0x97,0xFF,0xFF,0xFF,0xFF,0xA1,0x00,0x00,0x00,0x77,0xFF,0xFF,0xFF,0xFF,0xC1,0x00,
    0x00,0x00,0x00,0x00,0x00,0x00,0x00,0x00,0xA7,0xFF,0xFF,0xFF,0xFF,0x8E,0x00,0x00,
    0x00,0x55,0xFF,0xFF,0xFF,0xFF,0xE9,0x00,0x00,0x00,0x00,0x00,0x00,0x00,0x00,0x00,
    0xCD,0xFF,0xFF,0xFF,0xFF,0x6D,0x00,0x00,0x00,0x16,0xFE,0xFF,0xFF,0xFF,0xFF,0x2B,
    0x00,0x00,0x00,0x00,0x00,0x00,0x00,0x14,0xFB,0xFF,0xFF,0xFF,0xFF,0x2C,0x00,0x00,
    0x00,0x00,0xBE,0xFF,0xFF,0xFF,0xFF,0x94,0x00,0x00,0x00,0x00,0x00,0x00,0x00,0x79,
    0xFF,0xFF,0xFF,0xFF,0xD5,0x00,0x00,0x00,0x00,0x00,0x41,0xFF,0xFF,0xFF,0xFF,0xFB,
    0x43,0x00,0x00,0x00,0x00,0x00,0x2F,0xF3,0xFF,0xFF,0xFF,0xFF,0x59,0x00,0x00,0x00,
    0x00,0x00,0x00,0x93,0xFF,0xFF,0xFF,0xFF,0xF7,0x7D,0x22,0x06,0x1C,0x70,0xF1,0xFF,
    0xFF,0xFF,0xFF,0xA9,0x00,0x00,0x00,0x00,0x00,0x00,0x00,0x04,0xA5,0xFF,0xFF,0xFF,
    0xFF,0xFF,0xFF,0xFF,0xFF,0xFF,0xFF,0xFF,0xFF,0xFF,0xB7,0x0A,0x00,0x00,0x00,0x00,
    0x00,0x00,0x00,0x00,0x00,0x69,0xE9,0xFF,0xFF,0xFF,0xFF,0xFF,0xFF,0xFF,0xFF,0xFF,
    0xEF,0x7A,0x02,0x00,0x00,0x00,0x00,0x00,0x00,0x00,0x00,0x00,0x00,0x00,0x09,0x5E,
    0xA2,0xD7,0xED,0xFB,0xEE,0xDA,0xA9,0x67,0x0E,0x00,0x00,0x00,0x00,0x00,0x00,0x00,
    0x00,0x00,0x00,0x00,0x00,0x3D,0xE0,0xE5,0x4C,0x00,0x00,0x2A,0xF4,0xA2,0x00,0x00,
    0x00,0x00,0x00,0x00,0x00,0x00,0x00,0x00,0x04,0xE2,0xFF,0xFF,0xF9,0x3D,0x00,0x42,
    0xFF,0x99,0x00,0x00,0x00,0x00,0x00,0x00,0x00,0x00,0x00,0x00,0x3E,0xFF,0xBC,0x25,
    0xD9,0xEB,0x31,0x97,0xFF,0x6D,0x00,0x00,0x00,0x00,0x00,0x00,0x00,0x00,0x00,0x00,
    0x6A,0xFF,0x70,0x00,0x21,0xE8,0xFF,0xFF,0xF9,0x1B,0x00,0x00,0x00,0x00,0x00,0x00,
    0x00,0x00,0x00,0x00,0x76,0xF4,0x57,0x00,0x00,0x2F,0xD8,0xED,0x60,0x00,0x00,0x00,
    0x00,0x00,0x00,0x00,0x00,0x00,0x00,0x00,0x00,0x00,0x00,0x00,0x00,0x00,0x00,0x00,
    0x00,0x00,0x00,0x00,0x13,0x74,0x63,0x00,0x00,0x00,0x00,0x00,0x00,0x00,0x00,0x00,
    0x00,0x00,0x00,0x00,0x00,0x00,0x00,0x00,0x04,0xF3,0xF6,0x01,0x00,0x00,0x00,0x00,
    0x01,0x48,0x9F,0xD7,0xF0,0xFB,0xEC,0xCC,0x8F,0x31,0x00,0x00,0x00,0xDB,0xFF,0x12,
    0x00,0x00,0x00,0x21,0xC8,0xFF,0xFF,0xFF,0xFF,0xFF,0xFF,0xFF,0xFF,0xFF,0xFF,0x2C,
    0x2A,0xF9,0xFF,0x0E,0x00,0x00,0x1F,0xE7,0xFF,0xFF,0xFF,0xFF,0xFF,0xFF,0xFF,0xFF,
    0xFF,0xFF,0xFF,0xFF,0xFF,0xFF,0xE0,0x00,0x00,0x00,0xC0,0xFF,0xFF,0xFF,0xFF,0xA6,
    0x23,0x07,0x38,0xD2,0xFF,0xFF,0xFF,0xFF,0xFF,0xF9,0x53,0x00,0x00,0x3B,0xFF,0xFF,
    0xFF,0xFF,0xCB,0x02,0x00,0x00,0x00,0x1D,0xF7,0xFF,0xFF,0xFF,0xFF,0x13,0x00,0x00,
    0x00,0x85,0xFF,0xFF,0xFF,0xFF,0x69,0x00,0x00,0x00,0x00,0x00,0xAF,0xFF,0xFF,0xFF,
    0xFF,0x40,0x00,0x00,0x00,0xAC,0xFF,0xFF,0xFF,0xFF,0x3B,0x00,0x00,0x00,0x00,0x00,
    0x81,0xFF,0xFF,0xFF,0xFF,0x66,0x00,0x00,0x00,0xBB,0xFF,0xFF,0xFF,0xFF,0x2F,0x00,
    0x00,0x00,0x00,0x00,0x73,0xFF,0xFF,0xFF,0xFF,0x76,0x00,0x00,0x00,0xAC,0xFF,0xFF,
    0xFF,0xFF,0x3B,0x00,0x00,0x00,0x00,0x00,0x81,0xFF,0xFF,0xFF,0xFF,0x66,0x00,0x00,
    0x00,0x85,0xFF,0xFF,0xFF,0xFF,0x69,0x00,0x00,0x00,0x00,0x00,0xAF,0xFF,0xFF,0xFF,
    0xFF,0x41,0x00,0x00,0x00,0x3B,0xFF,0xFF,0xFF,0xFF,0xCB,0x02,0x00,0x00,0x00,0x1D,
    0xF7,0xFF,0xFF,0xFF,0xF1,0x06,0x00,0x00,0x00,0x00,0xC2,0xFF,0xFF,0xFF,0xFF,0xA5,
    0x22,0x06,0x37,0xD1,0xFF,0xFF,0xFF,0xFF,0x7E,0x00,0x00,0x00,0x00,0x00,0x21,0xE9,
    0xFF,0xFF,0xFF,0xFF,0xFF,0xFF,0xFF,0xFF,0xFF,0xFF,0xFF,0xC2,0x06,0x00,0x00,0x00,
    0x00,0x00,0x00,0x23,0xCB,0xFF,0xFF,0xFF,0xFF,0xFF,0xFF,0xFF,0xFF,0xFF,0xA3,0x0C,
    0x00,0x00,0x00,0x00,0x00,0x00,0x00,0x00,0x01,0x4A,0xA1,0xD8,0xF1,0xFB,0xED,0xCD,
    0x91,0x2F,0x00,0x00,0x00,0x00,0x00,0x00,0x00,0x00,0x00,0x00,0x00,0x00,0x00,0x00,
    0x00,0x00,0x00,0x00,0x00,0x00,0x00,0x00,0x00,0x00,0x00,0x00,0x1A,0x74,0x5C,0x00,
    0x00,0x00,0x00,0x00,0x00,0x00,0x08,0x5E,0xA1,0xD6,0xEB,0xFA,0xED,0xD9,0xA7,0x66,
    0x0E,0x00,0x00,0x00,0x0B,0xFC,0xE8,0x00,0x00,0x00,0x00,0x00,0x00,0x68,0xE8,0xFF,
    0xFF,0xFF,0xFF,0xFF,0xFF,0xFF,0xFF,0xFF,0xEE,0x7C,0x02,0x00,0x00,0xEB,0xFE,0x03,
    0x00,0x00,0x00,0x04,0xA5,0xFF,0xFF,0xFF,0xFF,0xFF,0xFF,0xFF,0xFF,0xFF,0xFF,0xFF,
    0xFF,0xFF,0xFF,0x27,0x35,0xFD,0xFB,0x03,0x00,0x00,0x00,0x93,0xFF,0xFF,0xFF,0xFF,
    0xF8,0x7F,0x23,0x07,0x1E,0x72,0xF2,0xFF,0xFF,0xFF,0xFF,0xFF,0xFF,0xFF,0xD0,0x00,
    0x00,0x00,0x41,0xFF,0xFF,0xFF,0xFF,0xFC,0x46,0x00,0x00,0x00,0x00,0x00,0x32,0xF4,
    0xFF,0xFF,0xFF,0xFF,0xFF,0xF5,0x46,0x00,0x00,0x00,0xBE,0xFF,0xFF,0xFF,0xFF,0x96,
    0x00,0x00,0x00,0x00,0x00,0x00,0x00,0x7B,0xFF,0xFF,0xFF,0xFF,0xFB,0x0B,0x00,0x00,
    0x00,0x15,0xFE,0xFF,0xFF,0xFF,0xFF,0x2C,0x00,0x00,0x00,0x00,0x00,0x00,0x00,0x15,
    0xFC,0xFF,0xFF,0xFF,0xFF,0x2C,0x00,0x00,0x00,0x55,0xFF,0xFF,0xFF,0xFF,0xE9,0x00,
    0x00,0x00,0x00,0x00,0x00,0x00,0x00,0x00,0xCE,0xFF,0xFF,0xFF,0xFF,0x6D,0x00,0x00,
    0x00,0x77,0xFF,0xFF,0xFF,0xFF,0xC1,0x00,0x00,0x00,0x00,0x00,0x00,0x00,0x00,0x00,
    0xA7,0xFF,0xFF,0xFF,0xFF,0x8E,0x00,0x00,0x00,0x8A,0xFF,0xFF,0xFF,0xFF,0xB2,0x00,
    0x00,0x00,0x00,0x00,0x00,0x00,0x00,0x00,0x97,0xFF,0xFF,0xFF,0xFF,0xA2,0x00,0x00,
    0x00,0x8B,0xFF,0xFF,0xFF,0xFF,0xB1,0x00,0x00,0x00,0x00,0x00,0x00,0x00,0x00,0x00,
    0x97,0xFF,0xFF,0xFF,0xFF,0xA1,0x00,0x00,0x00,0x77,0xFF,0xFF,0xFF,0xFF,0xC1,0x00,
    0x00,0x00,0x00,0x00,0x00,0x00,0x00,0x00,0xA7,0xFF,0xFF,0xFF,0xFF,0x8E,0x00,0x00,
    0x00,0x55,0xFF,0xFF,0xFF,0xFF,0xE9,0x00,0x00,0x00,0x00,0x00,0x00,0x00,0x00,0x00,
    0xCD,0xFF,0xFF,0xFF,0xFF,0x6D,0x00,0x00,0x00,0x16,0xFE,0xFF,0xFF,0xFF,0xFF,0x2B,
    0x00,0x00,0x00,0x00,0x00,0x00,0x00,0x14,0xFB,0xFF,0xFF,0xFF,0xFF,0x2C,0x00,0x00,
    0x00,0x00,0xBE,0xFF,0xFF,0xFF,0xFF,0x94,0x00,0x00,0x00,0x00,0x00,0x00,0x00,0x79,
    0xFF,0xFF,0xFF,0xFF,0xD5,0x00,0x00,0x00,0x00,0x00,0x41,0xFF,0xFF,0xFF,0xFF,0xFB,
    0x43,0x00,0x00,0x00,0x00,0x00,0x2F,0xF3,0xFF,0xFF,0xFF,0xFF,0x59,0x00,0x00,0x00,
    0x00,0x00,0x00,0x93,0xFF,0xFF,0xFF,0xFF,0xF7,0x7D,0x22,0x06,0x1C,0x70,0xF1,0xFF,
    0xFF,0xFF,0xFF,0xA9,0x00,0x00,0x00,0x00,0x00,0x00,0x00,0x04,0xA5,0xFF,0xFF,0xFF,
    0xFF,0xFF,0xFF,0xFF,0xFF,0xFF,0xFF,0xFF,0xFF,0xFF,0xB7,0x0A,0x00,0x00,0x00,0x00,
    0x00,0x00,0x00,0x00,0x00,0x69,0xE9,0xFF,0xFF,0xFF,0xFF,0xFF,0xFF,0xFF,0xFF,0xFF,
    0xEF,0x7A,0x02,0x00,0x00,0x00,0x00,0x00,0x00,0x00,0x00,0x00,0x00,0x00,0x09,0x5E,
    0xA2,0xD7,0xED,0xFB,0xEE,0xDA,0xA9,0x67,0x0E,0x00,0x00,0x00,0x00,0x00,0x00,0x00,
    0x00,0x00,0x00,0x00,0x00,0x00,0x00,0x00,0x00,0x00,0x00,0x00,0x00,0x00,0x00,0x00,
    0x00,0x00,0x00,0x00,0x00,0x00,0x00,0x00,0x00,0x00,0x00,0x00,0x00,0x00,0x00,0x00,
    0x00,0x19,0x1C,0x1C,0x1C,0x16,0x00,0x00,0x00,0x00,0x00,0x00,0x00,0x00,0x00,0x00,
    0x00,0x00,0x00,0x00,0x00,0x00,0x00,0x00,0x00,0xEC,0xFF,0xFF,0xFF,0xCC,0x00,0x00,
    0x00,0x00,0x00,0x00,0x00,0x00,0x00,0x00,0x00,0x00,0x00,0x00,0x00,0x00,0x00,0x00,
    0x00,0xEC,0xFF,0xFF,0xFF,0xCC,0x00,0x00,0x00,0x00,0x00,0x00,0x00,0x00,0x00,0x00,
    0x00,0x00,0x00,0x00,0x00,0x00,0x00,0x00,0x00,0xEC,0xFF,0xFF,0xFF,0xCC,0x00,0x00,
    0x00,0x00,0x00,0x00,0x00,0x00,0x00,0x00,0x00,0x00,0x00,0x00,0x00,0x00,0x00,0x00,
    0x00,0xAD,0xBC,0xBC,0xBC,0x95,0x00,0x00,0x00,0x00,0x00,0x00,0x00,0x00,0x00,0x00,
    0x00,0x00,0x00,0x00,0x00,0x00,0x00,0x00,0x00,0x00,0x00,0x00,0x00,0x00,0x00,0x00,
    0x13,0x74,0x63,0x00,0x00,0x00,0x00,0x00,0x00,0x00,0x00,0x00,0x00,0x00,0x00,0x00,
    0x00,0x00,0x00,0x00,0x04,0xF3,0xF6,0x01,0x00,0x00,0x00,0x00,0x01,0x48,0x9F,0xD7,
    0xF0,0xFB,0xEC,0xCC,0x8F,0x31,0x00,0x00,0x00,0xDB,0xFF,0x12,0x00,0x00,0x00,0x21,
    0xC8,0xFF,0xFF,0xFF,0xFF,0xFF,0xFF,0xFF,0xFF,0xFF,0xFF,0x2C,0x2A,0xF9,0xFF,0x0E,
    0x00,0x00,0x1F,0xE7,0xFF,0xFF,0xFF,0xFF,0xFF,0xFF,0xFF,0xFF,0xFF,0xFF,0xFF,0xFF,
    0xFF,0xFF,0xE0,0x00,0x00,0x00,0xC0,0xFF,0xFF,0xFF,0xFF,0xA6,0x23,0x07,0x38,0xD2,
    0xFF,0xFF,0xFF,0xFF,0xFF,0xF9,0x53,0x00,0x00,0x3B,0xFF,0xFF,0xFF,0xFF,0xCB,0x02,
    0x00,0x00,0x00,0x1D,0xF7,0xFF,0xFF,0xFF,0xFF,0x13,0x00,0x00,0x00,0x85,0xFF,0xFF,
    0xFF,0xFF,0x69,0x00,0x00,0x00,0x00,0x00,0xAF,0xFF,0xFF,0xFF,0xFF,0x40,0x00,0x00,
    0x00,0xAC,0xFF,0xFF,0xFF,0xFF,0x3B,0x00,0x00,0x00,0x00,0x00,0x81,0xFF,0xFF,0xFF,
    0xFF,0x66,0x00,0x00,0x00,0xBB,0xFF,0xFF,0xFF,0xFF,0x2F,0x00,0x00,0x00,0x00,0x00,
    0x73,0xFF,0xFF,0xFF,0xFF,0x76,0x00,0x00,0x00,0xAC,0xFF,0xFF,0xFF,0xFF,0x3B,0x00,
    0x00,0x00,0x00,0x00,0x81,0xFF,0xFF,0xFF,0xFF,0x66,0x00,0x00,0x00,0x85,0xFF,0xFF,
    0xFF,0xFF,0x69,0x00,0x00,0x00,0x00,0x00,0xAF,0xFF,0xFF,0xFF,0xFF,0x41,0x00,0x00,
    0x00,0x3B,0xFF,0xFF,0xFF,0xFF,0xCB,0x02,0x00,0x00,0x00,0x1D,0xF7,0xFF,0xFF,0xFF,
    0xF1,0x06,0x00,0x00,0x00,0x00,0xC2,0xFF,0xFF,0xFF,0xFF,0xA5,0x22,0x06,0x37,0xD1,
    0xFF,0xFF,0xFF,0xFF,0x7E,0x00,0x00,0x00,0x00,0x00,0x21,0xE9,0xFF,0xFF,0xFF,0xFF,
    0xFF,0xFF,0xFF,0xFF,0xFF,0xFF,0xFF,0xC2,0x06,0x00,0x00,0x00,0x00,0x00,0x00,0x23,
    0xCB,0xFF,0xFF,0xFF,0xFF,0xFF,0xFF,0xFF,0xFF,0xFF,0xA3,0x0C,0x00,0x00,0x00,0x00,
    0x00,0x00,0x00,0x00,0x01,0x4A,0xA1,0xD8,0xF1,0xFB,0xED,0xCD,0x91,0x2F,0x00,0x00,
    0x00,0x00,0x00,0x00,0x00,0x00,0x00,0x00,0x00,0x00,0x00,0x00,0x00,0x00,0x00,0x00,
    0x00,0x00,0x00,0x00,0x00,0x00,0x00,0x00,0x00,0x00,0x00,0x00,0x00,0x00,0x02,0x1C,
    0x1C,0x1C,0x1C,0x11,0x00,0x00,0x00,0x00,0x00,0x00,0x00,0x00,0x00,0x00,0x00,0x00,
    0x00,0x00,0x18,0xFF,0xFF,0xFF,0xFF,0xA0,0x00,0x00,0x00,0x00,0x00,0x00,0x00,0x00,
    0x00,0x00,0x00,0x00,0x00,0x00,0x18,0xFF,0xFF,0xFF,0xFF,0xA0,0x00,0x00,0x00,0x00,
    0x00,0x00,0x00,0x00,0x00,0x00,0x00,0x00,0x00,0x00,0x18,0xFF,0xFF,0xFF,0xFF,0xA0,
    0x00,0x00,0x00,0x00,0x00,0x00,0x00,0x00,0x00,0x00,0x00,0x00,0x00,0x00,0x11,0xBC,
    0xBC,0xBC,0xBC,0x75,0x00,0x00,0x00,0x00,0x00,0x00,0x00,0x00,0x00,0x00,0x84,0xFF,
    0xFF,0xFF,0xFF,0x8C,0x00,0x00,0x00,0x00,0x00,0x00,0xA0,0xFF,0xFF,0xFF,0xFF,0x74,
    0x00,0x00,0x00,0x00,0x84,0xFF,0xFF,0xFF,0xFF,0x8C,0x00,0x00,0x00,0x00,0x00,0x00,
    0xA0,0xFF,0xFF,0xFF,0xFF,0x74,0x00,0x00,0x00,0x00,0x84,0xFF,0xFF,0xFF,0xFF,0x8C,
    0x00,0x00,0x00,0x00,0x00,0x00,0xA0,0xFF,0xFF,0xFF,0xFF,0x74,0x00,0x00,0x00,0x00,
    0x84,0xFF,0xFF,0xFF,0xFF,0x8C,0x00,0x00,0x00,0x00,0x00,0x00,0xA0,0xFF,0xFF,0xFF,
    0xFF,0x74,0x00,0x00,0x00,0x00,0x84,0xFF,0xFF,0xFF,0xFF,0x8C,0x00,0x00,0x00,0x00,
    0x00,0x00,0xA0,0xFF,0xFF,0xFF,0xFF,0x74,0x00,0x00,0x00,0x00,0x84,0xFF,0xFF,0xFF,
    0xFF,0x8C,0x00,0x00,0x00,0x00,0x00,0x00,0xA0,0xFF,0xFF,0xFF,0xFF,0x74,0x00,0x00,
    0x00,0x00,0x84,0xFF,0xFF,0xFF,0xFF,0x8C,0x00,0x00,0x00,0x00,0x00,0x00,0xA0,0xFF,
    0xFF,0xFF,0xFF,0x74,0x00,0x00,0x00,0x00,0x84,0xFF,0xFF,0xFF,0xFF,0x8C,0x00,0x00,
    0x00,0x00,0x00,0x00,0xA0,0xFF,0xFF,0xFF,0xFF,0x74,0x00,0x00,0x00,0x00,0x84,0xFF,
    0xFF,0xFF,0xFF,0x8C,0x00,0x00,0x00,0x00,0x00,0x00,0xA0,0xFF,0xFF,0xFF,0xFF,0x74,
    0x00,0x00,0x00,0x00,0x84,0xFF,0xFF,0xFF,0xFF,0x8C,0x00,0x00,0x00,0x00,0x00,0x00,
    0xA0,0xFF,0xFF,0xFF,0xFF,0x74,0x00,0x00,0x00,0x00,0x84,0xFF,0xFF,0xFF,0xFF,0x8C,
    0x00,0x00,0x00,0x00,0x00,0x00,0xA0,0xFF,0xFF,0xFF,0xFF,0x74,0x00,0x00,0x00,0x00,
    0x84,0xFF,0xFF,0xFF,0xFF,0x8C,0x00,0x00,0x00,0x00,0x00,0x00,0xA0,0xFF,0xFF,0xFF,
    0xFF,0x74,0x00,0x00,0x00,0x00,0x7F,0xFF,0xFF,0xFF,0xFF,0x8E,0x00,0x00,0x00,0x00,
    0x00,0x00,0xA2,0xFF,0xFF,0xFF,0xFF,0x6E,0x00,0x00,0x00,0x00,0x6E,0xFF,0xFF,0xFF,
    0xFF,0x9C,0x00,0x00,0x00,0x00,0x00,0x00,0xB1,0xFF,0xFF,0xFF,0xFF,0x5D,0x00,0x00,
    0x00,0x00,0x4A,0xFF,0xFF,0xFF,0xFF,0xC6,0x00,0x00,0x00,0x00,0x00,0x00,0xDA,0xFF,
    0xFF,0xFF,0xFF,0x38,0x00,0x00,0x00,0x00,0x0E,0xF9,0xFF,0xFF,0xFF,0xFC,0x24,0x00,
    0x00,0x00,0x00,0x35,0xFF,0xFF,0xFF,0xFF,0xF1,0x05,0x00,0x00,0x00,0x00,0x00,0x98,
    0xFF,0xFF,0xFF,0xFF,0xD7,0x43,0x09,0x0B,0x4C,0xE1,0xFF,0xFF,0xFF,0xFF,0x86,0x00,
    0x00,0x00,0x00,0x00,0x00,0x12,0xDB,0xFF,0xFF,0xFF,0xFF,0xFF,0xFF,0xFF,0xFF,0xFF,
    0xFF,0xFF,0xFF,0xD0,0x0C,0x00,0x00,0x00,0x00,0x00,0x00,0x00,0x1B,0xBC,0xFF,0xFF,
    0xFF,0xFF,0xFF,0xFF,0xFF,0xFF,0xFF,0xFF,0xB1,0x15,0x00,0x00,0x00,0x00,0x00,0x00,
    0x00,0x00,0x00,0x00,0x3B,0x93,0xCA,0xEA,0xF9,0xF8,0xE9,0xC6,0x8F,0x34,0x00,0x00,
    0x00,0x00,0x00,0x00,0x00,0x00,0x00,0x00,0x00,0x00,0x00,0x00,0x00,0x00,0x00,0x00,
    0x00,0x00,0x00,0x00,0x00,0x00,0x00,0x00,0x00,0x00,0x00,0x00,0x00,0x00,0x00,0x00,
    0x00,0x00,0x0C,0x1C,0x1C,0x1C,0x1C,0x07,0x00,0x00,0x00,0x00,0x00,0x00,0x00,0x00,
    0x00,0x00,0x00,0x00,0x00,0x00,0x00,0x00,0x70,0xFF,0xFF,0xFF,0xFF,0x48,0x00,0x00,
    0x00,0x00,0x00,0x00,0x00,0x00,0x00,0x00,0x00,0x00,0x00,0x00,0x00,0x00,0x70,0xFF,
    0xFF,0xFF,0xFF,0x48,0x00,0x00,0x00,0x00,0x00,0x00,0x00,0x00,0x00,0x00,0x00,0x00,
    0x00,0x00,0x00,0x00,0x70,0xFF,0xFF,0xFF,0xFF,0x48,0x00,0x00,0x00,0x00,0x00,0x00,
    0x00,0x00,0x00,0x00,0x00,0x00,0x00,0x00,0x00,0x00,0x52,0xBC,0xBC,0xBC,0xBC,0x34,
    0x00,0x00,0x00,0x00,0x00,0x00,0x00,0x00,0x00,0x00,0xE4,0xFF,0xFF,0xFF,0xDC,0x00,
    0x00,0x00,0x00,0x00,0xC4,0xFF,0xFF,0xFF,0xF4,0x00,0x00,0x00,0x00,0xE4,0xFF,0xFF,
    0xFF,0xDB,0x00,0x00,0x00,0x00,0x00,0xC4,0xFF,0xFF,0xFF,0xF4,0x00,0x00,0x00,0x00,
    0xE4,0xFF,0xFF,0xFF,0xDA,0x00,0x00,0x00,0x00,0x00,0xC4,0xFF,0xFF,0xFF,0xF4,0x00,
    0x00,0x00,0x00,0xE4,0xFF,0xFF,0xFF,0xD9,0x00,0x00,0x00,0x00,0x00,0xC4,0xFF,0xFF,
    0xFF,0xF4,0x00,0x00,0x00,0x00,0xE4,0xFF,0xFF,0xFF,0xD8,0x00,0x00,0x00,0x00,0x00,
    0xC4,0xFF,0xFF,0xFF,0xF4,0x00,0x00,0x00,0x00,0xE4,0xFF,0xFF,0xFF,0xD6,0x00,0x00,
    0x00,0x00,0x00,0xC4,0xFF,0xFF,0xFF,0xF4,0x00,0x00,0x00,0x00,0xE4,0xFF,0xFF,0xFF,
    0xD4,0x00,0x00,0x00,0x00,0x00,0xC4,0xFF,0xFF,0xFF,0xF4,0x00,0x00,0x00,0x00,0xE4,
    0xFF,0xFF,0xFF,0xD4,0x00,0x00,0x00,0x00,0x00,0xC6,0xFF,0xFF,0xFF,0xF4,0x00,0x00,
    0x00,0x00,0xE4,0xFF,0xFF,0xFF,0xD8,0x00,0x00,0x00,0x00,0x00,0xDF,0xFF,0xFF,0xFF,
    0xF4,0x00,0x00,0x00,0x00,0xE0,0xFF,0xFF,0xFF,0xE5,0x00,0x00,0x00,0x00,0x0F,0xFA,
    0xFF,0xFF,0xFF,0xF4,0x00,0x00,0x00,0x00,0xCE,0xFF,0xFF,0xFF,0xFE,0x12,0x00,0x00,
    0x00,0x78,0xFF,0xFF,0xFF,0xFF,0xF4,0x00,0x00,0x00,0x00,0x9D,0xFF,0xFF,0xFF,0xFF,
    0xB5,0x21,0x0D,0x64,0xF8,0xFF,0xFF,0xFF,0xFF,0xF4,0x00,0x00,0x00,0x00,0x3E,0xFF,
    0xFF,0xFF,0xFF,0xFF,0xFF,0xFF,0xFF,0xCA,0xCC,0xFF,0xFF,0xFF,0xF4,0x00,0x00,0x00,
    0x00,0x00,0x90,0xFF,0xFF,0xFF,0xFF,0xFF,0xFF,0xD0,0x1A,0xC4,0xFF,0xFF,0xFF,0xF4,
    0x00,0x00,0x00,0x00,0x00,0x00,0x58,0xBF,0xEF,0xF8,0xD6,0x7B,0x0A,0x00,0xC4,0xFF,
    0xFF,0xFF,0xF4,0x00,0x00,0x00,0x00,0x00,0x00,0x00,0x00,0x00,0x00,0x00,0x00,0x00,
    0x00,0x00,0x00,0x00,0x00,0x00,0x00,0x00,0x00,0x00,0x00,0x00,0x00,0x00,0x00,0x17,
    0x1C,0x1C,0x1C,0x18,0x00,0x00,0x00,0x00,0x00,0x00,0x00,0x00,0x00,0x00,0x00,0x00,
    0x00,0x00,0xD8,0xFF,0xFF,0xFF,0xE0,0x00,0x00,0x00,0x00,0x00,0x00,0x00,0x00,0x00,
    0x00,0x00,0x00,0x00,0x00,0xD8,0xFF,0xFF,0xFF,0xE0,0x00,0x00,0x00,0x00,0x00,0x00,
    0x00,0x00,0x00,0x00,0x00,0x00,0x00,0x00,0xD8,0xFF,0xFF,0xFF,0xE0,0x00,0x00,0x00,
    0x00,0x00,0x00,0x00,0x00,0x00,0x00,0x00,0x00,0x00,0x00,0x9E,0xBC,0xBC,0xBC,0xA4,
    0x00,0x00,0x00,0x00,0x00,0x00,0x00,0x00,0x00,0x00,0x00,0x00,0x00,0x00,0x12,0x6D,
    0xA1,0xBB,0xB1,0x85,0x1E,0x00,0x00,0x00,0x00,0x00,0x00,0x00,0x00,0x00,0x00,0x00,
    0x00,0x00,0x00,0x00,0x44,0xF5,0xBB,0x9E,0xB3,0xFC,0xEA,0x1B,0x00,0x00,0x00,0x00,
    0x00,0x00,0x00,0x00,0x00,0x00,0x00,0x00,0x00,0x00,0x0F,0x0C,0x00,0x00,0x00,0xA3,
    0xFF,0x5D,0x00,0x00,0x00,0x00,0x00,0x00,0x00,0x00,0x00,0x00,0x00,0x00,0x00,0x00,
    0x00,0x00,0x00,0x00,0x4A,0xF7,0xFE,0x35,0x00,0x00,0x00,0x00,0x00,0x00,0x00,0x00,
    0x00,0x00,0x00,0x00,0x00,0x00,0x00,0x00,0x00,0x62,0xFD,0xFC,0x6D,0x00,0x00,0x00,
    0x00,0x00,0x00,0x00,0x00,0x00,0x00,0x00,0x00,0x00,0x00,0x00,0x00,0x00,0x00,0xF0,
    0xFF,0x57,0x00,0x00,0x00,0x00,0x00,0x00,0x00,0x00,0x00,0x00,0x00,0x00,0x00,0x00,
    0x00,0x00,0x00,0x00,0x00,0x5C,0x5C,0x0C,0x00,0x00,0x00,0x00,0x00,0x00,0x00,0x00,
    0x00,0x00,0x00,0x00,0x00,0x00,0x00,0x00,0x00,0x00,0x00,0x00,0x00,0x00,0x00,0x00,
    0x00,0x00,0x00,0x00,0x00,0x00,0x00,0x00,0x00,0x84,0xFF,0xFF,0xFF,0xFF,0x8C,0x00,
    0x00,0x00,0x00,0x00,0x00,0xA0,0xFF,0xFF,0xFF,0xFF,0x74,0x00,0x00,0x00,0x00,0x84,
    0xFF,0xFF,0xFF,0xFF,0x8C,0x00,0x00,0x00,0x00,0x00,0x00,0xA0,0xFF,0xFF,0xFF,0xFF,
    0x74,0x00,0x00,0x00,0x00,0x84,0xFF,0xFF,0xFF,0xFF,0x8C,0x00,0x00,0x00,0x00,0x00,
    0x00,0xA0,0xFF,0xFF,0xFF,0xFF,0x74,0x00,0x00,0x00,0x00,0x84,0xFF,0xFF,0xFF,0xFF,
    0x8C,0x00,0x00,0x00,0x00,0x00,0x00,0xA0,0xFF,0xFF,0xFF,0xFF,0x74,0x00,0x00,0x00,
    0x00,0x84,0xFF,0xFF,0xFF,0xFF,0x8C,0x00,0x00,0x00,0x00,0x00,0x00,0xA0,0xFF,0xFF,
    0xFF,0xFF,0x74,0x00,0x00,0x00,0x00,0x84,0xFF,0xFF,0xFF,0xFF,0x8C,0x00,0x00,0x00,
    0x00,0x00,0x00,0xA0,0xFF,0xFF,0xFF,0xFF,0x74,0x00,0x00,0x00,0x00,0x84,0xFF,0xFF,
    0xFF,0xFF,0x8C,0x00,0x00,0x00,0x00,0x00,0x00,0xA0,0xFF,0xFF,0xFF,0xFF,0x74,0x00,
    0x00,0x00,0x00,0x84,0xFF,0xFF,0xFF,0xFF,0x8C,0x00,0x00,0x00,0x00,0x00,0x00,0xA0,
    0xFF,0xFF,0xFF,0xFF,0x74,0x00,0x00,0x00,0x00,0x84,0xFF,0xFF,0xFF,0xFF,0x8C,0x00,
    0x00,0x00,0x00,0x00,0x00,0xA0,0xFF,0xFF,0xFF,0xFF,0x74,0x00,0x00,0x00,0x00,0x84,
    0xFF,0xFF,0xFF,0xFF,0x8C,0x00,0x00,0x00,0x00,0x00,0x00,0xA0,0xFF,0xFF,0xFF,0xFF,
    0x74,0x00,0x00,0x00,0x00,0x84,0xFF,0xFF,0xFF,0xFF,0x8C,0x00,0x00,0x00,0x00,0x00,
    0x00,0xA0,0xFF,0xFF,0xFF,0xFF,0x74,0x00,0x00,0x00,0x00,0x84,0xFF,0xFF,0xFF,0xFF,
    0x8C,0x00,0x00,0x00,0x00,0x00,0x00,0xA0,0xFF,0xFF,0xFF,0xFF,0x74,0x00,0x00,0x00,
    0x00,0x7F,0xFF,0xFF,0xFF,0xFF,0x8E,0x00,0x00,0x00,0x00,0x00,0x00,0xA2,0xFF,0xFF,
    0xFF,0xFF,0x6E,0x00,0x00,0x00,0x00,0x6E,0xFF,0xFF,0xFF,0xFF,0x9C,0x00,0x00,0x00,
    0x00,0x00,0x00,0xB1,0xFF,0xFF,0xFF,0xFF,0x5D,0x00,0x00,0x00,0x00,0x4A,0xFF,0xFF,
    0xFF,0xFF,0xC6,0x00,0x00,0x00,0x00,0x00,0x00,0xDA,0xFF,0xFF,0xFF,0xFF,0x38,0x00,
    0x00,0x00,0x00,0x0E,0xF9,0xFF,0xFF,0xFF,0xFC,0x24,0x00,0x00,0x00,0x00,0x35,0xFF,
    0xFF,0xFF,0xFF,0xF1,0x05,0x00,0x00,0x00,0x00,0x00,0x98,0xFF,0xFF,0xFF,0xFF,0xD7,
    0x43,0x09,0x0B,0x4C,0xE1,0xFF,0xFF,0xFF,0xFF,0x86,0x00,0x00,0x00,0x00,0x00,0x00,
    0x12,0xDB,0xFF,0xFF,0xFF,0xFF,0xFF,0xFF,0xFF,0xFF,0xFF,0xFF,0xFF,0xFF,0xD0,0x0C,
    0x00,0x00,0x00,0x00,0x00,0x00,0x00,0x1B,0xBC,0xFF,0xFF,0xFF,0xFF,0xFF,0xFF,0xFF,
    0xFF,0xFF,0xFF,0xB1,0x15,0x00,0x00,0x00,0x00,0x00,0x00,0x00,0x00,0x00,0x00,0x3B,
    0x93,0xCA,0xEA,0xF9,0xF8,0xE9,0xC6,0x8F,0x34,0x00,0x00,0x00,0x00,0x00,0x00,0x00,
    0x00,0x00,0x00,0x00,0x00,0x35,0x84,0xAD,0xBD,0xA7,0x60,0x05,0x00,0x00,0x00,0x00,
    0x00,0x00,0x00,0x00,0x00,0x00,0x00,0x00,0xA8,0xE1,0xAB,0x9E,0xD5,0xFF,0xA2,0x00,
    0x00,0x00,0x00,0x00,0x00,0x00,0x00,0x00,0x00,0x00,0x00,0x1B,0x00,0x00,0x00,0x0A,
    0xFC,0xF8,0x01,0x00,0x00,0x00,0x00,0x00,0x00,0x00,0x00,0x00,0x00,0x00,0x00,0x00,
    0x00,0x05,0xA0,0xFF,0xCF,0x00,0x00,0x00,0x00,0x00,0x00,0x00,0x00,0x00,0x00,0x00,
    0x00,0x00,0x00,0x06,0xBD,0xFF,0xDE,0x27,0x00,0x00,0x00,0x00,0x00,0x00,0x00,0x00,
    0x00,0x00,0x00,0x00,0x00,0x00,0x54,0xFF,0xE1,0x11,0x00,0x00,0x00,0x00,0x00,0x00,
    0x00,0x00,0x00,0x00,0x00,0x00,0x00,0x00,0x00,0x23,0x5C,0x45,0x00,0x00,0x00,0x00,
    0x00,0x00,0x00,0x00,0x00,0x00,0x00,0x00,0x00,0x00,0x00,0x00,0x00,0x00,0x00,0x00,
    0x00,0x00,0x00,0x00,0x00,0x00,0x00,0x00,0x00,0xE4,0xFF,0xFF,0xFF,0xDC,0x00,0x00,
    0x00,0x00,0x00,0xC4,0xFF,0xFF,0xFF,0xF4,0x00,0x00,0x00,0x00,0xE4,0xFF,0xFF,0xFF,
    0xDB,0x00,0x00,0x00,0x00,0x00,0xC4,0xFF,0xFF,0xFF,0xF4,0x00,0x00,0x00,0x00,0xE4,
    0xFF,0xFF,0xFF,0xDA,0x00,0x00,0x00,0x00,0x00,0xC4,0xFF,0xFF,0xFF,0xF4,0x00,0x00,
    0x00,0x00,0xE4,0xFF,0xFF,0xFF,0xD9,0x00,0x00,0x00,0x00,0x00,0xC4,0xFF,0xFF,0xFF,
    0xF4,0x00,0x00,0x00,0x00,0xE4,0xFF,0xFF,0xFF,0xD8,0x00,0x00,0x00,0x00,0x00,0xC4,
    0xFF,0xFF,0xFF,0xF4,0x00,0x00,0x00,0x00,0xE4,0xFF,0xFF,0xFF,0xD6,0x00,0x00,0x00,
    0x00,0x00,0xC4,0xFF,0xFF,0xFF,0xF4,0x00,0x00,0x00,0x00,0xE4,0xFF,0xFF,0xFF,0xD4,
    0x00,0x00,0x00,0x00,0x00,0xC4,0xFF,0xFF,0xFF,0xF4,0x00,0x00,0x00,0x00,0xE4,0xFF,
    0xFF,0xFF,0xD4,0x00,0x00,0x00,0x00,0x00,0xC6,0xFF,0xFF,0xFF,0xF4,0x00,0x00,0x00,
    0x00,0xE4,0xFF,0xFF,0xFF,0xD8,0x00,0x00,0x00,0x00,0x00,0xDF,0xFF,0xFF,0xFF,0xF4,
    0x00,0x00,0x00,0x00,0xE0,0xFF,0xFF,0xFF,0xE5,0x00,0x00,0x00,0x00,0x0F,0xFA,0xFF,
    0xFF,0xFF,0xF4,0x00,0x00,0x00,0x00,0xCE,0xFF,0xFF,0xFF,0xFE,0x12,0x00,0x00,0x00,
    0x78,0xFF,0xFF,0xFF,0xFF,0xF4,0x00,0x00,0x00,0x00,0x9D,0xFF,0xFF,0xFF,0xFF,0xB5,
    0x21,0x0D,0x64,0xF8,0xFF,0xFF,0xFF,0xFF,0xF4,0x00,0x00,0x00,0x00,0x3E,0xFF,0xFF,
    0xFF,0xFF,0xFF,0xFF,0xFF,0xFF,0xCA,0xCC,0xFF,0xFF,0xFF,0xF4,0x00,0x00,0x00,0x00,
    0x00,0x90,0xFF,0xFF,0xFF,0xFF,0xFF,0xFF,0xD0,0x1A,0xC4,0xFF,0xFF,0xFF,0xF4,0x00,
    0x00,0x00,0x00,0x00,0x00,0x58,0xBF,0xEF,0xF8,0xD6,0x7B,0x0A,0x00,0xC4,0xFF,0xFF,
    0xFF,0xF4,0x00,0x00,0x00,0x00,0x00,0x00,0x00,0x00,0x00,0x00,0x00,0x00,0x2D,0xF1,
    0xFF,0xFB,0x70,0x00,0x00,0x00,0x00,0x00,0x00,0x00,0x00,0x00,0x00,0x00,0x00,0x00,
    0x00,0x00,0x00,0x00,0x1A,0xE3,0xFF,0xEA,0x3F,0x00,0x00,0x00,0x00,0x00,0x00,0x00,
    0x00,0x00,0x00,0x00,0x00,0x00,0x00,0x00,0x00,0x00,0x0C,0xCF,0xFF,0xCB,0x1D,0x00,
    0x00,0x00,0x00,0x00,0x00,0x00,0x00,0x00,0x00,0x00,0x00,0x00,0x00,0x00,0x00,0x00,
    0x00,0x00,0x00,0x00,0x00,0x00,0x00,0x00,0x00,0x00,0x00,0x00,0x00,0x00,0x00,0x00,
    0x00,0x00,0x00,0x00,0x00,0x00,0x00,0x00,0x00,0x00,0x00,0x00,0x00,0x00,0x00,0x00,
    0x00,0x00,0x00,0x00,0x5B,0x74,0x1B,0x00,0x00,0x88,0xFF,0xFF,0xFF,0xFF,0x88,0x00,
    0x00,0x00,0x00,0x00,0x00,0xA4,0xFF,0xFF,0xFF,0xFF,0x70,0x97,0xFF,0x58,0x00,0x00,
    0x88,0xFF,0xFF,0xFF,0xFF,0x88,0x00,0x00,0x00,0x00,0x00,0x00,0xA4,0xFF,0xFF,0xFF,
    0xFF,0x70,0x7B,0xFF,0x72,0x00,0x00,0x88,0xFF,0xFF,0xFF,0xFF,0x88,0x00,0x00,0x00,
    0x00,0x00,0x00,0xA4,0xFF,0xFF,0xFF,0xFF,0x7A,0xBC,0xFF,0x6E,0x00,0x00,0x88,0xFF,
    0xFF,0xFF,0xFF,0x88,0x00,0x00,0x00,0x00,0x00,0x00,0xA4,0xFF,0xFF,0xFF,0xFF,0xFF,
    0xFF,0xFF,0x40,0x00,0x00,0x88,0xFF,0xFF,0xFF,0xFF,0x88,0x00,0x00,0x00,0x00,0x00,
    0x00,0xA4,0xFF,0xFF,0xFF,0xFF,0xFF,0xFF,0xAB,0x00,0x00,0x00,0x88,0xFF,0xFF,0xFF,
    0xFF,0x88,0x00,0x00,0x00,0x00,0x00,0x00,0xA4,0xFF,0xFF,0xFF,0xFF,0x87,0x1C,0x00,
    0x00,0x00,0x00,0x88,0xFF,0xFF,0xFF,0xFF,0x88,0x00,0x00,0x00,0x00,0x00,0x00,0xA4,
    0xFF,0xFF,0xFF,0xFF,0x70,0x00,0x00,0x00,0x00,0x00,0x88,0xFF,0xFF,0xFF,0xFF,0x88,
    0x00,0x00,0x00,0x00,0x00,0x00,0xA4,0xFF,0xFF,0xFF,0xFF,0x70,0x00,0x00,0x00,0x00,
    0x00,0x88,0xFF,0xFF,0xFF,0xFF,0x88,0x00,0x00,0x00,0x00,0x00,0x00,0xA4,0xFF,0xFF,
    0xFF,0xFF,0x70,0x00,0x00,0x00,0x00,0x00,0x88,0xFF,0xFF,0xFF,0xFF,0x88,0x00,0x00,
    0x00,0x00,0x00,0x00,0xA4,0xFF,0xFF,0xFF,0xFF,0x70,0x00,0x00,0x00,0x00,0x00,0x88,
    0xFF,0xFF,0xFF,0xFF,0x88,0x00,0x00,0x00,0x00,0x00,0x00,0xA4,0xFF,0xFF,0xFF,0xFF,
    0x70,0x00,0x00,0x00,0x00,0x00,0x88,0xFF,0xFF,0xFF,0xFF,0x88,0x00,0x00,0x00,0x00,
    0x00,0x00,0xA4,0xFF,0xFF,0xFF,0xFF,0x70,0x00,0x00,0x00,0x00,0x00,0x83,0xFF,0xFF,
    0xFF,0xFF,0x8A,0x00,0x00,0x00,0x00,0x00,0x00,0xA6,0xFF,0xFF,0xFF,0xFF,0x6A,0x00,
    0x00,0x00,0x00,0x00,0x72,0xFF,0xFF,0xFF,0xFF,0x98,0x00,0x00,0x00,0x00,0x00,0x00,
    0xB5,0xFF,0xFF,0xFF,0xFF,0x59,0x00,0x00,0x00,0x00,0x00,0x4E,0xFF,0xFF,0xFF,0xFF,
    0xC2,0x00,0x00,0x00,0x00,0x00,0x00,0xDE,0xFF,0xFF,0xFF,0xFF,0x34,0x00,0x00,0x00,
    0x00,0x00,0x10,0xFA,0xFF,0xFF,0xFF,0xFB,0x21,0x00,0x00,0x00,0x00,0x39,0xFF,0xFF,
    0xFF,0xFF,0xEF,0x03,0x00,0x00,0x00,0x00,0x00,0x00,0x9C,0xFF,0xFF,0xFF,0xFF,0xD5,
    0x41,0x09,0x0C,0x4E,0xE3,0xFF,0xFF,0xFF,0xFF,0x82,0x00,0x00,0x00,0x00,0x00,0x00,
    0x00,0x14,0xDD,0xFF,0xFF,0xFF,0xFF,0xFF,0xFF,0xFF,0xFF,0xFF,0xFF,0xFF,0xFF,0xCD,
    0x0B,0x00,0x00,0x00,0x00,0x00,0x00,0x00,0x00,0x1C,0xBF,0xFF,0xFF,0xFF,0xFF,0xFF,
    0xFF,0xFF,0xFF,0xFF,0xFF,0xAF,0x13,0x00,0x00,0x00,0x00,0x00,0x00,0x00,0x00,0x00,
    0x00,0x00,0x3D,0x94,0xCA,0xEA,0xF9,0xF8,0xE9,0xC6,0x8E,0x32,0x00,0x00,0x00,0x00,
    0x00,0x00,0x00,0x00,0x00,0x00,0x00,0x00,0x00,0x00,0x00,0x00,0x00,0x00,0xA7,0xFF,
    0xFF,0xDC,0x1A,0x00,0x00,0x00,0x00,0x00,0x00,0x00,0x00,0x00,0x00,0x00,0x00,0x00,
    0x00,0x66,0xFF,0xFF,0xDF,0x1E,0x00,0x00,0x00,0x00,0x00,0x00,0x00,0x00,0x00,0x00,
    0x00,0x00,0x00,0x00,0x2D,0xF6,0xFF,0xE2,0x21,0x00,0x00,0x00,0x00,0x00,0x00,0x00,
    0x00,0x00,0x00,0x00,0x00,0x00,0x00,0x0B,0xD7,0xFF,0xE5,0x24,0x00,0x00,0x00,0x00,
    0x00,0x00,0x00,0x00,0x00,0x00,0x00,0x00,0x00,0x00,0x00,0xA1,0xFF,0xE8,0x28,0x00,
    0x00,0x00,0x00,0x00,0x00,0x00,0x00,0x00,0x00,0x00,0x00,0x00,0x00,0x00,0x00,0x00,
    0x00,0x00,0x00,0x00,0x00,0x00,0x00,0x00,0x39,0x74,0x3D,0x00,0x00,0x00,0x00,0x00,
    0x00,0x00,0x00,0x00,0x00,0x00,0x00,0x00,0x00,0x00,0x00,0x00,0x4B,0xFF,0xA4,0x00,
    0x00,0xF8,0xFF,0xFF,0xFF,0xC8,0x00,0x00,0x00,0x00,0x00,0xD8,0xFF,0xFF,0xFF,0xE0,
    0x2F,0xFF,0xBE,0x00,0x00,0xF8,0xFF,0xFF,0xFF,0xC7,0x00,0x00,0x00,0x00,0x00,0xD8,
    0xFF,0xFF,0xFF,0xED,0x77,0xFF,0xBA,0x00,0x00,0xF8,0xFF,0xFF,0xFF,0xC6,0x00,0x00,
    0x00,0x00,0x00,0xD8,0xFF,0xFF,0xFF,0xFF,0xFF,0xFF,0x8C,0x00,0x00,0xF8,0xFF,0xFF,
    0xFF,0xC5,0x00,0x00,0x00,0x00,0x00,0xD8,0xFF,0xFF,0xFF,0xFF,0xFF,0xDC,0x1B,0x00,
    0x00,0xF8,0xFF,0xFF,0xFF,0xC4,0x00,0x00,0x00,0x00,0x00,0xD8,0xFF,0xFF,0xFF,0xEB,
    0x25,0x03,0x00,0x00,0x00,0xF8,0xFF,0xFF,0xFF,0xC2,0x00,0x00,0x00,0x00,0x00,0xD8,
    0xFF,0xFF,0xFF,0xE0,0x00,0x00,0x00,0x00,0x00,0xF8,0xFF,0xFF,0xFF,0xC0,0x00,0x00,
    0x00,0x00,0x00,0xD8,0xFF,0xFF,0xFF,0xE0,0x00,0x00,0x00,0x00,0x00,0xF8,0xFF,0xFF,
    0xFF,0xC0,0x00,0x00,0x00,0x00,0x00,0xDA,0xFF,0xFF,0xFF,0xE0,0x00,0x00,0x00,0x00,
    0x00,0xF8,0xFF,0xFF,0xFF,0xC4,0x00,0x00,0x00,0x00,0x00,0xF3,0xFF,0xFF,0xFF,0xE0,
    0x00,0x00,0x00,0x00,0x00,0xF4,0xFF,0xFF,0xFF,0xD1,0x00,0x00,0x00,0x00,0x1E,0xFF,
    0xFF,0xFF,0xFF,0xE0,0x00,0x00,0x00,0x00,0x00,0xE2,0xFF,0xFF,0xFF,0xF4,0x07,0x00,
    0x00,0x00,0x8C,0xFF,0xFF,0xFF,0xFF,0xE0,0x00,0x00,0x00,0x00,0x00,0xB1,0xFF,0xFF,
    0xFF,0xFF,0xA6,0x1D,0x10,0x71,0xFC,0xFF,0xFF,0xFF,0xFF,0xE0,0x00,0x00,0x00,0x00,
    0x00,0x52,0xFF,0xFF,0xFF,0xFF,0xFF,0xFF,0xFF,0xFF,0xBB,0xDB,0xFF,0xFF,0xFF,0xE0,
    0x00,0x00,0x00,0x00,0x00,0x00,0xA4,0xFF,0xFF,0xFF,0xFF,0xFF,0xFF,0xC4,0x11,0xD8,
    0xFF,0xFF,0xFF,0xE0,0x00,0x00,0x00,0x00,0x00,0x00,0x01,0x63,0xC4,0xF1,0xF6,0xD2,
    0x72,0x05,0x00,0xD8,0xFF,0xFF,0xFF,0xE0,0x00,0x00,0x00,0x00,0x00,0x00,0x00,0x00,
    0x00,0x3C,0xE7,0xFF,0xFF,0x66,0x00,0x00,0x00,0x00,0x00,0x00,0x00,0x00,0x00,0x00,
    0x00,0x00,0x00,0x00,0x00,0x00,0x00,0x00,0x00,0x1A,0xC7,0xFF,0xFC,0x49,0x00,0x00,
    0x00,0x00,0x00,0x00,0x00,0x00,0x00,0x00,0x00,0x00,0x00,0x00,0x00,0x00,0x00,0x00,
    0x00,0x06,0x9A,0xFF,0xF3,0x31,0x00,0x00,0x00,0x00,0x00,0x00,0x00,0x00,0x00,0x00,
    0x00,0x00,0x00,0x00,0x00,0x00,0x00,0x00,0x00,0x00,0x00,0x00,0x00,0x00,0x00,0x00,
    0x00,0x00,0x00,0x00,0x00,0x00,0x00,0x00,0x00,0x00,0x00,0x00,0x00,0x00,0x00,0x00,
    0x00,0x00,0x00,0x00,0x00,0x00,0x00,0x00,0x00,0x00,0x00,0x5B,0x74,0x1B,0x00,0x00,
    0x88,0xFF,0xFF,0xFF,0xFF,0x88,0x00,0x00,0x00,0x00,0x00,0x00,0xA4,0xFF,0xFF,0xFF,
    0xFF,0x70,0x97,0xFF,0x58,0x00,0x00,0x88,0xFF,0xFF,0xFF,0xFF,0x88,0x00,0x00,0x00,
    0x00,0x00,0x00,0xA4,0xFF,0xFF,0xFF,0xFF,0x70,0x7B,0xFF,0x72,0x00,0x00,0x88,0xFF,
    0xFF,0xFF,0xFF,0x88,0x00,0x00,0x00,0x00,0x00,0x00,0xA4,0xFF,0xFF,0xFF,0xFF,0x7A,
    0xBC,0xFF,0x6E,0x00,0x00,0x88,0xFF,0xFF,0xFF,0xFF,0x88,0x00,0x00,0x00,0x00,0x00,
    0x00,0xA4,0xFF,0xFF,0xFF,0xFF,0xFF,0xFF,0xFF,0x40,0x00,0x00,0x88,0xFF,0xFF,0xFF,
    0xFF,0x88,0x00,0x00,0x00,0x00,0x00,0x00,0xA4,0xFF,0xFF,0xFF,0xFF,0xFF,0xFF,0xAB,
    0x00,0x00,0x00,0x88,0xFF,0xFF,0xFF,0xFF,0x88,0x00,0x00,0x00,0x00,0x00,0x00,0xA4,
    0xFF,0xFF,0xFF,0xFF,0x87,0x1C,0x00,0x00,0x00,0x00,0x88,0xFF,0xFF,0xFF,0xFF,0x88,
    0x00,0x00,0x00,0x00,0x00,0x00,0xA4,0xFF,0xFF,0xFF,0xFF,0x70,0x00,0x00,0x00,0x00,
    0x00,0x88,0xFF,0xFF,0xFF,0xFF,0x88,0x00,0x00,0x00,0x00,0x00,0x00,0xA4,0xFF,0xFF,
    0xFF,0xFF,0x70,0x00,0x00,0x00,0x00,0x00,0x88,0xFF,0xFF,0xFF,0xFF,0x88,0x00,0x00,
    0x00,0x00,0x00,0x00,0xA4,0xFF,0xFF,0xFF,0xFF,0x70,0x00,0x00,0x00,0x00,0x00,0x88,
    0xFF,0xFF,0xFF,0xFF,0x88,0x00,0x00,0x00,0x00,0x00,0x00,0xA4,0xFF,0xFF,0xFF,0xFF,
    0x70,0x00,0x00,0x00,0x00,0x00,0x88,0xFF,0xFF,0xFF,0xFF,0x88,0x00,0x00,0x00,0x00,
    0x00,0x00,0xA4,0xFF,0xFF,0xFF,0xFF,0x70,0x00,0x00,0x00,0x00,0x00,0x88,0xFF,0xFF,
    0xFF,0xFF,0x88,0x00,0x00,0x00,0x00,0x00,0x00,0xA4,0xFF,0xFF,0xFF,0xFF,0x70,0x00,
    0x00,0x00,0x00,0x00,0x83,0xFF,0xFF,0xFF,0xFF,0x8A,0x00,0x00,0x00,0x00,0x00,0x00,
    0xA6,0xFF,0xFF,0xFF,0xFF,0x6A,0x00,0x00,0x00,0x00,0x00,0x72,0xFF,0xFF,0xFF,0xFF,
    0x98,0x00,0x00,0x00,0x00,0x00,0x00,0xB5,0xFF,0xFF,0xFF,0xFF,0x59,0x00,0x00,0x00,
    0x00,0x00,0x4E,0xFF,0xFF,0xFF,0xFF,0xC2,0x00,0x00,0x00,0x00,0x00,0x00,0xDE,0xFF,
    0xFF,0xFF,0xFF,0x34,0x00,0x00,0x00,0x00,0x00,0x10,0xFA,0xFF,0xFF,0xFF,0xFB,0x21,
    0x00,0x00,0x00,0x00,0x39,0xFF,0xFF,0xFF,0xFF,0xEF,0x03,0x00,0x00,0x00,0x00,0x00,
    0x00,0x9C,0xFF,0xFF,0xFF,0xFF,0xD5,0x41,0x09,0x0C,0x4E,0xE3,0xFF,0xFF,0xFF,0xFF,
    0x82,0x00,0x00,0x00,0x00,0x00,0x00,0x00,0x14,0xDD,0xFF,0xFF,0xFF,0xFF,0xFF,0xFF,
    0xFF,0xFF,0xFF,0xFF,0xFF,0xFF,0xCD,0x0B,0x00,0x00,0x00,0x00,0x00,0x00,0x00,0x00,
    0x1C,0xBF,0xFF,0xFF,0xFF,0xFF,0xFF,0xFF,0xFF,0xFF,0xFF,0xFF,0xAF,0x13,0x00,0x00,
    0x00,0x00,0x00,0x00,0x00,0x00,0x00,0x00,0x00,0x3D,0x94,0xCA,0xEA,0xF9,0xF8,0xE9,
    0xC6,0x8E,0x32,0x00,0x00,0x00,0x00,0x00,0x00,0x00,0x00,0x00,0x00,0x00,0x2C,0xEB,
    0xFF,0xFF,0x86,0x00,0x00,0x00,0x00,0x00,0x00,0x00,0x00,0x00,0x00,0x00,0x00,0x00,
    0x00,0x00,0x00,0x30,0xEE,0xFF,0xFE,0x46,0x00,0x00,0x00,0x00,0x00,0x00,0x00,0x00,
    0x00,0x00,0x00,0x00,0x00,0x00,0x00,0x00,0x33,0xF0,0xFF,0xE9,0x19,0x00,0x00,0x00,
    0x00,0x00,0x00,0x00,0x00,0x00,0x00,0x00,0x00,0x00,0x00,0x00,0x00,0x38,0xF2,0xFF,
    0xBF,0x02,0x00,0x00,0x00,0x00,0x00,0x00,0x00,0x00,0x00,0x00,0x00,0x00,0x00,0x00,
    0x00,0x00,0x3C,0xF4,0xFF,0x80,0x00,0x00,0x00,0x00,0x00,0x00,0x00,0x00,0x00,0x00,
    0x00,0x00,0x00,0x00,0x00,0x00,0x00,0x00,0x00,0x00,0x00,0x00,0x00,0x00,0x00,0x39,
    0x74,0x3D,0x00,0x00,0x00,0x00,0x00,0x00,0x00,0x00,0x00,0x00,0x00,0x00,0x00,0x00,
    0x00,0x00,0x00,0x4B,0xFF,0xA4,0x00,0x00,0xF8,0xFF,0xFF,0xFF,0xC8,0x00,0x00,0x00,
    0x00,0x00,0xD8,0xFF,0xFF,0xFF,0xE0,0x2F,0xFF,0xBE,0x00,0x00,0xF8,0xFF,0xFF,0xFF,
    0xC7,0x00,0x00,0x00,0x00,0x00,0xD8,0xFF,0xFF,0xFF,0xED,0x77,0xFF,0xBA,0x00,0x00,
    0xF8,0xFF,0xFF,0xFF,0xC6,0x00,0x00,0x00,0x00,0x00,0xD8,0xFF,0xFF,0xFF,0xFF,0xFF,
    0xFF,0x8C,0x00,0x00,0xF8,0xFF,0xFF,0xFF,0xC5,0x00,0x00,0x00,0x00,0x00,0xD8,0xFF,
    0xFF,0xFF,0xFF,0xFF,0xDC,0x1B,0x00,0x00,0xF8,0xFF,0xFF,0xFF,0xC4,0x00,0x00,0x00,
    0x00,0x00,0xD8,0xFF,0xFF,0xFF,0xEB,0x25,0x03,0x00,0x00,0x00,0xF8,0xFF,0xFF,0xFF,
    0xC2,0x00,0x00,0x00,0x00,0x00,0xD8,0xFF,0xFF,0xFF,0xE0,0x00,0x00,0x00,0x00,0x00,
    0xF8,0xFF,0xFF,0xFF,0xC0,0x00,0x00,0x00,0x00,0x00,0xD8,0xFF,0xFF,0xFF,0xE0,0x00,
    0x00,0x00,0x00,0x00,0xF8,0xFF,0xFF,0xFF,0xC0,0x00,0x00,0x00,0x00,0x00,0xDA,0xFF,
    0xFF,0xFF,0xE0,0x00,0x00,0x00,0x00,0x00,0xF8,0xFF,0xFF,0xFF,0xC4,0x00,0x00,0x00,
    0x00,0x00,0xF3,0xFF,0xFF,0xFF,0xE0,0x00,0x00,0x00,0x00,0x00,0xF4,0xFF,0xFF,0xFF,
    0xD1,0x00,0x00,0x00,0x00,0x1E,0xFF,0xFF,0xFF,0xFF,0xE0,0x00,0x00,0x00,0x00,0x00,
    0xE2,0xFF,0xFF,0xFF,0xF4,0x07,0x00,0x00,0x00,0x8C,0xFF,0xFF,0xFF,0xFF,0xE0,0x00,
    0x00,0x00,0x00,0x00,0xB1,0xFF,0xFF,0xFF,0xFF,0xA6,0x1D,0x10,0x71,0xFC,0xFF,0xFF,
    0xFF,0xFF,0xE0,0x00,0x00,0x00,0x00,0x00,0x52,0xFF,0xFF,0xFF,0xFF,0xFF,0xFF,0xFF,
    0xFF,0xBB,0xDB,0xFF,0xFF,0xFF,0xE0,0x00,0x00,0x00,0x00,0x00,0x00,0xA4,0xFF,0xFF,
    0xFF,0xFF,0xFF,0xFF,0xC4,0x11,0xD8,0xFF,0xFF,0xFF,0xE0,0x00,0x00,0x00,0x00,0x00,
    0x00,0x01,0x63,0xC4,0xF1,0xF6,0xD2,0x72,0x05,0x00,0xD8,0xFF,0xFF,0xFF,0xE0,0x00,
    0x00,0x00,0x00,0x00,0x00,0x00,0x00,0x00,0x00,0x12,0x6D,0xA1,0xBB,0xB1,0x85,0x1E,
    0x00,0x00,0x00,0x00,0x00,0x00,0x00,0x00,0x00,0x00,0x00,0x00,0x00,0x00,0x00,0x00,
    0x44,0xF5,0xBB,0x9E,0xB3,0xFC,0xEA,0x1B,0x00,0x00,0x00,0x00,0x00,0x00,0x00,0x00,
    0x00,0x00,0x00,0x00,0x00,0x00,0x00,0x0F,0x0C,0x00,0x00,0x00,0xA3,0xFF,0x5D,0x00,
    0x00,0x00,0x00,0x00,0x00,0x00,0x00,0x00,0x00,0x00,0x00,0x00,0x00,0x00,0x00,0x00,
    0x00,0x00,0x4A,0xF7,0xFE,0x35,0x00,0x00,0x00,0x00,0x00,0x00,0x00,0x00,0x00,0x00,
    0x00,0x00,0x00,0x00,0x00,0x00,0x00,0x00,0x62,0xFD,0xFC,0x6D,0x00,0x00,0x00,0x00,
    0x00,0x00,0x00,0x00,0x00,0x00,0x00,0x00,0x00,0x00,0x00,0x00,0x00,0x00,0x00,0xF0,
    0xFF,0x57,0x00,0x00,0x00,0x00,0x00,0x00,0x00,0x00,0x00,0x00,0x00,0x00,0x00,0x00,
    0x00,0x00,0x00,0x00,0x00,0x00,0x5C,0x5C,0x0C,0x00,0x00,0x00,0x00,0x00,0x00,0x00,
    0x00,0x00,0x00,0x00,0x00,0x00,0x00,0x00,0x00,0x00,0x00,0x00,0x00,0x00,0x00,0x00,
    0x00,0x00,0x00,0x00,0x00,0x00,0x00,0x5B,0x74,0x1B,0x00,0x00,0x88,0xFF,0xFF,0xFF,
    0xFF,0x88,0x00,0x00,0x00,0x00,0x00,0x00,0xA4,0xFF,0xFF,0xFF,0xFF,0x70,0x97,0xFF,
    0x58,0x00,0x00,0x88,0xFF,0xFF,0xFF,0xFF,0x88,0x00,0x00,0x00,0x00,0x00,0x00,0xA4,
    0xFF,0xFF,0xFF,0xFF,0x70,0x7B,0xFF,0x72,0x00,0x00,0x88,0xFF,0xFF,0xFF,0xFF,0x88,
    0x00,0x00,0x00,0x00,0x00,0x00,0xA4,0xFF,0xFF,0xFF,0xFF,0x7A,0xBC,0xFF,0x6E,0x00,
    0x00,0x88,0xFF,0xFF,0xFF,0xFF,0x88,0x00,0x00,0x00,0x00,0x00,0x00,0xA4,0xFF,0xFF,
    0xFF,0xFF,0xFF,0xFF,0xFF,0x40,0x00,0x00,0x88,0xFF,0xFF,0xFF,0xFF,0x88,0x00,0x00,
    0x00,0x00,0x00,0x00,0xA4,0xFF,0xFF,0xFF,0xFF,0xFF,0xFF,0xAB,0x00,0x00,0x00,0x88,
    0xFF,0xFF,0xFF,0xFF,0x88,0x00,0x00,0x00,0x00,0x00,0x00,0xA4,0xFF,0xFF,0xFF,0xFF,
    0x87,0x1C,0x00,0x00,0x00,0x00,0x88,0xFF,0xFF,0xFF,0xFF,0x88,0x00,0x00,0x00,0x00,
    0x00,0x00,0xA4,0xFF,0xFF,0xFF,0xFF,0x70,0x00,0x00,0x00,0x00,0x00,0x88,0xFF,0xFF,
    0xFF,0xFF,0x88,0x00,0x00,0x00,0x00,0x00,0x00,0xA4,0xFF,0xFF,0xFF,0xFF,0x70,0x00,
    0x00,0x00,0x00,0x00,0x88,0xFF,0xFF,0xFF,0xFF,0x88,0x00,0x00,0x00,0x00,0x00,0x00,
    0xA4,0xFF,0xFF,0xFF,0xFF,0x70,0x00,0x00,0x00,0x00,0x00,0x88,0xFF,0xFF,0xFF,0xFF,
    0x88,0x00,0x00,0x00,0x00,0x00,0x00,0xA4,0xFF,0xFF,0xFF,0xFF,0x70,0x00,0x00,0x00,
    0x00,0x00,0x88,0xFF,0xFF,0xFF,0xFF,0x88,0x00,0x00,0x00,0x00,0x00,0x00,0xA4,0xFF,
    0xFF,0xFF,0xFF,0x70,0x00,0x00,0x00,0x00,0x00,0x88,0xFF,0xFF,0xFF,0xFF,0x88,0x00,
    0x00,0x00,0x00,0x00,0x00,0xA4,0xFF,0xFF,0xFF,0xFF,0x70,0x00,0x00,0x00,0x00,0x00,
    0x83,0xFF,0xFF,0xFF,0xFF,0x8A,0x00,0x00,0x00,0x00,0x00,0x00,0xA6,0xFF,0xFF,0xFF,
    0xFF,0x6A,0x00,0x00,0x00,0x00,0x00,0x72,0xFF,0xFF,0xFF,0xFF,0x98,0x00,0x00,0x00,
    0x00,0x00,0x00,0xB5,0xFF,0xFF,0xFF,0xFF,0x59,0x00,0x00,0x00,0x00,0x00,0x4E,0xFF,
    0xFF,0xFF,0xFF,0xC2,0x00,0x00,0x00,0x00,0x00,0x00,0xDE,0xFF,0xFF,0xFF,0xFF,0x34,
    0x00,0x00,0x00,0x00,0x00,0x10,0xFA,0xFF,0xFF,0xFF,0xFB,0x21,0x00,0x00,0x00,0x00,
    0x39,0xFF,0xFF,0xFF,0xFF,0xEF,0x03,0x00,0x00,0x00,0x00,0x00,0x00,0x9C,0xFF,0xFF,
    0xFF,0xFF,0xD5,0x41,0x09,0x0C,0x4E,0xE3,0xFF,0xFF,0xFF,0xFF,0x82,0x00,0x00,0x00,
    0x00,0x00,0x00,0x00,0x14,0xDD,0xFF,0xFF,0xFF,0xFF,0xFF,0xFF,0xFF,0xFF,0xFF,0xFF,
    0xFF,0xFF,0xCD,0x0B,0x00,0x00,0x00,0x00,0x00,0x00,0x00,0x00,0x1C,0xBF,0xFF,0xFF,
    0xFF,0xFF,0xFF,0xFF,0xFF,0xFF,0xFF,0xFF,0xAF,0x13,0x00,0x00,0x00,0x00,0x00,0x00,
    0x00,0x00,0x00,0x00,0x00,0x3D,0x94,0xCA,0xEA,0xF9,0xF8,0xE9,0xC6,0x8E,0x32,0x00,
    0x00,0x00,0x00,0x00,0x00,0x00,0x00,0x00,0x00,0x00,0x00,0x00,0x35,0x84,0xAD,0xBD,
    0xA7,0x60,0x05,0x00,0x00,0x00,0x00,0x00,0x00,0x00,0x00,0x00,0x00,0x00,0x00,0x00,
    0xA8,0xE1,0xAB,0x9E,0xD5,0xFF,0xA2,0x00,0x00,0x00,0x00,0x00,0x00,0x00,0x00,0x00,
    0x00,0x00,0x00,0x00,0x1B,0x00,0x00,0x00,0x0A,0xFC,0xF8,0x01,0x00,0x00,0x00,0x00,
    0x00,0x00,0x00,0x00,0x00,0x00,0x00,0x00,0x00,0x00,0x00,0x05,0xA0,0xFF,0xCF,0x00,
    0x00,0x00,0x00,0x00,0x00,0x00,0x00,0x00,0x00,0x00,0x00,0x00,0x00,0x00,0x06,0xBD,
    0xFF,0xDE,0x27,0x00,0x00,0x00,0x00,0x00,0x00,0x00,0x00,0x00,0x00,0x00,0x00,0x00,
    0x00,0x00,0x54,0xFF,0xE1,0x11,0x00,0x00,0x00,0x00,0x00,0x00,0x00,0x00,0x00,0x00,
    0x00,0x00,0x00,0x00,0x00,0x00,0x23,0x5C,0x45,0x00,0x00,0x00,0x00,0x00,0x00,0x39,
    0x74,0x3D,0x00,0x00,0x00,0x00,0x00,0x00,0x00,0x00,0x00,0x00,0x00,0x00,0x00,0x00,
    0x00,0x00,0x00,0x4B,0xFF,0xA4,0x00,0x00,0xF8,0xFF,0xFF,0xFF,0xC8,0x00,0x00,0x00,
    0x00,0x00,0xD8,0xFF,0xFF,0xFF,0xE0,0x2F,0xFF,0xBE,0x00,0x00,0xF8,0xFF,0xFF,0xFF,
    0xC7,0x00,0x00,0x00,0x00,0x00,0xD8,0xFF,0xFF,0xFF,0xED,0x77,0xFF,0xBA,0x00,0x00,
    0xF8,0xFF,0xFF,0xFF,0xC6,0x00,0x00,0x00,0x00,0x00,0xD8,0xFF,0xFF,0xFF,0xFF,0xFF,
    0xFF,0x8C,0x00,0x00,0xF8,0xFF,0xFF,0xFF,0xC5,0x00,0x00,0x00,0x00,0x00,0xD8,0xFF,
    0xFF,0xFF,0xFF,0xFF,0xDC,0x1B,0x00,0x00,0xF8,0xFF,0xFF,0xFF,0xC4,0x00,0x00,0x00,
    0x00,0x00,0xD8,0xFF,0xFF,0xFF,0xEB,0x25,0x03,0x00,0x00,0x00,0xF8,0xFF,0xFF,0xFF,
    0xC2,0x00,0x00,0x00,0x00,0x00,0xD8,0xFF,0xFF,0xFF,0xE0,0x00,0x00,0x00,0x00,0x00,
    0xF8,0xFF,0xFF,0xFF,0xC0,0x00,0x00,0x00,0x00,0x00,0xD8,0xFF,0xFF,0xFF,0xE0,0x00,
    0x00,0x00,0x00,0x00,0xF8,0xFF,0xFF,0xFF,0xC0,0x00,0x00,0x00,0x00,0x00,0xDA,0xFF,
    0xFF,0xFF,0xE0,0x00,0x00,0x00,0x00,0x00,0xF8,0xFF,0xFF,0xFF,0xC4,0x00,0x00,0x00,
    0x00,0x00,0xF3,0xFF,0xFF,0xFF,0xE0,0x00,0x00,0x00,0x00,0x00,0xF4,0xFF,0xFF,0xFF,
    0xD1,0x00,0x00,0x00,0x00,0x1E,0xFF,0xFF,0xFF,0xFF,0xE0,0x00,0x00,0x00,0x00,0x00,
    0xE2,0xFF,0xFF,0xFF,0xF4,0x07,0x00,0x00,0x00,0x8C,0xFF,0xFF,0xFF,0xFF,0xE0,0x00,
    0x00,0x00,0x00,0x00,0xB1,0xFF,0xFF,0xFF,0xFF,0xA6,0x1D,0x10,0x71,0xFC,0xFF,0xFF,
    0xFF,0xFF,0xE0,0x00,0x00,0x00,0x00,0x00,0x52,0xFF,0xFF,0xFF,0xFF,0xFF,0xFF,0xFF,
    0xFF,0xBB,0xDB,0xFF,0xFF,0xFF,0xE0,0x00,0x00,0x00,0x00,0x00,0x00,0xA4,0xFF,0xFF,
    0xFF,0xFF,0xFF,0xFF,0xC4,0x11,0xD8,0xFF,0xFF,0xFF,0xE0,0x00,0x00,0x00,0x00,0x00,
    0x00,0x01,0x63,0xC4,0xF1,0xF6,0xD2,0x72,0x05,0x00,0xD8,0xFF,0xFF,0xFF,0xE0,0x00,
    0x00,0x00,0x00,0x00,0x00,0x00,0x00,0x00,0x00,0x61,0xE4,0xDF,0x6B,0x01,0x00,0x57,
    0xFF,0x81,0x00,0x00,0x00,0x00,0x00,0x00,0x00,0x00,0x00,0x00,0x00,0x00,0x00,0x27,
    0xFD,0xFF,0xFF,0xFF,0xAB,0x17,0xA3,0xFF,0x63,0x00,0x00,0x00,0x00,0x00,0x00,0x00,
    0x00,0x00,0x00,0x00,0x00,0x00,0x7A,0xFF,0x8B,0x21,0xBE,0xFF,0xFF,0xFF,0xF7,0x17,
    0x00,0x00,0x00,0x00,0x00,0x00,0x00,0x00,0x00,0x00,0x00,0x00,0x00,0x99,0xFF,0x3D,
    0x00,0x04,0x85,0xE9,0xDF,0x52,0x00,0x00,0x00,0x00,0x00,0x00,0x00,0x00,0x00,0x00,
    0x00,0x00,0x00,0x00,0x00,0x00,0x00,0x00,0x00,0x00,0x00,0x00,0x00,0x00,0x00,0x00,
    0x00,0x00,0x00,0x00,0x00,0x00,0x00,0x00,0x00,0x00,0x00,0x00,0x00,0x00,0x00,0x00,
    0x00,0x00,0x00,0x00,0x00,0x00,0x00,0x00,0x00,0x5B,0x74,0x1B,0x00,0x00,0x88,0xFF,
    0xFF,0xFF,0xFF,0x88,0x00,0x00,0x00,0x00,0x00,0x00,0xA4,0xFF,0xFF,0xFF,0xFF,0x70,
    0x97,0xFF,0x58,0x00,0x00,0x88,0xFF,0xFF,0xFF,0xFF,0x88,0x00,0x00,0x00,0x00,0x00,
    0x00,0xA4,0xFF,0xFF,0xFF,0xFF,0x70,0x7B,0xFF,0x72,0x00,0x00,0x88,0xFF,0xFF,0xFF,
    0xFF,0x88,0x00,0x00,0x00,0x00,0x00,0x00,0xA4,0xFF,0xFF,0xFF,0xFF,0x7A,0xBC,0xFF,
    0x6E,0x00,0x00,0x88,0xFF,0xFF,0xFF,0xFF,0x88,0x00,0x00,0x00,0x00,0x00,0x00,0xA4,
    0xFF,0xFF,0xFF,0xFF,0xFF,0xFF,0xFF,0x40,0x00,0x00,0x88,0xFF,0xFF,0xFF,0xFF,0x88,
    0x00,0x00,0x00,0x00,0x00,0x00,0xA4,0xFF,0xFF,0xFF,0xFF,0xFF,0xFF,0xAB,0x00,0x00,
    0x00,0x88,0xFF,0xFF,0xFF,0xFF,0x88,0x00,0x00,0x00,0x00,0x00,0x00,0xA4,0xFF,0xFF,
    0xFF,0xFF,0x87,0x1C,0x00,0x00,0x00,0x00,0x88,0xFF,0xFF,0xFF,0xFF,0x88,0x00,0x00,
    0x00,0x00,0x00,0x00,0xA4,0xFF,0xFF,0xFF,0xFF,0x70,0x00,0x00,0x00,0x00,0x00,0x88,
    0xFF,0xFF,0xFF,0xFF,0x88,0x00,0x00,0x00,0x00,0x00,0x00,0xA4,0xFF,0xFF,0xFF,0xFF,
    0x70,0x00,0x00,0x00,0x00,0x00,0x88,0xFF,0xFF,0xFF,0xFF,0x88,0x00,0x00,0x00,0x00,
    0x00,0x00,0xA4,0xFF,0xFF,0xFF,0xFF,0x70,0x00,0x00,0x00,0x00,0x00,0x88,0xFF,0xFF,
    0xFF,0xFF,0x88,0x00,0x00,0x00,0x00,0x00,0x00,0xA4,0xFF,0xFF,0xFF,0xFF,0x70,0x00,
    0x00,0x00,0x00,0x00,0x88,0xFF,0xFF,0xFF,0xFF,0x88,0x00,0x00,0x00,0x00,0x00,0x00,
    0xA4,0xFF,0xFF,0xFF,0xFF,0x70,0x00,0x00,0x00,0x00,0x00,0x88,0xFF,0xFF,0xFF,0xFF,
    0x88,0x00,0x00,0x00,0x00,0x00,0x00,0xA4,0xFF,0xFF,0xFF,0xFF,0x70,0x00,0x00,0x00,
    0x00,0x00,0x83,0xFF,0xFF,0xFF,0xFF,0x8A,0x00,0x00,0x00,0x00,0x00,0x00,0xA6,0xFF,
    0xFF,0xFF,0xFF,0x6A,0x00,0x00,0x00,0x00,0x00,0x72,0xFF,0xFF,0xFF,0xFF,0x98,0x00,
    0x00,0x00,0x00,0x00,0x00,0xB5,0xFF,0xFF,0xFF,0xFF,0x59,0x00,0x00,0x00,0x00,0x00,
    0x4E,0xFF,0xFF,0xFF,0xFF,0xC2,0x00,0x00,0x00,0x00,0x00,0x00,0xDE,0xFF,0xFF,0xFF,
    0xFF,0x34,0x00,0x00,0x00,0x00,0x00,0x10,0xFA,0xFF,0xFF,0xFF,0xFB,0x21,0x00,0x00,
    0x00,0x00,0x39,0xFF,0xFF,0xFF,0xFF,0xEF,0x03,0x00,0x00,0x00,0x00,0x00,0x00,0x9C,
    0xFF,0xFF,0xFF,0xFF,0xD5,0x41,0x09,0x0C,0x4E,0xE3,0xFF,0xFF,0xFF,0xFF,0x82,0x00,
    0x00,0x00,0x00,0x00,0x00,0x00,0x14,0xDD,0xFF,0xFF,0xFF,0xFF,0xFF,0xFF,0xFF,0xFF,
    0xFF,0xFF,0xFF,0xFF,0xCD,0x0B,0x00,0x00,0x00,0x00,0x00,0x00,0x00,0x00,0x1C,0xBF,
    0xFF,0xFF,0xFF,0xFF,0xFF,0xFF,0xFF,0xFF,0xFF,0xFF,0xAF,0x13,0x00,0x00,0x00,0x00,
    0x00,0x00,0x00,0x00,0x00,0x00,0x00,0x3D,0x94,0xCA,0xEA,0xF9,0xF8,0xE9,0xC6,0x8E,
    0x32,0x00,0x00,0x00,0x00,0x00,0x00,0x00,0x00,0x00,0x00,0x00,0x00,0x06,0xA8,0xF6,
    0xA3,0x07,0x00,0x00,0xB0,0xF4,0x1D,0x00,0x00,0x00,0x00,0x00,0x00,0x00,0x00,0x00,
    0x00,0x73,0xFF,0xFF,0xFF,0xA9,0x01,0x00,0xCE,0xFF,0x0D,0x00,0x00,0x00,0x00,0x00,
    0x00,0x00,0x00,0x00,0x00,0xCA,0xFF,0x39,0x82,0xFF,0x8B,0x2D,0xFB,0xE1,0x00,0x00,
    0x00,0x00,0x00,0x00,0x00,0x00,0x00,0x00,0x00,0xF5,0xE4,0x00,0x00,0x95,0xFF,0xFF,
    0xFF,0x89,0x00,0x00,0x00,0x00,0x00,0x00,0x00,0x00,0x00,0x00,0x07,0xF4,0xC6,0x00,
    0x00,0x02,0x96,0xF6,0xB7,0x0D,0x00,0x00,0x00,0x00,0x00,0x00,0x00,0x00,0x00,0x00,
    0x00,0x00,0x00,0x00,0x00,0x00,0x00,0x00,0x00,0x00,0x00,0x00,0x00,0x39,0x74,0x3D,
    0x00,0x00,0x00,0x00,0x00,0x00,0x00,0x00,0x00,0x00,0x00,0x00,0x00,0x00,0x00,0x00,
    0x00,0x4B,0xFF,0xA4,0x00,0x00,0xF8,0xFF,0xFF,0xFF,0xC8,0x00,0x00,0x00,0x00,0x00,
    0xD8,0xFF,0xFF,0xFF,0xE0,0x2F,0xFF,0xBE,0x00,0x00,0xF8,0xFF,0xFF,0xFF,0xC7,0x00,
    0x00,0x00,0x00,0x00,0xD8,0xFF,0xFF,0xFF,0xED,0x77,0xFF,0xBA,0x00,0x00,0xF8,0xFF,
    0xFF,0xFF,0xC6,0x00,0x00,0x00,0x00,0x00,0xD8,0xFF,0xFF,0xFF,0xFF,0xFF,0xFF,0x8C,
    0x00,0x00,0xF8,0xFF,0xFF,0xFF,0xC5,0x00,0x00,0x00,0x00,0x00,0xD8,0xFF,0xFF,0xFF,
    0xFF,0xFF,0xDC,0x1B,0x00,0x00,0xF8,0xFF,0xFF,0xFF,0xC4,0x00,0x00,0x00,0x00,0x00,
    0xD8,0xFF,0xFF,0xFF,0xEB,0x25,0x03,0x00,0x00,0x00,0xF8,0xFF,0xFF,0xFF,0xC2,0x00,
    0x00,0x00,0x00,0x00,0xD8,0xFF,0xFF,0xFF,0xE0,0x00,0x00,0x00,0x00,0x00,0xF8,0xFF,
    0xFF,0xFF,0xC0,0x00,0x00,0x00,0x00,0x00,0xD8,0xFF,0xFF,0xFF,0xE0,0x00,0x00,0x00,
    0x00,0x00,0xF8,0xFF,0xFF,0xFF,0xC0,0x00,0x00,0x00,0x00,0x00,0xDA,0xFF,0xFF,0xFF,
    0xE0,0x00,0x00,0x00,0x00,0x00,0xF8,0xFF,0xFF,0xFF,0xC4,0x00,0x00,0x00,0x00,0x00,
    0xF3,0xFF,0xFF,0xFF,0xE0,0x00,0x00,0x00,0x00,0x00,0xF4,0xFF,0xFF,0xFF,0xD1,0x00,
    0x00,0x00,0x00,0x1E,0xFF,0xFF,0xFF,0xFF,0xE0,0x00,0x00,0x00,0x00,0x00,0xE2,0xFF,
    0xFF,0xFF,0xF4,0x07,0x00,0x00,0x00,0x8C,0xFF,0xFF,0xFF,0xFF,0xE0,0x00,0x00,0x00,
    0x00,0x00,0xB1,0xFF,0xFF,0xFF,0xFF,0xA6,0x1D,0x10,0x71,0xFC,0xFF,0xFF,0xFF,0xFF,
    0xE0,0x00,0x00,0x00,0x00,0x00,0x52,0xFF,0xFF,0xFF,0xFF,0xFF,0xFF,0xFF,0xFF,0xBB,
    0xDB,0xFF,0xFF,0xFF,0xE0,0x00,0x00,0x00,0x00,0x00,0x00,0xA4,0xFF,0xFF,0xFF,0xFF,
    0xFF,0xFF,0xC4,0x11,0xD8,0xFF,0xFF,0xFF,0xE0,0x00,0x00,0x00,0x00,0x00,0x00,0x01,
    0x63,0xC4,0xF1,0xF6,0xD2,0x72,0x05,0x00,0xD8,0xFF,0xFF,0xFF,0xE0,0x00,0x00,0x00,
    0x00,0x00,0x00,0x00,0x00,0x00,0x00,0x00,0x00,0x00,0x00,0x00,0x00,0x00,0x00,0x00,
    0x00,0x00,0x00,0x00,0x5B,0x74,0x1B,0x00,0x00,0x88,0xFF,0xFF,0xFF,0xFF,0x88,0x00,
    0x00,0x00,0x00,0x00,0x00,0xA4,0xFF,0xFF,0xFF,0xFF,0x70,0x97,0xFF,0x58,0x00,0x00,
    0x88,0xFF,0xFF,0xFF,0xFF,0x88,0x00,0x00,0x00,0x00,0x00,0x00,0xA4,0xFF,0xFF,0xFF,
    0xFF,0x70,0x7B,0xFF,0x72,0x00,0x00,0x88,0xFF,0xFF,0xFF,0xFF,0x88,0x00,0x00,0x00,
    0x00,0x00,0x00,0xA4,0xFF,0xFF,0xFF,0xFF,0x7A,0xBC,0xFF,0x6E,0x00,0x00,0x88,0xFF,
    0xFF,0xFF,0xFF,0x88,0x00,0x00,0x00,0x00,0x00,0x00,0xA4,0xFF,0xFF,0xFF,0xFF,0xFF,
    0xFF,0xFF,0x40,0x00,0x00,0x88,0xFF,0xFF,0xFF,0xFF,0x88,0x00,0x00,0x00,0x00,0x00,
    0x00,0xA4,0xFF,0xFF,0xFF,0xFF,0xFF,0xFF,0xAB,0x00,0x00,0x00,0x88,0xFF,0xFF,0xFF,
    0xFF,0x88,0x00,0x00,0x00,0x00,0x00,0x00,0xA4,0xFF,0xFF,0xFF,0xFF,0x87,0x1C,0x00,
    0x00,0x00,0x00,0x88,0xFF,0xFF,0xFF,0xFF,0x88,0x00,0x00,0x00,0x00,0x00,0x00,0xA4,
    0xFF,0xFF,0xFF,0xFF,0x70,0x00,0x00,0x00,0x00,0x00,0x88,0xFF,0xFF,0xFF,0xFF,0x88,
    0x00,0x00,0x00,0x00,0x00,0x00,0xA4,0xFF,0xFF,0xFF,0xFF,0x70,0x00,0x00,0x00,0x00,
    0x00,0x88,0xFF,0xFF,0xFF,0xFF,0x88,0x00,0x00,0x00,0x00,0x00,0x00,0xA4,0xFF,0xFF,
    0xFF,0xFF,0x70,0x00,0x00,0x00,0x00,0x00,0x88,0xFF,0xFF,0xFF,0xFF,0x88,0x00,0x00,
    0x00,0x00,0x00,0x00,0xA4,0xFF,0xFF,0xFF,0xFF,0x70,0x00,0x00,0x00,0x00,0x00,0x88,
    0xFF,0xFF,0xFF,0xFF,0x88,0x00,0x00,0x00,0x00,0x00,0x00,0xA4,0xFF,0xFF,0xFF,0xFF,
    0x70,0x00,0x00,0x00,0x00,0x00,0x88,0xFF,0xFF,0xFF,0xFF,0x88,0x00,0x00,0x00,0x00,
    0x00,0x00,0xA4,0xFF,0xFF,0xFF,0xFF,0x70,0x00,0x00,0x00,0x00,0x00,0x83,0xFF,0xFF,
    0xFF,0xFF,0x8A,0x00,0x00,0x00,0x00,0x00,0x00,0xA6,0xFF,0xFF,0xFF,0xFF,0x6A,0x00,
    0x00,0x00,0x00,0x00,0x72,0xFF,0xFF,0xFF,0xFF,0x98,0x00,0x00,0x00,0x00,0x00,0x00,
    0xB5,0xFF,0xFF,0xFF,0xFF,0x59,0x00,0x00,0x00,0x00,0x00,0x4E,0xFF,0xFF,0xFF,0xFF,
    0xC2,0x00,0x00,0x00,0x00,0x00,0x00,0xDE,0xFF,0xFF,0xFF,0xFF,0x34,0x00,0x00,0x00,
    0x00,0x00,0x10,0xFA,0xFF,0xFF,0xFF,0xFB,0x21,0x00,0x00,0x00,0x00,0x39,0xFF,0xFF,
    0xFF,0xFF,0xEF,0x03,0x00,0x00,0x00,0x00,0x00,0x00,0x9C,0xFF,0xFF,0xFF,0xFF,0xD5,
    0x41,0x09,0x0C,0x4E,0xE3,0xFF,0xFF,0xFF,0xFF,0x82,0x00,0x00,0x00,0x00,0x00,0x00,
    0x00,0x14,0xDD,0xFF,0xFF,0xFF,0xFF,0xFF,0xFF,0xFF,0xFF,0xFF,0xFF,0xFF,0xFF,0xCD,
    0x0B,0x00,0x00,0x00,0x00,0x00,0x00,0x00,0x00,0x1C,0xBF,0xFF,0xFF,0xFF,0xFF,0xFF,
    0xFF,0xFF,0xFF,0xFF,0xFF,0xAF,0x13,0x00,0x00,0x00,0x00,0x00,0x00,0x00,0x00,0x00,
    0x00,0x00,0x3D,0x94,0xCA,0xEA,0xF9,0xF8,0xE9,0xC6,0x8E,0x32,0x00,0x00,0x00,0x00,
    0x00,0x00,0x00,0x00,0x00,0x00,0x00,0x00,0x00,0x00,0x00,0x00,0x00,0x00,0x00,0x00,
    0x00,0x00,0x00,0x00,0x00,0x00,0x00,0x00,0x00,0x00,0x00,0x00,0x00,0x00,0x00,0x00,
    0x00,0x00,0x0C,0x1C,0x1C,0x1C,0x1C,0x07,0x00,0x00,0x00,0x00,0x00,0x00,0x00,0x00,
    0x00,0x00,0x00,0x00,0x00,0x00,0x00,0x00,0x00,0x70,0xFF,0xFF,0xFF,0xFF,0x48,0x00,
    0x00,0x00,0x00,0x00,0x00,0x00,0x00,0x00,0x00,0x00,0x00,0x00,0x00,0x00,0x00,0x00,
    0x70,0xFF,0xFF,0xFF,0xFF,0x48,0x00,0x00,0x00,0x00,0x00,0x00,0x00,0x00,0x00,0x00,
    0x00,0x00,0x00,0x00,0x00,0x00,0x00,0x70,0xFF,0xFF,0xFF,0xFF,0x48,0x00,0x00,0x00,
    0x00,0x00,0x00,0x00,0x00,0x00,0x00,0x00,0x00,0x00,0x00,0x00,0x00,0x00,0x52,0xBC,
    0xBC,0xBC,0xBC,0x34,0x00,0x00,0x00,0x00,0x00,0x00,0x00,0x00,0x00,0x00,0x00,0x00,
    0x00,0x00,0x00,0x00,0x00,0x00,0x00,0x00,0x00,0x00,0x00,0x00,0x00,0x00,0x39,0x74,
    0x3D,0x00,0x00,0x00,0x00,0x00,0x00,0x00,0x00,0x00,0x00,0x00,0x00,0x00,0x00,0x00,
    0x00,0x00,0x4B,0xFF,0xA4,0x00,0x00,0xF8,0xFF,0xFF,0xFF,0xC8,0x00,0x00,0x00,0x00,
    0x00,0xD8,0xFF,0xFF,0xFF,0xE0,0x2F,0xFF,0xBE,0x00,0x00,0xF8,0xFF,0xFF,0xFF,0xC7,
    0x00,0x00,0x00,0x00,0x00,0xD8,0xFF,0xFF,0xFF,0xED,0x77,0xFF,0xBA,0x00,0x00,0xF8,
    0xFF,0xFF,0xFF,0xC6,0x00,0x00,0x00,0x00,0x00,0xD8,0xFF,0xFF,0xFF,0xFF,0xFF,0xFF,
    0x8C,0x00,0x00,0xF8,0xFF,0xFF,0xFF,0xC5,0x00,0x00,0x00,0x00,0x00,0xD8,0xFF,0xFF,
    0xFF,0xFF,0xFF,0xDC,0x1B,0x00,0x00,0xF8,0xFF,0xFF,0xFF,0xC4,0x00,0x00,0x00,0x00,
    0x00,0xD8,0xFF,0xFF,0xFF,0xEB,0x25,0x03,0x00,0x00,0x00,0xF8,0xFF,0xFF,0xFF,0xC2,
    0x00,0x00,0x00,0x00,0x00,0xD8,0xFF,0xFF,0xFF,0xE0,0x00,0x00,0x00,0x00,0x00,0xF8,
    0xFF,0xFF,0xFF,0xC0,0x00,0x00,0x00,0x00,0x00,0xD8,0xFF,0xFF,0xFF,0xE0,0x00,0x00,
    0x00,0x00,0x00,0xF8,0xFF,0xFF,0xFF,0xC0,0x00,0x00,0x00,0x00,0x00,0xDA,0xFF,0xFF,
    0xFF,0xE0,0x00,0x00,0x00,0x00,0x00,0xF8,0xFF,0xFF,0xFF,0xC4,0x00,0x00,0x00,0x00,
    0x00,0xF3,0xFF,0xFF,0xFF,0xE0,0x00,0x00,0x00,0x00,0x00,0xF4,0xFF,0xFF,0xFF,0xD1,
    0x00,0x00,0x00,0x00,0x1E,0xFF,0xFF,0xFF,0xFF,0xE0,0x00,0x00,0x00,0x00,0x00,0xE2,
    0xFF,0xFF,0xFF,0xF4,0x07,0x00,0x00,0x00,0x8C,0xFF,0xFF,0xFF,0xFF,0xE0,0x00,0x00,
    0x00,0x00,0x00,0xB1,0xFF,0xFF,0xFF,0xFF,0xA6,0x1D,0x10,0x71,0xFC,0xFF,0xFF,0xFF,
    0xFF,0xE0,0x00,0x00,0x00,0x00,0x00,0x52,0xFF,0xFF,0xFF,0xFF,0xFF,0xFF,0xFF,0xFF,
    0xBB,0xDB,0xFF,0xFF,0xFF,0xE0,0x00,0x00,0x00,0x00,0x00,0x00,0xA4,0xFF,0xFF,0xFF,
    0xFF,0xFF,0xFF,0xC4,0x11,0xD8,0xFF,0xFF,0xFF,0xE0,0x00,0x00,0x00,0x00,0x00,0x00,
    0x01,0x63,0xC4,0xF1,0xF6,0xD2,0x72,0x05,0x00,0xD8,0xFF,0xFF,0xFF,0xE0,0x00,0x00,
    0x00,0x00,0x00,0x00,0x00,0x00,0x00,0x00,0x00,0x00,0x00,0x00,0x00,0x00,0x00,0x00,
    0x00,0x00,0x00,0x00,0x00,0x00,0x00,0x00,0x00,0x00,0x00,0x00,0x17,0x1C,0x1C,0x1C,
    0x18,0x00,0x00,0x00,0x00,0x00,0x00,0x00,0x00,0x00,0x00,0x00,0x00,0x00,0x00,0x00,
    0xD8,0xFF,0xFF,0xFF,0xE0,0x00,0x00,0x00,0x00,0x00,0x00,0x00,0x00,0x00,0x00,0x00,
    0x00,0x00,0x00,0x00,0xD8,0xFF,0xFF,0xFF,0xE0,0x00,0x00,0x00,0x00,0x00,0x00,0x00,
    0x00,0x00,0x00,0x00,0x00,0x00,0x00,0x00,0xD8,0xFF,0xFF,0xFF,0xE0,0x00,0x00,0x00,
    0x00,0x00,0x00,0x00,0x00,0x00,0x00,0x00,0x00,0x00,0x00,0x00,0x9E,0xBC,0xBC,0xBC,
    0xA4,0x00,0x00,0x00,0x00,0x00,0x00,0x00,0x00,0x00,0x00,0x00,0x00,0x00,0x00,0x2A,
    0xD9,0xFF,0xFF,0x86,0x00,0x00,0x00,0x00,0x00,0x00,0x00,0x00,0x00,0x00,0x00,0x00,
    0x00,0x00,0x00,0x00,0x00,0x0F,0xB3,0xFF,0xFF,0x65,0x00,0x00,0x00,0x00,0x00,0x00,
    0x00,0x00,0x00,0x00,0x00,0x00,0x00,0x00,0x00,0x00,0x00,0x01,0x81,0xFE,0xFB,0x48,
    0x00,0x00,0x00,0x00,0x00,0x00,0x00,0x00,0x00,0x00,0x00,0x00,0x00,0x00,0x00,0x00,
    0x00,0x00,0x00,0x00,0x00,0x00,0x00,0x00,0x00,0x00,0x00,0x00,0x00,0x00,0x00,0x00,
    0x00,0x00,0x00,0x00,0x00,0x00,0x00,0x00,0x00,0x00,0x00,0x00,0x00,0x00,0x00,0x00,
    0x00,0x00,0x0E,0xE3,0xFF,0xFF,0xFF,0xFF,0x98,0x00,0x00,0x00,0x00,0x00,0x00,0x00,
    0x1D,0xF3,0xFF,0xFF,0xFF,0xFF,0x7C,0x00,0x4C,0xFF,0xFF,0xFF,0xFF,0xFE,0x3B,0x00,
    0x00,0x00,0x00,0x00,0x00,0xB1,0xFF,0xFF,0xFF,0xFF,0xD1,0x05,0x00,0x00,0xA6,0xFF,
    0xFF,0xFF,0xFF,0xD4,0x05,0x00,0x00,0x00,0x00,0x53,0xFF,0xFF,0xFF,0xFF,0xFC,0x34,
    0x00,0x00,0x00,0x14,0xEB,0xFF,0xFF,0xFF,0xFF,0x7B,0x00,0x00,0x00,0x0E,0xE5,0xFF,
    0xFF,0xFF,0xFF,0x8B,0x00,0x00,0x00,0x00,0x00,0x5A,0xFF,0xFF,0xFF,0xFF,0xF7,0x25,
    0x00,0x00,0x95,0xFF,0xFF,0xFF,0xFF,0xDB,0x09,0x00,0x00,0x00,0x00,0x00,0x00,0xB4,
    0xFF,0xFF,0xFF,0xFF,0xBD,0x00,0x38,0xFD,0xFF,0xFF,0xFF,0xFE,0x40,0x00,0x00,0x00,
    0x00,0x00,0x00,0x00,0x1C,0xF1,0xFF,0xFF,0xFF,0xFF,0x63,0xD2,0xFF,0xFF,0xFF,0xFF,
    0x9A,0x00,0x00,0x00,0x00,0x00,0x00,0x00,0x00,0x00,0x69,0xFF,0xFF,0xFF,0xFF,0xFD,
    0xFF,0xFF,0xFF,0xFF,0xE4,0x0F,0x00,0x00,0x00,0x00,0x00,0x00,0x00,0x00,0x00,0x01,
    0xC1,0xFF,0xFF,0xFF,0xFF,0xFF,0xFF,0xFF,0xFF,0x4E,0x00,0x00,0x00,0x00,0x00,0x00,
    0x00,0x00,0x00,0x00,0x00,0x25,0xF7,0xFF,0xFF,0xFF,0xFF,0xFF,0xFF,0xA8,0x00,0x00,
    0x00,0x00,0x00,0x00,0x00,0x00,0x00,0x00,0x00,0x00,0x00,0x77,0xFF,0xFF,0xFF,0xFF,
    0xFF,0xEC,0x16,0x00,0x00,0x00,0x00,0x00,0x00,0x00,0x00,0x00,0x00,0x00,0x00,0x00,
    0x03,0xDB,0xFF,0xFF,0xFF,0xFF,0x6B,0x00,0x00,0x00,0x00,0x00,0x00,0x00,0x00,0x00,
    0x00,0x00,0x00,0x00,0x00,0x00,0xC4,0xFF,0xFF,0xFF,0xFF,0x50,0x00,0x00,0x00,0x00,
    0x00,0x00,0x00,0x00,0x00,0x00,0x00,0x00,0x00,0x00,0x00,0xC4,0xFF,0xFF,0xFF,0xFF,
    0x50,0x00,0x00,0x00,0x00,0x00,0x00,0x00,0x00,0x00,0x00,0x00,0x00,0x00,0x00,0x00,
    0xC4,0xFF,0xFF,0xFF,0xFF,0x50,0x00,0x00,0x00,0x00,0x00,0x00,0x00,0x00,0x00,0x00,
    0x00,0x00,0x00,0x00,0x00,0xC4,0xFF,0xFF,0xFF,0xFF,0x50,0x00,0x00,0x00,0x00,0x00,
    0x00,0x00,0x00,0x00,0x00,0x00,0x00,0x00,0x00,0x00,0xC4,0xFF,0xFF,0xFF,0xFF,0x50,
    0x00,0x00,0x00,0x00,0x00,0x00,0x00,0x00,0x00,0x00,0x00,0x00,0x00,0x00,0x00,0xC4,
    0xFF,0xFF,0xFF,0xFF,0x50,0x00,0x00,0x00,0x00,0x00,0x00,0x00,0x00,0x00,0x00,0x00,
    0x00,0x00,0x00,0x00,0xC4,0xFF,0xFF,0xFF,0xFF,0x50,0x00,0x00,0x00,0x00,0x00,0x00,
    0x00,0x00,0x00,0x00,0x00,0x00,0x00,0x00,0x00,0xC4,0xFF,0xFF,0xFF,0xFF,0x50,0x00,
    0x00,0x00,0x00,0x00,0x00,0x00,0x00,0x00,0x1B,0xDC,0xFF,0xFF,0xA6,0x00,0x00,0x00,
    0x00,0x00,0x00,0x00,0x00,0x00,0x00,0x00,0x00,0x00,0x00,0x1E,0xDF,0xFF,0xFF,0x65,
    0x00,0x00,0x00,0x00,0x00,0x00,0x00,0x00,0x00,0x00,0x00,0x00,0x00,0x00,0x21,0xE3,
    0xFF,0xF6,0x2D,0x00,0x00,0x00,0x00,0x00,0x00,0x00,0x00,0x00,0x00,0x00,0x00,0x00,
    0x00,0x24,0xE5,0xFF,0xD6,0x0B,0x00,0x00,0x00,0x00,0x00,0x00,0x00,0x00,0x00,0x00,
    0x00,0x00,0x00,0x00,0x28,0xE8,0xFF,0xA0,0x00,0x00,0x00,0x00,0x00,0x00,0x00,0x00,
    0x00,0x00,0x00,0x00,0x00,0x00,0x00,0x00,0x00,0x00,0x00,0x00,0x00,0x00,0x00,0x00,
    0x00,0x00,0x00,0x00,0x00,0x00,0x00,0x00,0x00,0x00,0x00,0x00,0x00,0x00,0x00,0x00,
    0x00,0x00,0x00,0x00,0x77,0xFF,0xFF,0xFF,0xFF,0x3D,0x00,0x00,0x00,0x00,0x00,0x00,
    0xC7,0xFF,0xFF,0xFF,0xE8,0x04,0x13,0xF7,0xFF,0xFF,0xFF,0xA1,0x00,0x00,0x00,0x00,
    0x00,0x1C,0xFE,0xFF,0xFF,0xFF,0x8C,0x00,0x00,0x9F,0xFF,0xFF,0xFF,0xF5,0x0F,0x00,
    0x00,0x00,0x00,0x70,0xFF,0xFF,0xFF,0xFF,0x2C,0x00,0x00,0x33,0xFF,0xFF,0xFF,0xFF,
    0x69,0x00,0x00,0x00,0x00,0xC5,0xFF,0xFF,0xFF,0xCD,0x00,0x00,0x00,0x00,0xC8,0xFF,
    0xFF,0xFF,0xCD,0x00,0x00,0x00,0x1B,0xFE,0xFF,0xFF,0xFF,0x6D,0x00,0x00,0x00,0x00,
    0x5D,0xFF,0xFF,0xFF,0xFF,0x31,0x00,0x00,0x6F,0xFF,0xFF,0xFF,0xFA,0x14,0x00,0x00,
    0x00,0x00,0x07,0xEA,0xFF,0xFF,0xFF,0x95,0x00,0x00,0xC4,0xFF,0xFF,0xFF,0xAE,0x00,
    0x00,0x00,0x00,0x00,0x00,0x86,0xFF,0xFF,0xFF,0xEF,0x09,0x1A,0xFE,0xFF,0xFF,0xFF,
    0x4F,0x00,0x00,0x00,0x00,0x00,0x00,0x1D,0xFC,0xFF,0xFF,0xFF,0x5C,0x6E,0xFF,0xFF,
    0xFF,0xEA,0x05,0x00,0x00,0x00,0x00,0x00,0x00,0x00,0xAE,0xFF,0xFF,0xFF,0xC0,0xC3,
    0xFF,0xFF,0xFF,0x90,0x00,0x00,0x00,0x00,0x00,0x00,0x00,0x00,0x43,0xFF,0xFF,0xFF,
    0xFF,0xFE,0xFF,0xFF,0xFF,0x30,0x00,0x00,0x00,0x00,0x00,0x00,0x00,0x00,0x00,0xD6,
    0xFF,0xFF,0xFF,0xFF,0xFF,0xFF,0xD1,0x00,0x00,0x00,0x00,0x00,0x00,0x00,0x00,0x00,
    0x00,0x6C,0xFF,0xFF,0xFF,0xFF,0xFF,0xFF,0x71,0x00,0x00,0x00,0x00,0x00,0x00,0x00,
    0x00,0x00,0x00,0x0D,0xF2,0xFF,0xFF,0xFF,0xFF,0xFB,0x16,0x00,0x00,0x00,0x00,0x00,
    0x00,0x00,0x00,0x00,0x00,0x00,0x95,0xFF,0xFF,0xFF,0xFF,0xB2,0x00,0x00,0x00,0x00,
    0x00,0x00,0x00,0x00,0x00,0x00,0x00,0x00,0x33,0xFF,0xFF,0xFF,0xFF,0x53,0x00,0x00,
    0x00,0x00,0x00,0x00,0x00,0x00,0x00,0x00,0x00,0x00,0x63,0xFF,0xFF,0xFF,0xEC,0x06,
    0x00,0x00,0x00,0x00,0x00,0x00,0x00,0x00,0x00,0x00,0x08,0x3E,0xE6,0xFF,0xFF,0xFF,
    0x85,0x00,0x00,0x00,0x00,0x00,0x00,0x00,0x00,0x00,0x4C,0xFF,0xFF,0xFF,0xFF,0xFF,
    0xFF,0xEB,0x11,0x00,0x00,0x00,0x00,0x00,0x00,0x00,0x00,0x00,0x4C,0xFF,0xFF,0xFF,
    0xFF,0xFF,0xF8,0x46,0x00,0x00,0x00,0x00,0x00,0x00,0x00,0x00,0x00,0x00,0x4C,0xFF,
    0xFF,0xFA,0xDD,0xA2,0x27,0x00,0x00,0x00,0x00,0x00,0x00,0x00,0x00,0x00,0x0E,0xE3,
    0xFF,0xFF,0xFF,0xFF,0x98,0x00,0x00,0x00,0x00,0x00,0x00,0x00,0x1D,0xF3,0xFF,0xFF,
    0xFF,0xFF,0x7C,0x00,0x4C,0xFF,0xFF,0xFF,0xFF,0xFE,0x3B,0x00,0x00,0x00,0x00,0x00,
    0x00,0xB1,0xFF,0xFF,0xFF,0xFF,0xD1,0x05,0x00,0x00,0xA6,0xFF,0xFF,0xFF,0xFF,0xD4,
    0x05,0x00,0x00,0x00,0x00,0x53,0xFF,0xFF,0xFF,0xFF,0xFC,0x34,0x00,0x00,0x00,0x14,
    0xEB,0xFF,0xFF,0xFF,0xFF,0x7B,0x00,0x00,0x00,0x0E,0xE5,0xFF,0xFF,0xFF,0xFF,0x8B,
    0x00,0x00,0x00,0x00,0x00,0x5A,0xFF,0xFF,0xFF,0xFF,0xF7,0x25,0x00,0x00,0x95,0xFF,
    0xFF,0xFF,0xFF,0xDB,0x09,0x00,0x00,0x00,0x00,0x00,0x00,0xB4,0xFF,0xFF,0xFF,0xFF,
    0xBD,0x00,0x38,0xFD,0xFF,0xFF,0xFF,0xFE,0x40,0x00,0x00,0x00,0x00,0x00,0x00,0x00,
    0x1C,0xF1,0xFF,0xFF,0xFF,0xFF,0x63,0xD2,0xFF,0xFF,0xFF,0xFF,0x9A,0x00,0x00,0x00,
    0x00,0x00,0x00,0x00,0x00,0x00,0x69,0xFF,0xFF,0xFF,0xFF,0xFD,0xFF,0xFF,0xFF,0xFF,
    0xE4,0x0F,0x00,0x00,0x00,0x00,0x00,0x00,0x00,0x00,0x00,0x01,0xC1,0xFF,0xFF,0xFF,
    0xFF,0xFF,0xFF,0xFF,0xFF,0x4E,0x00,0x00,0x00,0x00,0x00,0x00,0x00,0x00,0x00,0x00,
    0x00,0x25,0xF7,0xFF,0xFF,0xFF,0xFF,0xFF,0xFF,0xA8,0x00,0x00,0x00,0x00,0x00,0x00,
    0x00,0x00,0x00,0x00,0x00,0x00,0x00,0x77,0xFF,0xFF,0xFF,0xFF,0xFF,0xEC,0x16,0x00,
    0x00,0x00,0x00,0x00,0x00,0x00,0x00,0x00,0x00,0x00,0x00,0x00,0x03,0xDB,0xFF,0xFF,
    0xFF,0xFF,0x6B,0x00,0x00,0x00,0x00,0x00,0x00,0x00,0x00,0x00,0x00,0x00,0x00,0x00,
    0x00,0x00,0xC4,0xFF,0xFF,0xFF,0xFF,0x50,0x00,0x00,0x00,0x00,0x00,0x00,0x00,0x00,
    0x00,0x00,0x00,0x00,0x00,0x00,0x00,0xC4,0xFF,0xFF,0xFF,0xFF,0x50,0x00,0x00,0x00,
    0x00,0x00,0x00,0x00,0x00,0x00,0x00,0x00,0x00,0x00,0x00,0x00,0xC4,0xFF,0xFF,0xFF,
    0xFF,0x50,0x00,0x00,0x00,0x00,0x00,0x00,0x00,0x00,0x00,0x00,0x00,0x00,0x00,0x00,
    0x00,0xC4,0xFF,0xFF,0xFF,0xFF,0x50,0x00,0x00,0x00,0x00,0x00,0x00,0x00,0x00,0x00,
    0x00,0x00,0x00,0x00,0x00,0x00,0xC4,0xFF,0xFF,0xFF,0xFF,0x50,0x00,0x00,0x00,0x00,
    0x00,0x00,0x00,0x00,0x00,0x00,0x00,0x00,0x00,0x00,0x00,0xC4,0xFF,0xFF,0xFF,0xFF,
    0x50,0x00,0x00,0x00,0x00,0x00,0x00,0x00,0x00,0x00,0x00,0x00,0x00,0x00,0x00,0x00,
    0xC4,0xFF,0xFF,0xFF,0xFF,0x50,0x00,0x00,0x00,0x00,0x00,0x00,0x00,0x00,0x00,0x00,
    0x00,0x00,0x00,0x00,0x00,0xC4,0xFF,0xFF,0xFF,0xFF,0x50,0x00,0x00,0x00,0x00,0x00,
    0x00,0x00,0x00,0x00,0x00,0x00,0x00,0x00,0x00,0x00,0x00,0x00,0x00,0x00,0x00,0x00,
    0x00,0x00,0x00,0x00,0x00,0x00,0x00,0x00,0x00,0x00,0x00,0x00,0x00,0x00,0x00,0x15,
    0x1C,0x1C,0x1C,0x1B,0x00,0x00,0x00,0x00,0x00,0x00,0x00,0x00,0x00,0x00,0x00,0x00,
    0x00,0x00,0x00,0x00,0xC0,0xFF,0xFF,0xFF,0xF8,0x00,0x00,0x00,0x00,0x00,0x00,0x00,
    0x00,0x00,0x00,0x00,0x00,0x00,0x00,0x00,0x00,0xC0,0xFF,0xFF,0xFF,0xF8,0x00,0x00,
    0x00,0x00,0x00,0x00,0x00,0x00,0x00,0x00,0x00,0x00,0x00,0x00,0x00,0x00,0xC0,0xFF,
    0xFF,0xFF,0xF8,0x00,0x00,0x00,0x00,0x00,0x00,0x00,0x00,0x00,0x00,0x00,0x00,0x00,
    0x00,0x00,0x00,0x8D,0xBC,0xBC,0xBC,0xB6,0x00,0x00,0x00,0x00,0x00,0x00,0x00,0x00,
    0x77,0xFF,0xFF,0xFF,0xFF,0x3D,0x00,0x00,0x00,0x00,0x00,0x00,0xC7,0xFF,0xFF,0xFF,
    0xE8,0x04,0x13,0xF7,0xFF,0xFF,0xFF,0xA1,0x00,0x00,0x00,0x00,0x00,0x1C,0xFE,0xFF,
    0xFF,0xFF,0x8C,0x00,0x00,0x9F,0xFF,0xFF,0xFF,0xF5,0x0F,0x00,0x00,0x00,0x00,0x70,
    0xFF,0xFF,0xFF,0xFF,0x2C,0x00,0x00,0x33,0xFF,0xFF,0xFF,0xFF,0x69,0x00,0x00,0x00,
    0x00,0xC5,0xFF,0xFF,0xFF,0xCD,0x00,0x00,0x00,0x00,0xC8,0xFF,0xFF,0xFF,0xCD,0x00,
    0x00,0x00,0x1B,0xFE,0xFF,0xFF,0xFF,0x6D,0x00,0x00,0x00,0x00,0x5D,0xFF,0xFF,0xFF,
    0xFF,0x31,0x00,0x00,0x6F,0xFF,0xFF,0xFF,0xFA,0x14,0x00,0x00,0x00,0x00,0x07,0xEA,
    0xFF,0xFF,0xFF,0x95,0x00,0x00,0xC4,0xFF,0xFF,0xFF,0xAE,0x00,0x00,0x00,0x00,0x00,
    0x00,0x86,0xFF,0xFF,0xFF,0xEF,0x09,0x1A,0xFE,0xFF,0xFF,0xFF,0x4F,0x00,0x00,0x00,
    0x00,0x00,0x00,0x1D,0xFC,0xFF,0xFF,0xFF,0x5C,0x6E,0xFF,0xFF,0xFF,0xEA,0x05,0x00,
    0x00,0x00,0x00,0x00,0x00,0x00,0xAE,0xFF,0xFF,0xFF,0xC0,0xC3,0xFF,0xFF,0xFF,0x90,
    0x00,0x00,0x00,0x00,0x00,0x00,0x00,0x00,0x43,0xFF,0xFF,0xFF,0xFF,0xFE,0xFF,0xFF,
    0xFF,0x30,0x00,0x00,0x00,0x00,0x00,0x00,0x00,0x00,0x00,0xD6,0xFF,0xFF,0xFF,0xFF,
    0xFF,0xFF,0xD1,0x00,0x00,0x00,0x00,0x00,0x00,0x00,0x00,0x00,0x00,0x6C,0xFF,0xFF,
    0xFF,0xFF,0xFF,0xFF,0x71,0x00,0x00,0x00,0x00,0x00,0x00,0x00,0x00,0x00,0x00,0x0D,
    0xF2,0xFF,0xFF,0xFF,0xFF,0xFB,0x16,0x00,0x00,0x00,0x00,0x00,0x00,0x00,0x00,0x00,
    0x00,0x00,0x95,0xFF,0xFF,0xFF,0xFF,0xB2,0x00,0x00,0x00,0x00,0x00,0x00,0x00,0x00,
    0x00,0x00,0x00,0x00,0x33,0xFF,0xFF,0xFF,0xFF,0x53,0x00,0x00,0x00,0x00,0x00,0x00,
    0x00,0x00,0x00,0x00,0x00,0x00,0x63,0xFF,0xFF,0xFF,0xEC,0x14,0x1C,0x1C,0x1C,0x1C,
    0x06,0x00,0x00,0x00,0x00,0x00,0x08,0x3E,0xE6,0xFF,0xFF,0xFF,0x85,0x7C,0xFF,0xFF,
    0xFF,0xFF,0x3C,0x00,0x00,0x00,0x4C,0xFF,0xFF,0xFF,0xFF,0xFF,0xFF,0xEB,0x11,0x7C,
    0xFF,0xFF,0xFF,0xFF,0x3C,0x00,0x00,0x00,0x4C,0xFF,0xFF,0xFF,0xFF,0xFF,0xF8,0x46,
    0x00,0x7C,0xFF,0xFF,0xFF,0xFF,0x3C,0x00,0x00,0x00,0x4C,0xFF,0xFF,0xFA,0xDD,0xA2,
    0x27,0x00,0x00,0x5B,0xBC,0xBC,0xBC,0xBC,0x2C,0x00,0x00,0x00,0x00,0x00,0x00,0x00,
    0x00,0x20,0x78,0xA7,0xBD,0xAD,0x76,0x11,0x00,0x00,0x00,0x00,0x00,0x00,0x00,0x00,
    0x00,0x00,0x00,0x00,0x00,0x00,0x70,0xED,0xB3,0x9D,0xC1,0xFF,0xD4,0x05,0x00,0x00,
    0x00,0x00,0x00,0x00,0x00,0x00,0x00,0x00,0x00,0x00,0x00,0x16,0x05,0x00,0x00,0x00,
    0xCF,0xFF,0x31,0x00,0x00,0x00,0x00,0x00,0x00,0x00,0x00,0x00,0x00,0x00,0x00,0x00,
    0x00,0x00,0x00,0x00,0x6E,0xFF,0xF4,0x13,0x00,0x00,0x00,0x00,0x00,0x00,0x00,0x00,
    0x00,0x00,0x00,0x00,0x00,0x00,0x00,0x00,0x8C,0xFF,0xF3,0x4A,0x00,0x00,0x00,0x00,
    0x00,0x00,0x00,0x00,0x00,0x00,0x00,0x00,0x00,0x00,0x00,0x00,0x1D,0xFF,0xFE,0x2D,
    0x00,0x00,0x00,0x00,0x00,0x00,0x00,0x00,0x00,0x00,0x00,0x00,0x00,0x00,0x00,0x00,
    0x00,0x0F,0x5C,0x59,0x00,0x00,0x00,0x00,0x00,0x00,0x00,0x00,0x00,0x00,0x00,0x00,
    0x00,0x00,0x00,0x00,0x00,0x00,0x00,0x00,0x00,0x00,0x00,0x00,0x00,0x00,0x00,0x00,
    0x00,0x00,0x0E,0xE3,0xFF,0xFF,0xFF,0xFF,0x98,0x00,0x00,0x00,0x00,0x00,0x00,0x00,
    0x1D,0xF3,0xFF,0xFF,0xFF,0xFF,0x7C,0x00,0x4C,0xFF,0xFF,0xFF,0xFF,0xFE,0x3B,0x00,
    0x00,0x00,0x00,0x00,0x00,0xB1,0xFF,0xFF,0xFF,0xFF,0xD1,0x05,0x00,0x00,0xA6,0xFF,
    0xFF,0xFF,0xFF,0xD4,0x05,0x00,0x00,0x00,0x00,0x53,0xFF,0xFF,0xFF,0xFF,0xFC,0x34,
    0x00,0x00,0x00,0x14,0xEB,0xFF,0xFF,0xFF,0xFF,0x7B,0x00,0x00,0x00,0x0E,0xE5,0xFF,
    0xFF,0xFF,0xFF,0x8B,0x00,0x00,0x00,0x00,0x00,0x5A,0xFF,0xFF,0xFF,0xFF,0xF7,0x25,
    0x00,0x00,0x95,0xFF,0xFF,0xFF,0xFF,0xDB,0x09,0x00,0x00,0x00,0x00,0x00,0x00,0xB4,
    0xFF,0xFF,0xFF,0xFF,0xBD,0x00,0x38,0xFD,0xFF,0xFF,0xFF,0xFE,0x40,0x00,0x00,0x00,
    0x00,0x00,0x00,0x00,0x1C,0xF1,0xFF,0xFF,0xFF,0xFF,0x63,0xD2,0xFF,0xFF,0xFF,0xFF,
    0x9A,0x00,0x00,0x00,0x00,0x00,0x00,0x00,0x00,0x00,0x69,0xFF,0xFF,0xFF,0xFF,0xFD,
    0xFF,0xFF,0xFF,0xFF,0xE4,0x0F,0x00,0x00,0x00,0x00,0x00,0x00,0x00,0x00,0x00,0x01,
    0xC1,0xFF,0xFF,0xFF,0xFF,0xFF,0xFF,0xFF,0xFF,0x4E,0x00,0x00,0x00,0x00,0x00,0x00,
    0x00,0x00,0x00,0x00,0x00,0x25,0xF7,0xFF,0xFF,0xFF,0xFF,0xFF,0xFF,0xA8,0x00,0x00,
    0x00,0x00,0x00,0x00,0x00,0x00,0x00,0x00,0x00,0x00,0x00,0x77,0xFF,0xFF,0xFF,0xFF,
    0xFF,0xEC,0x16,0x00,0x00,0x00,0x00,0x00,0x00,0x00,0x00,0x00,0x00,0x00,0x00,0x00,
    0x03,0xDB,0xFF,0xFF,0xFF,0xFF,0x6B,0x00,0x00,0x00,0x00,0x00,0x00,0x00,0x00,0x00,
    0x00,0x00,0x00,0x00,0x00,0x00,0xC4,0xFF,0xFF,0xFF,0xFF,0x50,0x00,0x00,0x00,0x00,
    0x00,0x00,0x00,0x00,0x00,0x00,0x00,0x00,0x00,0x00,0x00,0xC4,0xFF,0xFF,0xFF,0xFF,
    0x50,0x00,0x00,0x00,0x00,0x00,0x00,0x00,0x00,0x00,0x00,0x00,0x00,0x00,0x00,0x00,
    0xC4,0xFF,0xFF,0xFF,0xFF,0x50,0x00,0x00,0x00,0x00,0x00,0x00,0x00,0x00,0x00,0x00,
    0x00,0x00,0x00,0x00,0x00,0xC4,0xFF,0xFF,0xFF,0xFF,0x50,0x00,0x00,0x00,0x00,0x00,
    0x00,0x00,0x00,0x00,0x00,0x00,0x00,0x00,0x00,0x00,0xC4,0xFF,0xFF,0xFF,0xFF,0x50,
    0x00,0x00,0x00,0x00,0x00,0x00,0x00,0x00,0x00,0x00,0x00,0x00,0x00,0x00,0x00,0xC4,
    0xFF,0xFF,0xFF,0xFF,0x50,0x00,0x00,0x00,0x00,0x00,0x00,0x00,0x00,0x00,0x00,0x00,
    0x00,0x00,0x00,0x00,0xC4,0xFF,0xFF,0xFF,0xFF,0x50,0x00,0x00,0x00,0x00,0x00,0x00,
    0x00,0x00,0x00,0x00,0x00,0x00,0x00,0x00,0x00,0xC4,0xFF,0xFF,0xFF,0xFF,0x50,0x00,
    0x00,0x00,0x00,0x00,0x00,0x00,0x00,0x00,0x00,0x00,0x00,0x26,0x7C,0xA9,0xBD,0xAB,
    0x70,0x0D,0x00,0x00,0x00,0x00,0x00,0x00,0x00,0x00,0x00,0x00,0x00,0x80,0xEA,0xB1,
    0x9D,0xC6,0xFF,0xC9,0x00,0x00,0x00,0x00,0x00,0x00,0x00,0x00,0x00,0x00,0x00,0x18,
    0x03,0x00,0x00,0x00,0xDF,0xFF,0x21,0x00,0x00,0x00,0x00,0x00,0x00,0x00,0x00,0x00,
    0x00,0x00,0x00,0x00,0x00,0x7D,0xFF,0xEC,0x0A,0x00,0x00,0x00,0x00,0x00,0x00,0x00,
    0x00,0x00,0x00,0x00,0x00,0x00,0x9B,0xFF,0xEE,0x3F,0x00,0x00,0x00,0x00,0x00,0x00,
    0x00,0x00,0x00,0x00,0x00,0x00,0x00,0x2C,0xFF,0xF8,0x22,0x00,0x00,0x00,0x00,0x00,
    0x00,0x00,0x00,0x00,0x00,0x00,0x00,0x00,0x00,0x15,0x5C,0x53,0x00,0x00,0x00,0x00,
    0x00,0x00,0x00,0x00,0x00,0x00,0x00,0x00,0x00,0x00,0x00,0x00,0x00,0x00,0x00,0x00,
    0x00,0x00,0x00,0x00,0x00,0x00,0x77,0xFF,0xFF,0xFF,0xFF,0x3D,0x00,0x00,0x00,0x00,
    0x00,0x00,0xC7,0xFF,0xFF,0xFF,0xE8,0x04,0x13,0xF7,0xFF,0xFF,0xFF,0xA1,0x00,0x00,
    0x00,0x00,0x00,0x1C,0xFE,0xFF,0xFF,0xFF,0x8C,0x00,0x00,0x9F,0xFF,0xFF,0xFF,0xF5,
    0x0F,0x00,0x00,0x00,0x00,0x70,0xFF,0xFF,0xFF,0xFF,0x2C,0x00,0x00,0x33,0xFF,0xFF,
    0xFF,0xFF,0x69,0x00,0x00,0x00,0x00,0xC5,0xFF,0xFF,0xFF,0xCD,0x00,0x00,0x00,0x00,
    0xC8,0xFF,0xFF,0xFF,0xCD,0x00,0x00,0x00,0x1B,0xFE,0xFF,0xFF,0xFF,0x6D,0x00,0x00,
    0x00,0x00,0x5D,0xFF,0xFF,0xFF,0xFF,0x31,0x00,0x00,0x6F,0xFF,0xFF,0xFF,0xFA,0x14,
    0x00,0x00,0x00,0x00,0x07,0xEA,0xFF,0xFF,0xFF,0x95,0x00,0x00,0xC4,0xFF,0xFF,0xFF,
    0xAE,0x00,0x00,0x00,0x00,0x00,0x00,0x86,0xFF,0xFF,0xFF,0xEF,0x09,0x1A,0xFE,0xFF,
    0xFF,0xFF,0x4F,0x00,0x00,0x00,0x00,0x00,0x00,0x1D,0xFC,0xFF,0xFF,0xFF,0x5C,0x6E,
    0xFF,0xFF,0xFF,0xEA,0x05,0x00,0x00,0x00,0x00,0x00,0x00,0x00,0xAE,0xFF,0xFF,0xFF,
    0xC0,0xC3,0xFF,0xFF,0xFF,0x90,0x00,0x00,0x00,0x00,0x00,0x00,0x00,0x00,0x43,0xFF,
    0xFF,0xFF,0xFF,0xFE,0xFF,0xFF,0xFF,0x30,0x00,0x00,0x00,0x00,0x00,0x00,0x00,0x00,
    0x00,0xD6,0xFF,0xFF,0xFF,0xFF,0xFF,0xFF,0xD1,0x00,0x00,0x00,0x00,0x00,0x00,0x00,
    0x00,0x00,0x00,0x6C,0xFF,0xFF,0xFF,0xFF,0xFF,0xFF,0x71,0x00,0x00,0x00,0x00,0x00,
    0x00,0x00,0x00,0x00,0x00,0x0D,0xF2,0xFF,0xFF,0xFF,0xFF,0xFB,0x16,0x00,0x00,0x00,
    0x00,0x00,0x00,0x00,0x00,0x00,0x00,0x00,0x95,0xFF,0xFF,0xFF,0xFF,0xB2,0x00,0x00,
    0x00,0x00,0x00,0x00,0x00,0x00,0x00,0x00,0x00,0x00,0x33,0xFF,0xFF,0xFF,0xFF,0x53,
    0x00,0x00,0x00,0x00,0x00,0x00,0x00,0x00,0x00,0x00,0x00,0x00,0x63,0xFF,0xFF,0xFF,
    0xEC,0x06,0x00,0x00,0x00,0x00,0x00,0x00,0x00,0x00,0x00,0x00,0x08,0x3E,0xE6,0xFF,
    0xFF,0xFF,0x85,0x00,0x00,0x00,0x00,0x00,0x00,0x00,0x00,0x00,0x4C,0xFF,0xFF,0xFF,
    0xFF,0xFF,0xFF,0xEB,0x11,0x00,0x00,0x00,0x00,0x00,0x00,0x00,0x00,0x00,0x4C,0xFF,
    0xFF,0xFF,0xFF,0xFF,0xF8,0x46,0x00,0x00,0x00,0x00,0x00,0x00,0x00,0x00,0x00,0x00,
    0x4C,0xFF,0xFF,0xFA,0xDD,0xA2,0x27,0x00,0x00,0x00,0x00,0x00,0x00,0x00,0x00,0x00,
    0x00,0x00,0x00,0x00,0x00,0x00,0x01,0x86,0xEC,0xD1,0x4C,0x00,0x00,0x87,0xFF,0x51,
    0x00,0x00,0x00,0x00,0x00,0x00,0x00,0x00,0x00,0x00,0x00,0x56,0xFF,0xFF,0xFF,0xFF,
    0x87,0x12,0xCD,0xFF,0x33,0x00,0x00,0x00,0x00,0x00,0x00,0x00,0x00,0x00,0x00,0x00,
    0xAA,0xFF,0x5C,0x35,0xDA,0xFF,0xFF,0xFF,0xDC,0x03,0x00,0x00,0x00,0x00,0x00,0x00,
    0x00,0x00,0x00,0x00,0x00,0xC9,0xFF,0x0D,0x00,0x10,0xA2,0xF0,0xD1,0x31,0x00,0x00,
    0x00,0x00,0x00,0x00,0x00,0x00,0x00,0x00,0x00,0x00,0x00,0x00,0x00,0x00,0x00,0x00,
    0x00,0x00,0x00,0x00,0x00,0x00,0x00,0x00,0x00,0x00,0x00,0x00,0x00,0x00,0x00,0x00,
    0x00,0x00,0x00,0x00,0x00,0x00,0x00,0x00,0x00,0x00,0x00,0x00,0x00,0x00,0x0E,0xE3,
    0xFF,0xFF,0xFF,0xFF,0x98,0x00,0x00,0x00,0x00,0x00,0x00,0x00,0x1D,0xF3,0xFF,0xFF,
    0xFF,0xFF,0x7C,0x00,0x4C,0xFF,0xFF,0xFF,0xFF,0xFE,0x3B,0x00,0x00,0x00,0x00,0x00,
    0x00,0xB1,0xFF,0xFF,0xFF,0xFF,0xD1,0x05,0x00,0x00,0xA6,0xFF,0xFF,0xFF,0xFF,0xD4,
    0x05,0x00,0x00,0x00,0x00,0x53,0xFF,0xFF,0xFF,0xFF,0xFC,0x34,0x00,0x00,0x00,0x14,
    0xEB,0xFF,0xFF,0xFF,0xFF,0x7B,0x00,0x00,0x00,0x0E,0xE5,0xFF,0xFF,0xFF,0xFF,0x8B,
    0x00,0x00,0x00,0x00,0x00,0x5A,0xFF,0xFF,0xFF,0xFF,0xF7,0x25,0x00,0x00,0x95,0xFF,
    0xFF,0xFF,0xFF,0xDB,0x09,0x00,0x00,0x00,0x00,0x00,0x00,0xB4,0xFF,0xFF,0xFF,0xFF,
    0xBD,0x00,0x38,0xFD,0xFF,0xFF,0xFF,0xFE,0x40,0x00,0x00,0x00,0x00,0x00,0x00,0x00,
    0x1C,0xF1,0xFF,0xFF,0xFF,0xFF,0x63,0xD2,0xFF,0xFF,0xFF,0xFF,0x9A,0x00,0x00,0x00,
    0x00,0x00,0x00,0x00,0x00,0x00,0x69,0xFF,0xFF,0xFF,0xFF,0xFD,0xFF,0xFF,0xFF,0xFF,
    0xE4,0x0F,0x00,0x00,0x00,0x00,0x00,0x00,0x00,0x00,0x00,0x01,0xC1,0xFF,0xFF,0xFF,
    0xFF,0xFF,0xFF,0xFF,0xFF,0x4E,0x00,0x00,0x00,0x00,0x00,0x00,0x00,0x00,0x00,0x00,
    0x00,0x25,0xF7,0xFF,0xFF,0xFF,0xFF,0xFF,0xFF,0xA8,0x00,0x00,0x00,0x00,0x00,0x00,
    0x00,0x00,0x00,0x00,0x00,0x00,0x00,0x77,0xFF,0xFF,0xFF,0xFF,0xFF,0xEC,0x16,0x00,
    0x00,0x00,0x00,0x00,0x00,0x00,0x00,0x00,0x00,0x00,0x00,0x00,0x03,0xDB,0xFF,0xFF,
    0xFF,0xFF,0x6B,0x00,0x00,0x00,0x00,0x00,0x00,0x00,0x00,0x00,0x00,0x00,0x00,0x00,
    0x00,0x00,0xC4,0xFF,0xFF,0xFF,0xFF,0x50,0x00,0x00,0x00,0x00,0x00,0x00,0x00,0x00,
    0x00,0x00,0x00,0x00,0x00,0x00,0x00,0xC4,0xFF,0xFF,0xFF,0xFF,0x50,0x00,0x00,0x00,
    0x00,0x00,0x00,0x00,0x00,0x00,0x00,0x00,0x00,0x00,0x00,0x00,0xC4,0xFF,0xFF,0xFF,
    0xFF,0x50,0x00,0x00,0x00,0x00,0x00,0x00,0x00,0x00,0x00,0x00,0x00,0x00,0x00,0x00,
    0x00,0xC4,0xFF,0xFF,0xFF,0xFF,0x50,0x00,0x00,0x00,0x00,0x00,0x00,0x00,0x00,0x00,
    0x00,0x00,0x00,0x00,0x00,0x00,0xC4,0xFF,0xFF,0xFF,0xFF,0x50,0x00,0x00,0x00,0x00,
    0x00,0x00,0x00,0x00,0x00,0x00,0x00,0x00,0x00,0x00,0x00,0xC4,0xFF,0xFF,0xFF,0xFF,
    0x50,0x00,0x00,0x00,0x00,0x00,0x00,0x00,0x00,0x00,0x00,0x00,0x00,0x00,0x00,0x00,
    0xC4,0xFF,0xFF,0xFF,0xFF,0x50,0x00,0x00,0x00,0x00,0x00,0x00,0x00,0x00,0x00,0x00,
    0x00,0x00,0x00,0x00,0x00,0xC4,0xFF,0xFF,0xFF,0xFF,0x50,0x00,0x00,0x00,0x00,0x00,
    0x00,0x00,0x00,0x00,0x00,0x00,0x00,0x57,0xEA,0xD9,0x34,0x00,0x00,0x4D,0xF4,0x80,
    0x00,0x00,0x00,0x00,0x00,0x00,0x00,0x00,0x15,0xF5,0xFF,0xFF,0xED,0x24,0x00,0x66,
    0xFF,0x75,0x00,0x00,0x00,0x00,0x00,0x00,0x00,0x00,0x62,0xFF,0x9C,0x34,0xEA,0xD9,
    0x23,0xB8,0xFF,0x49,0x00,0x00,0x00,0x00,0x00,0x00,0x00,0x00,0x8E,0xFF,0x4C,0x00,
    0x37,0xF6,0xFF,0xFF,0xE9,0x08,0x00,0x00,0x00,0x00,0x00,0x00,0x00,0x00,0x98,0xF4,
    0x35,0x00,0x00,0x46,0xE5,0xE4,0x45,0x00,0x00,0x00,0x00,0x00,0x00,0x00,0x00,0x00,
    0x00,0x00,0x00,0x00,0x00,0x00,0x00,0x00,0x00,0x00,0x00,0x00,0x00,0x00,0x00,0x00,
    0x00,0x00,0x00,0x00,0x00,0x00,0x00,0x00,0x00,0x00,0x00,0x00,0x00,0x00,0x00,0x00,
    0x77,0xFF,0xFF,0xFF,0xFF,0x3D,0x00,0x00,0x00,0x00,0x00,0x00,0xC7,0xFF,0xFF,0xFF,
    0xE8,0x04,0x13,0xF7,0xFF,0xFF,0xFF,0xA1,0x00,0x00,0x00,0x00,0x00,0x1C,0xFE,0xFF,
    0xFF,0xFF,0x8C,0x00,0x00,0x9F,0xFF,0xFF,0xFF,0xF5,0x0F,0x00,0x00,0x00,0x00,0x70,
    0xFF,0xFF,0xFF,0xFF,0x2C,0x00,0x00,0x33,0xFF,0xFF,0xFF,0xFF,0x69,0x00,0x00,0x00,
    0x00,0xC5,0xFF,0xFF,0xFF,0xCD,0x00,0x00,0x00,0x00,0xC8,0xFF,0xFF,0xFF,0xCD,0x00,
    0x00,0x00,0x1B,0xFE,0xFF,0xFF,0xFF,0x6D,0x00,0x00,0x00,0x00,0x5D,0xFF,0xFF,0xFF,
    0xFF,0x31,0x00,0x00,0x6F,0xFF,0xFF,0xFF,0xFA,0x14,0x00,0x00,0x00,0x00,0x07,0xEA,
    0xFF,0xFF,0xFF,0x95,0x00,0x00,0xC4,0xFF,0xFF,0xFF,0xAE,0x00,0x00,0x00,0x00,0x00,
    0x00,0x86,0xFF,0xFF,0xFF,0xEF,0x09,0x1A,0xFE,0xFF,0xFF,0xFF,0x4F,0x00,0x00,0x00,
    0x00,0x00,0x00,0x1D,0xFC,0xFF,0xFF,0xFF,0x5C,0x6E,0xFF,0xFF,0xFF,0xEA,0x05,0x00,
    0x00,0x00,0x00,0x00,0x00,0x00,0xAE,0xFF,0xFF,0xFF,0xC0,0xC3,0xFF,0xFF,0xFF,0x90,
    0x00,0x00,0x00,0x00,0x00,0x00,0x00,0x00,0x43,0xFF,0xFF,0xFF,0xFF,0xFE,0xFF,0xFF,
    0xFF,0x30,0x00,0x00,0x00,0x00,0x00,0x00,0x00,0x00,0x00,0xD6,0xFF,0xFF,0xFF,0xFF,
    0xFF,0xFF,0xD1,0x00,0x00,0x00,0x00,0x00,0x00,0x00,0x00,0x00,0x00,0x6C,0xFF,0xFF,
    0xFF,0xFF,0xFF,0xFF,0x71,0x00,0x00,0x00,0x00,0x00,0x00,0x00,0x00,0x00,0x00,0x0D,
    0xF2,0xFF,0xFF,0xFF,0xFF,0xFB,0x16,0x00,0x00,0x00,0x00,0x00,0x00,0x00,0x00,0x00,
    0x00,0x00,0x95,0xFF,0xFF,0xFF,0xFF,0xB2,0x00,0x00,0x00,0x00,0x00,0x00,0x00,0x00,
    0x00,0x00,0x00,0x00,0x33,0xFF,0xFF,0xFF,0xFF,0x53,0x00,0x00,0x00,0x00,0x00,0x00,
    0x00,0x00,0x00,0x00,0x00,0x00,0x63,0xFF,0xFF,0xFF,0xEC,0x06,0x00,0x00,0x00,0x00,
    0x00,0x00,0x00,0x00,0x00,0x00,0x08,0x3E,0xE6,0xFF,0xFF,0xFF,0x85,0x00,0x00,0x00,
    0x00,0x00,0x00,0x00,0x00,0x00,0x4C,0xFF,0xFF,0xFF,0xFF,0xFF,0xFF,0xEB,0x11,0x00,
    0x00,0x00,0x00,0x00,0x00,0x00,0x00,0x00,0x4C,0xFF,0xFF,0xFF,0xFF,0xFF,0xF8,0x46,
    0x00,0x00,0x00,0x00,0x00,0x00,0x00,0x00,0x00,0x00,0x4C,0xFF,0xFF,0xFA,0xDD,0xA2,
    0x27,0x00,0x00,0x00,0x00,0x00,0x00,0x00,0x00,0x00,0x00,0x00,0x00,0x00,0x00,0x18,
    0xB9,0x16,0x00,0x00,0x00,0x00,0x00,0x00,0x00,0x00,0x00,0x00,0x00,0x00,0x00,0x00,
    0x00,0x00,0x00,0x00,0x00,0x10,0xD1,0xFF,0xCD,0x0D,0x00,0x00,0x00,0x00,0x00,0x00,
    0x00,0x00,0x00,0x00,0x00,0x00,0x00,0x00,0x00,0x00,0x00,0x09,0xC4,0xFF,0xFF,0xE9,
    0x21,0x00,0x00,0x00,0x00,0x00,0x00,0x00,0x00,0x00,0x00,0x00,0x00,0x00,0x00,0x00,
    0x00,0x04,0xB5,0xFF,0xFF,0xF3,0x33,0x00,0x00,0x00,0x00,0x00,0x00,0x00,0x00,0x00,
    0x00,0x00,0x00,0x00,0x00,0x00,0x00,0x01,0xA4,0xFF,0xFF,0xFA,0x45,0x00,0x00,0x00,
    0x00,0x00,0x00,0x00,0x00,0x00,0x00,0x00,0x00,0x00,0x00,0x00,0x00,0x00,0x82,0xFF,
    0xFF,0xFF,0xFF,0xFF,0xFF,0xFF,0xFF,0xFF,0xFF,0xFF,0xFF,0xFF,0xFF,0xFF,0xFF,0xFF,
    0xFF,0xFF,0x14,0x00,0x00,0xB0,0xFF,0xFF,0xFF,0xFF,0xFF,0xFF,0xFF,0xFF,0xFF,0xFF,
    0xFF,0xFF,0xFF,0xFF,0xFF,0xFF,0xFF,0xFF,0xFF,0x14,0x00,0x00,0x82,0xFF,0xFF,0xFF,
    0xFF,0xFF,0xFF,0xFF,0xFF,0xFF,0xFF,0xFF,0xFF,0xFF,0xFF,0xFF,0xFF,0xFF,0xFF,0xFF,
    0x14,0x00,0x00,0x01,0xA5,0xFF,0xFF,0xF9,0x45,0x00,0x00,0x00,0x00,0x00,0x00,0x00,
    0x00,0x00,0x00,0x00,0x00,0x00,0x00,0x00,0x00,0x00,0x00,0x05,0xB5,0xFF,0xFF,0xF3,
    0x33,0x00,0x00,0x00,0x00,0x00,0x00,0x00,0x00,0x00,0x00,0x00,0x00,0x00,0x00,0x00,
    0x00,0x00,0x00,0x0A,0xC4,0xFF,0xFF,0xE9,0x21,0x00,0x00,0x00,0x00,0x00,0x00,0x00,
    0x00,0x00,0x00,0x00,0x00,0x00,0x00,0x00,0x00,0x00,0x00,0x10,0xD2,0xFF,0xCD,0x0D,
    0x00,0x00,0x00,0x00,0x00,0x00,0x00,0x00,0x00,0x00,0x00,0x00,0x00,0x00,0x00,0x00,
    0x00,0x00,0x00,0x19,0xBA,0x17,0x00,0x00,0x00,0x00,0x00,0x00,0x00,0x00,0x00,0x00,
    0x00,0x00,0x00,0x00,0x00,0x00,0x00,0x00,0x00,0x00,0x00,0x00,0x00,0x00,0x00,0x00,
    0x00,0x00,0x00,0x00,0x00,0x00,0x00,0x00,0x00,0x00,0x00,0x00,0x00,0x00,0x00,0x00,
    0x00,0x00,0x00,0x00,0x00,0x00,0x00,0x00,0x00,0x00,0x00,0x00,0x00,0x00,0x00,0x00,
    0x00,0x00,0x00,0x00,0x00,0x00,0x00,0x00,0x00,0x00,0x00,0x00,0x00,0x00,0x00,0x00,
    0x00,0x00,0x55,0x93,0x00,0x00,0x00,0x00,0x00,0x00,0x00,0x00,0x00,0x00,0x00,0x00,
    0x00,0x00,0x00,0x00,0x00,0x00,0x00,0x00,0x41,0xF9,0xFF,0x82,0x00,0x00,0x00,0x00,
    0x00,0x00,0x00,0x00,0x00,0x00,0x00,0x00,0x00,0x00,0x00,0x00,0x00,0x00,0x00,0x6B,
    0xFF,0xFF,0xFF,0x6D,0x00,0x00,0x00,0x00,0x00,0x00,0x00,0x00,0x00,0x00,0x00,0x00,
    0x00,0x00,0x00,0x00,0x00,0x00,0x00,0x87,0xFF,0xFF,0xFE,0x5B,0x00,0x00,0x00,0x00,
    0x00,0x00,0x00,0x00,0x00,0x00,0x00,0x00,0x00,0x00,0x00,0x00,0x00,0x00,0x00,0x9F,
    0xFF,0xFF,0xFB,0x4A,0x00,0x00,0x00,0x74,0xFF,0xFF,0xFF,0xFF,0xFF,0xFF,0xFF,0xFF,
    0xFF,0xFF,0xFF,0xFF,0xFF,0xFF,0xFF,0xFF,0xFF,0xFF,0xF6,0x2B,0x00,0x00,0x74,0xFF,
    0xFF,0xFF,0xFF,0xFF,0xFF,0xFF,0xFF,0xFF,0xFF,0xFF,0xFF,0xFF,0xFF,0xFF,0xFF,0xFF,
    0xFF,0xFF,0x50,0x00,0x00,0x74,0xFF,0xFF,0xFF,0xFF,0xFF,0xFF,0xFF,0xFF,0xFF,0xFF,
    0xFF,0xFF,0xFF,0xFF,0xFF,0xFF,0xFF,0xFF,0xF6,0x2B,0x00,0x00,0x00,0x00,0x00,0x00,
    0x00,0x00,0x00,0x00,0x00,0x00,0x00,0x00,0x00,0x00,0x00,0x9F,0xFF,0xFF,0xFB,0x4B,
    0x00,0x00,0x00,0x00,0x00,0x00,0x00,0x00,0x00,0x00,0x00,0x00,0x00,0x00,0x00,0x00,
    0x00,0x87,0xFF,0xFF,0xFE,0x5B,0x00,0x00,0x00,0x00,0x00,0x00,0x00,0x00,0x00,0x00,
    0x00,0x00,0x00,0x00,0x00,0x00,0x00,0x6A,0xFF,0xFF,0xFF,0x6E,0x00,0x00,0x00,0x00,
    0x00,0x00,0x00,0x00,0x00,0x00,0x00,0x00,0x00,0x00,0x00,0x00,0x00,0x00,0x42,0xF9,
    0xFF,0x82,0x00,0x00,0x00,0x00,0x00,0x00,0x00,0x00,0x00,0x00,0x00,0x00,0x00,0x00,
    0x00,0x00,0x00,0x00,0x00,0x00,0x56,0x93,0x00,0x00,0x00,0x00,0x00,0x00,0x00,0x00,
    0x00,0x00,0x00,0x00,0x00,0x00,0x00,0x00,0x00,0x00,0x00,0x00,0x00,0x00,0x00,0x00,
    0x00,0x00,0x00,0x00,0x00,0x00,0x00,0x00,0x00,0x00,0x00,0x00,0x00,0x00,0x00,0x00,
    0x00,0x00,0x00,0x00,0x00,0x00,0x00,0x00,0x00,0x00,0x00,0x00,0x0E,0x44,0x65,0x6A,
    0x61,0x56,0x75,0x53,0x61,0x6E,0x73,0x42,0x6F,0x6C,0x64,0x0E,0x44,0x65,0x6A,0x61,
    0x56,0x75,0x53,0x61,0x6E,0x73,0x42,0x6F,0x6C,0x64,0x01,
};

#endif  // VN_FONT_LARGE_H
