// Generated by tools/make_vlw.py -- do not edit by hand.
//
// DejaVu Sans Bold at 12 px, TFT_eSPI smooth-font (.vlw) format.
// 232 glyphs, 26712 bytes, line box 17 px (ascent 14 + descent 3).
// Bitstream Vera license -- redistributable in a shipped product.

#ifndef VN_FONT_SMALL_H
#define VN_FONT_SMALL_H

#include <pgmspace.h>

const uint8_t VN_FONT_SMALL[] PROGMEM = {
    0x00,0x00,0x00,0xE8,0x00,0x00,0x00,0x0B,0x00,0x00,0x00,0x0C,0x00,0x00,0x00,0x00,
    0x00,0x00,0x00,0x0E,0x00,0x00,0x00,0x03,0x00,0x00,0x00,0x20,0x00,0x00,0x00,0x00,
    0x00,0x00,0x00,0x00,0x00,0x00,0x00,0x04,0x00,0x00,0x00,0x00,0x00,0x00,0x00,0x00,
    0x00,0x00,0x00,0x00,0x00,0x00,0x00,0x21,0x00,0x00,0x00,0x09,0x00,0x00,0x00,0x05,
    0x00,0x00,0x00,0x05,0x00,0x00,0x00,0x09,0x00,0x00,0x00,0x00,0x00,0x00,0x00,0x00,
    0x00,0x00,0x00,0x22,0x00,0x00,0x00,0x09,0x00,0x00,0x00,0x06,0x00,0x00,0x00,0x06,
    0x00,0x00,0x00,0x09,0x00,0x00,0x00,0x00,0x00,0x00,0x00,0x00,0x00,0x00,0x00,0x23,
    0x00,0x00,0x00,0x09,0x00,0x00,0x00,0x0A,0x00,0x00,0x00,0x0A,0x00,0x00,0x00,0x09,
    0x00,0x00,0x00,0x00,0x00,0x00,0x00,0x00,0x00,0x00,0x00,0x24,0x00,0x00,0x00,0x0B,
    0x00,0x00,0x00,0x08,0x00,0x00,0x00,0x08,0x00,0x00,0x00,0x09,0x00,0x00,0x00,0x00,
    0x00,0x00,0x00,0x00,0x00,0x00,0x00,0x25,0x00,0x00,0x00,0x09,0x00,0x00,0x00,0x0C,
    0x00,0x00,0x00,0x0C,0x00,0x00,0x00,0x09,0x00,0x00,0x00,0x00,0x00,0x00,0x00,0x00,
    0x00,0x00,0x00,0x26,0x00,0x00,0x00,0x09,0x00,0x00,0x00,0x0A,0x00,0x00,0x00,0x0A,
    0x00,0x00,0x00,0x09,0x00,0x00,0x00,0x00,0x00,0x00,0x00,0x00,0x00,0x00,0x00,0x27,
    0x00,0x00,0x00,0x09,0x00,0x00,0x00,0x04,0x00,0x00,0x00,0x04,0x00,0x00,0x00,0x09,
    0x00,0x00,0x00,0x00,0x00,0x00,0x00,0x00,0x00,0x00,0x00,0x28,0x00,0x00,0x00,0x0B,
    0x00,0x00,0x00,0x05,0x00,0x00,0x00,0x05,0x00,0x00,0x00,0x0A,0x00,0x00,0x00,0x00,
    0x00,0x00,0x00,0x00,0x00,0x00,0x00,0x29,0x00,0x00,0x00,0x0B,0x00,0x00,0x00,0x05,
    0x00,0x00,0x00,0x05,0x00,0x00,0x00,0x0A,0x00,0x00,0x00,0x00,0x00,0x00,0x00,0x00,
    0x00,0x00,0x00,0x2A,0x00,0x00,0x00,0x09,0x00,0x00,0x00,0x07,0x00,0x00,0x00,0x06,
    0x00,0x00,0x00,0x09,0x00,0x00,0x00,0x00,0x00,0x00,0x00,0x00,0x00,0x00,0x00,0x2B,
    0x00,0x00,0x00,0x07,0x00,0x00,0x00,0x0A,0x00,0x00,0x00,0x0A,0x00,0x00,0x00,0x07,
    0x00,0x00,0x00,0x00,0x00,0x00,0x00,0x00,0x00,0x00,0x00,0x2C,0x00,0x00,0x00,0x04,
    0x00,0x00,0x00,0x05,0x00,0x00,0x00,0x05,0x00,0x00,0x00,0x02,0x00,0x00,0x00,0x00,
    0x00,0x00,0x00,0x00,0x00,0x00,0x00,0x2D,0x00,0x00,0x00,0x04,0x00,0x00,0x00,0x05,
    0x00,0x00,0x00,0x05,0x00,0x00,0x00,0x04,0x00,0x00,0x00,0x00,0x00,0x00,0x00,0x00,
    0x00,0x00,0x00,0x2E,0x00,0x00,0x00,0x02,0x00,0x00,0x00,0x05,0x00,0x00,0x00,0x05,
    0x00,0x00,0x00,0x02,0x00,0x00,0x00,0x00,0x00,0x00,0x00,0x00,0x00,0x00,0x00,0x2F,
    0x00,0x00,0x00,0x0A,0x00,0x00,0x00,0x05,0x00,0x00,0x00,0x04,0x00,0x00,0x00,0x09,
    0x00,0x00,0x00,0x00,0x00,0x00,0x00,0x00,0x00,0x00,0x00,0x30,0x00,0x00,0x00,0x09,
    0x00,0x00,0x00,0x08,0x00,0x00,0x00,0x08,0x00,0x00,0x00,0x09,0x00,0x00,0x00,0x00,
    0x00,0x00,0x00,0x00,0x00,0x00,0x00,0x31,0x00,0x00,0x00,0x09,0x00,0x00,0x00,0x08,
    0x00,0x00,0x00,0x08,0x00,0x00,0x00,0x09,0x00,0x00,0x00,0x00,0x00,0x00,0x00,0x00,
    0x00,0x00,0x00,0x32,0x00,0x00,0x00,0x09,0x00,0x00,0x00,0x08,0x00,0x00,0x00,0x08,
    0x00,0x00,0x00,0x09,0x00,0x00,0x00,0x00,0x00,0x00,0x00,0x00,0x00,0x00,0x00,0x33,
    0x00,0x00,0x00,0x09,0x00,0x00,0x00,0x08,0x00,0x00,0x00,0x08,0x00,0x00,0x00,0x09,
    0x00,0x00,0x00,0x00,0x00,0x00,0x00,0x00,0x00,0x00,0x00,0x34,0x00,0x00,0x00,0x09,
    0x00,0x00,0x00,0x08,0x00,0x00,0x00,0x08,0x00,0x00,0x00,0x09,0x00,0x00,0x00,0x00,
    0x00,0x00,0x00,0x00,0x00,0x00,0x00,0x35,0x00,0x00,0x00,0x09,0x00,0x00,0x00,0x08,
    0x00,0x00,0x00,0x08,0x00,0x00,0x00,0x09,0x00,0x00,0x00,0x00,0x00,0x00,0x00,0x00,
    0x00,0x00,0x00,0x36,0x00,0x00,0x00,0x09,0x00,0x00,0x00,0x08,0x00,0x00,0x00,0x08,
    0x00,0x00,0x00,0x09,0x00,0x00,0x00,0x00,0x00,0x00,0x00,0x00,0x00,0x00,0x00,0x37,
    0x00,0x00,0x00,0x09,0x00,0x00,0x00,0x08,0x00,0x00,0x00,0x08,0x00,0x00,0x00,0x09,
    0x00,0x00,0x00,0x00,0x00,0x00,0x00,0x00,0x00,0x00,0x00,0x38,0x00,0x00,0x00,0x09,
    0x00,0x00,0x00,0x08,0x00,0x00,0x00,0x08,0x00,0x00,0x00,0x09,0x00,0x00,0x00,0x00,
    0x00,0x00,0x00,0x00,0x00,0x00,0x00,0x39,0x00,0x00,0x00,0x09,0x00,0x00,0x00,0x08,
    0x00,0x00,0x00,0x08,0x00,0x00,0x00,0x09,0x00,0x00,0x00,0x00,0x00,0x00,0x00,0x00,
    0x00,0x00,0x00,0x3A,0x00,0x00,0x00,0x07,0x00,0x00,0x00,0x05,0x00,0x00,0x00,0x05,
    0x00,0x00,0x00,0x07,0x00,0x00,0x00,0x00,0x00,0x00,0x00,0x00,0x00,0x00,0x00,0x3B,
    0x00,0x00,0x00,0x09,0x00,0x00,0x00,0x05,0x00,0x00,0x00,0x05,0x00,0x00,0x00,0x07,
    0x00,0x00,0x00,0x00,0x00,0x00,0x00,0x00,0x00,0x00,0x00,0x3C,0x00,0x00,0x00,0x07,
    0x00,0x00,0x00,0x0A,0x00,0x00,0x00,0x0A,0x00,0x00,0x00,0x07,0x00,0x00,0x00,0x00,
    0x00,0x00,0x00,0x00,0x00,0x00,0x00,0x3D,0x00,0x00,0x00,0x05,0x00,0x00,0x00,0x0A,
    0x00,0x00,0x00,0x0A,0x00,0x00,0x00,0x05,0x00,0x00,0x00,0x00,0x00,0x00,0x00,0x00,
    0x00,0x00,0x00,0x3E,0x00,0x00,0x00,0x07,0x00,0x00,0x00,0x0A,0x00,0x00,0x00,0x0A,
    0x00,0x00,0x00,0x07,0x00,0x00,0x00,0x00,0x00,0x00,0x00,0x00,0x00,0x00,0x00,0x3F,
    0x00,0x00,0x00,0x09,0x00,0x00,0x00,0x07,0x00,0x00,0x00,0x07,0x00,0x00,0x00,0x09,
    0x00,0x00,0x00,0x00,0x00,0x00,0x00,0x00,0x00,0x00,0x00,0x40,0x00,0x00,0x00,0x0B,
    0x00,0x00,0x00,0x0C,0x00,0x00,0x00,0x0C,0x00,0x00,0x00,0x09,0x00,0x00,0x00,0x00,
    0x00,0x00,0x00,0x00,0x00,0x00,0x00,0x41,0x00,0x00,0x00,0x09,0x00,0x00,0x00,0x0A,
    0x00,0x00,0x00,0x09,0x00,0x00,0x00,0x09,0x00,0x00,0x00,0x00,0x00,0x00,0x00,0x00,
    0x00,0x00,0x00,0x42,0x00,0x00,0x00,0x09,0x00,0x00,0x00,0x09,0x00,0x00,0x00,0x09,
    0x00,0x00,0x00,0x09,0x00,0x00,0x00,0x00,0x00,0x00,0x00,0x00,0x00,0x00,0x00,0x43,
    0x00,0x00,0x00,0x09,0x00,0x00,0x00,0x09,0x00,0x00,0x00,0x09,0x00,0x00,0x00,0x09,
    0x00,0x00,0x00,0x00,0x00,0x00,0x00,0x00,0x00,0x00,0x00,0x44,0x00,0x00,0x00,0x09,
    0x00,0x00,0x00,0x0A,0x00,0x00,0x00,0x0A,0x00,0x00,0x00,0x09,0x00,0x00,0x00,0x00,
    0x00,0x00,0x00,0x00,0x00,0x00,0x00,0x45,0x00,0x00,0x00,0x09,0x00,0x00,0x00,0x08,
    0x00,0x00,0x00,0x08,0x00,0x00,0x00,0x09,0x00,0x00,0x00,0x00,0x00,0x00,0x00,0x00,
    0x00,0x00,0x00,0x46,0x00,0x00,0x00,0x09,0x00,0x00,0x00,0x08,0x00,0x00,0x00,0x08,
    0x00,0x00,0x00,0x09,0x00,0x00,0x00,0x00,0x00,0x00,0x00,0x00,0x00,0x00,0x00,0x47,
    0x00,0x00,0x00,0x09,0x00,0x00,0x00,0x0A,0x00,0x00,0x00,0x0A,0x00,0x00,0x00,0x09,
    0x00,0x00,0x00,0x00,0x00,0x00,0x00,0x00,0x00,0x00,0x00,0x48,0x00,0x00,0x00,0x09,
    0x00,0x00,0x00,0x0A,0x00,0x00,0x00,0x0A,0x00,0x00,0x00,0x09,0x00,0x00,0x00,0x00,
    0x00,0x00,0x00,0x00,0x00,0x00,0x00,0x49,0x00,0x00,0x00,0x09,0x00,0x00,0x00,0x04,
    0x00,0x00,0x00,0x04,0x00,0x00,0x00,0x09,0x00,0x00,0x00,0x00,0x00,0x00,0x00,0x00,
    0x00,0x00,0x00,0x4A,0x00,0x00,0x00,0x0B,0x00,0x00,0x00,0x05,0x00,0x00,0x00,0x04,
    0x00,0x00,0x00,0x09,0xFF,0xFF,0xFF,0xFF,0x00,0x00,0x00,0x00,0x00,0x00,0x00,0x4B,
    0x00,0x00,0x00,0x09,0x00,0x00,0x00,0x0A,0x00,0x00,0x00,0x09,0x00,0x00,0x00,0x09,
    0x00,0x00,0x00,0x00,0x00,0x00,0x00,0x00,0x00,0x00,0x00,0x4C,0x00,0x00,0x00,0x09,
    0x00,0x00,0x00,0x08,0x00,0x00,0x00,0x08,0x00,0x00,0x00,0x09,0x00,0x00,0x00,0x00,
    0x00,0x00,0x00,0x00,0x00,0x00,0x00,0x4D,0x00,0x00,0x00,0x09,0x00,0x00,0x00,0x0C,
    0x00,0x00,0x00,0x0C,0x00,0x00,0x00,0x09,0x00,0x00,0x00,0x00,0x00,0x00,0x00,0x00,
    0x00,0x00,0x00,0x4E,0x00,0x00,0x00,0x09,0x00,0x00,0x00,0x0A,0x00,0x00,0x00,0x0A,
    0x00,0x00,0x00,0x09,0x00,0x00,0x00,0x00,0x00,0x00,0x00,0x00,0x00,0x00,0x00,0x4F,
    0x00,0x00,0x00,0x09,0x00,0x00,0x00,0x0A,0x00,0x00,0x00,0x0A,0x00,0x00,0x00,0x09,
    0x00,0x00,0x00,0x00,0x00,0x00,0x00,0x00,0x00,0x00,0x00,0x50,0x00,0x00,0x00,0x09,
    0x00,0x00,0x00,0x09,0x00,0x00,0x00,0x09,0x00,0x00,0x00,0x09,0x00,0x00,0x00,0x00,
    0x00,0x00,0x00,0x00,0x00,0x00,0x00,0x51,0x00,0x00,0x00,0x0B,0x00,0x00,0x00,0x0A,
    0x00,0x00,0x00,0x0A,0x00,0x00,0x00,0x09,0x00,0x00,0x00,0x00,0x00,0x00,0x00,0x00,
    0x00,0x00,0x00,0x52,0x00,0x00,0x00,0x09,0x00,0x00,0x00,0x09,0x00,0x00,0x00,0x09,
    0x00,0x00,0x00,0x09,0x00,0x00,0x00,0x00,0x00,0x00,0x00,0x00,0x00,0x00,0x00,0x53,
    0x00,0x00,0x00,0x09,0x00,0x00,0x00,0x09,0x00,0x00,0x00,0x09,0x00,0x00,0x00,0x09,
    0x00,0x00,0x00,0x00,0x00,0x00,0x00,0x00,0x00,0x00,0x00,0x54,0x00,0x00,0x00,0x09,
    0x00,0x00,0x00,0x09,0x00,0x00,0x00,0x08,0x00,0x00,0x00,0x09,0x00,0x00,0x00,0x00,
    0x00,0x00,0x00,0x00,0x00,0x00,0x00,0x55,0x00,0x00,0x00,0x09,0x00,0x00,0x00,0x0A,
    0x00,0x00,0x00,0x0A,0x00,0x00,0x00,0x09,0x00,0x00,0x00,0x00,0x00,0x00,0x00,0x00,
    0x00,0x00,0x00,0x56,0x00,0x00,0x00,0x09,0x00,0x00,0x00,0x0A,0x00,0x00,0x00,0x09,
    0x00,0x00,0x00,0x09,0x00,0x00,0x00,0x00,0x00,0x00,0x00,0x00,0x00,0x00,0x00,0x57,
    0x00,0x00,0x00,0x09,0x00,0x00,0x00,0x0D,0x00,0x00,0x00,0x0D,0x00,0x00,0x00,0x09,
    0x00,0x00,0x00,0x00,0x00,0x00,0x00,0x00,0x00,0x00,0x00,0x58,0x00,0x00,0x00,0x09,
    0x00,0x00,0x00,0x0A,0x00,0x00,0x00,0x09,0x00,0x00,0x00,0x09,0x00,0x00,0x00,0x00,
    0x00,0x00,0x00,0x00,0x00,0x00,0x00,0x59,0x00,0x00,0x00,0x09,0x00,0x00,0x00,0x0A,
    0x00,0x00,0x00,0x09,0x00,0x00,0x00,0x09,0xFF,0xFF,0xFF,0xFF,0x00,0x00,0x00,0x00,
    0x00,0x00,0x00,0x5A,0x00,0x00,0x00,0x09,0x00,0x00,0x00,0x09,0x00,0x00,0x00,0x09,
    0x00,0x00,0x00,0x09,0x00,0x00,0x00,0x00,0x00,0x00,0x00,0x00,0x00,0x00,0x00,0x5B,
    0x00,0x00,0x00,0x0B,0x00,0x00,0x00,0x05,0x00,0x00,0x00,0x05,0x00,0x00,0x00,0x0A,
    0x00,0x00,0x00,0x00,0x00,0x00,0x00,0x00,0x00,0x00,0x00,0x5C,0x00,0x00,0x00,0x0A,
    0x00,0x00,0x00,0x05,0x00,0x00,0x00,0x04,0x00,0x00,0x00,0x09,0x00,0x00,0x00,0x00,
    0x00,0x00,0x00,0x00,0x00,0x00,0x00,0x5D,0x00,0x00,0x00,0x0B,0x00,0x00,0x00,0x05,
    0x00,0x00,0x00,0x05,0x00,0x00,0x00,0x0A,0x00,0x00,0x00,0x00,0x00,0x00,0x00,0x00,
    0x00,0x00,0x00,0x5E,0x00,0x00,0x00,0x09,0x00,0x00,0x00,0x0A,0x00,0x00,0x00,0x0A,
    0x00,0x00,0x00,0x09,0x00,0x00,0x00,0x00,0x00,0x00,0x00,0x00,0x00,0x00,0x00,0x5F,
    0x00,0x00,0x00,0x03,0x00,0x00,0x00,0x06,0x00,0x00,0x00,0x06,0x00,0x00,0x00,0x00,
    0x00,0x00,0x00,0x00,0x00,0x00,0x00,0x00,0x00,0x00,0x00,0x60,0x00,0x00,0x00,0x0A,
    0x00,0x00,0x00,0x06,0x00,0x00,0x00,0x06,0x00,0x00,0x00,0x0A,0x00,0x00,0x00,0x00,
    0x00,0x00,0x00,0x00,0x00,0x00,0x00,0x61,0x00,0x00,0x00,0x07,0x00,0x00,0x00,0x08,
    0x00,0x00,0x00,0x08,0x00,0x00,0x00,0x07,0x00,0x00,0x00,0x00,0x00,0x00,0x00,0x00,
    0x00,0x00,0x00,0x62,0x00,0x00,0x00,0x0A,0x00,0x00,0x00,0x09,0x00,0x00,0x00,0x09,
    0x00,0x00,0x00,0x0A,0x00,0x00,0x00,0x00,0x00,0x00,0x00,0x00,0x00,0x00,0x00,0x63,
    0x00,0x00,0x00,0x07,0x00,0x00,0x00,0x07,0x00,0x00,0x00,0x07,0x00,0x00,0x00,0x07,
    0x00,0x00,0x00,0x00,0x00,0x00,0x00,0x00,0x00,0x00,0x00,0x64,0x00,0x00,0x00,0x0A,
    0x00,0x00,0x00,0x09,0x00,0x00,0x00,0x09,0x00,0x00,0x00,0x0A,0x00,0x00,0x00,0x00,
    0x00,0x00,0x00,0x00,0x00,0x00,0x00,0x65,0x00,0x00,0x00,0x07,0x00,0x00,0x00,0x08,
    0x00,0x00,0x00,0x08,0x00,0x00,0x00,0x07,0x00,0x00,0x00,0x00,0x00,0x00,0x00,0x00,
    0x00,0x00,0x00,0x66,0x00,0x00,0x00,0x0A,0x00,0x00,0x00,0x06,0x00,0x00,0x00,0x05,
    0x00,0x00,0x00,0x0A,0x00,0x00,0x00,0x00,0x00,0x00,0x00,0x00,0x00,0x00,0x00,0x67,
    0x00,0x00,0x00,0x0A,0x00,0x00,0x00,0x09,0x00,0x00,0x00,0x09,0x00,0x00,0x00,0x07,
    0x00,0x00,0x00,0x00,0x00,0x00,0x00,0x00,0x00,0x00,0x00,0x68,0x00,0x00,0x00,0x0A,
    0x00,0x00,0x00,0x09,0x00,0x00,0x00,0x09,0x00,0x00,0x00,0x0A,0x00,0x00,0x00,0x00,
    0x00,0x00,0x00,0x00,0x00,0x00,0x00,0x69,0x00,0x00,0x00,0x0A,0x00,0x00,0x00,0x04,
    0x00,0x00,0x00,0x04,0x00,0x00,0x00,0x0A,0x00,0x00,0x00,0x00,0x00,0x00,0x00,0x00,
    0x00,0x00,0x00,0x6A,0x00,0x00,0x00,0x0D,0x00,0x00,0x00,0x05,0x00,0x00,0x00,0x04,
    0x00,0x00,0x00,0x0A,0xFF,0xFF,0xFF,0xFF,0x00,0x00,0x00,0x00,0x00,0x00,0x00,0x6B,
    0x00,0x00,0x00,0x0A,0x00,0x00,0x00,0x09,0x00,0x00,0x00,0x08,0x00,0x00,0x00,0x0A,
    0x00,0x00,0x00,0x00,0x00,0x00,0x00,0x00,0x00,0x00,0x00,0x6C,0x00,0x00,0x00,0x0A,
    0x00,0x00,0x00,0x04,0x00,0x00,0x00,0x04,0x00,0x00,0x00,0x0A,0x00,0x00,0x00,0x00,
    0x00,0x00,0x00,0x00,0x00,0x00,0x00,0x6D,0x00,0x00,0x00,0x07,0x00,0x00,0x00,0x0D,
    0x00,0x00,0x00,0x0D,0x00,0x00,0x00,0x07,0x00,0x00,0x00,0x00,0x00,0x00,0x00,0x00,
    0x00,0x00,0x00,0x6E,0x00,0x00,0x00,0x07,0x00,0x00,0x00,0x09,0x00,0x00,0x00,0x09,
    0x00,0x00,0x00,0x07,0x00,0x00,0x00,0x00,0x00,0x00,0x00,0x00,0x00,0x00,0x00,0x6F,
    0x00,0x00,0x00,0x07,0x00,0x00,0x00,0x08,0x00,0x00,0x00,0x08,0x00,0x00,0x00,0x07,
    0x00,0x00,0x00,0x00,0x00,0x00,0x00,0x00,0x00,0x00,0x00,0x70,0x00,0x00,0x00,0x0A,
    0x00,0x00,0x00,0x09,0x00,0x00,0x00,0x09,0x00,0x00,0x00,0x07,0x00,0x00,0x00,0x00,
    0x00,0x00,0x00,0x00,0x00,0x00,0x00,0x71,0x00,0x00,0x00,0x0A,0x00,0x00,0x00,0x09,
    0x00,0x00,0x00,0x09,0x00,0x00,0x00,0x07,0x00,0x00,0x00,0x00,0x00,0x00,0x00,0x00,
    0x00,0x00,0x00,0x72,0x00,0x00,0x00,0x07,0x00,0x00,0x00,0x06,0x00,0x00,0x00,0x06,
    0x00,0x00,0x00,0x07,0x00,0x00,0x00,0x00,0x00,0x00,0x00,0x00,0x00,0x00,0x00,0x73,
    0x00,0x00,0x00,0x07,0x00,0x00,0x00,0x07,0x00,0x00,0x00,0x07,0x00,0x00,0x00,0x07,
    0x00,0x00,0x00,0x00,0x00,0x00,0x00,0x00,0x00,0x00,0x00,0x74,0x00,0x00,0x00,0x08,
    0x00,0x00,0x00,0x06,0x00,0x00,0x00,0x06,0x00,0x00,0x00,0x08,0x00,0x00,0x00,0x00,
    0x00,0x00,0x00,0x00,0x00,0x00,0x00,0x75,0x00,0x00,0x00,0x07,0x00,0x00,0x00,0x09,
    0x00,0x00,0x00,0x09,0x00,0x00,0x00,0x07,0x00,0x00,0x00,0x00,0x00,0x00,0x00,0x00,
    0x00,0x00,0x00,0x76,0x00,0x00,0x00,0x07,0x00,0x00,0x00,0x08,0x00,0x00,0x00,0x08,
    0x00,0x00,0x00,0x07,0x00,0x00,0x00,0x00,0x00,0x00,0x00,0x00,0x00,0x00,0x00,0x77,
    0x00,0x00,0x00,0x07,0x00,0x00,0x00,0x0B,0x00,0x00,0x00,0x0B,0x00,0x00,0x00,0x07,
    0x00,0x00,0x00,0x00,0x00,0x00,0x00,0x00,0x00,0x00,0x00,0x78,0x00,0x00,0x00,0x07,
    0x00,0x00,0x00,0x08,0x00,0x00,0x00,0x08,0x00,0x00,0x00,0x07,0x00,0x00,0x00,0x00,
    0x00,0x00,0x00,0x00,0x00,0x00,0x00,0x79,0x00,0x00,0x00,0x0A,0x00,0x00,0x00,0x08,
    0x00,0x00,0x00,0x08,0x00,0x00,0x00,0x07,0x00,0x00,0x00,0x00,0x00,0x00,0x00,0x00,
    0x00,0x00,0x00,0x7A,0x00,0x00,0x00,0x07,0x00,0x00,0x00,0x07,0x00,0x00,0x00,0x07,
    0x00,0x00,0x00,0x07,0x00,0x00,0x00,0x00,0x00,0x00,0x00,0x00,0x00,0x00,0x00,0x7B,
    0x00,0x00,0x00,0x0B,0x00,0x00,0x00,0x09,0x00,0x00,0x00,0x09,0x00,0x00,0x00,0x0A,
    0x00,0x00,0x00,0x00,0x00,0x00,0x00,0x00,0x00,0x00,0x00,0x7C,0x00,0x00,0x00,0x0C,
    0x00,0x00,0x00,0x04,0x00,0x00,0x00,0x04,0x00,0x00,0x00,0x09,0x00,0x00,0x00,0x00,
    0x00,0x00,0x00,0x00,0x00,0x00,0x00,0x7D,0x00,0x00,0x00,0x0B,0x00,0x00,0x00,0x09,
    0x00,0x00,0x00,0x09,0x00,0x00,0x00,0x0A,0x00,0x00,0x00,0x00,0x00,0x00,0x00,0x00,
    0x00,0x00,0x00,0x7E,0x00,0x00,0x00,0x06,0x00,0x00,0x00,0x0A,0x00,0x00,0x00,0x0A,
    0x00,0x00,0x00,0x06,0x00,0x00,0x00,0x00,0x00,0x00,0x00,0x00,0x00,0x00,0x00,0xB0,
    0x00,0x00,0x00,0x09,0x00,0x00,0x00,0x06,0x00,0x00,0x00,0x06,0x00,0x00,0x00,0x09,
    0x00,0x00,0x00,0x00,0x00,0x00,0x00,0x00,0x00,0x00,0x00,0xC0,0x00,0x00,0x00,0x0B,
    0x00,0x00,0x00,0x0A,0x00,0x00,0x00,0x09,0x00,0x00,0x00,0x0B,0x00,0x00,0x00,0x00,
    0x00,0x00,0x00,0x00,0x00,0x00,0x00,0xC1,0x00,0x00,0x00,0x0B,0x00,0x00,0x00,0x0A,
    0x00,0x00,0x00,0x09,0x00,0x00,0x00,0x0B,0x00,0x00,0x00,0x00,0x00,0x00,0x00,0x00,
    0x00,0x00,0x00,0xC2,0x00,0x00,0x00,0x0B,0x00,0x00,0x00,0x0A,0x00,0x00,0x00,0x09,
    0x00,0x00,0x00,0x0B,0x00,0x00,0x00,0x00,0x00,0x00,0x00,0x00,0x00,0x00,0x00,0xC3,
    0x00,0x00,0x00,0x0B,0x00,0x00,0x00,0x0A,0x00,0x00,0x00,0x09,0x00,0x00,0x00,0x0B,
    0x00,0x00,0x00,0x00,0x00,0x00,0x00,0x00,0x00,0x00,0x00,0xC8,0x00,0x00,0x00,0x0B,
    0x00,0x00,0x00,0x08,0x00,0x00,0x00,0x08,0x00,0x00,0x00,0x0B,0x00,0x00,0x00,0x00,
    0x00,0x00,0x00,0x00,0x00,0x00,0x00,0xC9,0x00,0x00,0x00,0x0B,0x00,0x00,0x00,0x08,
    0x00,0x00,0x00,0x08,0x00,0x00,0x00,0x0B,0x00,0x00,0x00,0x00,0x00,0x00,0x00,0x00,
    0x00,0x00,0x00,0xCA,0x00,0x00,0x00,0x0B,0x00,0x00,0x00,0x08,0x00,0x00,0x00,0x08,
    0x00,0x00,0x00,0x0B,0x00,0x00,0x00,0x00,0x00,0x00,0x00,0x00,0x00,0x00,0x00,0xCC,
    0x00,0x00,0x00,0x0B,0x00,0x00,0x00,0x04,0x00,0x00,0x00,0x04,0x00,0x00,0x00,0x0B,
    0x00,0x00,0x00,0x00,0x00,0x00,0x00,0x00,0x00,0x00,0x00,0xCD,0x00,0x00,0x00,0x0B,
    0x00,0x00,0x00,0x05,0x00,0x00,0x00,0x04,0x00,0x00,0x00,0x0B,0x00,0x00,0x00,0x00,
    0x00,0x00,0x00,0x00,0x00,0x00,0x00,0xD2,0x00,0x00,0x00,0x0B,0x00,0x00,0x00,0x0A,
    0x00,0x00,0x00,0x0A,0x00,0x00,0x00,0x0B,0x00,0x00,0x00,0x00,0x00,0x00,0x00,0x00,
    0x00,0x00,0x00,0xD3,0x00,0x00,0x00,0x0B,0x00,0x00,0x00,0x0A,0x00,0x00,0x00,0x0A,
    0x00,0x00,0x00,0x0B,0x00,0x00,0x00,0x00,0x00,0x00,0x00,0x00,0x00,0x00,0x00,0xD4,
    0x00,0x00,0x00,0x0B,0x00,0x00,0x00,0x0A,0x00,0x00,0x00,0x0A,0x00,0x00,0x00,0x0B,
    0x00,0x00,0x00,0x00,0x00,0x00,0x00,0x00,0x00,0x00,0x00,0xD5,0x00,0x00,0x00,0x0B,
    0x00,0x00,0x00,0x0A,0x00,0x00,0x00,0x0A,0x00,0x00,0x00,0x0B,0x00,0x00,0x00,0x00,
    0x00,0x00,0x00,0x00,0x00,0x00,0x00,0xD9,0x00,0x00,0x00,0x0B,0x00,0x00,0x00,0x0A,
    0x00,0x00,0x00,0x0A,0x00,0x00,0x00,0x0B,0x00,0x00,0x00,0x00,0x00,0x00,0x00,0x00,
    0x00,0x00,0x00,0xDA,0x00,0x00,0x00,0x0B,0x00,0x00,0x00,0x0A,0x00,0x00,0x00,0x0A,
    0x00,0x00,0x00,0x0B,0x00,0x00,0x00,0x00,0x00,0x00,0x00,0x00,0x00,0x00,0x00,0xDD,
    0x00,0x00,0x00,0x0B,0x00,0x00,0x00,0x0A,0x00,0x00,0x00,0x09,0x00,0x00,0x00,0x0B,
    0xFF,0xFF,0xFF,0xFF,0x00,0x00,0x00,0x00,0x00,0x00,0x00,0xE0,0x00,0x00,0x00,0x0A,
    0x00,0x00,0x00,0x08,0x00,0x00,0x00,0x08,0x00,0x00,0x00,0x0A,0x00,0x00,0x00,0x00,
    0x00,0x00,0x00,0x00,0x00,0x00,0x00,0xE1,0x00,0x00,0x00,0x0A,0x00,0x00,0x00,0x08,
    0x00,0x00,0x00,0x08,0x00,0x00,0x00,0x0A,0x00,0x00,0x00,0x00,0x00,0x00,0x00,0x00,
    0x00,0x00,0x00,0xE2,0x00,0x00,0x00,0x0A,0x00,0x00,0x00,0x08,0x00,0x00,0x00,0x08,
    0x00,0x00,0x00,0x0A,0x00,0x00,0x00,0x00,0x00,0x00,0x00,0x00,0x00,0x00,0x00,0xE3,
    0x00,0x00,0x00,0x0A,0x00,0x00,0x00,0x08,0x00,0x00,0x00,0x08,0x00,0x00,0x00,0x0A,
    0x00,0x00,0x00,0x00,0x00,0x00,0x00,0x00,0x00,0x00,0x00,0xE8,0x00,0x00,0x00,0x0A,
    0x00,0x00,0x00,0x08,0x00,0x00,0x00,0x08,0x00,0x00,0x00,0x0A,0x00,0x00,0x00,0x00,
    0x00,0x00,0x00,0x00,0x00,0x00,0x00,0xE9,0x00,0x00,0x00,0x0A,0x00,0x00,0x00,0x08,
    0x00,0x00,0x00,0x08,0x00,0x00,0x00,0x0A,0x00,0x00,0x00,0x00,0x00,0x00,0x00,0x00,
    0x00,0x00,0x00,0xEA,0x00,0x00,0x00,0x0A,0x00,0x00,0x00,0x08,0x00,0x00,0x00,0x08,
    0x00,0x00,0x00,0x0A,0x00,0x00,0x00,0x00,0x00,0x00,0x00,0x00,0x00,0x00,0x00,0xEC,
    0x00,0x00,0x00,0x0A,0x00,0x00,0x00,0x05,0x00,0x00,0x00,0x04,0x00,0x00,0x00,0x0A,
    0xFF,0xFF,0xFF,0xFF,0x00,0x00,0x00,0x00,0x00,0x00,0x00,0xED,0x00,0x00,0x00,0x0A,
    0x00,0x00,0x00,0x05,0x00,0x00,0x00,0x04,0x00,0x00,0x00,0x0A,0x00,0x00,0x00,0x00,
    0x00,0x00,0x00,0x00,0x00,0x00,0x00,0xF2,0x00,0x00,0x00,0x0A,0x00,0x00,0x00,0x08,
    0x00,0x00,0x00,0x08,0x00,0x00,0x00,0x0A,0x00,0x00,0x00,0x00,0x00,0x00,0x00,0x00,
    0x00,0x00,0x00,0xF3,0x00,0x00,0x00,0x0A,0x00,0x00,0x00,0x08,0x00,0x00,0x00,0x08,
    0x00,0x00,0x00,0x0A,0x00,0x00,0x00,0x00,0x00,0x00,0x00,0x00,0x00,0x00,0x00,0xF4,
    0x00,0x00,0x00,0x0A,0x00,0x00,0x00,0x08,0x00,0x00,0x00,0x08,0x00,0x00,0x00,0x0A,
    0x00,0x00,0x00,0x00,0x00,0x00,0x00,0x00,0x00,0x00,0x00,0xF5,0x00,0x00,0x00,0x0A,
    0x00,0x00,0x00,0x08,0x00,0x00,0x00,0x08,0x00,0x00,0x00,0x0A,0x00,0x00,0x00,0x00,
    0x00,0x00,0x00,0x00,0x00,0x00,0x00,0xF9,0x00,0x00,0x00,0x0A,0x00,0x00,0x00,0x09,
    0x00,0x00,0x00,0x09,0x00,0x00,0x00,0x0A,0x00,0x00,0x00,0x00,0x00,0x00,0x00,0x00,
    0x00,0x00,0x00,0xFA,0x00,0x00,0x00,0x0A,0x00,0x00,0x00,0x09,0x00,0x00,0x00,0x09,
    0x00,0x00,0x00,0x0A,0x00,0x00,0x00,0x00,0x00,0x00,0x00,0x00,0x00,0x00,0x00,0xFD,
    0x00,0x00,0x00,0x0D,0x00,0x00,0x00,0x08,0x00,0x00,0x00,0x08,0x00,0x00,0x00,0x0A,
    0x00,0x00,0x00,0x00,0x00,0x00,0x00,0x00,0x00,0x00,0x01,0x02,0x00,0x00,0x00,0x0B,
    0x00,0x00,0x00,0x0A,0x00,0x00,0x00,0x09,0x00,0x00,0x00,0x0B,0x00,0x00,0x00,0x00,
    0x00,0x00,0x00,0x00,0x00,0x00,0x01,0x03,0x00,0x00,0x00,0x09,0x00,0x00,0x00,0x08,
    0x00,0x00,0x00,0x08,0x00,0x00,0x00,0x09,0x00,0x00,0x00,0x00,0x00,0x00,0x00,0x00,
    0x00,0x00,0x01,0x10,0x00,0x00,0x00,0x09,0x00,0x00,0x00,0x0A,0x00,0x00,0x00,0x0A,
    0x00,0x00,0x00,0x09,0x00,0x00,0x00,0x00,0x00,0x00,0x00,0x00,0x00,0x00,0x01,0x11,
    0x00,0x00,0x00,0x0A,0x00,0x00,0x00,0x09,0x00,0x00,0x00,0x09,0x00,0x00,0x00,0x0A,
    0x00,0x00,0x00,0x00,0x00,0x00,0x00,0x00,0x00,0x00,0x01,0x28,0x00,0x00,0x00,0x0B,
    0x00,0x00,0x00,0x05,0x00,0x00,0x00,0x04,0x00,0x00,0x00,0x0B,0x00,0x00,0x00,0x00,
    0x00,0x00,0x00,0x00,0x00,0x00,0x01,0x29,0x00,0x00,0x00,0x0A,0x00,0x00,0x00,0x05,
    0x00,0x00,0x00,0x04,0x00,0x00,0x00,0x0A,0x00,0x00,0x00,0x00,0x00,0x00,0x00,0x00,
    0x00,0x00,0x01,0x68,0x00,0x00,0x00,0x0B,0x00,0x00,0x00,0x0A,0x00,0x00,0x00,0x0A,
    0x00,0x00,0x00,0x0B,0x00,0x00,0x00,0x00,0x00,0x00,0x00,0x00,0x00,0x00,0x01,0x69,
    0x00,0x00,0x00,0x0A,0x00,0x00,0x00,0x09,0x00,0x00,0x00,0x09,0x00,0x00,0x00,0x0A,
    0x00,0x00,0x00,0x00,0x00,0x00,0x00,0x00,0x00,0x00,0x01,0xA0,0x00,0x00,0x00,0x0A,
    0x00,0x00,0x00,0x0B,0x00,0x00,0x00,0x0A,0x00,0x00,0x00,0x0A,0x00,0x00,0x00,0x00,
    0x00,0x00,0x00,0x00,0x00,0x00,0x01,0xA1,0x00,0x00,0x00,0x08,0x00,0x00,0x00,0x09,
    0x00,0x00,0x00,0x08,0x00,0x00,0x00,0x08,0x00,0x00,0x00,0x00,0x00,0x00,0x00,0x00,
    0x00,0x00,0x01,0xAF,0x00,0x00,0x00,0x0A,0x00,0x00,0x00,0x0A,0x00,0x00,0x00,0x0A,
    0x00,0x00,0x00,0x0A,0x00,0x00,0x00,0x00,0x00,0x00,0x00,0x00,0x00,0x00,0x01,0xB0,
    0x00,0x00,0x00,0x08,0x00,0x00,0x00,0x09,0x00,0x00,0x00,0x09,0x00,0x00,0x00,0x08,
    0x00,0x00,0x00,0x00,0x00,0x00,0x00,0x00,0x00,0x00,0x1E,0xA0,0x00,0x00,0x00,0x0C,
    0x00,0x00,0x00,0x0A,0x00,0x00,0x00,0x09,0x00,0x00,0x00,0x09,0x00,0x00,0x00,0x00,
    0x00,0x00,0x00,0x00,0x00,0x00,0x1E,0xA1,0x00,0x00,0x00,0x0A,0x00,0x00,0x00,0x08,
    0x00,0x00,0x00,0x08,0x00,0x00,0x00,0x07,0x00,0x00,0x00,0x00,0x00,0x00,0x00,0x00,
    0x00,0x00,0x1E,0xA2,0x00,0x00,0x00,0x0D,0x00,0x00,0x00,0x0A,0x00,0x00,0x00,0x09,
    0x00,0x00,0x00,0x0D,0x00,0x00,0x00,0x00,0x00,0x00,0x00,0x00,0x00,0x00,0x1E,0xA3,
    0x00,0x00,0x00,0x0B,0x00,0x00,0x00,0x08,0x00,0x00,0x00,0x08,0x00,0x00,0x00,0x0B,
    0x00,0x00,0x00,0x00,0x00,0x00,0x00,0x00,0x00,0x00,0x1E,0xA4,0x00,0x00,0x00,0x0D,
    0x00,0x00,0x00,0x0A,0x00,0x00,0x00,0x09,0x00,0x00,0x00,0x0D,0x00,0x00,0x00,0x00,
    0x00,0x00,0x00,0x00,0x00,0x00,0x1E,0xA5,0x00,0x00,0x00,0x0B,0x00,0x00,0x00,0x08,
    0x00,0x00,0x00,0x08,0x00,0x00,0x00,0x0B,0x00,0x00,0x00,0x00,0x00,0x00,0x00,0x00,
    0x00,0x00,0x1E,0xA6,0x00,0x00,0x00,0x0D,0x00,0x00,0x00,0x0A,0x00,0x00,0x00,0x09,
    0x00,0x00,0x00,0x0D,0x00,0x00,0x00,0x00,0x00,0x00,0x00,0x00,0x00,0x00,0x1E,0xA7,
    0x00,0x00,0x00,0x0B,0x00,0x00,0x00,0x08,0x00,0x00,0x00,0x08,0x00,0x00,0x00,0x0B,
    0x00,0x00,0x00,0x00,0x00,0x00,0x00,0x00,0x00,0x00,0x1E,0xA8,0x00,0x00,0x00,0x0E,
    0x00,0x00,0x00,0x0A,0x00,0x00,0x00,0x09,0x00,0x00,0x00,0x0E,0x00,0x00,0x00,0x00,
    0x00,0x00,0x00,0x00,0x00,0x00,0x1E,0xA9,0x00,0x00,0x00,0x0C,0x00,0x00,0x00,0x09,
    0x00,0x00,0x00,0x08,0x00,0x00,0x00,0x0C,0x00,0x00,0x00,0x00,0x00,0x00,0x00,0x00,
    0x00,0x00,0x1E,0xAA,0x00,0x00,0x00,0x0D,0x00,0x00,0x00,0x0A,0x00,0x00,0x00,0x09,
    0x00,0x00,0x00,0x0D,0x00,0x00,0x00,0x00,0x00,0x00,0x00,0x00,0x00,0x00,0x1E,0xAB,
    0x00,0x00,0x00,0x0B,0x00,0x00,0x00,0x08,0x00,0x00,0x00,0x08,0x00,0x00,0x00,0x0B,
    0x00,0x00,0x00,0x00,0x00,0x00,0x00,0x00,0x00,0x00,0x1E,0xAC,0x00,0x00,0x00,0x0E,
    0x00,0x00,0x00,0x0A,0x00,0x00,0x00,0x09,0x00,0x00,0x00,0x0B,0x00,0x00,0x00,0x00,
    0x00,0x00,0x00,0x00,0x00,0x00,0x1E,0xAD,0x00,0x00,0x00,0x0D,0x00,0x00,0x00,0x08,
    0x00,0x00,0x00,0x08,0x00,0x00,0x00,0x0A,0x00,0x00,0x00,0x00,0x00,0x00,0x00,0x00,
    0x00,0x00,0x1E,0xAE,0x00,0x00,0x00,0x0D,0x00,0x00,0x00,0x0A,0x00,0x00,0x00,0x09,
    0x00,0x00,0x00,0x0D,0x00,0x00,0x00,0x00,0x00,0x00,0x00,0x00,0x00,0x00,0x1E,0xAF,
    0x00,0x00,0x00,0x0B,0x00,0x00,0x00,0x08,0x00,0x00,0x00,0x08,0x00,0x00,0x00,0x0B,
    0x00,0x00,0x00,0x00,0x00,0x00,0x00,0x00,0x00,0x00,0x1E,0xB0,0x00,0x00,0x00,0x0D,
    0x00,0x00,0x00,0x0A,0x00,0x00,0x00,0x09,0x00,0x00,0x00,0x0D,0x00,0x00,0x00,0x00,
    0x00,0x00,0x00,0x00,0x00,0x00,0x1E,0xB1,0x00,0x00,0x00,0x0B,0x00,0x00,0x00,0x08,
    0x00,0x00,0x00,0x08,0x00,0x00,0x00,0x0B,0x00,0x00,0x00,0x00,0x00,0x00,0x00,0x00,
    0x00,0x00,0x1E,0xB2,0x00,0x00,0x00,0x0E,0x00,0x00,0x00,0x0A,0x00,0x00,0x00,0x09,
    0x00,0x00,0x00,0x0E,0x00,0x00,0x00,0x00,0x00,0x00,0x00,0x00,0x00,0x00,0x1E,0xB3,
    0x00,0x00,0x00,0x0C,0x00,0x00,0x00,0x08,0x00,0x00,0x00,0x08,0x00,0x00,0x00,0x0C,
    0x00,0x00,0x00,0x00,0x00,0x00,0x00,0x00,0x00,0x00,0x1E,0xB4,0x00,0x00,0x00,0x0D,
    0x00,0x00,0x00,0x0A,0x00,0x00,0x00,0x09,0x00,0x00,0x00,0x0D,0x00,0x00,0x00,0x00,
    0x00,0x00,0x00,0x00,0x00,0x00,0x1E,0xB5,0x00,0x00,0x00,0x0B,0x00,0x00,0x00,0x08,
    0x00,0x00,0x00,0x08,0x00,0x00,0x00,0x0B,0x00,0x00,0x00,0x00,0x00,0x00,0x00,0x00,
    0x00,0x00,0x1E,0xB6,0x00,0x00,0x00,0x0E,0x00,0x00,0x00,0x0A,0x00,0x00,0x00,0x09,
    0x00,0x00,0x00,0x0B,0x00,0x00,0x00,0x00,0x00,0x00,0x00,0x00,0x00,0x00,0x1E,0xB7,
    0x00,0x00,0x00,0x0C,0x00,0x00,0x00,0x08,0x00,0x00,0x00,0x08,0x00,0x00,0x00,0x09,
    0x00,0x00,0x00,0x00,0x00,0x00,0x00,0x00,0x00,0x00,0x1E,0xB8,0x00,0x00,0x00,0x0C,
    0x00,0x00,0x00,0x08,0x00,0x00,0x00,0x08,0x00,0x00,0x00,0x09,0x00,0x00,0x00,0x00,
    0x00,0x00,0x00,0x00,0x00,0x00,0x1E,0xB9,0x00,0x00,0x00,0x0A,0x00,0x00,0x00,0x08,
    0x00,0x00,0x00,0x08,0x00,0x00,0x00,0x07,0x00,0x00,0x00,0x00,0x00,0x00,0x00,0x00,
    0x00,0x00,0x1E,0xBA,0x00,0x00,0x00,0x0D,0x00,0x00,0x00,0x08,0x00,0x00,0x00,0x08,
    0x00,0x00,0x00,0x0D,0x00,0x00,0x00,0x00,0x00,0x00,0x00,0x00,0x00,0x00,0x1E,0xBB,
    0x00,0x00,0x00,0x0B,0x00,0x00,0x00,0x08,0x00,0x00,0x00,0x08,0x00,0x00,0x00,0x0B,
    0x00,0x00,0x00,0x00,0x00,0x00,0x00,0x00,0x00,0x00,0x1E,0xBC,0x00,0x00,0x00,0x0B,
    0x00,0x00,0x00,0x08,0x00,0x00,0x00,0x08,0x00,0x00,0x00,0x0B,0x00,0x00,0x00,0x00,
    0x00,0x00,0x00,0x00,0x00,0x00,0x1E,0xBD,0x00,0x00,0x00,0x0A,0x00,0x00,0x00,0x08,
    0x00,0x00,0x00,0x08,0x00,0x00,0x00,0x0A,0x00,0x00,0x00,0x00,0x00,0x00,0x00,0x00,
    0x00,0x00,0x1E,0xBE,0x00,0x00,0x00,0x0D,0x00,0x00,0x00,0x09,0x00,0x00,0x00,0x08,
    0x00,0x00,0x00,0x0D,0x00,0x00,0x00,0x00,0x00,0x00,0x00,0x00,0x00,0x00,0x1E,0xBF,
    0x00,0x00,0x00,0x0B,0x00,0x00,0x00,0x09,0x00,0x00,0x00,0x08,0x00,0x00,0x00,0x0B,
    0x00,0x00,0x00,0x00,0x00,0x00,0x00,0x00,0x00,0x00,0x1E,0xC0,0x00,0x00,0x00,0x0D,
    0x00,0x00,0x00,0x08,0x00,0x00,0x00,0x08,0x00,0x00,0x00,0x0D,0x00,0x00,0x00,0x00,
    0x00,0x00,0x00,0x00,0x00,0x00,0x1E,0xC1,0x00,0x00,0x00,0x0B,0x00,0x00,0x00,0x08,
    0x00,0x00,0x00,0x08,0x00,0x00,0x00,0x0B,0x00,0x00,0x00,0x00,0x00,0x00,0x00,0x00,
    0x00,0x00,0x1E,0xC2,0x00,0x00,0x00,0x0E,0x00,0x00,0x00,0x09,0x00,0x00,0x00,0x08,
    0x00,0x00,0x00,0x0E,0x00,0x00,0x00,0x00,0x00,0x00,0x00,0x00,0x00,0x00,0x1E,0xC3,
    0x00,0x00,0x00,0x0C,0x00,0x00,0x00,0x09,0x00,0x00,0x00,0x08,0x00,0x00,0x00,0x0C,
    0x00,0x00,0x00,0x00,0x00,0x00,0x00,0x00,0x00,0x00,0x1E,0xC4,0x00,0x00,0x00,0x0D,
    0x00,0x00,0x00,0x08,0x00,0x00,0x00,0x08,0x00,0x00,0x00,0x0D,0x00,0x00,0x00,0x00,
    0x00,0x00,0x00,0x00,0x00,0x00,0x1E,0xC5,0x00,0x00,0x00,0x0B,0x00,0x00,0x00,0x08,
    0x00,0x00,0x00,0x08,0x00,0x00,0x00,0x0B,0x00,0x00,0x00,0x00,0x00,0x00,0x00,0x00,
    0x00,0x00,0x1E,0xC6,0x00,0x00,0x00,0x0E,0x00,0x00,0x00,0x08,0x00,0x00,0x00,0x08,
    0x00,0x00,0x00,0x0B,0x00,0x00,0x00,0x00,0x00,0x00,0x00,0x00,0x00,0x00,0x1E,0xC7,
    0x00,0x00,0x00,0x0D,0x00,0x00,0x00,0x08,0x00,0x00,0x00,0x08,0x00,0x00,0x00,0x0A,
    0x00,0x00,0x00,0x00,0x00,0x00,0x00,0x00,0x00,0x00,0x1E,0xC8,0x00,0x00,0x00,0x0D,
    0x00,0x00,0x00,0x04,0x00,0x00,0x00,0x04,0x00,0x00,0x00,0x0D,0x00,0x00,0x00,0x00,
    0x00,0x00,0x00,0x00,0x00,0x00,0x1E,0xC9,0x00,0x00,0x00,0x0B,0x00,0x00,0x00,0x04,
    0x00,0x00,0x00,0x04,0x00,0x00,0x00,0x0B,0x00,0x00,0x00,0x00,0x00,0x00,0x00,0x00,
    0x00,0x00,0x1E,0xCA,0x00,0x00,0x00,0x0C,0x00,0x00,0x00,0x04,0x00,0x00,0x00,0x04,
    0x00,0x00,0x00,0x09,0x00,0x00,0x00,0x00,0x00,0x00,0x00,0x00,0x00,0x00,0x1E,0xCB,
    0x00,0x00,0x00,0x0D,0x00,0x00,0x00,0x04,0x00,0x00,0x00,0x04,0x00,0x00,0x00,0x0A,
    0x00,0x00,0x00,0x00,0x00,0x00,0x00,0x00,0x00,0x00,0x1E,0xCC,0x00,0x00,0x00,0x0C,
    0x00,0x00,0x00,0x0A,0x00,0x00,0x00,0x0A,0x00,0x00,0x00,0x09,0x00,0x00,0x00,0x00,
    0x00,0x00,0x00,0x00,0x00,0x00,0x1E,0xCD,0x00,0x00,0x00,0x0A,0x00,0x00,0x00,0x08,
    0x00,0x00,0x00,0x08,0x00,0x00,0x00,0x07,0x00,0x00,0x00,0x00,0x00,0x00,0x00,0x00,
    0x00,0x00,0x1E,0xCE,0x00,0x00,0x00,0x0D,0x00,0x00,0x00,0x0A,0x00,0x00,0x00,0x0A,
    0x00,0x00,0x00,0x0D,0x00,0x00,0x00,0x00,0x00,0x00,0x00,0x00,0x00,0x00,0x1E,0xCF,
    0x00,0x00,0x00,0x0B,0x00,0x00,0x00,0x08,0x00,0x00,0x00,0x08,0x00,0x00,0x00,0x0B,
    0x00,0x00,0x00,0x00,0x00,0x00,0x00,0x00,0x00,0x00,0x1E,0xD0,0x00,0x00,0x00,0x0D,
    0x00,0x00,0x00,0x0A,0x00,0x00,0x00,0x0A,0x00,0x00,0x00,0x0D,0x00,0x00,0x00,0x00,
    0x00,0x00,0x00,0x00,0x00,0x00,0x1E,0xD1,0x00,0x00,0x00,0x0B,0x00,0x00,0x00,0x09,
    0x00,0x00,0x00,0x08,0x00,0x00,0x00,0x0B,0x00,0x00,0x00,0x00,0x00,0x00,0x00,0x00,
    0x00,0x00,0x1E,0xD2,0x00,0x00,0x00,0x0D,0x00,0x00,0x00,0x0A,0x00,0x00,0x00,0x0A,
    0x00,0x00,0x00,0x0D,0x00,0x00,0x00,0x00,0x00,0x00,0x00,0x00,0x00,0x00,0x1E,0xD3,
    0x00,0x00,0x00,0x0B,0x00,0x00,0x00,0x08,0x00,0x00,0x00,0x08,0x00,0x00,0x00,0x0B,
    0x00,0x00,0x00,0x00,0x00,0x00,0x00,0x00,0x00,0x00,0x1E,0xD4,0x00,0x00,0x00,0x0E,
    0x00,0x00,0x00,0x0A,0x00,0x00,0x00,0x0A,0x00,0x00,0x00,0x0E,0x00,0x00,0x00,0x00,
    0x00,0x00,0x00,0x00,0x00,0x00,0x1E,0xD5,0x00,0x00,0x00,0x0C,0x00,0x00,0x00,0x09,
    0x00,0x00,0x00,0x08,0x00,0x00,0x00,0x0C,0x00,0x00,0x00,0x00,0x00,0x00,0x00,0x00,
    0x00,0x00,0x1E,0xD6,0x00,0x00,0x00,0x0D,0x00,0x00,0x00,0x0A,0x00,0x00,0x00,0x0A,
    0x00,0x00,0x00,0x0D,0x00,0x00,0x00,0x00,0x00,0x00,0x00,0x00,0x00,0x00,0x1E,0xD7,
    0x00,0x00,0x00,0x0B,0x00,0x00,0x00,0x08,0x00,0x00,0x00,0x08,0x00,0x00,0x00,0x0B,
    0x00,0x00,0x00,0x00,0x00,0x00,0x00,0x00,0x00,0x00,0x1E,0xD8,0x00,0x00,0x00,0x0E,
    0x00,0x00,0x00,0x0A,0x00,0x00,0x00,0x0A,0x00,0x00,0x00,0x0B,0x00,0x00,0x00,0x00,
    0x00,0x00,0x00,0x00,0x00,0x00,0x1E,0xD9,0x00,0x00,0x00,0x0D,0x00,0x00,0x00,0x08,
    0x00,0x00,0x00,0x08,0x00,0x00,0x00,0x0A,0x00,0x00,0x00,0x00,0x00,0x00,0x00,0x00,
    0x00,0x00,0x1E,0xDA,0x00,0x00,0x00,0x0B,0x00,0x00,0x00,0x0B,0x00,0x00,0x00,0x0A,
    0x00,0x00,0x00,0x0B,0x00,0x00,0x00,0x00,0x00,0x00,0x00,0x00,0x00,0x00,0x1E,0xDB,
    0x00,0x00,0x00,0x0A,0x00,0x00,0x00,0x09,0x00,0x00,0x00,0x08,0x00,0x00,0x00,0x0A,
    0x00,0x00,0x00,0x00,0x00,0x00,0x00,0x00,0x00,0x00,0x1E,0xDC,0x00,0x00,0x00,0x0B,
    0x00,0x00,0x00,0x0B,0x00,0x00,0x00,0x0A,0x00,0x00,0x00,0x0B,0x00,0x00,0x00,0x00,
    0x00,0x00,0x00,0x00,0x00,0x00,0x1E,0xDD,0x00,0x00,0x00,0x0A,0x00,0x00,0x00,0x09,
    0x00,0x00,0x00,0x08,0x00,0x00,0x00,0x0A,0x00,0x00,0x00,0x00,0x00,0x00,0x00,0x00,
    0x00,0x00,0x1E,0xDE,0x00,0x00,0x00,0x0D,0x00,0x00,0x00,0x0B,0x00,0x00,0x00,0x0A,
    0x00,0x00,0x00,0x0D,0x00,0x00,0x00,0x00,0x00,0x00,0x00,0x00,0x00,0x00,0x1E,0xDF,
    0x00,0x00,0x00,0x0B,0x00,0x00,0x00,0x09,0x00,0x00,0x00,0x08,0x00,0x00,0x00,0x0B,
    0x00,0x00,0x00,0x00,0x00,0x00,0x00,0x00,0x00,0x00,0x1E,0xE0,0x00,0x00,0x00,0x0B,
    0x00,0x00,0x00,0x0B,0x00,0x00,0x00,0x0A,0x00,0x00,0x00,0x0B,0x00,0x00,0x00,0x00,
    0x00,0x00,0x00,0x00,0x00,0x00,0x1E,0xE1,0x00,0x00,0x00,0x0A,0x00,0x00,0x00,0x09,
    0x00,0x00,0x00,0x08,0x00,0x00,0x00,0x0A,0x00,0x00,0x00,0x00,0x00,0x00,0x00,0x00,
    0x00,0x00,0x1E,0xE2,0x00,0x00,0x00,0x0D,0x00,0x00,0x00,0x0B,0x00,0x00,0x00,0x0A,
    0x00,0x00,0x00,0x0A,0x00,0x00,0x00,0x00,0x00,0x00,0x00,0x00,0x00,0x00,0x1E,0xE3,
    0x00,0x00,0x00,0x0B,0x00,0x00,0x00,0x09,0x00,0x00,0x00,0x08,0x00,0x00,0x00,0x08,
    0x00,0x00,0x00,0x00,0x00,0x00,0x00,0x00,0x00,0x00,0x1E,0xE4,0x00,0x00,0x00,0x0C,
    0x00,0x00,0x00,0x0A,0x00,0x00,0x00,0x0A,0x00,0x00,0x00,0x09,0x00,0x00,0x00,0x00,
    0x00,0x00,0x00,0x00,0x00,0x00,0x1E,0xE5,0x00,0x00,0x00,0x0A,0x00,0x00,0x00,0x09,
    0x00,0x00,0x00,0x09,0x00,0x00,0x00,0x07,0x00,0x00,0x00,0x00,0x00,0x00,0x00,0x00,
    0x00,0x00,0x1E,0xE6,0x00,0x00,0x00,0x0D,0x00,0x00,0x00,0x0A,0x00,0x00,0x00,0x0A,
    0x00,0x00,0x00,0x0D,0x00,0x00,0x00,0x00,0x00,0x00,0x00,0x00,0x00,0x00,0x1E,0xE7,
    0x00,0x00,0x00,0x0B,0x00,0x00,0x00,0x09,0x00,0x00,0x00,0x09,0x00,0x00,0x00,0x0B,
    0x00,0x00,0x00,0x00,0x00,0x00,0x00,0x00,0x00,0x00,0x1E,0xE8,0x00,0x00,0x00,0x0B,
    0x00,0x00,0x00,0x0A,0x00,0x00,0x00,0x0A,0x00,0x00,0x00,0x0B,0x00,0x00,0x00,0x00,
    0x00,0x00,0x00,0x00,0x00,0x00,0x1E,0xE9,0x00,0x00,0x00,0x0A,0x00,0x00,0x00,0x09,
    0x00,0x00,0x00,0x09,0x00,0x00,0x00,0x0A,0x00,0x00,0x00,0x00,0x00,0x00,0x00,0x00,
    0x00,0x00,0x1E,0xEA,0x00,0x00,0x00,0x0B,0x00,0x00,0x00,0x0A,0x00,0x00,0x00,0x0A,
    0x00,0x00,0x00,0x0B,0x00,0x00,0x00,0x00,0x00,0x00,0x00,0x00,0x00,0x00,0x1E,0xEB,
    0x00,0x00,0x00,0x0A,0x00,0x00,0x00,0x09,0x00,0x00,0x00,0x09,0x00,0x00,0x00,0x0A,
    0x00,0x00,0x00,0x00,0x00,0x00,0x00,0x00,0x00,0x00,0x1E,0xEC,0x00,0x00,0x00,0x0D,
    0x00,0x00,0x00,0x0A,0x00,0x00,0x00,0x0A,0x00,0x00,0x00,0x0D,0x00,0x00,0x00,0x00,
    0x00,0x00,0x00,0x00,0x00,0x00,0x1E,0xED,0x00,0x00,0x00,0x0B,0x00,0x00,0x00,0x09,
    0x00,0x00,0x00,0x09,0x00,0x00,0x00,0x0B,0x00,0x00,0x00,0x00,0x00,0x00,0x00,0x00,
    0x00,0x00,0x1E,0xEE,0x00,0x00,0x00,0x0B,0x00,0x00,0x00,0x0A,0x00,0x00,0x00,0x0A,
    0x00,0x00,0x00,0x0B,0x00,0x00,0x00,0x00,0x00,0x00,0x00,0x00,0x00,0x00,0x1E,0xEF,
    0x00,0x00,0x00,0x0A,0x00,0x00,0x00,0x09,0x00,0x00,0x00,0x09,0x00,0x00,0x00,0x0A,
    0x00,0x00,0x00,0x00,0x00,0x00,0x00,0x00,0x00,0x00,0x1E,0xF0,0x00,0x00,0x00,0x0D,
    0x00,0x00,0x00,0x0A,0x00,0x00,0x00,0x0A,0x00,0x00,0x00,0x0A,0x00,0x00,0x00,0x00,
    0x00,0x00,0x00,0x00,0x00,0x00,0x1E,0xF1,0x00,0x00,0x00,0x0B,0x00,0x00,0x00,0x09,
    0x00,0x00,0x00,0x09,0x00,0x00,0x00,0x08,0x00,0x00,0x00,0x00,0x00,0x00,0x00,0x00,
    0x00,0x00,0x1E,0xF2,0x00,0x00,0x00,0x0B,0x00,0x00,0x00,0x0A,0x00,0x00,0x00,0x09,
    0x00,0x00,0x00,0x0B,0xFF,0xFF,0xFF,0xFF,0x00,0x00,0x00,0x00,0x00,0x00,0x1E,0xF3,
    0x00,0x00,0x00,0x0D,0x00,0x00,0x00,0x08,0x00,0x00,0x00,0x08,0x00,0x00,0x00,0x0A,
    0x00,0x00,0x00,0x00,0x00,0x00,0x00,0x00,0x00,0x00,0x1E,0xF4,0x00,0x00,0x00,0x0C,
    0x00,0x00,0x00,0x0A,0x00,0x00,0x00,0x09,0x00,0x00,0x00,0x09,0xFF,0xFF,0xFF,0xFF,
    0x00,0x00,0x00,0x00,0x00,0x00,0x1E,0xF5,0x00,0x00,0x00,0x0A,0x00,0x00,0x00,0x08,
    0x00,0x00,0x00,0x08,0x00,0x00,0x00,0x07,0x00,0x00,0x00,0x00,0x00,0x00,0x00,0x00,
    0x00,0x00,0x1E,0xF6,0x00,0x00,0x00,0x0D,0x00,0x00,0x00,0x0A,0x00,0x00,0x00,0x09,
    0x00,0x00,0x00,0x0D,0xFF,0xFF,0xFF,0xFF,0x00,0x00,0x00,0x00,0x00,0x00,0x1E,0xF7,
    0x00,0x00,0x00,0x0E,0x00,0x00,0x00,0x08,0x00,0x00,0x00,0x08,0x00,0x00,0x00,0x0B,
    0x00,0x00,0x00,0x00,0x00,0x00,0x00,0x00,0x00,0x00,0x1E,0xF8,0x00,0x00,0x00,0x0B,
    0x00,0x00,0x00,0x0A,0x00,0x00,0x00,0x09,0x00,0x00,0x00,0x0B,0xFF,0xFF,0xFF,0xFF,
    0x00,0x00,0x00,0x00,0x00,0x00,0x1E,0xF9,0x00,0x00,0x00,0x0D,0x00,0x00,0x00,0x08,
    0x00,0x00,0x00,0x08,0x00,0x00,0x00,0x0A,0x00,0x00,0x00,0x00,0x00,0x00,0x00,0x00,
    0x00,0x00,0x21,0x90,0x00,0x00,0x00,0x06,0x00,0x00,0x00,0x0A,0x00,0x00,0x00,0x0A,
    0x00,0x00,0x00,0x06,0x00,0x00,0x00,0x00,0x00,0x00,0x00,0x00,0x00,0x00,0x21,0x92,
    0x00,0x00,0x00,0x06,0x00,0x00,0x00,0x0A,0x00,0x00,0x00,0x0A,0x00,0x00,0x00,0x06,
    0x00,0x00,0x00,0x00,0x00,0x00,0x00,0x00,0x00,0x50,0xFF,0xCC,0x00,0x00,0x50,0xFF,
    0xCC,0x00,0x00,0x50,0xFF,0xCC,0x00,0x00,0x4C,0xFF,0xC7,0x00,0x00,0x32,0xFF,0xAD,
    0x00,0x00,0x13,0xFF,0x8F,0x00,0x00,0x00,0x00,0x00,0x00,0x00,0x50,0xFF,0xCC,0x00,
    0x00,0x50,0xFF,0xCC,0x00,0x00,0xDC,0x88,0x48,0xFF,0x1C,0x00,0xDC,0x88,0x48,0xFF,
    0x1C,0x00,0xDC,0x88,0x48,0xFF,0x1C,0x00,0x00,0x00,0x00,0x00,0x00,0x00,0x00,0x00,
    0x00,0x00,0x00,0x00,0x00,0x00,0x00,0x00,0x00,0x00,0x00,0x00,0x00,0x00,0x00,0x00,
    0x00,0x00,0x00,0x00,0x00,0x00,0x00,0x00,0x00,0x00,0x00,0x00,0x00,0x00,0x1C,0xFF,
    0x33,0x41,0xFB,0x0F,0x00,0x00,0x00,0x00,0x64,0xEA,0x01,0x88,0xC3,0x00,0x00,0x00,
    0x84,0xFF,0xFF,0xFF,0xFF,0xFF,0xFF,0xFF,0x3C,0x00,0x00,0x02,0xF3,0x59,0x1A,0xFF,
    0x35,0x00,0x00,0x00,0x00,0x2A,0xFF,0x25,0x4E,0xFA,0x07,0x00,0x00,0x30,0xFF,0xFF,
    0xFF,0xFF,0xFF,0xFF,0xFF,0x90,0x00,0x00,0x00,0xA5,0xA7,0x00,0xCD,0x7F,0x00,0x00,
    0x00,0x00,0x00,0xD5,0x77,0x04,0xF8,0x4F,0x00,0x00,0x00,0x00,0x08,0xFC,0x47,0x2C,
    0xFF,0x1F,0x00,0x00,0x00,0x00,0x00,0x00,0x4C,0xA8,0x00,0x00,0x00,0x00,0x26,0xB8,
    0xF4,0xFF,0xFF,0xFF,0x04,0x00,0xCD,0xEB,0x62,0xA8,0x00,0x00,0x00,0x06,0xFE,0xFC,
    0xB1,0xB7,0x07,0x00,0x00,0x00,0xE7,0xFF,0xFF,0xFF,0xF6,0x93,0x02,0x00,0x4A,0xE9,
    0xFF,0xFF,0xFF,0xFF,0x58,0x00,0x00,0x03,0x70,0xDC,0xDA,0xFF,0x7D,0x00,0x00,0x00,
    0x4C,0xA9,0x7E,0xFF,0x49,0x0B,0xFC,0xF8,0xFA,0xFD,0xD9,0x70,0x00,0x00,0x00,0x00,
    0x4C,0xA8,0x00,0x00,0x00,0x00,0x00,0x00,0x4C,0xA8,0x00,0x00,0x00,0x07,0xA4,0xF2,
    0xD7,0x3D,0x00,0x00,0x34,0xF4,0x22,0x00,0x00,0x69,0xF8,0x20,0xA5,0xDD,0x00,0x02,
    0xCB,0x7D,0x00,0x00,0x00,0x92,0xDD,0x00,0x6E,0xFF,0x06,0x6B,0xDA,0x07,0x00,0x00,
    0x00,0x69,0xF8,0x20,0xA5,0xDC,0x16,0xEF,0x45,0x00,0x00,0x00,0x00,0x07,0xA4,0xF2,
    0xD7,0x3D,0xA3,0xA9,0x3A,0xD5,0xF2,0xA8,0x09,0x00,0x00,0x00,0x00,0x3F,0xF1,0x1A,
    0xDA,0xA7,0x20,0xF7,0x71,0x00,0x00,0x00,0x05,0xD5,0x71,0x03,0xFE,0x71,0x00,0xDA,
    0x9A,0x00,0x00,0x00,0x77,0xD1,0x04,0x00,0xD9,0xA7,0x1F,0xF7,0x70,0x00,0x00,0x1D,
    0xF3,0x3B,0x00,0x00,0x3B,0xD5,0xF3,0xA9,0x09,0x00,0x00,0x2C,0xC1,0xF6,0xFF,0xFF,
    0x10,0x00,0x00,0x00,0x00,0xCE,0xFF,0x4F,0x00,0x00,0x00,0x00,0x00,0x00,0x00,0xE7,
    0xFF,0x62,0x00,0x00,0x00,0x00,0x00,0x00,0x03,0xB8,0xFF,0xEF,0x21,0x00,0x00,0x00,
    0x00,0x00,0xA5,0xFF,0xFD,0xFF,0xCD,0x07,0x59,0xFF,0x73,0x29,0xFF,0xF1,0x31,0xDE,
    0xFF,0x99,0x9E,0xFF,0x3C,0x35,0xFF,0xCE,0x00,0x26,0xEC,0xFF,0xFD,0xDB,0x03,0x06,
    0xD8,0xFD,0x5A,0x0B,0x84,0xFF,0xFF,0x7E,0x00,0x00,0x1E,0xA6,0xE8,0xF8,0xE2,0xA6,
    0xE7,0xFD,0x6C,0x00,0xDC,0x88,0x00,0x00,0xDC,0x88,0x00,0x00,0xDC,0x88,0x00,0x00,
    0x00,0x00,0x00,0x00,0x00,0x00,0x00,0x00,0x00,0x00,0x00,0x00,0x00,0x00,0x00,0x00,
    0x00,0x00,0x00,0x00,0x00,0x00,0x00,0x00,0x00,0x7D,0xFF,0x4B,0x00,0x0E,0xF1,0xD9,
    0x01,0x00,0x68,0xFF,0x81,0x00,0x00,0xB4,0xFF,0x42,0x00,0x00,0xE3,0xFF,0x19,0x00,
    0x00,0xF3,0xFF,0x0C,0x00,0x00,0xE3,0xFF,0x19,0x00,0x00,0xB5,0xFF,0x42,0x00,0x00,
    0x6A,0xFF,0x82,0x00,0x00,0x0F,0xF1,0xDA,0x01,0x00,0x00,0x7D,0xFF,0x4C,0x00,0xCC,
    0xEA,0x0D,0x00,0x00,0x5B,0xFF,0x7A,0x00,0x00,0x0B,0xF6,0xDF,0x01,0x00,0x00,0xC3,
    0xFF,0x2C,0x00,0x00,0x9A,0xFF,0x5D,0x00,0x00,0x8C,0xFF,0x6E,0x00,0x00,0x9A,0xFF,
    0x5E,0x00,0x00,0xC3,0xFF,0x2D,0x00,0x0B,0xF6,0xE0,0x01,0x00,0x5B,0xFF,0x7B,0x00,
    0x00,0xCC,0xEA,0x0D,0x00,0x00,0x00,0x5C,0xA4,0x00,0x00,0x00,0x86,0x84,0x66,0xA4,
    0x5A,0xB8,0x00,0x17,0x9B,0xF7,0xFA,0xC5,0x34,0x00,0x17,0x9A,0xF6,0xF9,0xC4,0x34,
    0x00,0x86,0x84,0x65,0xA4,0x58,0xB8,0x00,0x00,0x00,0x5C,0xA4,0x00,0x00,0x00,0x00,
    0x00,0x00,0x00,0x00,0x00,0x00,0x00,0x00,0x00,0x00,0x00,0x00,0x00,0x00,0x00,0x00,
    0x00,0x00,0x00,0x00,0x00,0x00,0x00,0x00,0xAC,0xB8,0x00,0x00,0x00,0x00,0x00,0x00,
    0x00,0x00,0xAC,0xB8,0x00,0x00,0x00,0x00,0x00,0x00,0x00,0x00,0xAC,0xB8,0x00,0x00,
    0x00,0x00,0x00,0xBC,0xFF,0xFF,0xFF,0xFF,0xFF,0xFF,0xC8,0x00,0x00,0x00,0x00,0x00,
    0xAC,0xB8,0x00,0x00,0x00,0x00,0x00,0x00,0x00,0x00,0xAC,0xB8,0x00,0x00,0x00,0x00,
    0x00,0x00,0x00,0x00,0xAC,0xB8,0x00,0x00,0x00,0x00,0x00,0xC8,0xFF,0x54,0x00,0x00,
    0xC9,0xFF,0x50,0x00,0x04,0xF2,0xD7,0x07,0x00,0x3A,0xFD,0x3A,0x00,0x00,0x58,0xFF,
    0xFF,0xFF,0x54,0x58,0xFF,0xFF,0xFF,0x54,0x00,0x00,0x00,0x00,0x00,0x00,0x00,0x00,
    0x00,0x00,0x00,0xC8,0xFF,0x54,0x00,0x00,0xC8,0xFF,0x54,0x00,0x00,0x00,0x16,0xFD,
    0x3B,0x00,0x00,0x62,0xEA,0x02,0x00,0x00,0xB1,0x9D,0x00,0x00,0x09,0xF6,0x4E,0x00,
    0x00,0x4F,0xF5,0x09,0x00,0x00,0x9E,0xAF,0x00,0x00,0x02,0xE9,0x60,0x00,0x00,0x3B,
    0xFD,0x14,0x00,0x00,0x8A,0xC2,0x00,0x00,0x00,0xD9,0x73,0x00,0x00,0x00,0x00,0x0C,
    0x99,0xEC,0xF7,0xC2,0x33,0x00,0x00,0xA4,0xFF,0x64,0x22,0xEB,0xEE,0x10,0x1F,0xFD,
    0xF5,0x02,0x00,0x9F,0xFF,0x78,0x4D,0xFF,0xDB,0x00,0x00,0x84,0xFF,0xA8,0x64,0xFF,
    0xD5,0x00,0x00,0x7D,0xFF,0xC0,0x4D,0xFF,0xDC,0x00,0x00,0x84,0xFF,0xA8,0x1F,0xFD,
    0xF5,0x02,0x00,0xA0,0xFF,0x78,0x00,0xA4,0xFF,0x65,0x23,0xEC,0xEF,0x10,0x00,0x0C,
    0x99,0xED,0xF8,0xC3,0x33,0x00,0x00,0xA4,0xFF,0xFF,0xFF,0x88,0x00,0x00,0x00,0x00,
    0x00,0x98,0xFF,0x88,0x00,0x00,0x00,0x00,0x00,0x98,0xFF,0x88,0x00,0x00,0x00,0x00,
    0x00,0x98,0xFF,0x88,0x00,0x00,0x00,0x00,0x00,0x98,0xFF,0x88,0x00,0x00,0x00,0x00,
    0x00,0x98,0xFF,0x88,0x00,0x00,0x00,0x00,0x00,0x98,0xFF,0x88,0x00,0x00,0x00,0x00,
    0x00,0x98,0xFF,0x88,0x00,0x00,0x00,0x98,0xFF,0xFF,0xFF,0xFF,0xFF,0x88,0x00,0x42,
    0xB7,0xF4,0xEC,0xB4,0x29,0x00,0x07,0xB4,0x39,0x0C,0x7D,0xFF,0xE0,0x06,0x00,0x00,
    0x00,0x00,0x10,0xFF,0xFF,0x30,0x00,0x00,0x00,0x00,0x3E,0xFF,0xFF,0x20,0x00,0x00,
    0x00,0x0F,0xD6,0xFF,0xA5,0x00,0x00,0x00,0x07,0xBF,0xFF,0xBD,0x09,0x00,0x00,0x02,
    0xAC,0xFF,0xC8,0x0B,0x00,0x00,0x00,0x97,0xFF,0xD6,0x13,0x00,0x00,0x00,0x0C,0xFF,
    0xFF,0xFF,0xFF,0xFF,0xFF,0x50,0x00,0x31,0xB3,0xEF,0xED,0xBE,0x3C,0x00,0x00,0x98,
    0x38,0x0B,0x79,0xFF,0xF2,0x08,0x00,0x00,0x00,0x00,0x1A,0xFF,0xFF,0x24,0x00,0x00,
    0x00,0x09,0x7A,0xFF,0xCF,0x03,0x00,0x00,0xB4,0xFF,0xFF,0xEF,0x42,0x00,0x00,0x00,
    0x00,0x09,0x5F,0xFE,0xF9,0x24,0x00,0x00,0x00,0x00,0x00,0xE8,0xFF,0x57,0x30,0x95,
    0x28,0x09,0x59,0xFE,0xF6,0x20,0x03,0x66,0xD1,0xF7,0xE8,0xB4,0x3B,0x00,0x00,0x00,
    0x00,0x4C,0xFF,0xFF,0x8C,0x00,0x00,0x00,0x13,0xE7,0xFF,0xFF,0x8C,0x00,0x00,0x00,
    0xAA,0xF8,0xBA,0xFF,0x8C,0x00,0x00,0x5A,0xFF,0x80,0x94,0xFF,0x8C,0x00,0x1A,0xEE,
    0xDA,0x07,0x94,0xFF,0x8C,0x00,0x72,0xFF,0x43,0x00,0x94,0xFF,0x8C,0x00,0x74,0xFF,
    0xFF,0xFF,0xFF,0xFF,0xFF,0xCC,0x00,0x00,0x00,0x00,0x94,0xFF,0x8C,0x00,0x00,0x00,
    0x00,0x00,0x94,0xFF,0x8C,0x00,0x00,0xBC,0xFF,0xFF,0xFF,0xFF,0xE0,0x00,0x00,0xBC,
    0xFF,0x14,0x00,0x00,0x00,0x00,0x00,0xBC,0xFF,0x14,0x00,0x00,0x00,0x00,0x00,0xBC,
    0xFF,0xF5,0xF2,0xC4,0x3F,0x00,0x00,0x00,0x00,0x06,0x61,0xFF,0xF6,0x24,0x00,0x00,
    0x00,0x00,0x00,0xD3,0xFF,0x6D,0x00,0x00,0x00,0x00,0x00,0xD4,0xFF,0x6A,0x00,0x00,
    0x00,0x05,0x5E,0xFF,0xF1,0x1F,0x14,0xFF,0xFF,0xFF,0xEA,0xB6,0x34,0x00,0x00,0x00,
    0x4F,0xCB,0xF8,0xFF,0xFF,0x20,0x00,0x56,0xFE,0xB5,0x1D,0x00,0x00,0x00,0x01,0xE0,
    0xFF,0x19,0x00,0x00,0x00,0x00,0x25,0xFF,0xF9,0xCD,0xF6,0xDE,0x6E,0x00,0x3A,0xFF,
    0xFF,0x8A,0x12,0xCF,0xFF,0x55,0x24,0xFF,0xFF,0x33,0x00,0x83,0xFF,0xA2,0x06,0xF1,
    0xFF,0x32,0x00,0x83,0xFF,0x97,0x00,0x81,0xFF,0x8A,0x12,0xCF,0xFD,0x3D,0x00,0x04,
    0x87,0xE7,0xF6,0xCD,0x4F,0x00,0x34,0xFF,0xFF,0xFF,0xFF,0xFF,0xFF,0x64,0x00,0x00,
    0x00,0x00,0x30,0xFF,0xFF,0x49,0x00,0x00,0x00,0x00,0x98,0xFF,0xDA,0x02,0x00,0x00,
    0x00,0x0C,0xF2,0xFF,0x6B,0x00,0x00,0x00,0x00,0x67,0xFF,0xEE,0x0B,0x00,0x00,0x00,
    0x00,0xCE,0xFF,0x88,0x00,0x00,0x00,0x00,0x36,0xFF,0xFB,0x1C,0x00,0x00,0x00,0x00,
    0x9D,0xFF,0xA5,0x00,0x00,0x00,0x00,0x0F,0xF5,0xFF,0x34,0x00,0x00,0x00,0x00,0x2C,
    0xB7,0xED,0xF5,0xD2,0x5F,0x00,0x00,0xDB,0xFF,0x5F,0x1D,0xEC,0xFE,0x34,0x09,0xFF,
    0xFF,0x17,0x00,0xBF,0xFF,0x60,0x00,0xBF,0xFF,0x5F,0x1D,0xEC,0xF4,0x22,0x00,0x25,
    0xE1,0xFF,0xFF,0xFC,0x62,0x00,0x0D,0xE6,0xFD,0x3E,0x15,0xD1,0xFE,0x4C,0x38,0xFF,
    0xE4,0x00,0x00,0x90,0xFF,0x90,0x11,0xF4,0xFC,0x3C,0x14,0xD0,0xFF,0x5B,0x00,0x3F,
    0xBF,0xEE,0xF7,0xD8,0x73,0x00,0x00,0x23,0xAF,0xEB,0xF3,0xAD,0x1B,0x00,0x09,0xDC,
    0xFD,0x35,0x3B,0xFF,0xCD,0x01,0x43,0xFF,0xD7,0x00,0x00,0xDF,0xFF,0x48,0x4F,0xFF,
    0xD6,0x00,0x00,0xDF,0xFF,0x77,0x15,0xEF,0xFD,0x35,0x3B,0xFF,0xFF,0x8E,0x00,0x3C,
    0xC9,0xF6,0xE4,0xE0,0xFF,0x79,0x00,0x00,0x00,0x00,0x00,0xC5,0xFF,0x36,0x00,0x00,
    0x00,0x0D,0x72,0xFF,0xAC,0x00,0x00,0xCC,0xFF,0xFD,0xE0,0x84,0x06,0x00,0x00,0xA8,
    0xFF,0x74,0x00,0x00,0xA8,0xFF,0x74,0x00,0x00,0x00,0x00,0x00,0x00,0x00,0x00,0x00,
    0x00,0x00,0x00,0x00,0x00,0x00,0x00,0x00,0xA8,0xFF,0x74,0x00,0x00,0xA8,0xFF,0x74,
    0x00,0x00,0xA8,0xFF,0x74,0x00,0x00,0xA8,0xFF,0x74,0x00,0x00,0x00,0x00,0x00,0x00,
    0x00,0x00,0x00,0x00,0x00,0x00,0x00,0x00,0x00,0x00,0x00,0xA8,0xFF,0x74,0x00,0x00,
    0xA9,0xFF,0x70,0x00,0x00,0xD9,0xE9,0x13,0x00,0x1D,0xFF,0x54,0x00,0x00,0x00,0x00,
    0x00,0x00,0x00,0x00,0x26,0x85,0xAA,0x00,0x00,0x00,0x00,0x10,0x67,0xC7,0xFF,0xED,
    0x7F,0x00,0x00,0x3F,0xA9,0xF8,0xF6,0xAA,0x4F,0x06,0x00,0x00,0x00,0xBC,0xFF,0xBC,
    0x1B,0x00,0x00,0x00,0x00,0x00,0x00,0x3F,0xAA,0xF8,0xF6,0xA9,0x4E,0x06,0x00,0x00,
    0x00,0x00,0x00,0x10,0x68,0xC8,0xFF,0xED,0x7F,0x00,0x00,0x00,0x00,0x00,0x00,0x00,
    0x27,0x86,0xAB,0x00,0x00,0xBC,0xFF,0xFF,0xFF,0xFF,0xFF,0xFF,0xC8,0x00,0x00,0x00,
    0x00,0x00,0x00,0x00,0x00,0x00,0x00,0x00,0x00,0xBC,0xFF,0xFF,0xFF,0xFF,0xFF,0xFF,
    0xC8,0x00,0x00,0x00,0x00,0x00,0x00,0x00,0x00,0x00,0x00,0x00,0x00,0x00,0x00,0x00,
    0x00,0x00,0x00,0x00,0x00,0x00,0x00,0xA2,0x8A,0x2A,0x00,0x00,0x00,0x00,0x00,0x00,
    0x00,0x76,0xEB,0xFF,0xCB,0x6C,0x13,0x00,0x00,0x00,0x00,0x00,0x04,0x4A,0xA5,0xF4,
    0xF9,0xAD,0x45,0x00,0x00,0x00,0x00,0x00,0x00,0x16,0xB3,0xFF,0xC8,0x00,0x00,0x00,
    0x04,0x49,0xA4,0xF4,0xF9,0xAE,0x45,0x00,0x00,0x76,0xEB,0xFF,0xCC,0x6D,0x13,0x00,
    0x00,0x00,0x00,0xA2,0x8B,0x2B,0x00,0x00,0x00,0x00,0x00,0x00,0x2C,0xFF,0xFF,0xF8,
    0xD7,0x5E,0x00,0x00,0x00,0x00,0x26,0xFC,0xFE,0x15,0x00,0x00,0x00,0x6A,0xFF,0xFB,
    0x0F,0x00,0x00,0x39,0xFC,0xFF,0x65,0x00,0x00,0x00,0xBE,0xFF,0x93,0x00,0x00,0x00,
    0x00,0xEC,0xFF,0x31,0x00,0x00,0x00,0x00,0x00,0x00,0x00,0x00,0x00,0x00,0x00,0xF4,
    0xFF,0x28,0x00,0x00,0x00,0x00,0xF4,0xFF,0x28,0x00,0x00,0x00,0x00,0x00,0x47,0xB8,
    0xF0,0xF4,0xCD,0x6F,0x04,0x00,0x00,0x00,0x00,0x86,0xE2,0x63,0x1B,0x0A,0x3C,0xBD,
    0xC3,0x0B,0x00,0x00,0x56,0xE1,0x19,0x00,0x00,0x00,0x00,0x03,0xB6,0x8A,0x00,0x00,
    0xD5,0x58,0x00,0x87,0xEE,0xCB,0xD2,0x80,0x2C,0xF2,0x01,0x19,0xFC,0x08,0x42,0xFD,
    0x37,0x34,0xFB,0x80,0x01,0xF9,0x1C,0x2E,0xE9,0x00,0x6E,0xE7,0x00,0x00,0xE0,0x80,
    0x11,0xFB,0x07,0x1A,0xFA,0x07,0x43,0xFD,0x37,0x34,0xFB,0x8B,0x9B,0xA3,0x00,0x00,
    0xD9,0x53,0x00,0x8A,0xEF,0xCE,0xD2,0xE7,0x90,0x0D,0x00,0x00,0x5E,0xDD,0x13,0x00,
    0x00,0x00,0x04,0x00,0x00,0x00,0x00,0x00,0x00,0x8F,0xDD,0x56,0x0F,0x0A,0x48,0xC8,
    0x2A,0x00,0x00,0x00,0x00,0x00,0x50,0xBF,0xF2,0xF7,0xCF,0x69,0x06,0x00,0x00,0x00,
    0x00,0x01,0xE0,0xFF,0xFF,0x29,0x00,0x00,0x00,0x00,0x00,0x3F,0xFF,0xFF,0xFF,0x86,
    0x00,0x00,0x00,0x00,0x00,0x9B,0xFF,0xCE,0xFF,0xE0,0x01,0x00,0x00,0x00,0x07,0xEF,
    0xFF,0x41,0xEE,0xFF,0x3F,0x00,0x00,0x00,0x53,0xFF,0xE9,0x02,0xA2,0xFF,0x9B,0x00,
    0x00,0x00,0xAF,0xFF,0x9C,0x00,0x51,0xFF,0xF0,0x07,0x00,0x11,0xF9,0xFF,0xFF,0xFF,
    0xFF,0xFF,0xFF,0x54,0x00,0x67,0xFF,0xBF,0x00,0x00,0x00,0x75,0xFF,0xB1,0x00,0xC2,
    0xFF,0x77,0x00,0x00,0x00,0x2C,0xFF,0xFA,0x13,0x00,0xE4,0xFF,0xFF,0xFE,0xED,0xB0,
    0x1C,0x00,0x00,0xE4,0xFF,0x5C,0x04,0x99,0xFF,0xB8,0x00,0x00,0xE4,0xFF,0x5C,0x00,
    0x57,0xFF,0xEA,0x00,0x00,0xE4,0xFF,0x5C,0x03,0x98,0xFF,0xB8,0x00,0x00,0xE4,0xFF,
    0xFF,0xFF,0xFF,0xF9,0x43,0x00,0x00,0xE4,0xFF,0x5C,0x02,0x50,0xFF,0xF1,0x13,0x00,
    0xE4,0xFF,0x5C,0x00,0x00,0xFB,0xFF,0x41,0x00,0xE4,0xFF,0x5C,0x01,0x50,0xFF,0xF8,
    0x18,0x00,0xE4,0xFF,0xFF,0xFF,0xF0,0xC6,0x49,0x00,0x00,0x00,0x3D,0xB4,0xED,0xFA,
    0xE7,0xBA,0x07,0x00,0x5C,0xFD,0xEA,0x4A,0x0D,0x32,0xA0,0x0B,0x0E,0xF0,0xFF,0x5C,
    0x00,0x00,0x00,0x00,0x00,0x4D,0xFF,0xFF,0x0E,0x00,0x00,0x00,0x00,0x00,0x63,0xFF,
    0xF7,0x00,0x00,0x00,0x00,0x00,0x00,0x4D,0xFF,0xFF,0x0E,0x00,0x00,0x00,0x00,0x00,
    0x0E,0xF1,0xFF,0x5B,0x00,0x00,0x00,0x00,0x00,0x00,0x5F,0xFE,0xE8,0x48,0x0C,0x2E,
    0x9F,0x0B,0x00,0x00,0x40,0xB6,0xEE,0xFB,0xEB,0xBC,0x07,0x00,0xE4,0xFF,0xFF,0xF8,
    0xE2,0xA8,0x33,0x00,0x00,0x00,0xE4,0xFF,0x5C,0x10,0x58,0xEF,0xFA,0x4D,0x00,0x00,
    0xE4,0xFF,0x5C,0x00,0x00,0x69,0xFF,0xE6,0x06,0x00,0xE4,0xFF,0x5C,0x00,0x00,0x1B,
    0xFF,0xFF,0x39,0x00,0xE4,0xFF,0x5C,0x00,0x00,0x04,0xFF,0xFF,0x4E,0x00,0xE4,0xFF,
    0x5C,0x00,0x00,0x1B,0xFF,0xFF,0x38,0x00,0xE4,0xFF,0x5C,0x00,0x00,0x6B,0xFF,0xE6,
    0x05,0x00,0xE4,0xFF,0x5C,0x0F,0x58,0xEF,0xFA,0x4D,0x00,0x00,0xE4,0xFF,0xFE,0xF6,
    0xE0,0xAA,0x34,0x00,0x00,0x00,0xE4,0xFF,0xFF,0xFF,0xFF,0xFF,0x30,0x00,0xE4,0xFF,
    0x5C,0x00,0x00,0x00,0x00,0x00,0xE4,0xFF,0x5C,0x00,0x00,0x00,0x00,0x00,0xE4,0xFF,
    0x5C,0x00,0x00,0x00,0x00,0x00,0xE4,0xFF,0xFF,0xFF,0xFF,0xF8,0x00,0x00,0xE4,0xFF,
    0x5C,0x00,0x00,0x00,0x00,0x00,0xE4,0xFF,0x5C,0x00,0x00,0x00,0x00,0x00,0xE4,0xFF,
    0x5C,0x00,0x00,0x00,0x00,0x00,0xE4,0xFF,0xFF,0xFF,0xFF,0xFF,0x50,0x00,0xE4,0xFF,
    0xFF,0xFF,0xFF,0xFF,0x30,0x00,0xE4,0xFF,0x5C,0x00,0x00,0x00,0x00,0x00,0xE4,0xFF,
    0x5C,0x00,0x00,0x00,0x00,0x00,0xE4,0xFF,0x5C,0x00,0x00,0x00,0x00,0x00,0xE4,0xFF,
    0xFF,0xFF,0xFF,0xF8,0x00,0x00,0xE4,0xFF,0x5C,0x00,0x00,0x00,0x00,0x00,0xE4,0xFF,
    0x5C,0x00,0x00,0x00,0x00,0x00,0xE4,0xFF,0x5C,0x00,0x00,0x00,0x00,0x00,0xE4,0xFF,
    0x5C,0x00,0x00,0x00,0x00,0x00,0x00,0x3B,0xB0,0xEA,0xFB,0xEE,0xD1,0x6D,0x00,0x00,
    0x5C,0xFD,0xEB,0x52,0x0E,0x22,0x6B,0x89,0x00,0x0E,0xF0,0xFF,0x5D,0x00,0x00,0x00,
    0x00,0x00,0x00,0x4D,0xFF,0xFF,0x0E,0x00,0x00,0x00,0x00,0x00,0x00,0x63,0xFF,0xF7,
    0x00,0x00,0x8C,0xFF,0xFF,0xF8,0x00,0x4D,0xFF,0xFF,0x0E,0x00,0x00,0x2C,0xFF,0xF8,
    0x00,0x0E,0xF1,0xFF,0x5B,0x00,0x00,0x2C,0xFF,0xF8,0x00,0x00,0x5F,0xFE,0xE9,0x4C,
    0x0B,0x48,0xFF,0xF8,0x00,0x00,0x00,0x40,0xB6,0xEE,0xFB,0xEC,0xD0,0x96,0x00,0x00,
    0xE4,0xFF,0x5C,0x00,0x00,0x50,0xFF,0xF0,0x00,0x00,0xE4,0xFF,0x5C,0x00,0x00,0x50,
    0xFF,0xF0,0x00,0x00,0xE4,0xFF,0x5C,0x00,0x00,0x50,0xFF,0xF0,0x00,0x00,0xE4,0xFF,
    0x5C,0x00,0x00,0x50,0xFF,0xF0,0x00,0x00,0xE4,0xFF,0xFF,0xFF,0xFF,0xFF,0xFF,0xF0,
    0x00,0x00,0xE4,0xFF,0x5C,0x00,0x00,0x50,0xFF,0xF0,0x00,0x00,0xE4,0xFF,0x5C,0x00,
    0x00,0x50,0xFF,0xF0,0x00,0x00,0xE4,0xFF,0x5C,0x00,0x00,0x50,0xFF,0xF0,0x00,0x00,
    0xE4,0xFF,0x5C,0x00,0x00,0x50,0xFF,0xF0,0x00,0x00,0xE4,0xFF,0x5C,0x00,0xE4,0xFF,
    0x5C,0x00,0xE4,0xFF,0x5C,0x00,0xE4,0xFF,0x5C,0x00,0xE4,0xFF,0x5C,0x00,0xE4,0xFF,
    0x5C,0x00,0xE4,0xFF,0x5C,0x00,0xE4,0xFF,0x5C,0x00,0xE4,0xFF,0x5C,0x00,0x00,0xE4,
    0xFF,0x5C,0x00,0x00,0xE4,0xFF,0x5C,0x00,0x00,0xE4,0xFF,0x5C,0x00,0x00,0xE4,0xFF,
    0x5C,0x00,0x00,0xE4,0xFF,0x5C,0x00,0x00,0xE4,0xFF,0x5C,0x00,0x00,0xE4,0xFF,0x5C,
    0x00,0x00,0xE4,0xFF,0x5C,0x00,0x00,0xEB,0xFF,0x51,0x02,0x4E,0xFF,0xF5,0x1B,0xAB,
    0xED,0xC0,0x41,0x00,0x00,0xE4,0xFF,0x5C,0x00,0x12,0xD0,0xFF,0xB6,0x07,0x00,0xE4,
    0xFF,0x5C,0x12,0xCE,0xFF,0xB8,0x07,0x00,0x00,0xE4,0xFF,0x6C,0xCD,0xFF,0xBA,0x08,
    0x00,0x00,0x00,0xE4,0xFF,0xF6,0xFF,0xBC,0x09,0x00,0x00,0x00,0x00,0xE4,0xFF,0xFF,
    0xFF,0x50,0x00,0x00,0x00,0x00,0x00,0xE4,0xFF,0xDA,0xFF,0xF6,0x42,0x00,0x00,0x00,
    0x00,0xE4,0xFF,0x5D,0x9C,0xFF,0xF5,0x3E,0x00,0x00,0x00,0xE4,0xFF,0x5C,0x02,0xA1,
    0xFF,0xF3,0x3B,0x00,0x00,0xE4,0xFF,0x5C,0x00,0x03,0xA6,0xFF,0xF2,0x38,0x00,0xE4,
    0xFF,0x5C,0x00,0x00,0x00,0x00,0x00,0xE4,0xFF,0x5C,0x00,0x00,0x00,0x00,0x00,0xE4,
    0xFF,0x5C,0x00,0x00,0x00,0x00,0x00,0xE4,0xFF,0x5C,0x00,0x00,0x00,0x00,0x00,0xE4,
    0xFF,0x5C,0x00,0x00,0x00,0x00,0x00,0xE4,0xFF,0x5C,0x00,0x00,0x00,0x00,0x00,0xE4,
    0xFF,0x5C,0x00,0x00,0x00,0x00,0x00,0xE4,0xFF,0x5C,0x00,0x00,0x00,0x00,0x00,0xE4,
    0xFF,0xFF,0xFF,0xFF,0xFF,0x50,0x00,0xE4,0xFF,0xFF,0x2F,0x00,0x00,0x40,0xFF,0xFF,
    0xD4,0x00,0x00,0xE4,0xFF,0xFF,0x9D,0x00,0x00,0xAE,0xFF,0xFF,0xD4,0x00,0x00,0xE4,
    0xFF,0xE7,0xF7,0x13,0x1F,0xFC,0xE6,0xFF,0xD4,0x00,0x00,0xE4,0xFF,0x7F,0xFF,0x79,
    0x8A,0xFF,0x7E,0xFF,0xD4,0x00,0x00,0xE4,0xFF,0x3C,0xD3,0xE4,0xEE,0xC3,0x4C,0xFF,
    0xD4,0x00,0x00,0xE4,0xFF,0x3C,0x66,0xFF,0xFF,0x55,0x4C,0xFF,0xD4,0x00,0x00,0xE4,
    0xFF,0x3C,0x09,0xED,0xE3,0x04,0x4C,0xFF,0xD4,0x00,0x00,0xE4,0xFF,0x3C,0x00,0x00,
    0x00,0x00,0x4C,0xFF,0xD4,0x00,0x00,0xE4,0xFF,0x3C,0x00,0x00,0x00,0x00,0x4C,0xFF,
    0xD4,0x00,0x00,0xE4,0xFF,0xDC,0x04,0x00,0x34,0xFF,0xF0,0x00,0x00,0xE4,0xFF,0xFF,
    0x65,0x00,0x34,0xFF,0xF0,0x00,0x00,0xE4,0xFF,0xFE,0xE1,0x06,0x34,0xFF,0xF0,0x00,
    0x00,0xE4,0xFF,0xA8,0xFF,0x6C,0x34,0xFF,0xF0,0x00,0x00,0xE4,0xFF,0x42,0xE0,0xE6,
    0x3D,0xFF,0xF0,0x00,0x00,0xE4,0xFF,0x3C,0x63,0xFF,0xA7,0xFF,0xF0,0x00,0x00,0xE4,
    0xFF,0x3C,0x04,0xDA,0xFE,0xFF,0xF0,0x00,0x00,0xE4,0xFF,0x3C,0x00,0x5B,0xFF,0xFF,
    0xF0,0x00,0x00,0xE4,0xFF,0x3C,0x00,0x02,0xD3,0xFF,0xF0,0x00,0x00,0x00,0x52,0xC3,
    0xF3,0xF7,0xD1,0x6D,0x01,0x00,0x00,0x71,0xFF,0xD5,0x2A,0x1B,0xB4,0xFF,0x9D,0x00,
    0x12,0xF6,0xFF,0x47,0x00,0x00,0x1A,0xFC,0xFF,0x37,0x4F,0xFF,0xFF,0x08,0x00,0x00,
    0x00,0xD5,0xFF,0x7D,0x63,0xFF,0xF6,0x00,0x00,0x00,0x00,0xC2,0xFF,0x92,0x4F,0xFF,
    0xFF,0x08,0x00,0x00,0x00,0xD5,0xFF,0x7E,0x12,0xF6,0xFF,0x47,0x00,0x00,0x1A,0xFC,
    0xFF,0x37,0x00,0x74,0xFF,0xD5,0x29,0x1A,0xB4,0xFF,0xA0,0x00,0x00,0x00,0x55,0xC5,
    0xF4,0xF8,0xD2,0x70,0x02,0x00,0x00,0xE4,0xFF,0xFF,0xFF,0xE9,0xAF,0x26,0x00,0x00,
    0xE4,0xFF,0x5C,0x04,0x7C,0xFF,0xDC,0x07,0x00,0xE4,0xFF,0x5C,0x00,0x12,0xFF,0xFF,
    0x35,0x00,0xE4,0xFF,0x5C,0x00,0x12,0xFF,0xFF,0x35,0x00,0xE4,0xFF,0x5C,0x04,0x7C,
    0xFF,0xDC,0x07,0x00,0xE4,0xFF,0xFF,0xFF,0xEA,0xB0,0x26,0x00,0x00,0xE4,0xFF,0x5C,
    0x00,0x00,0x00,0x00,0x00,0x00,0xE4,0xFF,0x5C,0x00,0x00,0x00,0x00,0x00,0x00,0xE4,
    0xFF,0x5C,0x00,0x00,0x00,0x00,0x00,0x00,0x00,0x52,0xC3,0xF3,0xF7,0xD1,0x6F,0x02,
    0x00,0x00,0x71,0xFF,0xD5,0x2A,0x1B,0xB4,0xFF,0xA0,0x00,0x12,0xF6,0xFF,0x47,0x00,
    0x00,0x1A,0xFC,0xFF,0x36,0x4F,0xFF,0xFF,0x08,0x00,0x00,0x00,0xD5,0xFF,0x7D,0x63,
    0xFF,0xF5,0x00,0x00,0x00,0x00,0xC2,0xFF,0x92,0x50,0xFF,0xFF,0x07,0x00,0x00,0x00,
    0xD5,0xFF,0x7D,0x12,0xF6,0xFF,0x41,0x00,0x00,0x1A,0xFC,0xFF,0x3A,0x00,0x72,0xFF,
    0xCF,0x26,0x1A,0xB4,0xFF,0xAD,0x00,0x00,0x00,0x52,0xC3,0xF3,0xFF,0xFF,0x98,0x08,
    0x00,0x00,0x00,0x00,0x00,0x00,0x51,0xFF,0xB9,0x02,0x00,0x00,0x00,0x00,0x00,0x00,
    0x00,0x98,0xFF,0x86,0x00,0x00,0xE4,0xFF,0xFF,0xFD,0xE9,0xAC,0x1D,0x00,0x00,0xE4,
    0xFF,0x5C,0x09,0xA9,0xFF,0xB3,0x00,0x00,0xE4,0xFF,0x5C,0x00,0x67,0xFF,0xD9,0x00,
    0x00,0xE4,0xFF,0x5C,0x09,0xA9,0xFF,0x8D,0x00,0x00,0xE4,0xFF,0xFF,0xFF,0xFF,0xB8,
    0x03,0x00,0x00,0xE4,0xFF,0x5C,0x22,0xE4,0xFF,0x74,0x00,0x00,0xE4,0xFF,0x5C,0x00,
    0x6D,0xFF,0xF0,0x0A,0x00,0xE4,0xFF,0x5C,0x00,0x0E,0xF4,0xFF,0x63,0x00,0xE4,0xFF,
    0x5C,0x00,0x00,0x9C,0xFF,0xCB,0x00,0x20,0xAD,0xEA,0xFB,0xEF,0xD2,0x23,0x00,0x00,
    0xCD,0xFD,0x3D,0x0A,0x34,0xA2,0x2D,0x00,0x14,0xFF,0xF8,0x0E,0x00,0x00,0x00,0x00,
    0x00,0x0B,0xFC,0xFF,0xE0,0x8F,0x4B,0x08,0x00,0x00,0x00,0x7F,0xFF,0xFF,0xFF,0xFF,
    0xE2,0x2C,0x00,0x00,0x00,0x31,0x86,0xD0,0xFF,0xFF,0xA6,0x00,0x00,0x00,0x00,0x00,
    0x00,0x8D,0xFF,0xB3,0x00,0x0F,0xBD,0x4E,0x17,0x0F,0xAB,0xFF,0x70,0x00,0x09,0xB6,
    0xE0,0xF5,0xF7,0xDA,0x7D,0x02,0x00,0xF0,0xFF,0xFF,0xFF,0xFF,0xFF,0xFF,0xFF,0x20,
    0x00,0x00,0x08,0xFF,0xFF,0x38,0x00,0x00,0x00,0x00,0x00,0x08,0xFF,0xFF,0x38,0x00,
    0x00,0x00,0x00,0x00,0x08,0xFF,0xFF,0x38,0x00,0x00,0x00,0x00,0x00,0x08,0xFF,0xFF,
    0x38,0x00,0x00,0x00,0x00,0x00,0x08,0xFF,0xFF,0x38,0x00,0x00,0x00,0x00,0x00,0x08,
    0xFF,0xFF,0x38,0x00,0x00,0x00,0x00,0x00,0x08,0xFF,0xFF,0x38,0x00,0x00,0x00,0x00,
    0x00,0x08,0xFF,0xFF,0x38,0x00,0x00,0x00,0x00,0xE4,0xFF,0x5C,0x00,0x00,0x9C,0xFF,
    0xA4,0x00,0x00,0xE4,0xFF,0x5C,0x00,0x00,0x9C,0xFF,0xA4,0x00,0x00,0xE4,0xFF,0x5C,
    0x00,0x00,0x9C,0xFF,0xA4,0x00,0x00,0xE4,0xFF,0x5C,0x00,0x00,0x9C,0xFF,0xA4,0x00,
    0x00,0xE4,0xFF,0x5C,0x00,0x00,0x9C,0xFF,0xA4,0x00,0x00,0xE3,0xFF,0x5C,0x00,0x00,
    0x9C,0xFF,0xA2,0x00,0x00,0xC6,0xFF,0x6C,0x00,0x00,0xAD,0xFF,0x85,0x00,0x00,0x71,
    0xFF,0xC6,0x14,0x2C,0xF0,0xFB,0x33,0x00,0x00,0x02,0x70,0xD4,0xF4,0xED,0xC3,0x48,
    0x00,0x00,0xC3,0xFF,0x80,0x00,0x00,0x00,0x35,0xFF,0xFA,0x13,0x67,0xFF,0xD9,0x00,
    0x00,0x00,0x8F,0xFF,0xB1,0x00,0x11,0xF9,0xFF,0x32,0x00,0x02,0xE5,0xFF,0x54,0x00,
    0x00,0xAF,0xFF,0x8B,0x00,0x43,0xFF,0xF0,0x08,0x00,0x00,0x53,0xFF,0xE3,0x01,0x9C,
    0xFF,0x9B,0x00,0x00,0x00,0x07,0xEF,0xFF,0x44,0xEF,0xFF,0x3F,0x00,0x00,0x00,0x00,
    0x9B,0xFF,0xDB,0xFF,0xE1,0x01,0x00,0x00,0x00,0x00,0x3F,0xFF,0xFF,0xFF,0x86,0x00,
    0x00,0x00,0x00,0x00,0x01,0xE0,0xFF,0xFF,0x2A,0x00,0x00,0x00,0x87,0xFF,0xA1,0x00,
    0x00,0x96,0xFF,0xD0,0x00,0x00,0x66,0xFF,0xBE,0x4B,0xFF,0xDC,0x00,0x00,0xD0,0xFF,
    0xFD,0x0E,0x00,0xA1,0xFF,0x83,0x11,0xFE,0xFF,0x18,0x0D,0xFD,0xD5,0xFF,0x46,0x00,
    0xDC,0xFF,0x48,0x00,0xD5,0xFF,0x53,0x45,0xFF,0x61,0xFF,0x80,0x18,0xFF,0xFE,0x10,
    0x00,0x9A,0xFF,0x8E,0x80,0xFF,0x13,0xD9,0xBB,0x53,0xFF,0xD3,0x00,0x00,0x5F,0xFF,
    0xC9,0xBB,0xD8,0x00,0x9D,0xF3,0x91,0xFF,0x98,0x00,0x00,0x24,0xFF,0xFA,0xF3,0x9D,
    0x00,0x61,0xFF,0xEE,0xFF,0x5E,0x00,0x00,0x00,0xE8,0xFF,0xFF,0x63,0x00,0x26,0xFF,
    0xFF,0xFF,0x23,0x00,0x00,0x00,0xAE,0xFF,0xFF,0x29,0x00,0x00,0xE9,0xFF,0xE9,0x00,
    0x00,0x53,0xFF,0xEE,0x19,0x00,0x03,0xC9,0xFF,0x8F,0x00,0x00,0xAA,0xFF,0xB1,0x00,
    0x74,0xFF,0xDC,0x0A,0x00,0x00,0x15,0xEA,0xFF,0x7E,0xF6,0xFE,0x3F,0x00,0x00,0x00,
    0x00,0x56,0xFF,0xFF,0xFF,0x94,0x00,0x00,0x00,0x00,0x00,0x03,0xE4,0xFF,0xFF,0x27,
    0x00,0x00,0x00,0x00,0x00,0x75,0xFF,0xFE,0xFF,0xB4,0x00,0x00,0x00,0x00,0x26,0xF7,
    0xFE,0x53,0xE9,0xFF,0x5D,0x00,0x00,0x02,0xC4,0xFF,0x94,0x00,0x53,0xFF,0xEE,0x18,
    0x00,0x70,0xFF,0xE0,0x0C,0x00,0x00,0xA9,0xFF,0xAF,0x00,0x03,0xCA,0xFF,0xA7,0x00,
    0x00,0x10,0xE8,0xFF,0x7D,0x00,0x2E,0xFA,0xFF,0x47,0x00,0x98,0xFF,0xD3,0x05,0x00,
    0x00,0x85,0xFF,0xDD,0x43,0xFE,0xFD,0x37,0x00,0x00,0x00,0x07,0xD8,0xFF,0xF9,0xFF,
    0x8F,0x00,0x00,0x00,0x00,0x00,0x3D,0xFE,0xFF,0xE0,0x0B,0x00,0x00,0x00,0x00,0x00,
    0x00,0xCB,0xFF,0x7B,0x00,0x00,0x00,0x00,0x00,0x00,0x00,0xC8,0xFF,0x78,0x00,0x00,
    0x00,0x00,0x00,0x00,0x00,0xC8,0xFF,0x78,0x00,0x00,0x00,0x00,0x00,0x00,0x00,0xC8,
    0xFF,0x78,0x00,0x00,0x00,0x54,0xFF,0xFF,0xFF,0xFF,0xFF,0xFF,0xFF,0x08,0x00,0x00,
    0x00,0x00,0x2A,0xF6,0xFF,0xF0,0x04,0x00,0x00,0x00,0x08,0xD2,0xFF,0xFF,0x56,0x00,
    0x00,0x00,0x00,0x95,0xFF,0xFF,0x9B,0x00,0x00,0x00,0x00,0x4F,0xFF,0xFF,0xD6,0x0A,
    0x00,0x00,0x00,0x1B,0xEC,0xFF,0xF7,0x2E,0x00,0x00,0x00,0x02,0xBF,0xFF,0xFF,0x6B,
    0x00,0x00,0x00,0x00,0x60,0xFF,0xFF,0xB1,0x00,0x00,0x00,0x00,0x00,0x74,0xFF,0xFF,
    0xFF,0xFF,0xFF,0xFF,0xFF,0x28,0x00,0xF8,0xFF,0xFF,0xAC,0x00,0xF8,0xFF,0x08,0x00,
    0x00,0xF8,0xFF,0x08,0x00,0x00,0xF8,0xFF,0x08,0x00,0x00,0xF8,0xFF,0x08,0x00,0x00,
    0xF8,0xFF,0x08,0x00,0x00,0xF8,0xFF,0x08,0x00,0x00,0xF8,0xFF,0x08,0x00,0x00,0xF8,
    0xFF,0x08,0x00,0x00,0xF8,0xFF,0x08,0x00,0x00,0xF8,0xFF,0xFF,0xAC,0xD9,0x73,0x00,
    0x00,0x00,0x8A,0xC2,0x00,0x00,0x00,0x3B,0xFC,0x14,0x00,0x00,0x02,0xE9,0x60,0x00,
    0x00,0x00,0x9E,0xAF,0x00,0x00,0x00,0x4F,0xF5,0x09,0x00,0x00,0x0A,0xF6,0x4E,0x00,
    0x00,0x00,0xB1,0x9D,0x00,0x00,0x00,0x62,0xEA,0x02,0x00,0x00,0x16,0xFD,0x3C,0x30,
    0xFF,0xFF,0xFF,0x74,0x00,0x00,0x88,0xFF,0x74,0x00,0x00,0x88,0xFF,0x74,0x00,0x00,
    0x88,0xFF,0x74,0x00,0x00,0x88,0xFF,0x74,0x00,0x00,0x88,0xFF,0x74,0x00,0x00,0x88,
    0xFF,0x74,0x00,0x00,0x88,0xFF,0x74,0x00,0x00,0x88,0xFF,0x74,0x00,0x00,0x88,0xFF,
    0x74,0x30,0xFF,0xFF,0xFF,0x74,0x00,0x00,0x00,0x40,0xF3,0xF8,0x4B,0x00,0x00,0x00,
    0x00,0x00,0x46,0xF6,0xBB,0xB1,0xF9,0x51,0x00,0x00,0x00,0x4B,0xED,0x6B,0x01,0x00,
    0x5E,0xEB,0x58,0x00,0x00,0x00,0x00,0x00,0x00,0x00,0x00,0x00,0x00,0x00,0x00,0x00,
    0x00,0x00,0x00,0x00,0x00,0x00,0x00,0x00,0x00,0x00,0x00,0x00,0x00,0x00,0x00,0x00,
    0x00,0x00,0x00,0x00,0x00,0x00,0x00,0x00,0x00,0x00,0x00,0x00,0x00,0x00,0x00,0x00,
    0x00,0x00,0x00,0x00,0x00,0x00,0x00,0x00,0x00,0x00,0x00,0x00,0x00,0x00,0x00,0x00,
    0x00,0x00,0x00,0x00,0x00,0x00,0x00,0x00,0x00,0x00,0x00,0x00,0xFF,0xFF,0xFF,0xFF,
    0xFF,0xFF,0x18,0xD2,0x9D,0x00,0x00,0x00,0x00,0x11,0xC5,0x71,0x00,0x00,0x00,0x00,
    0x00,0x00,0x00,0x00,0x00,0x00,0x00,0x00,0x00,0x00,0x00,0x00,0x00,0x00,0x00,0x00,
    0x00,0x00,0x00,0x00,0x00,0x00,0x00,0x00,0x00,0x00,0x00,0x00,0x00,0x00,0x00,0x00,
    0x00,0x00,0x00,0x00,0x00,0x00,0x00,0x00,0x00,0x00,0x00,0x00,0x00,0x00,0x00,0xE8,
    0xFF,0xFF,0xE8,0xAD,0x1F,0x00,0x00,0x00,0x00,0x05,0x55,0xFF,0xC2,0x00,0x00,0x00,
    0x00,0x00,0x00,0xF7,0xFF,0x0B,0x03,0x8A,0xDF,0xF8,0xFF,0xFF,0xFF,0x25,0x5C,0xFF,
    0xCE,0x13,0x03,0xFA,0xFF,0x28,0x62,0xFF,0xC8,0x14,0x71,0xFF,0xFF,0x28,0x06,0xA2,
    0xF3,0xFF,0xFF,0xFF,0xFF,0x28,0x00,0xFC,0xFF,0x1C,0x00,0x00,0x00,0x00,0x00,0x00,
    0xFC,0xFF,0x1C,0x00,0x00,0x00,0x00,0x00,0x00,0xFC,0xFF,0x1C,0x00,0x00,0x00,0x00,
    0x00,0x00,0xFC,0xFF,0xFF,0xFF,0xF0,0x9B,0x08,0x00,0x00,0xFC,0xFF,0xA2,0x11,0xA2,
    0xFF,0x89,0x00,0x00,0xFC,0xFF,0x37,0x00,0x37,0xFF,0xE7,0x00,0x00,0xFC,0xFF,0x21,
    0x00,0x21,0xFF,0xFF,0x04,0x00,0xFC,0xFF,0x37,0x00,0x37,0xFF,0xE7,0x00,0x00,0xFC,
    0xFF,0xA2,0x11,0xA2,0xFF,0x8A,0x00,0x00,0xFC,0xFF,0xFF,0xFF,0xF1,0x9D,0x09,0x00,
    0x00,0x1B,0xA0,0xE1,0xEE,0x95,0x09,0x08,0xD7,0xFF,0x6F,0x0F,0x54,0x43,0x50,0xFF,
    0xD9,0x00,0x00,0x00,0x00,0x71,0xFF,0xBB,0x00,0x00,0x00,0x00,0x50,0xFF,0xD9,0x00,
    0x00,0x00,0x00,0x08,0xD7,0xFF,0x6F,0x0F,0x56,0x44,0x00,0x1B,0xA1,0xE2,0xEE,0x96,
    0x09,0x00,0x00,0x00,0x00,0x00,0x88,0xFF,0x94,0x00,0x00,0x00,0x00,0x00,0x00,0x88,
    0xFF,0x94,0x00,0x00,0x00,0x00,0x00,0x00,0x88,0xFF,0x94,0x00,0x00,0x32,0xCD,0xFD,
    0xFF,0xFF,0xFF,0x94,0x00,0x0A,0xE7,0xFE,0x44,0x28,0xEE,0xFF,0x94,0x00,0x50,0xFF,
    0xD2,0x00,0x00,0xA3,0xFF,0x94,0x00,0x6B,0xFF,0xBD,0x00,0x00,0x8D,0xFF,0x94,0x00,
    0x50,0xFF,0xD2,0x00,0x00,0xA3,0xFF,0x94,0x00,0x0A,0xE8,0xFE,0x44,0x27,0xEE,0xFF,
    0x94,0x00,0x00,0x34,0xCE,0xFD,0xFF,0xFF,0xFF,0x94,0x00,0x00,0x1D,0xA6,0xE5,0xEF,
    0xB6,0x26,0x00,0x08,0xD9,0xFD,0x45,0x26,0xEF,0xE6,0x0F,0x51,0xFF,0xC5,0x00,0x00,
    0xA7,0xFF,0x64,0x71,0xFF,0xFF,0xFF,0xFF,0xFF,0xFF,0x89,0x51,0xFF,0xC1,0x00,0x00,
    0x00,0x00,0x00,0x09,0xD9,0xFD,0x52,0x0B,0x32,0x9B,0x3B,0x00,0x1D,0xA4,0xE4,0xF3,
    0xC8,0x61,0x04,0x00,0x22,0xC3,0xF7,0xFF,0x54,0x00,0x9D,0xFF,0x87,0x00,0x00,0x00,
    0xBB,0xFF,0x60,0x00,0x00,0xC4,0xFF,0xFF,0xFF,0xFF,0x28,0x00,0xBC,0xFF,0x60,0x00,
    0x00,0x00,0xBC,0xFF,0x60,0x00,0x00,0x00,0xBC,0xFF,0x60,0x00,0x00,0x00,0xBC,0xFF,
    0x60,0x00,0x00,0x00,0xBC,0xFF,0x60,0x00,0x00,0x00,0xBC,0xFF,0x60,0x00,0x00,0x00,
    0x32,0xCD,0xFD,0xFF,0xFF,0xFF,0x94,0x00,0x0A,0xE7,0xFF,0x48,0x29,0xEF,0xFF,0x94,
    0x00,0x50,0xFF,0xD3,0x00,0x00,0xA4,0xFF,0x94,0x00,0x6B,0xFF,0xBD,0x00,0x00,0x8D,
    0xFF,0x94,0x00,0x50,0xFF,0xD1,0x00,0x00,0xA4,0xFF,0x94,0x00,0x0A,0xE7,0xFE,0x42,
    0x29,0xEF,0xFF,0x94,0x00,0x00,0x33,0xCE,0xFD,0xFF,0xFF,0xFF,0x94,0x00,0x00,0x00,
    0x00,0x00,0x00,0x9A,0xFF,0x7A,0x00,0x00,0x81,0x45,0x0B,0x3A,0xEE,0xF6,0x2B,0x00,
    0x00,0x23,0xB2,0xF1,0xE8,0xB8,0x3C,0x00,0x00,0x00,0xFC,0xFF,0x1C,0x00,0x00,0x00,
    0x00,0x00,0x00,0xFC,0xFF,0x1C,0x00,0x00,0x00,0x00,0x00,0x00,0xFC,0xFF,0x1C,0x00,
    0x00,0x00,0x00,0x00,0x00,0xFC,0xFF,0xFF,0xFF,0xF6,0xB4,0x0E,0x00,0x00,0xFC,0xFF,
    0xA0,0x11,0xC0,0xFF,0x76,0x00,0x00,0xFC,0xFF,0x32,0x00,0x85,0xFF,0x99,0x00,0x00,
    0xFC,0xFF,0x1C,0x00,0x80,0xFF,0x9C,0x00,0x00,0xFC,0xFF,0x1C,0x00,0x80,0xFF,0x9C,
    0x00,0x00,0xFC,0xFF,0x1C,0x00,0x80,0xFF,0x9C,0x00,0x00,0xFC,0xFF,0x1C,0x00,0x80,
    0xFF,0x9C,0x00,0x00,0xFC,0xFF,0x1C,0x00,0xFC,0xFF,0x1C,0x00,0x00,0x00,0x00,0x00,
    0xFC,0xFF,0x1C,0x00,0xFC,0xFF,0x1C,0x00,0xFC,0xFF,0x1C,0x00,0xFC,0xFF,0x1C,0x00,
    0xFC,0xFF,0x1C,0x00,0xFC,0xFF,0x1C,0x00,0xFC,0xFF,0x1C,0x00,0x00,0xFC,0xFF,0x1C,
    0x00,0x00,0xFC,0xFF,0x1C,0x00,0x00,0x00,0x00,0x00,0x00,0x00,0xFC,0xFF,0x1C,0x00,
    0x00,0xFC,0xFF,0x1C,0x00,0x00,0xFC,0xFF,0x1C,0x00,0x00,0xFC,0xFF,0x1C,0x00,0x00,
    0xFC,0xFF,0x1C,0x00,0x00,0xFC,0xFF,0x1C,0x00,0x00,0xFC,0xFF,0x1C,0x00,0x01,0xFD,
    0xFF,0x16,0x00,0x37,0xFF,0xE7,0x00,0x68,0xFD,0xD8,0x44,0x00,0x00,0xFC,0xFF,0x1C,
    0x00,0x00,0x00,0x00,0x00,0x00,0xFC,0xFF,0x1C,0x00,0x00,0x00,0x00,0x00,0x00,0xFC,
    0xFF,0x1C,0x00,0x00,0x00,0x00,0x00,0x00,0xFC,0xFF,0x1C,0x18,0xDB,0xFF,0x74,0x00,
    0x00,0xFC,0xFF,0x2D,0xD2,0xFF,0x76,0x00,0x00,0x00,0xFC,0xFF,0xDA,0xFF,0x77,0x00,
    0x00,0x00,0x00,0xFC,0xFF,0xFF,0xEF,0x1D,0x00,0x00,0x00,0x00,0xFC,0xFF,0xA1,0xFF,
    0xD7,0x13,0x00,0x00,0x00,0xFC,0xFF,0x1D,0xA4,0xFF,0xC9,0x0B,0x00,0x00,0xFC,0xFF,
    0x1C,0x06,0xBE,0xFF,0xB8,0x05,0x00,0xFC,0xFF,0x1C,0x00,0xFC,0xFF,0x1C,0x00,0xFC,
    0xFF,0x1C,0x00,0xFC,0xFF,0x1C,0x00,0xFC,0xFF,0x1C,0x00,0xFC,0xFF,0x1C,0x00,0xFC,
    0xFF,0x1C,0x00,0xFC,0xFF,0x1C,0x00,0xFC,0xFF,0x1C,0x00,0xFC,0xFF,0x1C,0x00,0xFF,
    0xFF,0xFF,0xFF,0xF8,0xDF,0xCE,0xF3,0xF4,0xAD,0x09,0x00,0x00,0xFF,0xFF,0x91,0x16,
    0xEE,0xFF,0xC2,0x11,0xC0,0xFF,0x6A,0x00,0x00,0xFF,0xFF,0x2E,0x00,0xCE,0xFF,0x67,
    0x00,0x8F,0xFF,0x8D,0x00,0x00,0xFF,0xFF,0x1C,0x00,0xC8,0xFF,0x54,0x00,0x8C,0xFF,
    0x90,0x00,0x00,0xFF,0xFF,0x1C,0x00,0xC8,0xFF,0x54,0x00,0x8C,0xFF,0x90,0x00,0x00,
    0xFF,0xFF,0x1C,0x00,0xC8,0xFF,0x54,0x00,0x8C,0xFF,0x90,0x00,0x00,0xFF,0xFF,0x1C,
    0x00,0xC8,0xFF,0x54,0x00,0x8C,0xFF,0x90,0x00,0x00,0xFC,0xFF,0xFF,0xFF,0xF6,0xB4,
    0x0E,0x00,0x00,0xFC,0xFF,0xA0,0x11,0xC0,0xFF,0x76,0x00,0x00,0xFC,0xFF,0x32,0x00,
    0x85,0xFF,0x99,0x00,0x00,0xFC,0xFF,0x1C,0x00,0x80,0xFF,0x9C,0x00,0x00,0xFC,0xFF,
    0x1C,0x00,0x80,0xFF,0x9C,0x00,0x00,0xFC,0xFF,0x1C,0x00,0x80,0xFF,0x9C,0x00,0x00,
    0xFC,0xFF,0x1C,0x00,0x80,0xFF,0x9C,0x00,0x00,0x1E,0xA8,0xE6,0xF0,0xC1,0x3C,0x00,
    0x09,0xDC,0xFE,0x46,0x21,0xE6,0xF9,0x2B,0x52,0xFF,0xCF,0x00,0x00,0x91,0xFF,0x92,
    0x72,0xFF,0xB9,0x00,0x00,0x7A,0xFF,0xB1,0x52,0xFF,0xCF,0x00,0x00,0x91,0xFF,0x92,
    0x0A,0xDD,0xFE,0x46,0x21,0xE6,0xFA,0x2C,0x00,0x20,0xAA,0xE7,0xF1,0xC3,0x3F,0x00,
    0x00,0xFC,0xFF,0xFF,0xFF,0xF0,0x9B,0x08,0x00,0x00,0xFC,0xFF,0xA2,0x11,0xA2,0xFF,
    0x89,0x00,0x00,0xFC,0xFF,0x37,0x00,0x37,0xFF,0xE7,0x00,0x00,0xFC,0xFF,0x21,0x00,
    0x21,0xFF,0xFF,0x04,0x00,0xFC,0xFF,0x37,0x00,0x37,0xFF,0xE7,0x00,0x00,0xFC,0xFF,
    0xA2,0x11,0xA2,0xFF,0x8A,0x00,0x00,0xFC,0xFF,0xFF,0xFF,0xF1,0x9D,0x09,0x00,0x00,
    0xFC,0xFF,0x1C,0x00,0x00,0x00,0x00,0x00,0x00,0xFC,0xFF,0x1C,0x00,0x00,0x00,0x00,
    0x00,0x00,0xFC,0xFF,0x1C,0x00,0x00,0x00,0x00,0x00,0x00,0x32,0xCD,0xFD,0xFF,0xFF,
    0xFF,0x94,0x00,0x0A,0xE7,0xFE,0x44,0x28,0xEE,0xFF,0x94,0x00,0x50,0xFF,0xD2,0x00,
    0x00,0xA3,0xFF,0x94,0x00,0x6B,0xFF,0xBD,0x00,0x00,0x8D,0xFF,0x94,0x00,0x50,0xFF,
    0xD2,0x00,0x00,0xA3,0xFF,0x94,0x00,0x0A,0xE7,0xFE,0x44,0x27,0xEE,0xFF,0x94,0x00,
    0x00,0x33,0xCE,0xFD,0xFF,0xFF,0xFF,0x94,0x00,0x00,0x00,0x00,0x00,0x00,0x88,0xFF,
    0x94,0x00,0x00,0x00,0x00,0x00,0x00,0x88,0xFF,0x94,0x00,0x00,0x00,0x00,0x00,0x00,
    0x88,0xFF,0x94,0x00,0x00,0xFC,0xFF,0xFF,0xFF,0xE4,0x00,0xFC,0xFF,0xAE,0x10,0x00,
    0x00,0xFC,0xFF,0x34,0x00,0x00,0x00,0xFC,0xFF,0x1C,0x00,0x00,0x00,0xFC,0xFF,0x1C,
    0x00,0x00,0x00,0xFC,0xFF,0x1C,0x00,0x00,0x00,0xFC,0xFF,0x1C,0x00,0x00,0x00,0x80,
    0xE2,0xF6,0xCA,0x61,0x01,0x40,0xFF,0xA0,0x09,0x2F,0xA3,0x22,0x4E,0xFF,0xD4,0x5C,
    0x2E,0x02,0x00,0x08,0xB9,0xFF,0xFF,0xFF,0xDF,0x23,0x00,0x00,0x19,0x4A,0xC5,0xFF,
    0x83,0x41,0x8A,0x28,0x08,0x9B,0xFF,0x6E,0x05,0x6A,0xD0,0xF7,0xE5,0x93,0x06,0x00,
    0xCC,0xFF,0x4C,0x00,0x00,0xD8,0xFF,0xFF,0xFF,0xFF,0x78,0x00,0xCC,0xFF,0x4C,0x00,
    0x00,0x00,0xCC,0xFF,0x4C,0x00,0x00,0x00,0xCC,0xFF,0x4C,0x00,0x00,0x00,0xCB,0xFF,
    0x4C,0x00,0x00,0x00,0xB7,0xFF,0x6D,0x00,0x00,0x00,0x41,0xDB,0xFC,0xFF,0x48,0x10,
    0xFF,0xFF,0x0B,0x00,0x90,0xFF,0x88,0x00,0x10,0xFF,0xFF,0x0A,0x00,0x90,0xFF,0x88,
    0x00,0x10,0xFF,0xFF,0x08,0x00,0x90,0xFF,0x88,0x00,0x10,0xFF,0xFF,0x08,0x00,0x90,
    0xFF,0x88,0x00,0x0E,0xFF,0xFF,0x0C,0x00,0xA5,0xFF,0x88,0x00,0x00,0xEA,0xFF,0x51,
    0x2B,0xEF,0xFF,0x88,0x00,0x00,0x4F,0xDF,0xFE,0xFF,0xFF,0xFF,0x88,0x00,0xA1,0xFF,
    0x72,0x00,0x00,0x9F,0xFF,0x74,0x43,0xFF,0xC9,0x00,0x05,0xEE,0xFC,0x19,0x02,0xE2,
    0xFF,0x21,0x4B,0xFF,0xB8,0x00,0x00,0x86,0xFF,0x77,0xA1,0xFF,0x59,0x00,0x00,0x28,
    0xFF,0xD2,0xF0,0xF1,0x09,0x00,0x00,0x00,0xCA,0xFF,0xFF,0x9D,0x00,0x00,0x00,0x00,
    0x6B,0xFF,0xFF,0x3F,0x00,0x00,0x75,0xFF,0x94,0x00,0x72,0xFF,0x89,0x00,0x7E,0xFF,
    0x8B,0x35,0xFF,0xCE,0x00,0xAC,0xFF,0xC4,0x00,0xB8,0xFF,0x4C,0x03,0xF2,0xFC,0x0C,
    0xE7,0xD9,0xF8,0x09,0xF0,0xFD,0x10,0x00,0xB6,0xFF,0x64,0xFF,0x66,0xFF,0x69,0xFF,
    0xCD,0x00,0x00,0x77,0xFF,0xD7,0xFA,0x0A,0xEB,0xDC,0xFF,0x8E,0x00,0x00,0x37,0xFF,
    0xFF,0xC8,0x00,0xB1,0xFF,0xFF,0x4E,0x00,0x00,0x04,0xF3,0xFF,0x8D,0x00,0x76,0xFF,
    0xFE,0x11,0x00,0x5C,0xFF,0xD1,0x05,0x25,0xF6,0xF3,0x23,0x00,0xA9,0xFF,0x7D,0xC1,
    0xFF,0x65,0x00,0x00,0x12,0xE5,0xFE,0xFF,0xB4,0x00,0x00,0x00,0x00,0x81,0xFF,0xFF,
    0x41,0x00,0x00,0x00,0x21,0xF2,0xF7,0xFF,0xCF,0x05,0x00,0x02,0xC2,0xFF,0x63,0xA9,
    0xFF,0x86,0x00,0x77,0xFF,0xBB,0x00,0x14,0xE9,0xFC,0x3A,0xAA,0xFF,0x6F,0x00,0x00,
    0xA5,0xFF,0x70,0x46,0xFF,0xCE,0x00,0x05,0xEF,0xFE,0x1D,0x01,0xDF,0xFF,0x2D,0x46,
    0xFF,0xC6,0x00,0x00,0x7E,0xFF,0x8C,0x97,0xFF,0x71,0x00,0x00,0x1C,0xFD,0xE7,0xE6,
    0xFE,0x1D,0x00,0x00,0x00,0xB6,0xFF,0xFF,0xC7,0x00,0x00,0x00,0x00,0x52,0xFF,0xFF,
    0x71,0x00,0x00,0x00,0x00,0x06,0xFB,0xFE,0x1D,0x00,0x00,0x00,0x00,0x4F,0xFF,0xB9,
    0x00,0x00,0x00,0x00,0xCC,0xFB,0xC7,0x1F,0x00,0x00,0x00,0x50,0xFF,0xFF,0xFF,0xFF,
    0xFF,0x68,0x00,0x00,0x00,0x67,0xFF,0xFF,0x60,0x00,0x00,0x3C,0xFA,0xFF,0xC3,0x05,
    0x00,0x1D,0xE9,0xFF,0xE2,0x16,0x00,0x08,0xCC,0xFF,0xF7,0x33,0x00,0x00,0x6C,0xFF,
    0xFF,0x5C,0x00,0x00,0x00,0x74,0xFF,0xFF,0xFF,0xFF,0xFF,0x68,0x00,0x00,0x00,0x27,
    0xC9,0xF8,0xFF,0x0C,0x00,0x00,0x00,0x00,0x99,0xFF,0x89,0x05,0x00,0x00,0x00,0x00,
    0x00,0xAC,0xFF,0x52,0x00,0x00,0x00,0x00,0x00,0x00,0xB2,0xFF,0x4D,0x00,0x00,0x00,
    0x00,0x00,0x22,0xE9,0xFF,0x2D,0x00,0x00,0x00,0x00,0x80,0xFF,0xFF,0xA7,0x00,0x00,
    0x00,0x00,0x00,0x00,0x2B,0xF2,0xFF,0x30,0x00,0x00,0x00,0x00,0x00,0x00,0xBA,0xFF,
    0x4E,0x00,0x00,0x00,0x00,0x00,0x00,0xAC,0xFF,0x52,0x00,0x00,0x00,0x00,0x00,0x00,
    0x98,0xFF,0x8A,0x05,0x00,0x00,0x00,0x00,0x00,0x27,0xC9,0xF8,0xFF,0x0C,0x00,0x00,
    0x78,0xDC,0x00,0x00,0x78,0xDC,0x00,0x00,0x78,0xDC,0x00,0x00,0x78,0xDC,0x00,0x00,
    0x78,0xDC,0x00,0x00,0x78,0xDC,0x00,0x00,0x78,0xDC,0x00,0x00,0x78,0xDC,0x00,0x00,
    0x78,0xDC,0x00,0x00,0x78,0xDC,0x00,0x00,0x78,0xDC,0x00,0x00,0x78,0xDC,0x00,0x00,
    0x80,0xFF,0xEA,0x86,0x00,0x00,0x00,0x00,0x00,0x00,0x19,0xEA,0xFF,0x24,0x00,0x00,
    0x00,0x00,0x00,0x00,0xC6,0xFF,0x38,0x00,0x00,0x00,0x00,0x00,0x00,0xC2,0xFF,0x3E,
    0x00,0x00,0x00,0x00,0x00,0x00,0xA1,0xFF,0x8D,0x07,0x00,0x00,0x00,0x00,0x00,0x2C,
    0xEF,0xFF,0xFF,0x0C,0x00,0x00,0x00,0x00,0xA4,0xFF,0x9D,0x0A,0x00,0x00,0x00,0x00,
    0x00,0xC2,0xFF,0x45,0x00,0x00,0x00,0x00,0x00,0x00,0xC6,0xFF,0x38,0x00,0x00,0x00,
    0x00,0x00,0x18,0xEA,0xFF,0x23,0x00,0x00,0x00,0x00,0x80,0xFF,0xEB,0x87,0x00,0x00,
    0x00,0x00,0x00,0x00,0x00,0x00,0x00,0x00,0x00,0x00,0x02,0x00,0x00,0x34,0xC1,0xF4,
    0xC3,0x54,0x0B,0x36,0x9C,0x00,0x00,0x7D,0x37,0x0C,0x4F,0xBE,0xF4,0xC5,0x3A,0x00,
    0x00,0x00,0x00,0x00,0x00,0x00,0x00,0x00,0x00,0x00,0x00,0x00,0x00,0x00,0x00,0x00,
    0x00,0x00,0x00,0x00,0x00,0x00,0x00,0x00,0x00,0x00,0x00,0x00,0x00,0x00,0x00,0x46,
    0xE3,0xE1,0x43,0x00,0x00,0xD9,0x3C,0x38,0xD8,0x00,0x00,0xDA,0x38,0x36,0xD9,0x00,
    0x00,0x49,0xE4,0xE1,0x46,0x00,0x00,0x00,0x00,0x00,0x00,0x00,0x00,0x00,0x00,0x00,
    0x00,0x00,0x00,0x00,0x00,0x00,0x00,0x00,0x00,0x00,0x00,0x00,0x00,0x00,0x00,0x00,
    0x00,0x00,0x00,0x00,0x00,0x00,0x1F,0xE9,0x7D,0x00,0x00,0x00,0x00,0x00,0x00,0x00,
    0x00,0x3B,0xED,0x1C,0x00,0x00,0x00,0x00,0x00,0x00,0x01,0xE0,0xFF,0xFF,0x29,0x00,
    0x00,0x00,0x00,0x00,0x3F,0xFF,0xFF,0xFF,0x86,0x00,0x00,0x00,0x00,0x00,0x9B,0xFF,
    0xCE,0xFF,0xE0,0x01,0x00,0x00,0x00,0x07,0xEF,0xFF,0x41,0xEE,0xFF,0x3F,0x00,0x00,
    0x00,0x53,0xFF,0xE9,0x02,0xA2,0xFF,0x9B,0x00,0x00,0x00,0xAF,0xFF,0x9C,0x00,0x51,
    0xFF,0xF0,0x07,0x00,0x11,0xF9,0xFF,0xFF,0xFF,0xFF,0xFF,0xFF,0x54,0x00,0x67,0xFF,
    0xBF,0x00,0x00,0x00,0x75,0xFF,0xB1,0x00,0xC2,0xFF,0x77,0x00,0x00,0x00,0x2C,0xFF,
    0xFA,0x13,0x00,0x00,0x00,0x00,0x7F,0xE9,0x1F,0x00,0x00,0x00,0x00,0x00,0x00,0x1C,
    0xEE,0x3A,0x00,0x00,0x00,0x00,0x00,0x00,0x01,0xE0,0xFF,0xFF,0x29,0x00,0x00,0x00,
    0x00,0x00,0x3F,0xFF,0xFF,0xFF,0x86,0x00,0x00,0x00,0x00,0x00,0x9B,0xFF,0xCE,0xFF,
    0xE0,0x01,0x00,0x00,0x00,0x07,0xEF,0xFF,0x41,0xEE,0xFF,0x3F,0x00,0x00,0x00,0x53,
    0xFF,0xE9,0x02,0xA2,0xFF,0x9B,0x00,0x00,0x00,0xAF,0xFF,0x9C,0x00,0x51,0xFF,0xF0,
    0x07,0x00,0x11,0xF9,0xFF,0xFF,0xFF,0xFF,0xFF,0xFF,0x54,0x00,0x67,0xFF,0xBF,0x00,
    0x00,0x00,0x75,0xFF,0xB1,0x00,0xC2,0xFF,0x77,0x00,0x00,0x00,0x2C,0xFF,0xFA,0x13,
    0x00,0x00,0x00,0x98,0xF4,0xD7,0x07,0x00,0x00,0x00,0x00,0x00,0x3E,0xDA,0x1C,0xAA,
    0x84,0x00,0x00,0x00,0x00,0x00,0x01,0xE0,0xFF,0xFF,0x29,0x00,0x00,0x00,0x00,0x00,
    0x3F,0xFF,0xFF,0xFF,0x86,0x00,0x00,0x00,0x00,0x00,0x9B,0xFF,0xCE,0xFF,0xE0,0x01,
    0x00,0x00,0x00,0x07,0xEF,0xFF,0x41,0xEE,0xFF,0x3F,0x00,0x00,0x00,0x53,0xFF,0xE9,
    0x02,0xA2,0xFF,0x9B,0x00,0x00,0x00,0xAF,0xFF,0x9C,0x00,0x51,0xFF,0xF0,0x07,0x00,
    0x11,0xF9,0xFF,0xFF,0xFF,0xFF,0xFF,0xFF,0x54,0x00,0x67,0xFF,0xBF,0x00,0x00,0x00,
    0x75,0xFF,0xB1,0x00,0xC2,0xFF,0x77,0x00,0x00,0x00,0x2C,0xFF,0xFA,0x13,0x00,0x00,
    0x18,0xE2,0xA3,0x4B,0xA3,0x00,0x00,0x00,0x00,0x00,0x5C,0x86,0x71,0xEF,0x4E,0x00,
    0x00,0x00,0x00,0x00,0x01,0xE0,0xFF,0xFF,0x29,0x00,0x00,0x00,0x00,0x00,0x3F,0xFF,
    0xFF,0xFF,0x86,0x00,0x00,0x00,0x00,0x00,0x9B,0xFF,0xCE,0xFF,0xE0,0x01,0x00,0x00,
    0x00,0x07,0xEF,0xFF,0x41,0xEE,0xFF,0x3F,0x00,0x00,0x00,0x53,0xFF,0xE9,0x02,0xA2,
    0xFF,0x9B,0x00,0x00,0x00,0xAF,0xFF,0x9C,0x00,0x51,0xFF,0xF0,0x07,0x00,0x11,0xF9,
    0xFF,0xFF,0xFF,0xFF,0xFF,0xFF,0x54,0x00,0x67,0xFF,0xBF,0x00,0x00,0x00,0x75,0xFF,
    0xB1,0x00,0xC2,0xFF,0x77,0x00,0x00,0x00,0x2C,0xFF,0xFA,0x13,0x00,0x00,0x7A,0xF3,
    0x19,0x00,0x00,0x00,0x00,0x00,0x00,0xA2,0xA1,0x00,0x00,0x00,0x00,0xE4,0xFF,0xFF,
    0xFF,0xFF,0xFF,0x30,0x00,0xE4,0xFF,0x5C,0x00,0x00,0x00,0x00,0x00,0xE4,0xFF,0x5C,
    0x00,0x00,0x00,0x00,0x00,0xE4,0xFF,0x5C,0x00,0x00,0x00,0x00,0x00,0xE4,0xFF,0xFF,
    0xFF,0xFF,0xF8,0x00,0x00,0xE4,0xFF,0x5C,0x00,0x00,0x00,0x00,0x00,0xE4,0xFF,0x5C,
    0x00,0x00,0x00,0x00,0x00,0xE4,0xFF,0x5C,0x00,0x00,0x00,0x00,0x00,0xE4,0xFF,0xFF,
    0xFF,0xFF,0xFF,0x50,0x00,0x00,0x00,0x0A,0xE3,0x98,0x00,0x00,0x00,0x00,0x00,0x82,
    0xBE,0x04,0x00,0x00,0x00,0xE4,0xFF,0xFF,0xFF,0xFF,0xFF,0x30,0x00,0xE4,0xFF,0x5C,
    0x00,0x00,0x00,0x00,0x00,0xE4,0xFF,0x5C,0x00,0x00,0x00,0x00,0x00,0xE4,0xFF,0x5C,
    0x00,0x00,0x00,0x00,0x00,0xE4,0xFF,0xFF,0xFF,0xFF,0xF8,0x00,0x00,0xE4,0xFF,0x5C,
    0x00,0x00,0x00,0x00,0x00,0xE4,0xFF,0x5C,0x00,0x00,0x00,0x00,0x00,0xE4,0xFF,0x5C,
    0x00,0x00,0x00,0x00,0x00,0xE4,0xFF,0xFF,0xFF,0xFF,0xFF,0x50,0x00,0x00,0x30,0xF8,
    0xF7,0x4A,0x00,0x00,0x00,0x03,0xCC,0x62,0x47,0xDC,0x0D,0x00,0x00,0xE4,0xFF,0xFF,
    0xFF,0xFF,0xFF,0x30,0x00,0xE4,0xFF,0x5C,0x00,0x00,0x00,0x00,0x00,0xE4,0xFF,0x5C,
    0x00,0x00,0x00,0x00,0x00,0xE4,0xFF,0x5C,0x00,0x00,0x00,0x00,0x00,0xE4,0xFF,0xFF,
    0xFF,0xFF,0xF8,0x00,0x00,0xE4,0xFF,0x5C,0x00,0x00,0x00,0x00,0x00,0xE4,0xFF,0x5C,
    0x00,0x00,0x00,0x00,0x00,0xE4,0xFF,0x5C,0x00,0x00,0x00,0x00,0x00,0xE4,0xFF,0xFF,
    0xFF,0xFF,0xFF,0x50,0x72,0xF6,0x1E,0x00,0x00,0x9B,0xA9,0x00,0x00,0xE4,0xFF,0x5C,
    0x00,0xE4,0xFF,0x5C,0x00,0xE4,0xFF,0x5C,0x00,0xE4,0xFF,0x5C,0x00,0xE4,0xFF,0x5C,
    0x00,0xE4,0xFF,0x5C,0x00,0xE4,0xFF,0x5C,0x00,0xE4,0xFF,0x5C,0x00,0xE4,0xFF,0x5C,
    0x00,0x07,0xDE,0xA0,0x00,0x00,0x7A,0xC4,0x06,0x00,0x00,0xE4,0xFF,0x5C,0x00,0x00,
    0xE4,0xFF,0x5C,0x00,0x00,0xE4,0xFF,0x5C,0x00,0x00,0xE4,0xFF,0x5C,0x00,0x00,0xE4,
    0xFF,0x5C,0x00,0x00,0xE4,0xFF,0x5C,0x00,0x00,0xE4,0xFF,0x5C,0x00,0x00,0xE4,0xFF,
    0x5C,0x00,0x00,0xE4,0xFF,0x5C,0x00,0x00,0x00,0x00,0x95,0xE5,0x0B,0x00,0x00,0x00,
    0x00,0x00,0x00,0x00,0x04,0xBB,0x85,0x00,0x00,0x00,0x00,0x00,0x00,0x52,0xC3,0xF3,
    0xF7,0xD1,0x6D,0x01,0x00,0x00,0x71,0xFF,0xD5,0x2A,0x1B,0xB4,0xFF,0x9D,0x00,0x12,
    0xF6,0xFF,0x47,0x00,0x00,0x1A,0xFC,0xFF,0x37,0x4F,0xFF,0xFF,0x08,0x00,0x00,0x00,
    0xD5,0xFF,0x7D,0x63,0xFF,0xF6,0x00,0x00,0x00,0x00,0xC2,0xFF,0x92,0x4F,0xFF,0xFF,
    0x08,0x00,0x00,0x00,0xD5,0xFF,0x7E,0x12,0xF6,0xFF,0x47,0x00,0x00,0x1A,0xFC,0xFF,
    0x37,0x00,0x74,0xFF,0xD5,0x29,0x1A,0xB4,0xFF,0xA0,0x00,0x00,0x00,0x55,0xC5,0xF4,
    0xF8,0xD2,0x70,0x02,0x00,0x00,0x00,0x00,0x00,0x18,0xF2,0x7C,0x00,0x00,0x00,0x00,
    0x00,0x00,0x00,0x9E,0xA6,0x00,0x00,0x00,0x00,0x00,0x00,0x52,0xC3,0xF3,0xF7,0xD1,
    0x6D,0x01,0x00,0x00,0x71,0xFF,0xD5,0x2A,0x1B,0xB4,0xFF,0x9D,0x00,0x12,0xF6,0xFF,
    0x47,0x00,0x00,0x1A,0xFC,0xFF,0x37,0x4F,0xFF,0xFF,0x08,0x00,0x00,0x00,0xD5,0xFF,
    0x7D,0x63,0xFF,0xF6,0x00,0x00,0x00,0x00,0xC2,0xFF,0x92,0x4F,0xFF,0xFF,0x08,0x00,
    0x00,0x00,0xD5,0xFF,0x7E,0x12,0xF6,0xFF,0x47,0x00,0x00,0x1A,0xFC,0xFF,0x37,0x00,
    0x74,0xFF,0xD5,0x29,0x1A,0xB4,0xFF,0xA0,0x00,0x00,0x00,0x55,0xC5,0xF4,0xF8,0xD2,
    0x70,0x02,0x00,0x00,0x00,0x00,0x47,0xF7,0xF8,0x32,0x00,0x00,0x00,0x00,0x00,0x0C,
    0xDB,0x4A,0x5F,0xCE,0x04,0x00,0x00,0x00,0x00,0x52,0xC3,0xF3,0xF7,0xD1,0x6D,0x01,
    0x00,0x00,0x71,0xFF,0xD5,0x2A,0x1B,0xB4,0xFF,0x9D,0x00,0x12,0xF6,0xFF,0x47,0x00,
    0x00,0x1A,0xFC,0xFF,0x37,0x4F,0xFF,0xFF,0x08,0x00,0x00,0x00,0xD5,0xFF,0x7D,0x63,
    0xFF,0xF6,0x00,0x00,0x00,0x00,0xC2,0xFF,0x92,0x4F,0xFF,0xFF,0x08,0x00,0x00,0x00,
    0xD5,0xFF,0x7E,0x12,0xF6,0xFF,0x47,0x00,0x00,0x1A,0xFC,0xFF,0x37,0x00,0x74,0xFF,
    0xD5,0x29,0x1A,0xB4,0xFF,0xA0,0x00,0x00,0x00,0x55,0xC5,0xF4,0xF8,0xD2,0x70,0x02,
    0x00,0x00,0x00,0x00,0x86,0xE2,0x3F,0xC9,0x1B,0x00,0x00,0x00,0x00,0x00,0xD9,0x2B,
    0xCD,0xBE,0x00,0x00,0x00,0x00,0x00,0x52,0xC3,0xF3,0xF7,0xD1,0x6D,0x01,0x00,0x00,
    0x71,0xFF,0xD5,0x2A,0x1B,0xB4,0xFF,0x9D,0x00,0x12,0xF6,0xFF,0x47,0x00,0x00,0x1A,
    0xFC,0xFF,0x37,0x4F,0xFF,0xFF,0x08,0x00,0x00,0x00,0xD5,0xFF,0x7D,0x63,0xFF,0xF6,
    0x00,0x00,0x00,0x00,0xC2,0xFF,0x92,0x4F,0xFF,0xFF,0x08,0x00,0x00,0x00,0xD5,0xFF,
    0x7E,0x12,0xF6,0xFF,0x47,0x00,0x00,0x1A,0xFC,0xFF,0x37,0x00,0x74,0xFF,0xD5,0x29,
    0x1A,0xB4,0xFF,0xA0,0x00,0x00,0x00,0x55,0xC5,0xF4,0xF8,0xD2,0x70,0x02,0x00,0x00,
    0x00,0x07,0xC6,0xB9,0x00,0x00,0x00,0x00,0x00,0x00,0x00,0x00,0x16,0xE0,0x4D,0x00,
    0x00,0x00,0x00,0x00,0xE4,0xFF,0x5C,0x00,0x00,0x9C,0xFF,0xA4,0x00,0x00,0xE4,0xFF,
    0x5C,0x00,0x00,0x9C,0xFF,0xA4,0x00,0x00,0xE4,0xFF,0x5C,0x00,0x00,0x9C,0xFF,0xA4,
    0x00,0x00,0xE4,0xFF,0x5C,0x00,0x00,0x9C,0xFF,0xA4,0x00,0x00,0xE4,0xFF,0x5C,0x00,
    0x00,0x9C,0xFF,0xA4,0x00,0x00,0xE3,0xFF,0x5C,0x00,0x00,0x9C,0xFF,0xA2,0x00,0x00,
    0xC6,0xFF,0x6C,0x00,0x00,0xAD,0xFF,0x85,0x00,0x00,0x71,0xFF,0xC6,0x14,0x2C,0xF0,
    0xFB,0x33,0x00,0x00,0x02,0x70,0xD4,0xF4,0xED,0xC3,0x48,0x00,0x00,0x00,0x00,0x00,
    0x00,0x42,0xFC,0x48,0x00,0x00,0x00,0x00,0x00,0x00,0x03,0xD2,0x6E,0x00,0x00,0x00,
    0x00,0x00,0xE4,0xFF,0x5C,0x00,0x00,0x9C,0xFF,0xA4,0x00,0x00,0xE4,0xFF,0x5C,0x00,
    0x00,0x9C,0xFF,0xA4,0x00,0x00,0xE4,0xFF,0x5C,0x00,0x00,0x9C,0xFF,0xA4,0x00,0x00,
    0xE4,0xFF,0x5C,0x00,0x00,0x9C,0xFF,0xA4,0x00,0x00,0xE4,0xFF,0x5C,0x00,0x00,0x9C,
    0xFF,0xA4,0x00,0x00,0xE3,0xFF,0x5C,0x00,0x00,0x9C,0xFF,0xA2,0x00,0x00,0xC6,0xFF,
    0x6C,0x00,0x00,0xAD,0xFF,0x85,0x00,0x00,0x71,0xFF,0xC6,0x14,0x2C,0xF0,0xFB,0x33,
    0x00,0x00,0x02,0x70,0xD4,0xF4,0xED,0xC3,0x48,0x00,0x00,0x00,0x00,0x00,0x00,0x01,
    0xC8,0xB8,0x03,0x00,0x00,0x00,0x00,0x00,0x00,0x5E,0xD7,0x0F,0x00,0x00,0x00,0x03,
    0xCA,0xFF,0xA7,0x00,0x00,0x10,0xE8,0xFF,0x7D,0x00,0x2E,0xFA,0xFF,0x47,0x00,0x98,
    0xFF,0xD3,0x05,0x00,0x00,0x85,0xFF,0xDD,0x43,0xFE,0xFD,0x37,0x00,0x00,0x00,0x07,
    0xD8,0xFF,0xF9,0xFF,0x8F,0x00,0x00,0x00,0x00,0x00,0x3D,0xFE,0xFF,0xE0,0x0B,0x00,
    0x00,0x00,0x00,0x00,0x00,0xCB,0xFF,0x7B,0x00,0x00,0x00,0x00,0x00,0x00,0x00,0xC8,
    0xFF,0x78,0x00,0x00,0x00,0x00,0x00,0x00,0x00,0xC8,0xFF,0x78,0x00,0x00,0x00,0x00,
    0x00,0x00,0x00,0xC8,0xFF,0x78,0x00,0x00,0x00,0x00,0x0F,0xC3,0xB2,0x02,0x00,0x00,
    0x00,0x00,0x00,0x09,0xB4,0x89,0x00,0x00,0x00,0x00,0x00,0x00,0x00,0x00,0x00,0x00,
    0x00,0x00,0xE8,0xFF,0xFF,0xE8,0xAD,0x1F,0x00,0x00,0x00,0x00,0x05,0x55,0xFF,0xC2,
    0x00,0x00,0x00,0x00,0x00,0x00,0xF7,0xFF,0x0B,0x03,0x8A,0xDF,0xF8,0xFF,0xFF,0xFF,
    0x25,0x5C,0xFF,0xCE,0x13,0x03,0xFA,0xFF,0x28,0x62,0xFF,0xC8,0x14,0x71,0xFF,0xFF,
    0x28,0x06,0xA2,0xF3,0xFF,0xFF,0xFF,0xFF,0x28,0x00,0x00,0x00,0x00,0x87,0xDE,0x23,
    0x00,0x00,0x00,0x00,0x5A,0xD3,0x1A,0x00,0x00,0x00,0x00,0x00,0x00,0x00,0x00,0x00,
    0x00,0x00,0xE8,0xFF,0xFF,0xE8,0xAD,0x1F,0x00,0x00,0x00,0x00,0x05,0x55,0xFF,0xC2,
    0x00,0x00,0x00,0x00,0x00,0x00,0xF7,0xFF,0x0B,0x03,0x8A,0xDF,0xF8,0xFF,0xFF,0xFF,
    0x25,0x5C,0xFF,0xCE,0x13,0x03,0xFA,0xFF,0x28,0x62,0xFF,0xC8,0x14,0x71,0xFF,0xFF,
    0x28,0x06,0xA2,0xF3,0xFF,0xFF,0xFF,0xFF,0x28,0x00,0x00,0x16,0xE4,0xF0,0x32,0x00,
    0x00,0x00,0x02,0xB9,0x6B,0x43,0xD4,0x0E,0x00,0x00,0x00,0x00,0x00,0x00,0x00,0x00,
    0x00,0x00,0xE8,0xFF,0xFF,0xE8,0xAD,0x1F,0x00,0x00,0x00,0x00,0x05,0x55,0xFF,0xC2,
    0x00,0x00,0x00,0x00,0x00,0x00,0xF7,0xFF,0x0B,0x03,0x8A,0xDF,0xF8,0xFF,0xFF,0xFF,
    0x25,0x5C,0xFF,0xCE,0x13,0x03,0xFA,0xFF,0x28,0x62,0xFF,0xC8,0x14,0x71,0xFF,0xFF,
    0x28,0x06,0xA2,0xF3,0xFF,0xFF,0xFF,0xFF,0x28,0x00,0x00,0x8A,0xE1,0x3C,0xC7,0x17,
    0x00,0x00,0x00,0xD2,0x2E,0xCD,0xB9,0x00,0x00,0x00,0x00,0x00,0x00,0x00,0x00,0x00,
    0x00,0x00,0xE8,0xFF,0xFF,0xE8,0xAD,0x1F,0x00,0x00,0x00,0x00,0x05,0x55,0xFF,0xC2,
    0x00,0x00,0x00,0x00,0x00,0x00,0xF7,0xFF,0x0B,0x03,0x8A,0xDF,0xF8,0xFF,0xFF,0xFF,
    0x25,0x5C,0xFF,0xCE,0x13,0x03,0xFA,0xFF,0x28,0x62,0xFF,0xC8,0x14,0x71,0xFF,0xFF,
    0x28,0x06,0xA2,0xF3,0xFF,0xFF,0xFF,0xFF,0x28,0x00,0x04,0xA2,0xD3,0x0D,0x00,0x00,
    0x00,0x00,0x00,0x01,0x90,0xB2,0x02,0x00,0x00,0x00,0x00,0x00,0x00,0x00,0x00,0x00,
    0x00,0x00,0x1D,0xA6,0xE5,0xEF,0xB6,0x26,0x00,0x08,0xD9,0xFD,0x45,0x26,0xEF,0xE6,
    0x0F,0x51,0xFF,0xC5,0x00,0x00,0xA7,0xFF,0x64,0x71,0xFF,0xFF,0xFF,0xFF,0xFF,0xFF,
    0x89,0x51,0xFF,0xC1,0x00,0x00,0x00,0x00,0x00,0x09,0xD9,0xFD,0x52,0x0B,0x32,0x9B,
    0x3B,0x00,0x1D,0xA4,0xE4,0xF3,0xC8,0x61,0x04,0x00,0x00,0x00,0x00,0x5A,0xEF,0x3D,
    0x00,0x00,0x00,0x00,0x36,0xE1,0x30,0x00,0x00,0x00,0x00,0x00,0x00,0x00,0x00,0x00,
    0x00,0x00,0x1D,0xA6,0xE5,0xEF,0xB6,0x26,0x00,0x08,0xD9,0xFD,0x45,0x26,0xEF,0xE6,
    0x0F,0x51,0xFF,0xC5,0x00,0x00,0xA7,0xFF,0x64,0x71,0xFF,0xFF,0xFF,0xFF,0xFF,0xFF,
    0x89,0x51,0xFF,0xC1,0x00,0x00,0x00,0x00,0x00,0x09,0xD9,0xFD,0x52,0x0B,0x32,0x9B,
    0x3B,0x00,0x1D,0xA4,0xE4,0xF3,0xC8,0x61,0x04,0x00,0x00,0x06,0xCA,0xF5,0x57,0x00,
    0x00,0x00,0x00,0x90,0x96,0x27,0xDA,0x25,0x00,0x00,0x00,0x00,0x00,0x00,0x00,0x00,
    0x00,0x00,0x1D,0xA6,0xE5,0xEF,0xB6,0x26,0x00,0x08,0xD9,0xFD,0x45,0x26,0xEF,0xE6,
    0x0F,0x51,0xFF,0xC5,0x00,0x00,0xA7,0xFF,0x64,0x71,0xFF,0xFF,0xFF,0xFF,0xFF,0xFF,
    0x89,0x51,0xFF,0xC1,0x00,0x00,0x00,0x00,0x00,0x09,0xD9,0xFD,0x52,0x0B,0x32,0x9B,
    0x3B,0x00,0x1D,0xA4,0xE4,0xF3,0xC8,0x61,0x04,0x07,0xAF,0xC9,0x08,0x00,0x00,0x03,
    0x9E,0xA4,0x00,0x00,0x00,0x00,0x00,0x00,0x00,0x00,0xFC,0xFF,0x1C,0x00,0x00,0xFC,
    0xFF,0x1C,0x00,0x00,0xFC,0xFF,0x1C,0x00,0x00,0xFC,0xFF,0x1C,0x00,0x00,0xFC,0xFF,
    0x1C,0x00,0x00,0xFC,0xFF,0x1C,0x00,0x00,0xFC,0xFF,0x1C,0x00,0x00,0x6A,0xEA,0x32,
    0x00,0x42,0xDD,0x27,0x00,0x00,0x00,0x00,0x00,0x00,0x00,0xFC,0xFF,0x1C,0x00,0x00,
    0xFC,0xFF,0x1C,0x00,0x00,0xFC,0xFF,0x1C,0x00,0x00,0xFC,0xFF,0x1C,0x00,0x00,0xFC,
    0xFF,0x1C,0x00,0x00,0xFC,0xFF,0x1C,0x00,0x00,0xFC,0xFF,0x1C,0x00,0x00,0x04,0xA2,
    0xD3,0x0D,0x00,0x00,0x00,0x00,0x00,0x01,0x90,0xB2,0x02,0x00,0x00,0x00,0x00,0x00,
    0x00,0x00,0x00,0x00,0x00,0x00,0x1E,0xA8,0xE6,0xF0,0xC1,0x3C,0x00,0x09,0xDC,0xFE,
    0x46,0x21,0xE6,0xF9,0x2B,0x52,0xFF,0xCF,0x00,0x00,0x91,0xFF,0x92,0x72,0xFF,0xB9,
    0x00,0x00,0x7A,0xFF,0xB1,0x52,0xFF,0xCF,0x00,0x00,0x91,0xFF,0x92,0x0A,0xDD,0xFE,
    0x46,0x21,0xE6,0xFA,0x2C,0x00,0x20,0xAA,0xE7,0xF1,0xC3,0x3F,0x00,0x00,0x00,0x00,
    0x00,0x5A,0xEF,0x3D,0x00,0x00,0x00,0x00,0x36,0xE1,0x30,0x00,0x00,0x00,0x00,0x00,
    0x00,0x00,0x00,0x00,0x00,0x00,0x1E,0xA8,0xE6,0xF0,0xC1,0x3C,0x00,0x09,0xDC,0xFE,
    0x46,0x21,0xE6,0xF9,0x2B,0x52,0xFF,0xCF,0x00,0x00,0x91,0xFF,0x92,0x72,0xFF,0xB9,
    0x00,0x00,0x7A,0xFF,0xB1,0x52,0xFF,0xCF,0x00,0x00,0x91,0xFF,0x92,0x0A,0xDD,0xFE,
    0x46,0x21,0xE6,0xFA,0x2C,0x00,0x20,0xAA,0xE7,0xF1,0xC3,0x3F,0x00,0x00,0x00,0x12,
    0xE1,0xF1,0x38,0x00,0x00,0x00,0x01,0xB3,0x73,0x3E,0xD6,0x12,0x00,0x00,0x00,0x00,
    0x00,0x00,0x00,0x00,0x00,0x00,0x1E,0xA8,0xE6,0xF0,0xC1,0x3C,0x00,0x09,0xDC,0xFE,
    0x46,0x21,0xE6,0xF9,0x2B,0x52,0xFF,0xCF,0x00,0x00,0x91,0xFF,0x92,0x72,0xFF,0xB9,
    0x00,0x00,0x7A,0xFF,0xB1,0x52,0xFF,0xCF,0x00,0x00,0x91,0xFF,0x92,0x0A,0xDD,0xFE,
    0x46,0x21,0xE6,0xFA,0x2C,0x00,0x20,0xAA,0xE7,0xF1,0xC3,0x3F,0x00,0x00,0x00,0x86,
    0xE2,0x3E,0xC3,0x1B,0x00,0x00,0x00,0xD1,0x2D,0xCB,0xBD,0x00,0x00,0x00,0x00,0x00,
    0x00,0x00,0x00,0x00,0x00,0x00,0x1E,0xA8,0xE6,0xF0,0xC1,0x3C,0x00,0x09,0xDC,0xFE,
    0x46,0x21,0xE6,0xF9,0x2B,0x52,0xFF,0xCF,0x00,0x00,0x91,0xFF,0x92,0x72,0xFF,0xB9,
    0x00,0x00,0x7A,0xFF,0xB1,0x52,0xFF,0xCF,0x00,0x00,0x91,0xFF,0x92,0x0A,0xDD,0xFE,
    0x46,0x21,0xE6,0xFA,0x2C,0x00,0x20,0xAA,0xE7,0xF1,0xC3,0x3F,0x00,0x00,0x00,0x7E,
    0xE9,0x1F,0x00,0x00,0x00,0x00,0x00,0x00,0x00,0x6C,0xCF,0x0C,0x00,0x00,0x00,0x00,
    0x00,0x00,0x00,0x00,0x00,0x00,0x00,0x00,0x10,0xFF,0xFF,0x0B,0x00,0x90,0xFF,0x88,
    0x00,0x10,0xFF,0xFF,0x0A,0x00,0x90,0xFF,0x88,0x00,0x10,0xFF,0xFF,0x08,0x00,0x90,
    0xFF,0x88,0x00,0x10,0xFF,0xFF,0x08,0x00,0x90,0xFF,0x88,0x00,0x0E,0xFF,0xFF,0x0C,
    0x00,0xA5,0xFF,0x88,0x00,0x00,0xEA,0xFF,0x51,0x2B,0xEF,0xFF,0x88,0x00,0x00,0x4F,
    0xDF,0xFE,0xFF,0xFF,0xFF,0x88,0x00,0x00,0x00,0x00,0x00,0x39,0xF3,0x5A,0x00,0x00,
    0x00,0x00,0x00,0x1D,0xDF,0x4B,0x00,0x00,0x00,0x00,0x00,0x00,0x00,0x00,0x00,0x00,
    0x00,0x00,0x10,0xFF,0xFF,0x0B,0x00,0x90,0xFF,0x88,0x00,0x10,0xFF,0xFF,0x0A,0x00,
    0x90,0xFF,0x88,0x00,0x10,0xFF,0xFF,0x08,0x00,0x90,0xFF,0x88,0x00,0x10,0xFF,0xFF,
    0x08,0x00,0x90,0xFF,0x88,0x00,0x0E,0xFF,0xFF,0x0C,0x00,0xA5,0xFF,0x88,0x00,0x00,
    0xEA,0xFF,0x51,0x2B,0xEF,0xFF,0x88,0x00,0x00,0x4F,0xDF,0xFE,0xFF,0xFF,0xFF,0x88,
    0x00,0x00,0x00,0x00,0x01,0xB0,0xC5,0x10,0x00,0x00,0x00,0x00,0x86,0xB7,0x0A,0x00,
    0x00,0x00,0x00,0x00,0x00,0x00,0x00,0x00,0x00,0xAA,0xFF,0x6F,0x00,0x00,0xA5,0xFF,
    0x70,0x46,0xFF,0xCE,0x00,0x05,0xEF,0xFE,0x1D,0x01,0xDF,0xFF,0x2D,0x46,0xFF,0xC6,
    0x00,0x00,0x7E,0xFF,0x8C,0x97,0xFF,0x71,0x00,0x00,0x1C,0xFD,0xE7,0xE6,0xFE,0x1D,
    0x00,0x00,0x00,0xB6,0xFF,0xFF,0xC7,0x00,0x00,0x00,0x00,0x52,0xFF,0xFF,0x71,0x00,
    0x00,0x00,0x00,0x06,0xFB,0xFE,0x1D,0x00,0x00,0x00,0x00,0x4F,0xFF,0xB9,0x00,0x00,
    0x00,0x00,0xCC,0xFB,0xC7,0x1F,0x00,0x00,0x00,0x00,0x00,0x40,0xBF,0x15,0x8C,0x7F,
    0x00,0x00,0x00,0x00,0x00,0x02,0xA4,0xF5,0xC9,0x18,0x00,0x00,0x00,0x00,0x00,0x01,
    0xE0,0xFF,0xFF,0x29,0x00,0x00,0x00,0x00,0x00,0x3F,0xFF,0xFF,0xFF,0x86,0x00,0x00,
    0x00,0x00,0x00,0x9B,0xFF,0xCE,0xFF,0xE0,0x01,0x00,0x00,0x00,0x07,0xEF,0xFF,0x41,
    0xEE,0xFF,0x3F,0x00,0x00,0x00,0x53,0xFF,0xE9,0x02,0xA2,0xFF,0x9B,0x00,0x00,0x00,
    0xAF,0xFF,0x9C,0x00,0x51,0xFF,0xF0,0x07,0x00,0x11,0xF9,0xFF,0xFF,0xFF,0xFF,0xFF,
    0xFF,0x54,0x00,0x67,0xFF,0xBF,0x00,0x00,0x00,0x75,0xFF,0xB1,0x00,0xC2,0xFF,0x77,
    0x00,0x00,0x00,0x2C,0xFF,0xFA,0x13,0x00,0x00,0x98,0x74,0x18,0xD4,0x27,0x00,0x00,
    0x00,0x25,0xD2,0xF4,0x91,0x00,0x00,0x00,0xE8,0xFF,0xFF,0xE8,0xAD,0x1F,0x00,0x00,
    0x00,0x00,0x05,0x55,0xFF,0xC2,0x00,0x00,0x00,0x00,0x00,0x00,0xF7,0xFF,0x0B,0x03,
    0x8A,0xDF,0xF8,0xFF,0xFF,0xFF,0x25,0x5C,0xFF,0xCE,0x13,0x03,0xFA,0xFF,0x28,0x62,
    0xFF,0xC8,0x14,0x71,0xFF,0xFF,0x28,0x06,0xA2,0xF3,0xFF,0xFF,0xFF,0xFF,0x28,0x00,
    0xC8,0xFF,0xFF,0xF9,0xE5,0xB2,0x41,0x00,0x00,0x00,0xC8,0xFF,0x78,0x0C,0x4C,0xE7,
    0xFE,0x65,0x00,0x00,0xC8,0xFF,0x78,0x00,0x00,0x51,0xFF,0xF5,0x13,0x00,0xC8,0xFF,
    0x78,0x00,0x00,0x05,0xFD,0xFF,0x57,0xD0,0xFF,0xFF,0xFF,0xD8,0x00,0x00,0xEC,0xFF,
    0x6E,0x00,0xC8,0xFF,0x78,0x00,0x00,0x05,0xFD,0xFF,0x57,0x00,0xC8,0xFF,0x78,0x00,
    0x00,0x53,0xFF,0xF5,0x13,0x00,0xC8,0xFF,0x78,0x0C,0x4C,0xE7,0xFE,0x65,0x00,0x00,
    0xC8,0xFF,0xFF,0xF7,0xE4,0xB3,0x42,0x00,0x00,0x00,0x00,0x00,0x00,0x00,0x88,0xFF,
    0x94,0x00,0x00,0x00,0x00,0x70,0xFF,0xFF,0xFF,0xFF,0x7C,0x00,0x00,0x00,0x00,0x00,
    0x88,0xFF,0x94,0x00,0x00,0x32,0xCD,0xFD,0xFF,0xFF,0xFF,0x94,0x00,0x0A,0xE7,0xFE,
    0x44,0x28,0xEE,0xFF,0x94,0x00,0x50,0xFF,0xD2,0x00,0x00,0xA3,0xFF,0x94,0x00,0x6B,
    0xFF,0xBD,0x00,0x00,0x8D,0xFF,0x94,0x00,0x50,0xFF,0xD2,0x00,0x00,0xA3,0xFF,0x94,
    0x00,0x0A,0xE8,0xFE,0x44,0x27,0xEE,0xFF,0x94,0x00,0x00,0x34,0xCE,0xFD,0xFF,0xFF,
    0xFF,0x94,0x00,0x69,0xEA,0x54,0xAA,0x3B,0xC4,0x33,0xBB,0xD5,0x08,0x00,0xE4,0xFF,
    0x5C,0x00,0x00,0xE4,0xFF,0x5C,0x00,0x00,0xE4,0xFF,0x5C,0x00,0x00,0xE4,0xFF,0x5C,
    0x00,0x00,0xE4,0xFF,0x5C,0x00,0x00,0xE4,0xFF,0x5C,0x00,0x00,0xE4,0xFF,0x5C,0x00,
    0x00,0xE4,0xFF,0x5C,0x00,0x00,0xE4,0xFF,0x5C,0x00,0x92,0xDE,0x38,0xCE,0x0F,0xD4,
    0x30,0xD1,0xB1,0x00,0x00,0x00,0x00,0x00,0x00,0x00,0xFC,0xFF,0x1C,0x00,0x00,0xFC,
    0xFF,0x1C,0x00,0x00,0xFC,0xFF,0x1C,0x00,0x00,0xFC,0xFF,0x1C,0x00,0x00,0xFC,0xFF,
    0x1C,0x00,0x00,0xFC,0xFF,0x1C,0x00,0x00,0xFC,0xFF,0x1C,0x00,0x00,0x00,0x00,0xBF,
    0xC9,0x29,0xD9,0x00,0x00,0x00,0x00,0x00,0x20,0xC0,0x46,0xE6,0x84,0x00,0x00,0x00,
    0x00,0xE4,0xFF,0x5C,0x00,0x00,0x9C,0xFF,0xA4,0x00,0x00,0xE4,0xFF,0x5C,0x00,0x00,
    0x9C,0xFF,0xA4,0x00,0x00,0xE4,0xFF,0x5C,0x00,0x00,0x9C,0xFF,0xA4,0x00,0x00,0xE4,
    0xFF,0x5C,0x00,0x00,0x9C,0xFF,0xA4,0x00,0x00,0xE4,0xFF,0x5C,0x00,0x00,0x9C,0xFF,
    0xA4,0x00,0x00,0xE3,0xFF,0x5C,0x00,0x00,0x9C,0xFF,0xA2,0x00,0x00,0xC6,0xFF,0x6C,
    0x00,0x00,0xAD,0xFF,0x85,0x00,0x00,0x71,0xFF,0xC6,0x14,0x2C,0xF0,0xFB,0x33,0x00,
    0x00,0x02,0x70,0xD4,0xF4,0xED,0xC3,0x48,0x00,0x00,0x00,0x00,0x3F,0xEE,0x77,0x78,
    0x69,0x00,0x00,0x00,0x00,0x8E,0x56,0x98,0xE8,0x21,0x00,0x00,0x00,0x00,0x00,0x00,
    0x00,0x00,0x00,0x00,0x00,0x10,0xFF,0xFF,0x0B,0x00,0x90,0xFF,0x88,0x00,0x10,0xFF,
    0xFF,0x0A,0x00,0x90,0xFF,0x88,0x00,0x10,0xFF,0xFF,0x08,0x00,0x90,0xFF,0x88,0x00,
    0x10,0xFF,0xFF,0x08,0x00,0x90,0xFF,0x88,0x00,0x0E,0xFF,0xFF,0x0C,0x00,0xA5,0xFF,
    0x88,0x00,0x00,0xEA,0xFF,0x51,0x2B,0xEF,0xFF,0x88,0x00,0x00,0x4F,0xDF,0xFE,0xFF,
    0xFF,0xFF,0x88,0x00,0x00,0x00,0x00,0x00,0x00,0x00,0x00,0x00,0x00,0x3D,0x0A,0x00,
    0x00,0x4D,0xC1,0xF2,0xF7,0xD3,0x78,0x0A,0xAC,0x35,0x00,0x69,0xFF,0xDA,0x2D,0x19,
    0xAE,0xFF,0xFF,0xF2,0x1A,0x0D,0xF2,0xFF,0x4F,0x00,0x00,0x14,0xF9,0xFF,0x58,0x00,
    0x47,0xFF,0xFF,0x10,0x00,0x00,0x00,0xCD,0xFF,0x85,0x00,0x5B,0xFF,0xFD,0x00,0x00,
    0x00,0x00,0xBA,0xFF,0x9A,0x00,0x47,0xFF,0xFF,0x10,0x00,0x00,0x00,0xCD,0xFF,0x86,
    0x00,0x0E,0xF3,0xFF,0x4F,0x00,0x00,0x14,0xF9,0xFF,0x3F,0x00,0x00,0x6C,0xFF,0xD9,
    0x2D,0x19,0xAE,0xFF,0xA8,0x00,0x00,0x00,0x00,0x50,0xC3,0xF3,0xF8,0xD4,0x74,0x03,
    0x00,0x00,0x00,0x00,0x00,0x00,0x00,0x00,0x00,0x28,0x1F,0x00,0x1A,0xA3,0xE4,0xF1,
    0xC5,0x52,0x68,0x79,0x05,0xD3,0xFF,0x50,0x1D,0xDF,0xFF,0xFF,0x58,0x46,0xFF,0xDB,
    0x00,0x00,0x85,0xFF,0xBF,0x00,0x66,0xFF,0xC5,0x00,0x00,0x6E,0xFF,0xBD,0x00,0x46,
    0xFF,0xDB,0x00,0x00,0x85,0xFF,0x9E,0x00,0x06,0xD5,0xFF,0x50,0x1C,0xDF,0xFD,0x36,
    0x00,0x00,0x1C,0xA5,0xE5,0xF2,0xC7,0x46,0x00,0x00,0x00,0x00,0x00,0x00,0x00,0x00,
    0x00,0x00,0x00,0x47,0x00,0xE4,0xFF,0x5C,0x00,0x00,0x9C,0xFF,0xA4,0xE1,0x00,0xE4,
    0xFF,0x5C,0x00,0x00,0x9C,0xFF,0xFF,0xD8,0x00,0xE4,0xFF,0x5C,0x00,0x00,0x9C,0xFF,
    0xB7,0x0F,0x00,0xE4,0xFF,0x5C,0x00,0x00,0x9C,0xFF,0xA4,0x00,0x00,0xE4,0xFF,0x5C,
    0x00,0x00,0x9C,0xFF,0xA4,0x00,0x00,0xE3,0xFF,0x5C,0x00,0x00,0x9C,0xFF,0xA2,0x00,
    0x00,0xC6,0xFF,0x6C,0x00,0x00,0xAD,0xFF,0x85,0x00,0x00,0x71,0xFF,0xC6,0x14,0x2C,
    0xF0,0xFB,0x33,0x00,0x00,0x02,0x70,0xD4,0xF4,0xED,0xC3,0x48,0x00,0x00,0x00,0x00,
    0x00,0x00,0x00,0x00,0x00,0x10,0x37,0x18,0xFF,0xFF,0x03,0x00,0x98,0xFF,0x9C,0xC5,
    0x18,0xFF,0xFF,0x02,0x00,0x98,0xFF,0xFF,0xA4,0x18,0xFF,0xFF,0x00,0x00,0x98,0xFF,
    0x9C,0x07,0x18,0xFF,0xFF,0x00,0x00,0x98,0xFF,0x80,0x00,0x16,0xFF,0xFF,0x04,0x00,
    0xAD,0xFF,0x80,0x00,0x01,0xF0,0xFF,0x49,0x2F,0xF3,0xFF,0x80,0x00,0x00,0x54,0xE1,
    0xFF,0xFF,0xFF,0xFF,0x80,0x00,0x00,0x00,0x01,0xE0,0xFF,0xFF,0x29,0x00,0x00,0x00,
    0x00,0x00,0x3F,0xFF,0xFF,0xFF,0x86,0x00,0x00,0x00,0x00,0x00,0x9B,0xFF,0xCE,0xFF,
    0xE0,0x01,0x00,0x00,0x00,0x07,0xEF,0xFF,0x41,0xEE,0xFF,0x3F,0x00,0x00,0x00,0x53,
    0xFF,0xE9,0x02,0xA2,0xFF,0x9B,0x00,0x00,0x00,0xAF,0xFF,0x9C,0x00,0x51,0xFF,0xF0,
    0x07,0x00,0x11,0xF9,0xFF,0xFF,0xFF,0xFF,0xFF,0xFF,0x54,0x00,0x67,0xFF,0xBF,0x00,
    0x00,0x00,0x75,0xFF,0xB1,0x00,0xC2,0xFF,0x77,0x00,0x00,0x00,0x2C,0xFF,0xFA,0x13,
    0x00,0x00,0x00,0x0A,0x28,0x21,0x00,0x00,0x00,0x00,0x00,0x00,0x00,0x40,0xFF,0xD8,
    0x00,0x00,0x00,0x00,0x00,0x00,0x00,0x23,0x8C,0x76,0x00,0x00,0x00,0x00,0x00,0xE8,
    0xFF,0xFF,0xE8,0xAD,0x1F,0x00,0x00,0x00,0x00,0x05,0x55,0xFF,0xC2,0x00,0x00,0x00,
    0x00,0x00,0x00,0xF7,0xFF,0x0B,0x03,0x8A,0xDF,0xF8,0xFF,0xFF,0xFF,0x25,0x5C,0xFF,
    0xCE,0x13,0x03,0xFA,0xFF,0x28,0x62,0xFF,0xC8,0x14,0x71,0xFF,0xFF,0x28,0x06,0xA2,
    0xF3,0xFF,0xFF,0xFF,0xFF,0x28,0x00,0x00,0x0B,0x28,0x20,0x00,0x00,0x00,0x00,0x00,
    0x48,0xFF,0xD0,0x00,0x00,0x00,0x00,0x00,0x27,0x8C,0x71,0x00,0x00,0x00,0x00,0x00,
    0x00,0x02,0x18,0x05,0x00,0x00,0x00,0x00,0x00,0x00,0x00,0x7F,0x85,0xD0,0x10,0x00,
    0x00,0x00,0x00,0x00,0x00,0x00,0x40,0xD3,0x0B,0x00,0x00,0x00,0x00,0x00,0x00,0x00,
    0x77,0x23,0x00,0x00,0x00,0x00,0x00,0x00,0x01,0xE0,0xFF,0xFF,0x29,0x00,0x00,0x00,
    0x00,0x00,0x3F,0xFF,0xFF,0xFF,0x86,0x00,0x00,0x00,0x00,0x00,0x9B,0xFF,0xCE,0xFF,
    0xE0,0x01,0x00,0x00,0x00,0x07,0xEF,0xFF,0x41,0xEE,0xFF,0x3F,0x00,0x00,0x00,0x53,
    0xFF,0xE9,0x02,0xA2,0xFF,0x9B,0x00,0x00,0x00,0xAF,0xFF,0x9C,0x00,0x51,0xFF,0xF0,
    0x07,0x00,0x11,0xF9,0xFF,0xFF,0xFF,0xFF,0xFF,0xFF,0x54,0x00,0x67,0xFF,0xBF,0x00,
    0x00,0x00,0x75,0xFF,0xB1,0x00,0xC2,0xFF,0x77,0x00,0x00,0x00,0x2C,0xFF,0xFA,0x13,
    0x00,0x00,0x00,0x0F,0x11,0x00,0x00,0x00,0x00,0x00,0x37,0x8D,0xB1,0x6F,0x00,0x00,
    0x00,0x00,0x00,0x07,0xB4,0x62,0x00,0x00,0x00,0x00,0x00,0x2E,0x6C,0x00,0x00,0x00,
    0x00,0xE8,0xFF,0xFF,0xE8,0xAD,0x1F,0x00,0x00,0x00,0x00,0x05,0x55,0xFF,0xC2,0x00,
    0x00,0x00,0x00,0x00,0x00,0xF7,0xFF,0x0B,0x03,0x8A,0xDF,0xF8,0xFF,0xFF,0xFF,0x25,
    0x5C,0xFF,0xCE,0x13,0x03,0xFA,0xFF,0x28,0x62,0xFF,0xC8,0x14,0x71,0xFF,0xFF,0x28,
    0x06,0xA2,0xF3,0xFF,0xFF,0xFF,0xFF,0x28,0x00,0x00,0x00,0x00,0x00,0x00,0x3B,0xFD,
    0x4E,0x00,0x00,0x00,0x00,0x00,0x00,0x01,0xCC,0x76,0x00,0x00,0x00,0x00,0x00,0x90,
    0xF4,0xDC,0x09,0x00,0x00,0x00,0x00,0x00,0x37,0xDD,0x1F,0xA3,0x8C,0x00,0x00,0x00,
    0x00,0x00,0x01,0xE0,0xFF,0xFF,0x29,0x00,0x00,0x00,0x00,0x00,0x3F,0xFF,0xFF,0xFF,
    0x86,0x00,0x00,0x00,0x00,0x00,0x9B,0xFF,0xCE,0xFF,0xE0,0x01,0x00,0x00,0x00,0x07,
    0xEF,0xFF,0x41,0xEE,0xFF,0x3F,0x00,0x00,0x00,0x53,0xFF,0xE9,0x02,0xA2,0xFF,0x9B,
    0x00,0x00,0x00,0xAF,0xFF,0x9C,0x00,0x51,0xFF,0xF0,0x07,0x00,0x11,0xF9,0xFF,0xFF,
    0xFF,0xFF,0xFF,0xFF,0x54,0x00,0x67,0xFF,0xBF,0x00,0x00,0x00,0x75,0xFF,0xB1,0x00,
    0xC2,0xFF,0x77,0x00,0x00,0x00,0x2C,0xFF,0xFA,0x13,0x00,0x00,0x00,0x00,0x00,0x24,
    0xF9,0x68,0x00,0x00,0x00,0x00,0x00,0xB2,0x92,0x00,0x00,0x00,0x74,0xF4,0xEC,0x15,
    0x00,0x00,0x00,0x23,0xE3,0x2C,0x89,0xA8,0x00,0x00,0x00,0xE8,0xFF,0xFF,0xE8,0xAD,
    0x1F,0x00,0x00,0x00,0x00,0x05,0x55,0xFF,0xC2,0x00,0x00,0x00,0x00,0x00,0x00,0xF7,
    0xFF,0x0B,0x03,0x8A,0xDF,0xF8,0xFF,0xFF,0xFF,0x25,0x5C,0xFF,0xCE,0x13,0x03,0xFA,
    0xFF,0x28,0x62,0xFF,0xC8,0x14,0x71,0xFF,0xFF,0x28,0x06,0xA2,0xF3,0xFF,0xFF,0xFF,
    0xFF,0x28,0x00,0x00,0x00,0x00,0x00,0xA5,0xDB,0x06,0x00,0x00,0x00,0x00,0x00,0x00,
    0x00,0x08,0xC7,0x75,0x00,0x00,0x00,0x00,0x00,0xB3,0xF4,0xC0,0x01,0x00,0x00,0x00,
    0x00,0x00,0x59,0xCB,0x17,0xC0,0x68,0x00,0x00,0x00,0x00,0x00,0x01,0xE0,0xFF,0xFF,
    0x29,0x00,0x00,0x00,0x00,0x00,0x3F,0xFF,0xFF,0xFF,0x86,0x00,0x00,0x00,0x00,0x00,
    0x9B,0xFF,0xCE,0xFF,0xE0,0x01,0x00,0x00,0x00,0x07,0xEF,0xFF,0x41,0xEE,0xFF,0x3F,
    0x00,0x00,0x00,0x53,0xFF,0xE9,0x02,0xA2,0xFF,0x9B,0x00,0x00,0x00,0xAF,0xFF,0x9C,
    0x00,0x51,0xFF,0xF0,0x07,0x00,0x11,0xF9,0xFF,0xFF,0xFF,0xFF,0xFF,0xFF,0x54,0x00,
    0x67,0xFF,0xBF,0x00,0x00,0x00,0x75,0xFF,0xB1,0x00,0xC2,0xFF,0x77,0x00,0x00,0x00,
    0x2C,0xFF,0xFA,0x13,0x00,0x00,0x00,0x00,0x42,0xFB,0x49,0x00,0x00,0x00,0x00,0x00,
    0x00,0x67,0xD8,0x05,0x00,0x00,0x4B,0xF6,0xF8,0x2F,0x00,0x00,0x00,0x0D,0xDC,0x47,
    0x62,0xCB,0x03,0x00,0x00,0xE8,0xFF,0xFF,0xE8,0xAD,0x1F,0x00,0x00,0x00,0x00,0x05,
    0x55,0xFF,0xC2,0x00,0x00,0x00,0x00,0x00,0x00,0xF7,0xFF,0x0B,0x03,0x8A,0xDF,0xF8,
    0xFF,0xFF,0xFF,0x25,0x5C,0xFF,0xCE,0x13,0x03,0xFA,0xFF,0x28,0x62,0xFF,0xC8,0x14,
    0x71,0xFF,0xFF,0x28,0x06,0xA2,0xF3,0xFF,0xFF,0xFF,0xFF,0x28,0x00,0x00,0x00,0x00,
    0x00,0x00,0x0C,0x14,0x00,0x00,0x00,0x00,0x00,0x00,0x00,0x25,0x91,0xA4,0x8A,0x00,
    0x00,0x00,0x00,0x00,0x00,0x00,0x02,0x9E,0x7E,0x00,0x00,0x00,0x00,0x8C,0xF4,0xDE,
    0x28,0x7D,0x00,0x00,0x00,0x00,0x34,0xDF,0x20,0xA0,0x90,0x00,0x00,0x00,0x00,0x00,
    0x01,0xE0,0xFF,0xFF,0x29,0x00,0x00,0x00,0x00,0x00,0x3F,0xFF,0xFF,0xFF,0x86,0x00,
    0x00,0x00,0x00,0x00,0x9B,0xFF,0xCE,0xFF,0xE0,0x01,0x00,0x00,0x00,0x07,0xEF,0xFF,
    0x41,0xEE,0xFF,0x3F,0x00,0x00,0x00,0x53,0xFF,0xE9,0x02,0xA2,0xFF,0x9B,0x00,0x00,
    0x00,0xAF,0xFF,0x9C,0x00,0x51,0xFF,0xF0,0x07,0x00,0x11,0xF9,0xFF,0xFF,0xFF,0xFF,
    0xFF,0xFF,0x54,0x00,0x67,0xFF,0xBF,0x00,0x00,0x00,0x75,0xFF,0xB1,0x00,0xC2,0xFF,
    0x77,0x00,0x00,0x00,0x2C,0xFF,0xFA,0x13,0x00,0x00,0x00,0x00,0x00,0x05,0x19,0x02,
    0x00,0x00,0x00,0x00,0x00,0x00,0x90,0x87,0xCB,0x01,0x00,0x00,0x00,0x00,0x00,0x00,
    0x58,0xC6,0x00,0x00,0x00,0x40,0xF8,0xF8,0x38,0x8B,0x0F,0x00,0x00,0x09,0xD7,0x51,
    0x58,0xD3,0x06,0x00,0x00,0x00,0xE8,0xFF,0xFF,0xE8,0xAD,0x1F,0x00,0x00,0x00,0x00,
    0x00,0x05,0x55,0xFF,0xC2,0x00,0x00,0x00,0x00,0x00,0x00,0x00,0xF7,0xFF,0x0B,0x00,
    0x03,0x8A,0xDF,0xF8,0xFF,0xFF,0xFF,0x25,0x00,0x5C,0xFF,0xCE,0x13,0x03,0xFA,0xFF,
    0x28,0x00,0x62,0xFF,0xC8,0x14,0x71,0xFF,0xFF,0x28,0x00,0x06,0xA2,0xF3,0xFF,0xFF,
    0xFF,0xFF,0x28,0x00,0x00,0x00,0x27,0xE9,0x92,0x5F,0x8B,0x00,0x00,0x00,0x00,0x00,
    0x74,0x71,0x83,0xEF,0x3A,0x00,0x00,0x00,0x00,0x00,0x00,0xAF,0xF4,0xC4,0x01,0x00,
    0x00,0x00,0x00,0x00,0x55,0xCE,0x17,0xBD,0x6C,0x00,0x00,0x00,0x00,0x00,0x01,0xE0,
    0xFF,0xFF,0x29,0x00,0x00,0x00,0x00,0x00,0x3F,0xFF,0xFF,0xFF,0x86,0x00,0x00,0x00,
    0x00,0x00,0x9B,0xFF,0xCE,0xFF,0xE0,0x01,0x00,0x00,0x00,0x07,0xEF,0xFF,0x41,0xEE,
    0xFF,0x3F,0x00,0x00,0x00,0x53,0xFF,0xE9,0x02,0xA2,0xFF,0x9B,0x00,0x00,0x00,0xAF,
    0xFF,0x9C,0x00,0x51,0xFF,0xF0,0x07,0x00,0x11,0xF9,0xFF,0xFF,0xFF,0xFF,0xFF,0xFF,
    0x54,0x00,0x67,0xFF,0xBF,0x00,0x00,0x00,0x75,0xFF,0xB1,0x00,0xC2,0xFF,0x77,0x00,
    0x00,0x00,0x2C,0xFF,0xFA,0x13,0x00,0x00,0x99,0xDC,0x35,0xDA,0x08,0x00,0x00,0x00,
    0xDC,0x31,0xD7,0xAA,0x00,0x00,0x00,0x00,0x36,0xF8,0xF7,0x43,0x00,0x00,0x00,0x05,
    0xD1,0x5B,0x4E,0xD9,0x0A,0x00,0x00,0xE8,0xFF,0xFF,0xE8,0xAD,0x1F,0x00,0x00,0x00,
    0x00,0x05,0x55,0xFF,0xC2,0x00,0x00,0x00,0x00,0x00,0x00,0xF7,0xFF,0x0B,0x03,0x8A,
    0xDF,0xF8,0xFF,0xFF,0xFF,0x25,0x5C,0xFF,0xCE,0x13,0x03,0xFA,0xFF,0x28,0x62,0xFF,
    0xC8,0x14,0x71,0xFF,0xFF,0x28,0x06,0xA2,0xF3,0xFF,0xFF,0xFF,0xFF,0x28,0x00,0x00,
    0x00,0x98,0xF4,0xD7,0x07,0x00,0x00,0x00,0x00,0x00,0x3E,0xDA,0x1C,0xAA,0x84,0x00,
    0x00,0x00,0x00,0x00,0x01,0xE0,0xFF,0xFF,0x29,0x00,0x00,0x00,0x00,0x00,0x3F,0xFF,
    0xFF,0xFF,0x86,0x00,0x00,0x00,0x00,0x00,0x9B,0xFF,0xCE,0xFF,0xE0,0x01,0x00,0x00,
    0x00,0x07,0xEF,0xFF,0x41,0xEE,0xFF,0x3F,0x00,0x00,0x00,0x53,0xFF,0xE9,0x02,0xA2,
    0xFF,0x9B,0x00,0x00,0x00,0xAF,0xFF,0x9C,0x00,0x51,0xFF,0xF0,0x07,0x00,0x11,0xF9,
    0xFF,0xFF,0xFF,0xFF,0xFF,0xFF,0x54,0x00,0x67,0xFF,0xBF,0x00,0x00,0x00,0x75,0xFF,
    0xB1,0x00,0xC2,0xFF,0x77,0x00,0x00,0x00,0x2C,0xFF,0xFA,0x13,0x00,0x00,0x00,0x10,
    0x28,0x1A,0x00,0x00,0x00,0x00,0x00,0x00,0x00,0x6C,0xFF,0xAC,0x00,0x00,0x00,0x00,
    0x00,0x00,0x00,0x3B,0x8C,0x5E,0x00,0x00,0x00,0x00,0x00,0x00,0x16,0xE4,0xF0,0x32,
    0x00,0x00,0x00,0x02,0xB9,0x6B,0x43,0xD4,0x0E,0x00,0x00,0x00,0x00,0x00,0x00,0x00,
    0x00,0x00,0x00,0xE8,0xFF,0xFF,0xE8,0xAD,0x1F,0x00,0x00,0x00,0x00,0x05,0x55,0xFF,
    0xC2,0x00,0x00,0x00,0x00,0x00,0x00,0xF7,0xFF,0x0B,0x03,0x8A,0xDF,0xF8,0xFF,0xFF,
    0xFF,0x25,0x5C,0xFF,0xCE,0x13,0x03,0xFA,0xFF,0x28,0x62,0xFF,0xC8,0x14,0x71,0xFF,
    0xFF,0x28,0x06,0xA2,0xF3,0xFF,0xFF,0xFF,0xFF,0x28,0x00,0x00,0x0D,0x28,0x1E,0x00,
    0x00,0x00,0x00,0x00,0x58,0xFF,0xC0,0x00,0x00,0x00,0x00,0x00,0x30,0x8C,0x69,0x00,
    0x00,0x00,0x00,0x00,0x00,0x00,0x11,0xEC,0x88,0x00,0x00,0x00,0x00,0x00,0x00,0x00,
    0x92,0xB0,0x02,0x00,0x00,0x00,0x00,0x00,0x1B,0xDD,0x1B,0x75,0x99,0x00,0x00,0x00,
    0x00,0x00,0x00,0x83,0xF3,0xD4,0x25,0x00,0x00,0x00,0x00,0x00,0x01,0xE0,0xFF,0xFF,
    0x29,0x00,0x00,0x00,0x00,0x00,0x3F,0xFF,0xFF,0xFF,0x86,0x00,0x00,0x00,0x00,0x00,
    0x9B,0xFF,0xCE,0xFF,0xE0,0x01,0x00,0x00,0x00,0x07,0xEF,0xFF,0x41,0xEE,0xFF,0x3F,
    0x00,0x00,0x00,0x53,0xFF,0xE9,0x02,0xA2,0xFF,0x9B,0x00,0x00,0x00,0xAF,0xFF,0x9C,
    0x00,0x51,0xFF,0xF0,0x07,0x00,0x11,0xF9,0xFF,0xFF,0xFF,0xFF,0xFF,0xFF,0x54,0x00,
    0x67,0xFF,0xBF,0x00,0x00,0x00,0x75,0xFF,0xB1,0x00,0xC2,0xFF,0x77,0x00,0x00,0x00,
    0x2C,0xFF,0xFA,0x13,0x00,0x00,0x00,0x0C,0xE6,0x94,0x00,0x00,0x00,0x00,0x00,0x86,
    0xBB,0x04,0x00,0x00,0x00,0x11,0xE3,0x1F,0x6A,0xA5,0x00,0x00,0x00,0x00,0x79,0xF2,
    0xD8,0x2C,0x00,0x00,0x00,0xE8,0xFF,0xFF,0xE8,0xAD,0x1F,0x00,0x00,0x00,0x00,0x05,
    0x55,0xFF,0xC2,0x00,0x00,0x00,0x00,0x00,0x00,0xF7,0xFF,0x0B,0x03,0x8A,0xDF,0xF8,
    0xFF,0xFF,0xFF,0x25,0x5C,0xFF,0xCE,0x13,0x03,0xFA,0xFF,0x28,0x62,0xFF,0xC8,0x14,
    0x71,0xFF,0xFF,0x28,0x06,0xA2,0xF3,0xFF,0xFF,0xFF,0xFF,0x28,0x00,0x00,0x17,0xE1,
    0x8D,0x00,0x00,0x00,0x00,0x00,0x00,0x00,0x00,0x2F,0xEE,0x27,0x00,0x00,0x00,0x00,
    0x00,0x00,0x1B,0xDD,0x1B,0x75,0x99,0x00,0x00,0x00,0x00,0x00,0x00,0x83,0xF3,0xD4,
    0x25,0x00,0x00,0x00,0x00,0x00,0x01,0xE0,0xFF,0xFF,0x29,0x00,0x00,0x00,0x00,0x00,
    0x3F,0xFF,0xFF,0xFF,0x86,0x00,0x00,0x00,0x00,0x00,0x9B,0xFF,0xCE,0xFF,0xE0,0x01,
    0x00,0x00,0x00,0x07,0xEF,0xFF,0x41,0xEE,0xFF,0x3F,0x00,0x00,0x00,0x53,0xFF,0xE9,
    0x02,0xA2,0xFF,0x9B,0x00,0x00,0x00,0xAF,0xFF,0x9C,0x00,0x51,0xFF,0xF0,0x07,0x00,
    0x11,0xF9,0xFF,0xFF,0xFF,0xFF,0xFF,0xFF,0x54,0x00,0x67,0xFF,0xBF,0x00,0x00,0x00,
    0x75,0xFF,0xB1,0x00,0xC2,0xFF,0x77,0x00,0x00,0x00,0x2C,0xFF,0xFA,0x13,0x00,0x0F,
    0xD6,0xA1,0x00,0x00,0x00,0x00,0x00,0x00,0x23,0xEA,0x37,0x00,0x00,0x00,0x00,0x0B,
    0xE5,0x22,0x62,0xAD,0x00,0x00,0x00,0x00,0x72,0xF1,0xDB,0x31,0x00,0x00,0x00,0xE8,
    0xFF,0xFF,0xE8,0xAD,0x1F,0x00,0x00,0x00,0x00,0x05,0x55,0xFF,0xC2,0x00,0x00,0x00,
    0x00,0x00,0x00,0xF7,0xFF,0x0B,0x03,0x8A,0xDF,0xF8,0xFF,0xFF,0xFF,0x25,0x5C,0xFF,
    0xCE,0x13,0x03,0xFA,0xFF,0x28,0x62,0xFF,0xC8,0x14,0x71,0xFF,0xFF,0x28,0x06,0xA2,
    0xF3,0xFF,0xFF,0xFF,0xFF,0x28,0x00,0x00,0x00,0x02,0x19,0x05,0x00,0x00,0x00,0x00,
    0x00,0x00,0x00,0x7B,0x85,0xD0,0x15,0x00,0x00,0x00,0x00,0x00,0x00,0x00,0x3B,0xD4,
    0x0F,0x00,0x00,0x00,0x00,0x00,0x2A,0xD2,0x8C,0xAB,0x89,0x00,0x00,0x00,0x00,0x00,
    0x00,0x91,0xF4,0xCE,0x1C,0x00,0x00,0x00,0x00,0x00,0x01,0xE0,0xFF,0xFF,0x29,0x00,
    0x00,0x00,0x00,0x00,0x3F,0xFF,0xFF,0xFF,0x86,0x00,0x00,0x00,0x00,0x00,0x9B,0xFF,
    0xCE,0xFF,0xE0,0x01,0x00,0x00,0x00,0x07,0xEF,0xFF,0x41,0xEE,0xFF,0x3F,0x00,0x00,
    0x00,0x53,0xFF,0xE9,0x02,0xA2,0xFF,0x9B,0x00,0x00,0x00,0xAF,0xFF,0x9C,0x00,0x51,
    0xFF,0xF0,0x07,0x00,0x11,0xF9,0xFF,0xFF,0xFF,0xFF,0xFF,0xFF,0x54,0x00,0x67,0xFF,
    0xBF,0x00,0x00,0x00,0x75,0xFF,0xB1,0x00,0xC2,0xFF,0x77,0x00,0x00,0x00,0x2C,0xFF,
    0xFA,0x13,0x00,0x00,0x00,0x16,0x09,0x00,0x00,0x00,0x00,0x00,0x62,0x86,0xC9,0x34,
    0x00,0x00,0x00,0x00,0x00,0x21,0xD3,0x2A,0x00,0x00,0x00,0x07,0xE6,0x7D,0x9E,0xB5,
    0x00,0x00,0x00,0x00,0x6B,0xEF,0xDE,0x36,0x00,0x00,0x00,0xE8,0xFF,0xFF,0xE8,0xAD,
    0x1F,0x00,0x00,0x00,0x00,0x05,0x55,0xFF,0xC2,0x00,0x00,0x00,0x00,0x00,0x00,0xF7,
    0xFF,0x0B,0x03,0x8A,0xDF,0xF8,0xFF,0xFF,0xFF,0x25,0x5C,0xFF,0xCE,0x13,0x03,0xFA,
    0xFF,0x28,0x62,0xFF,0xC8,0x14,0x71,0xFF,0xFF,0x28,0x06,0xA2,0xF3,0xFF,0xFF,0xFF,
    0xFF,0x28,0x00,0x00,0x09,0xD6,0xB6,0x37,0xBF,0x00,0x00,0x00,0x00,0x00,0x40,0xA0,
    0x5C,0xED,0x66,0x00,0x00,0x00,0x00,0x00,0x1B,0xDD,0x1B,0x75,0x99,0x00,0x00,0x00,
    0x00,0x00,0x00,0x83,0xF3,0xD4,0x25,0x00,0x00,0x00,0x00,0x00,0x01,0xE0,0xFF,0xFF,
    0x29,0x00,0x00,0x00,0x00,0x00,0x3F,0xFF,0xFF,0xFF,0x86,0x00,0x00,0x00,0x00,0x00,
    0x9B,0xFF,0xCE,0xFF,0xE0,0x01,0x00,0x00,0x00,0x07,0xEF,0xFF,0x41,0xEE,0xFF,0x3F,
    0x00,0x00,0x00,0x53,0xFF,0xE9,0x02,0xA2,0xFF,0x9B,0x00,0x00,0x00,0xAF,0xFF,0x9C,
    0x00,0x51,0xFF,0xF0,0x07,0x00,0x11,0xF9,0xFF,0xFF,0xFF,0xFF,0xFF,0xFF,0x54,0x00,
    0x67,0xFF,0xBF,0x00,0x00,0x00,0x75,0xFF,0xB1,0x00,0xC2,0xFF,0x77,0x00,0x00,0x00,
    0x2C,0xFF,0xFA,0x13,0x00,0x00,0xB4,0xCF,0x2B,0xDD,0x00,0x00,0x00,0x14,0xCB,0x3F,
    0xE2,0x8F,0x00,0x00,0x00,0x01,0xE3,0x2D,0x4B,0xC5,0x00,0x00,0x00,0x00,0x5E,0xED,
    0xE3,0x41,0x00,0x00,0x00,0xE8,0xFF,0xFF,0xE8,0xAD,0x1F,0x00,0x00,0x00,0x00,0x05,
    0x55,0xFF,0xC2,0x00,0x00,0x00,0x00,0x00,0x00,0xF7,0xFF,0x0B,0x03,0x8A,0xDF,0xF8,
    0xFF,0xFF,0xFF,0x25,0x5C,0xFF,0xCE,0x13,0x03,0xFA,0xFF,0x28,0x62,0xFF,0xC8,0x14,
    0x71,0xFF,0xFF,0x28,0x06,0xA2,0xF3,0xFF,0xFF,0xFF,0xFF,0x28,0x00,0x00,0x40,0xBF,
    0x15,0x8C,0x7F,0x00,0x00,0x00,0x00,0x00,0x02,0xA4,0xF5,0xC9,0x18,0x00,0x00,0x00,
    0x00,0x00,0x01,0xE0,0xFF,0xFF,0x29,0x00,0x00,0x00,0x00,0x00,0x3F,0xFF,0xFF,0xFF,
    0x86,0x00,0x00,0x00,0x00,0x00,0x9B,0xFF,0xCE,0xFF,0xE0,0x01,0x00,0x00,0x00,0x07,
    0xEF,0xFF,0x41,0xEE,0xFF,0x3F,0x00,0x00,0x00,0x53,0xFF,0xE9,0x02,0xA2,0xFF,0x9B,
    0x00,0x00,0x00,0xAF,0xFF,0x9C,0x00,0x51,0xFF,0xF0,0x07,0x00,0x11,0xF9,0xFF,0xFF,
    0xFF,0xFF,0xFF,0xFF,0x54,0x00,0x67,0xFF,0xBF,0x00,0x00,0x00,0x75,0xFF,0xB1,0x00,
    0xC2,0xFF,0x77,0x00,0x00,0x00,0x2C,0xFF,0xFA,0x13,0x00,0x00,0x00,0x10,0x28,0x1A,
    0x00,0x00,0x00,0x00,0x00,0x00,0x00,0x6C,0xFF,0xAC,0x00,0x00,0x00,0x00,0x00,0x00,
    0x00,0x3B,0x8C,0x5E,0x00,0x00,0x00,0x00,0x00,0x00,0x98,0x74,0x18,0xD4,0x27,0x00,
    0x00,0x00,0x25,0xD2,0xF4,0x91,0x00,0x00,0x00,0xE8,0xFF,0xFF,0xE8,0xAD,0x1F,0x00,
    0x00,0x00,0x00,0x05,0x55,0xFF,0xC2,0x00,0x00,0x00,0x00,0x00,0x00,0xF7,0xFF,0x0B,
    0x03,0x8A,0xDF,0xF8,0xFF,0xFF,0xFF,0x25,0x5C,0xFF,0xCE,0x13,0x03,0xFA,0xFF,0x28,
    0x62,0xFF,0xC8,0x14,0x71,0xFF,0xFF,0x28,0x06,0xA2,0xF3,0xFF,0xFF,0xFF,0xFF,0x28,
    0x00,0x00,0x12,0x28,0x19,0x00,0x00,0x00,0x00,0x00,0x74,0xFF,0xA4,0x00,0x00,0x00,
    0x00,0x00,0x3F,0x8C,0x59,0x00,0x00,0x00,0x00,0xE4,0xFF,0xFF,0xFF,0xFF,0xFF,0x30,
    0x00,0xE4,0xFF,0x5C,0x00,0x00,0x00,0x00,0x00,0xE4,0xFF,0x5C,0x00,0x00,0x00,0x00,
    0x00,0xE4,0xFF,0x5C,0x00,0x00,0x00,0x00,0x00,0xE4,0xFF,0xFF,0xFF,0xFF,0xF8,0x00,
    0x00,0xE4,0xFF,0x5C,0x00,0x00,0x00,0x00,0x00,0xE4,0xFF,0x5C,0x00,0x00,0x00,0x00,
    0x00,0xE4,0xFF,0x5C,0x00,0x00,0x00,0x00,0x00,0xE4,0xFF,0xFF,0xFF,0xFF,0xFF,0x50,
    0x00,0x00,0x00,0x28,0x28,0x03,0x00,0x00,0x00,0x00,0x00,0xFF,0xFF,0x18,0x00,0x00,
    0x00,0x00,0x00,0x8C,0x8C,0x0D,0x00,0x00,0x00,0x1D,0xA6,0xE5,0xEF,0xB6,0x26,0x00,
    0x08,0xD9,0xFD,0x45,0x26,0xEF,0xE6,0x0F,0x51,0xFF,0xC5,0x00,0x00,0xA7,0xFF,0x64,
    0x71,0xFF,0xFF,0xFF,0xFF,0xFF,0xFF,0x89,0x51,0xFF,0xC1,0x00,0x00,0x00,0x00,0x00,
    0x09,0xD9,0xFD,0x52,0x0B,0x32,0x9B,0x3B,0x00,0x1D,0xA4,0xE4,0xF3,0xC8,0x61,0x04,
    0x00,0x00,0x00,0x1F,0x28,0x0B,0x00,0x00,0x00,0x00,0x00,0xCC,0xFF,0x4C,0x00,0x00,
    0x00,0x00,0x00,0x6F,0x8C,0x29,0x00,0x00,0x00,0x00,0x00,0x10,0x0F,0x00,0x00,0x00,
    0x00,0x00,0x3F,0x8B,0xB6,0x64,0x00,0x00,0x00,0x00,0x00,0x0A,0xBC,0x57,0x00,0x00,
    0x00,0x00,0x00,0x35,0x64,0x00,0x00,0x00,0x00,0xE4,0xFF,0xFF,0xFF,0xFF,0xFF,0x30,
    0x00,0xE4,0xFF,0x5C,0x00,0x00,0x00,0x00,0x00,0xE4,0xFF,0x5C,0x00,0x00,0x00,0x00,
    0x00,0xE4,0xFF,0x5C,0x00,0x00,0x00,0x00,0x00,0xE4,0xFF,0xFF,0xFF,0xFF,0xF8,0x00,
    0x00,0xE4,0xFF,0x5C,0x00,0x00,0x00,0x00,0x00,0xE4,0xFF,0x5C,0x00,0x00,0x00,0x00,
    0x00,0xE4,0xFF,0x5C,0x00,0x00,0x00,0x00,0x00,0xE4,0xFF,0xFF,0xFF,0xFF,0xFF,0x50,
    0x00,0x00,0x00,0x0A,0x16,0x00,0x00,0x00,0x00,0x00,0x1B,0x94,0x9C,0x9A,0x00,0x00,
    0x00,0x00,0x00,0x00,0x90,0x8E,0x00,0x00,0x00,0x00,0x00,0x13,0x85,0x01,0x00,0x00,
    0x00,0x1D,0xA6,0xE5,0xEF,0xB6,0x26,0x00,0x08,0xD9,0xFD,0x45,0x26,0xEF,0xE6,0x0F,
    0x51,0xFF,0xC5,0x00,0x00,0xA7,0xFF,0x64,0x71,0xFF,0xFF,0xFF,0xFF,0xFF,0xFF,0x89,
    0x51,0xFF,0xC1,0x00,0x00,0x00,0x00,0x00,0x09,0xD9,0xFD,0x52,0x0B,0x32,0x9B,0x3B,
    0x00,0x1D,0xA4,0xE4,0xF3,0xC8,0x61,0x04,0x00,0x00,0x95,0xDD,0x37,0xD7,0x0B,0x00,
    0x00,0x00,0xDC,0x30,0xD5,0xAE,0x00,0x00,0x00,0xE4,0xFF,0xFF,0xFF,0xFF,0xFF,0x30,
    0x00,0xE4,0xFF,0x5C,0x00,0x00,0x00,0x00,0x00,0xE4,0xFF,0x5C,0x00,0x00,0x00,0x00,
    0x00,0xE4,0xFF,0x5C,0x00,0x00,0x00,0x00,0x00,0xE4,0xFF,0xFF,0xFF,0xFF,0xF8,0x00,
    0x00,0xE4,0xFF,0x5C,0x00,0x00,0x00,0x00,0x00,0xE4,0xFF,0x5C,0x00,0x00,0x00,0x00,
    0x00,0xE4,0xFF,0x5C,0x00,0x00,0x00,0x00,0x00,0xE4,0xFF,0xFF,0xFF,0xFF,0xFF,0x50,
    0x00,0x00,0x92,0xDE,0x38,0xCE,0x0F,0x00,0x00,0x00,0xD4,0x30,0xD1,0xB1,0x00,0x00,
    0x00,0x00,0x00,0x00,0x00,0x00,0x00,0x00,0x00,0x1D,0xA6,0xE5,0xEF,0xB6,0x26,0x00,
    0x08,0xD9,0xFD,0x45,0x26,0xEF,0xE6,0x0F,0x51,0xFF,0xC5,0x00,0x00,0xA7,0xFF,0x64,
    0x71,0xFF,0xFF,0xFF,0xFF,0xFF,0xFF,0x89,0x51,0xFF,0xC1,0x00,0x00,0x00,0x00,0x00,
    0x09,0xD9,0xFD,0x52,0x0B,0x32,0x9B,0x3B,0x00,0x1D,0xA4,0xE4,0xF3,0xC8,0x61,0x04,
    0x00,0x00,0x00,0x00,0x00,0x00,0xBE,0xC2,0x06,0x00,0x00,0x00,0x00,0x00,0x52,0xDE,
    0x14,0x00,0x00,0x00,0x1F,0xF3,0xF4,0x62,0x00,0x00,0x00,0x00,0x00,0xB8,0x79,0x36,
    0xE2,0x19,0x00,0x00,0x00,0xE4,0xFF,0xFF,0xFF,0xFF,0xFF,0x30,0x00,0x00,0xE4,0xFF,
    0x5C,0x00,0x00,0x00,0x00,0x00,0x00,0xE4,0xFF,0x5C,0x00,0x00,0x00,0x00,0x00,0x00,
    0xE4,0xFF,0x5C,0x00,0x00,0x00,0x00,0x00,0x00,0xE4,0xFF,0xFF,0xFF,0xFF,0xF8,0x00,
    0x00,0x00,0xE4,0xFF,0x5C,0x00,0x00,0x00,0x00,0x00,0x00,0xE4,0xFF,0x5C,0x00,0x00,
    0x00,0x00,0x00,0x00,0xE4,0xFF,0x5C,0x00,0x00,0x00,0x00,0x00,0x00,0xE4,0xFF,0xFF,
    0xFF,0xFF,0xFF,0x50,0x00,0x00,0x00,0x00,0x00,0x00,0x00,0xB3,0xCB,0x09,0x00,0x00,
    0x00,0x00,0x00,0x46,0xE4,0x1A,0x00,0x00,0x00,0x18,0xEE,0xF4,0x6E,0x00,0x00,0x00,
    0x00,0x00,0xAD,0x85,0x2F,0xE2,0x20,0x00,0x00,0x00,0x1D,0xA6,0xE5,0xEF,0xB6,0x26,
    0x00,0x00,0x08,0xD9,0xFD,0x45,0x26,0xEF,0xE6,0x0F,0x00,0x51,0xFF,0xC5,0x00,0x00,
    0xA7,0xFF,0x64,0x00,0x71,0xFF,0xFF,0xFF,0xFF,0xFF,0xFF,0x89,0x00,0x51,0xFF,0xC1,
    0x00,0x00,0x00,0x00,0x00,0x00,0x09,0xD9,0xFD,0x52,0x0B,0x32,0x9B,0x3B,0x00,0x00,
    0x1D,0xA4,0xE4,0xF3,0xC8,0x61,0x04,0x00,0x00,0x00,0x00,0x00,0x15,0xDF,0x91,0x00,
    0x00,0x00,0x00,0x00,0x00,0x2D,0xEE,0x2A,0x00,0x00,0x16,0xEC,0xF4,0x72,0x00,0x00,
    0x00,0x00,0xA9,0x89,0x2C,0xE2,0x23,0x00,0x00,0xE4,0xFF,0xFF,0xFF,0xFF,0xFF,0x30,
    0x00,0xE4,0xFF,0x5C,0x00,0x00,0x00,0x00,0x00,0xE4,0xFF,0x5C,0x00,0x00,0x00,0x00,
    0x00,0xE4,0xFF,0x5C,0x00,0x00,0x00,0x00,0x00,0xE4,0xFF,0xFF,0xFF,0xFF,0xF8,0x00,
    0x00,0xE4,0xFF,0x5C,0x00,0x00,0x00,0x00,0x00,0xE4,0xFF,0x5C,0x00,0x00,0x00,0x00,
    0x00,0xE4,0xFF,0x5C,0x00,0x00,0x00,0x00,0x00,0xE4,0xFF,0xFF,0xFF,0xFF,0xFF,0x50,
    0x00,0x00,0x00,0x00,0x42,0xFB,0x49,0x00,0x00,0x00,0x00,0x00,0x00,0x67,0xD8,0x05,
    0x00,0x00,0x4B,0xF6,0xF8,0x2F,0x00,0x00,0x00,0x0D,0xDC,0x47,0x62,0xCB,0x03,0x00,
    0x00,0x1D,0xA6,0xE5,0xEF,0xB6,0x26,0x00,0x08,0xD9,0xFD,0x45,0x26,0xEF,0xE6,0x0F,
    0x51,0xFF,0xC5,0x00,0x00,0xA7,0xFF,0x64,0x71,0xFF,0xFF,0xFF,0xFF,0xFF,0xFF,0x89,
    0x51,0xFF,0xC1,0x00,0x00,0x00,0x00,0x00,0x09,0xD9,0xFD,0x52,0x0B,0x32,0x9B,0x3B,
    0x00,0x1D,0xA4,0xE4,0xF3,0xC8,0x61,0x04,0x00,0x00,0x00,0x00,0x00,0x01,0x18,0x05,
    0x00,0x00,0x00,0x00,0x00,0x00,0x79,0x85,0xD0,0x17,0x00,0x00,0x00,0x00,0x00,0x00,
    0x38,0xD4,0x11,0x00,0x00,0x1F,0xF3,0xF4,0x62,0x70,0x2A,0x00,0x00,0x00,0xB8,0x79,
    0x36,0xE2,0x19,0x00,0x00,0x00,0xE4,0xFF,0xFF,0xFF,0xFF,0xFF,0x30,0x00,0x00,0xE4,
    0xFF,0x5C,0x00,0x00,0x00,0x00,0x00,0x00,0xE4,0xFF,0x5C,0x00,0x00,0x00,0x00,0x00,
    0x00,0xE4,0xFF,0x5C,0x00,0x00,0x00,0x00,0x00,0x00,0xE4,0xFF,0xFF,0xFF,0xFF,0xF8,
    0x00,0x00,0x00,0xE4,0xFF,0x5C,0x00,0x00,0x00,0x00,0x00,0x00,0xE4,0xFF,0x5C,0x00,
    0x00,0x00,0x00,0x00,0x00,0xE4,0xFF,0x5C,0x00,0x00,0x00,0x00,0x00,0x00,0xE4,0xFF,
    0xFF,0xFF,0xFF,0xFF,0x50,0x00,0x00,0x00,0x00,0x00,0x00,0x03,0x18,0x04,0x00,0x00,
    0x00,0x00,0x00,0x00,0x81,0x85,0xD0,0x0E,0x00,0x00,0x00,0x00,0x00,0x00,0x43,0xD2,
    0x09,0x00,0x00,0x2A,0xF7,0xF6,0x52,0x7A,0x20,0x00,0x00,0x02,0xC6,0x69,0x42,0xDE,
    0x11,0x00,0x00,0x00,0x1D,0xA6,0xE5,0xEF,0xB6,0x26,0x00,0x00,0x08,0xD9,0xFD,0x45,
    0x26,0xEF,0xE6,0x0F,0x00,0x51,0xFF,0xC5,0x00,0x00,0xA7,0xFF,0x64,0x00,0x71,0xFF,
    0xFF,0xFF,0xFF,0xFF,0xFF,0x89,0x00,0x51,0xFF,0xC1,0x00,0x00,0x00,0x00,0x00,0x00,
    0x09,0xD9,0xFD,0x52,0x0B,0x32,0x9B,0x3B,0x00,0x00,0x1D,0xA4,0xE4,0xF3,0xC8,0x61,
    0x04,0x00,0x00,0x00,0xA1,0xD9,0x32,0xDE,0x03,0x00,0x00,0x03,0xDA,0x34,0xDA,0xA3,
    0x00,0x00,0x00,0x00,0x3C,0xF8,0xF8,0x3C,0x00,0x00,0x00,0x08,0xD5,0x54,0x54,0xD5,
    0x08,0x00,0x00,0xE4,0xFF,0xFF,0xFF,0xFF,0xFF,0x30,0x00,0xE4,0xFF,0x5C,0x00,0x00,
    0x00,0x00,0x00,0xE4,0xFF,0x5C,0x00,0x00,0x00,0x00,0x00,0xE4,0xFF,0x5C,0x00,0x00,
    0x00,0x00,0x00,0xE4,0xFF,0xFF,0xFF,0xFF,0xF8,0x00,0x00,0xE4,0xFF,0x5C,0x00,0x00,
    0x00,0x00,0x00,0xE4,0xFF,0x5C,0x00,0x00,0x00,0x00,0x00,0xE4,0xFF,0x5C,0x00,0x00,
    0x00,0x00,0x00,0xE4,0xFF,0xFF,0xFF,0xFF,0xFF,0x50,0x00,0x00,0x99,0xDC,0x35,0xDA,
    0x08,0x00,0x00,0x00,0xDC,0x31,0xD7,0xAA,0x00,0x00,0x00,0x00,0x36,0xF8,0xF7,0x43,
    0x00,0x00,0x00,0x05,0xD1,0x5B,0x4E,0xD9,0x0A,0x00,0x00,0x1D,0xA6,0xE5,0xEF,0xB6,
    0x26,0x00,0x08,0xD9,0xFD,0x45,0x26,0xEF,0xE6,0x0F,0x51,0xFF,0xC5,0x00,0x00,0xA7,
    0xFF,0x64,0x71,0xFF,0xFF,0xFF,0xFF,0xFF,0xFF,0x89,0x51,0xFF,0xC1,0x00,0x00,0x00,
    0x00,0x00,0x09,0xD9,0xFD,0x52,0x0B,0x32,0x9B,0x3B,0x00,0x1D,0xA4,0xE4,0xF3,0xC8,
    0x61,0x04,0x00,0x00,0x30,0xF8,0xF7,0x4A,0x00,0x00,0x00,0x03,0xCC,0x62,0x47,0xDC,
    0x0D,0x00,0x00,0xE4,0xFF,0xFF,0xFF,0xFF,0xFF,0x30,0x00,0xE4,0xFF,0x5C,0x00,0x00,
    0x00,0x00,0x00,0xE4,0xFF,0x5C,0x00,0x00,0x00,0x00,0x00,0xE4,0xFF,0x5C,0x00,0x00,
    0x00,0x00,0x00,0xE4,0xFF,0xFF,0xFF,0xFF,0xF8,0x00,0x00,0xE4,0xFF,0x5C,0x00,0x00,
    0x00,0x00,0x00,0xE4,0xFF,0x5C,0x00,0x00,0x00,0x00,0x00,0xE4,0xFF,0x5C,0x00,0x00,
    0x00,0x00,0x00,0xE4,0xFF,0xFF,0xFF,0xFF,0xFF,0x50,0x00,0x00,0x00,0x28,0x28,0x03,
    0x00,0x00,0x00,0x00,0x00,0xFF,0xFF,0x18,0x00,0x00,0x00,0x00,0x00,0x8C,0x8C,0x0D,
    0x00,0x00,0x00,0x00,0x06,0xCA,0xF5,0x57,0x00,0x00,0x00,0x00,0x90,0x96,0x27,0xDA,
    0x25,0x00,0x00,0x00,0x00,0x00,0x00,0x00,0x00,0x00,0x00,0x1D,0xA6,0xE5,0xEF,0xB6,
    0x26,0x00,0x08,0xD9,0xFD,0x45,0x26,0xEF,0xE6,0x0F,0x51,0xFF,0xC5,0x00,0x00,0xA7,
    0xFF,0x64,0x71,0xFF,0xFF,0xFF,0xFF,0xFF,0xFF,0x89,0x51,0xFF,0xC1,0x00,0x00,0x00,
    0x00,0x00,0x09,0xD9,0xFD,0x52,0x0B,0x32,0x9B,0x3B,0x00,0x1D,0xA4,0xE4,0xF3,0xC8,
    0x61,0x04,0x00,0x00,0x00,0x1F,0x28,0x0B,0x00,0x00,0x00,0x00,0x00,0xCC,0xFF,0x4C,
    0x00,0x00,0x00,0x00,0x00,0x6F,0x8C,0x29,0x00,0x00,0x00,0x0B,0x15,0x00,0x23,0x92,
    0xA2,0x8E,0x00,0x01,0x9B,0x82,0x00,0x1B,0x7F,0x00,0x00,0xE4,0xFF,0x5C,0x00,0xE4,
    0xFF,0x5C,0x00,0xE4,0xFF,0x5C,0x00,0xE4,0xFF,0x5C,0x00,0xE4,0xFF,0x5C,0x00,0xE4,
    0xFF,0x5C,0x00,0xE4,0xFF,0x5C,0x00,0xE4,0xFF,0x5C,0x00,0xE4,0xFF,0x5C,0x00,0x10,
    0x0F,0x00,0x3F,0x8B,0xB6,0x64,0x00,0x0A,0xBC,0x57,0x00,0x35,0x64,0x00,0x00,0xFC,
    0xFF,0x1C,0x00,0xFC,0xFF,0x1C,0x00,0xFC,0xFF,0x1C,0x00,0xFC,0xFF,0x1C,0x00,0xFC,
    0xFF,0x1C,0x00,0xFC,0xFF,0x1C,0x00,0xFC,0xFF,0x1C,0x00,0xE4,0xFF,0x5C,0x00,0xE4,
    0xFF,0x5C,0x00,0xE4,0xFF,0x5C,0x00,0xE4,0xFF,0x5C,0x00,0xE4,0xFF,0x5C,0x00,0xE4,
    0xFF,0x5C,0x00,0xE4,0xFF,0x5C,0x00,0xE4,0xFF,0x5C,0x00,0xE4,0xFF,0x5C,0x00,0x21,
    0x28,0x0A,0x00,0xD4,0xFF,0x44,0x00,0x73,0x8C,0x25,0x00,0xFC,0xFF,0x1C,0x00,0xFC,
    0xFF,0x1C,0x00,0x00,0x00,0x00,0x00,0xFC,0xFF,0x1C,0x00,0xFC,0xFF,0x1C,0x00,0xFC,
    0xFF,0x1C,0x00,0xFC,0xFF,0x1C,0x00,0xFC,0xFF,0x1C,0x00,0xFC,0xFF,0x1C,0x00,0xFC,
    0xFF,0x1C,0x00,0x28,0x28,0x03,0x00,0xFF,0xFF,0x18,0x00,0x8C,0x8C,0x0D,0x00,0x00,
    0x52,0xC3,0xF3,0xF7,0xD1,0x6D,0x01,0x00,0x00,0x71,0xFF,0xD5,0x2A,0x1B,0xB4,0xFF,
    0x9D,0x00,0x12,0xF6,0xFF,0x47,0x00,0x00,0x1A,0xFC,0xFF,0x37,0x4F,0xFF,0xFF,0x08,
    0x00,0x00,0x00,0xD5,0xFF,0x7D,0x63,0xFF,0xF6,0x00,0x00,0x00,0x00,0xC2,0xFF,0x92,
    0x4F,0xFF,0xFF,0x08,0x00,0x00,0x00,0xD5,0xFF,0x7E,0x12,0xF6,0xFF,0x47,0x00,0x00,
    0x1A,0xFC,0xFF,0x37,0x00,0x74,0xFF,0xD5,0x29,0x1A,0xB4,0xFF,0xA0,0x00,0x00,0x00,
    0x55,0xC5,0xF4,0xF8,0xD2,0x70,0x02,0x00,0x00,0x00,0x00,0x00,0x26,0x28,0x05,0x00,
    0x00,0x00,0x00,0x00,0x00,0x00,0xF8,0xFF,0x20,0x00,0x00,0x00,0x00,0x00,0x00,0x00,
    0x87,0x8C,0x11,0x00,0x00,0x00,0x00,0x1E,0xA8,0xE6,0xF0,0xC1,0x3C,0x00,0x09,0xDC,
    0xFE,0x46,0x21,0xE6,0xF9,0x2B,0x52,0xFF,0xCF,0x00,0x00,0x91,0xFF,0x92,0x72,0xFF,
    0xB9,0x00,0x00,0x7A,0xFF,0xB1,0x52,0xFF,0xCF,0x00,0x00,0x91,0xFF,0x92,0x0A,0xDD,
    0xFE,0x46,0x21,0xE6,0xFA,0x2C,0x00,0x20,0xAA,0xE7,0xF1,0xC3,0x3F,0x00,0x00,0x00,
    0x00,0x25,0x28,0x06,0x00,0x00,0x00,0x00,0x00,0xF0,0xFF,0x28,0x00,0x00,0x00,0x00,
    0x00,0x83,0x8C,0x15,0x00,0x00,0x00,0x00,0x00,0x00,0x0F,0x11,0x00,0x00,0x00,0x00,
    0x00,0x00,0x00,0x37,0x8D,0xB1,0x6F,0x00,0x00,0x00,0x00,0x00,0x00,0x00,0x07,0xB4,
    0x62,0x00,0x00,0x00,0x00,0x00,0x00,0x00,0x2E,0x6C,0x00,0x00,0x00,0x00,0x00,0x00,
    0x52,0xC3,0xF3,0xF7,0xD1,0x6D,0x01,0x00,0x00,0x71,0xFF,0xD5,0x2A,0x1B,0xB4,0xFF,
    0x9D,0x00,0x12,0xF6,0xFF,0x47,0x00,0x00,0x1A,0xFC,0xFF,0x37,0x4F,0xFF,0xFF,0x08,
    0x00,0x00,0x00,0xD5,0xFF,0x7D,0x63,0xFF,0xF6,0x00,0x00,0x00,0x00,0xC2,0xFF,0x92,
    0x4F,0xFF,0xFF,0x08,0x00,0x00,0x00,0xD5,0xFF,0x7E,0x12,0xF6,0xFF,0x47,0x00,0x00,
    0x1A,0xFC,0xFF,0x37,0x00,0x74,0xFF,0xD5,0x29,0x1A,0xB4,0xFF,0xA0,0x00,0x00,0x00,
    0x55,0xC5,0xF4,0xF8,0xD2,0x70,0x02,0x00,0x00,0x00,0x00,0x0E,0x12,0x00,0x00,0x00,
    0x00,0x00,0x32,0x8E,0xAE,0x77,0x00,0x00,0x00,0x00,0x00,0x05,0xAE,0x6A,0x00,0x00,
    0x00,0x00,0x00,0x29,0x71,0x00,0x00,0x00,0x00,0x1E,0xA8,0xE6,0xF0,0xC1,0x3C,0x00,
    0x09,0xDC,0xFE,0x46,0x21,0xE6,0xF9,0x2B,0x52,0xFF,0xCF,0x00,0x00,0x91,0xFF,0x92,
    0x72,0xFF,0xB9,0x00,0x00,0x7A,0xFF,0xB1,0x52,0xFF,0xCF,0x00,0x00,0x91,0xFF,0x92,
    0x0A,0xDD,0xFE,0x46,0x21,0xE6,0xFA,0x2C,0x00,0x20,0xAA,0xE7,0xF1,0xC3,0x3F,0x00,
    0x00,0x00,0x00,0x00,0x00,0x00,0x00,0xBE,0xC2,0x06,0x00,0x00,0x00,0x00,0x00,0x00,
    0x52,0xDE,0x14,0x00,0x00,0x00,0x00,0x1F,0xF3,0xF4,0x62,0x00,0x00,0x00,0x00,0x00,
    0x00,0xB8,0x79,0x36,0xE2,0x19,0x00,0x00,0x00,0x00,0x52,0xC3,0xF3,0xF7,0xD1,0x6D,
    0x01,0x00,0x00,0x71,0xFF,0xD5,0x2A,0x1B,0xB4,0xFF,0x9D,0x00,0x12,0xF6,0xFF,0x47,
    0x00,0x00,0x1A,0xFC,0xFF,0x37,0x4F,0xFF,0xFF,0x08,0x00,0x00,0x00,0xD5,0xFF,0x7D,
    0x63,0xFF,0xF6,0x00,0x00,0x00,0x00,0xC2,0xFF,0x92,0x4F,0xFF,0xFF,0x08,0x00,0x00,
    0x00,0xD5,0xFF,0x7E,0x12,0xF6,0xFF,0x47,0x00,0x00,0x1A,0xFC,0xFF,0x37,0x00,0x74,
    0xFF,0xD5,0x29,0x1A,0xB4,0xFF,0xA0,0x00,0x00,0x00,0x55,0xC5,0xF4,0xF8,0xD2,0x70,
    0x02,0x00,0x00,0x00,0x00,0x00,0x00,0x01,0xC8,0xB8,0x03,0x00,0x00,0x00,0x00,0x00,
    0x5E,0xD7,0x0F,0x00,0x00,0x00,0x27,0xF6,0xF5,0x56,0x00,0x00,0x00,0x00,0x01,0xC3,
    0x6D,0x3F,0xDF,0x13,0x00,0x00,0x00,0x1E,0xA8,0xE6,0xF0,0xC1,0x3C,0x00,0x00,0x09,
    0xDC,0xFE,0x46,0x21,0xE6,0xF9,0x2B,0x00,0x52,0xFF,0xCF,0x00,0x00,0x91,0xFF,0x92,
    0x00,0x72,0xFF,0xB9,0x00,0x00,0x7A,0xFF,0xB1,0x00,0x52,0xFF,0xCF,0x00,0x00,0x91,
    0xFF,0x92,0x00,0x0A,0xDD,0xFE,0x46,0x21,0xE6,0xFA,0x2C,0x00,0x00,0x20,0xAA,0xE7,
    0xF1,0xC3,0x3F,0x00,0x00,0x00,0x00,0x00,0x00,0x00,0x1B,0xE6,0x85,0x00,0x00,0x00,
    0x00,0x00,0x00,0x00,0x00,0x35,0xEE,0x21,0x00,0x00,0x00,0x00,0x1D,0xF2,0xF4,0x66,
    0x00,0x00,0x00,0x00,0x00,0x00,0xB5,0x7D,0x34,0xE2,0x1B,0x00,0x00,0x00,0x00,0x52,
    0xC3,0xF3,0xF7,0xD1,0x6D,0x01,0x00,0x00,0x71,0xFF,0xD5,0x2A,0x1B,0xB4,0xFF,0x9D,
    0x00,0x12,0xF6,0xFF,0x47,0x00,0x00,0x1A,0xFC,0xFF,0x37,0x4F,0xFF,0xFF,0x08,0x00,
    0x00,0x00,0xD5,0xFF,0x7D,0x63,0xFF,0xF6,0x00,0x00,0x00,0x00,0xC2,0xFF,0x92,0x4F,
    0xFF,0xFF,0x08,0x00,0x00,0x00,0xD5,0xFF,0x7E,0x12,0xF6,0xFF,0x47,0x00,0x00,0x1A,
    0xFC,0xFF,0x37,0x00,0x74,0xFF,0xD5,0x29,0x1A,0xB4,0xFF,0xA0,0x00,0x00,0x00,0x55,
    0xC5,0xF4,0xF8,0xD2,0x70,0x02,0x00,0x00,0x00,0x00,0x00,0x24,0xED,0x75,0x00,0x00,
    0x00,0x00,0x00,0x00,0x40,0xEC,0x17,0x00,0x00,0x27,0xF6,0xF5,0x56,0x00,0x00,0x00,
    0x01,0xC3,0x6D,0x3F,0xDF,0x13,0x00,0x00,0x1E,0xA8,0xE6,0xF0,0xC1,0x3C,0x00,0x09,
    0xDC,0xFE,0x46,0x21,0xE6,0xF9,0x2B,0x52,0xFF,0xCF,0x00,0x00,0x91,0xFF,0x92,0x72,
    0xFF,0xB9,0x00,0x00,0x7A,0xFF,0xB1,0x52,0xFF,0xCF,0x00,0x00,0x91,0xFF,0x92,0x0A,
    0xDD,0xFE,0x46,0x21,0xE6,0xFA,0x2C,0x00,0x20,0xAA,0xE7,0xF1,0xC3,0x3F,0x00,0x00,
    0x00,0x00,0x00,0x00,0x00,0x02,0x18,0x05,0x00,0x00,0x00,0x00,0x00,0x00,0x00,0x7F,
    0x85,0xD0,0x10,0x00,0x00,0x00,0x00,0x00,0x00,0x00,0x40,0xD3,0x0B,0x00,0x00,0x00,
    0x27,0xF6,0xF5,0x56,0x77,0x23,0x00,0x00,0x00,0x01,0xC3,0x6D,0x3F,0xDF,0x13,0x00,
    0x00,0x00,0x00,0x52,0xC3,0xF3,0xF7,0xD1,0x6D,0x01,0x00,0x00,0x71,0xFF,0xD5,0x2A,
    0x1B,0xB4,0xFF,0x9D,0x00,0x12,0xF6,0xFF,0x47,0x00,0x00,0x1A,0xFC,0xFF,0x37,0x4F,
    0xFF,0xFF,0x08,0x00,0x00,0x00,0xD5,0xFF,0x7D,0x63,0xFF,0xF6,0x00,0x00,0x00,0x00,
    0xC2,0xFF,0x92,0x4F,0xFF,0xFF,0x08,0x00,0x00,0x00,0xD5,0xFF,0x7E,0x12,0xF6,0xFF,
    0x47,0x00,0x00,0x1A,0xFC,0xFF,0x37,0x00,0x74,0xFF,0xD5,0x29,0x1A,0xB4,0xFF,0xA0,
    0x00,0x00,0x00,0x55,0xC5,0xF4,0xF8,0xD2,0x70,0x02,0x00,0x00,0x00,0x00,0x00,0x00,
    0x01,0x18,0x05,0x00,0x00,0x00,0x00,0x00,0x00,0x79,0x85,0xD0,0x17,0x00,0x00,0x00,
    0x00,0x00,0x00,0x38,0xD4,0x11,0x00,0x00,0x1F,0xF3,0xF4,0x62,0x70,0x2A,0x00,0x00,
    0x00,0xB8,0x79,0x36,0xE2,0x19,0x00,0x00,0x00,0x1E,0xA8,0xE6,0xF0,0xC1,0x3C,0x00,
    0x00,0x09,0xDC,0xFE,0x46,0x21,0xE6,0xF9,0x2B,0x00,0x52,0xFF,0xCF,0x00,0x00,0x91,
    0xFF,0x92,0x00,0x72,0xFF,0xB9,0x00,0x00,0x7A,0xFF,0xB1,0x00,0x52,0xFF,0xCF,0x00,
    0x00,0x91,0xFF,0x92,0x00,0x0A,0xDD,0xFE,0x46,0x21,0xE6,0xFA,0x2C,0x00,0x00,0x20,
    0xAA,0xE7,0xF1,0xC3,0x3F,0x00,0x00,0x00,0x00,0x00,0x8A,0xE1,0x3D,0xCC,0x17,0x00,
    0x00,0x00,0x00,0x00,0xDA,0x2C,0xCF,0xBA,0x00,0x00,0x00,0x00,0x00,0x00,0x2A,0xF7,
    0xF6,0x52,0x00,0x00,0x00,0x00,0x00,0x02,0xC6,0x69,0x42,0xDE,0x11,0x00,0x00,0x00,
    0x00,0x52,0xC3,0xF3,0xF7,0xD1,0x6D,0x01,0x00,0x00,0x71,0xFF,0xD5,0x2A,0x1B,0xB4,
    0xFF,0x9D,0x00,0x12,0xF6,0xFF,0x47,0x00,0x00,0x1A,0xFC,0xFF,0x37,0x4F,0xFF,0xFF,
    0x08,0x00,0x00,0x00,0xD5,0xFF,0x7D,0x63,0xFF,0xF6,0x00,0x00,0x00,0x00,0xC2,0xFF,
    0x92,0x4F,0xFF,0xFF,0x08,0x00,0x00,0x00,0xD5,0xFF,0x7E,0x12,0xF6,0xFF,0x47,0x00,
    0x00,0x1A,0xFC,0xFF,0x37,0x00,0x74,0xFF,0xD5,0x29,0x1A,0xB4,0xFF,0xA0,0x00,0x00,
    0x00,0x55,0xC5,0xF4,0xF8,0xD2,0x70,0x02,0x00,0x00,0x00,0x86,0xE2,0x3F,0xC9,0x1B,
    0x00,0x00,0x00,0xD9,0x2B,0xCD,0xBE,0x00,0x00,0x00,0x00,0x27,0xF6,0xF5,0x56,0x00,
    0x00,0x00,0x01,0xC3,0x6D,0x3F,0xDF,0x13,0x00,0x00,0x1E,0xA8,0xE6,0xF0,0xC1,0x3C,
    0x00,0x09,0xDC,0xFE,0x46,0x21,0xE6,0xF9,0x2B,0x52,0xFF,0xCF,0x00,0x00,0x91,0xFF,
    0x92,0x72,0xFF,0xB9,0x00,0x00,0x7A,0xFF,0xB1,0x52,0xFF,0xCF,0x00,0x00,0x91,0xFF,
    0x92,0x0A,0xDD,0xFE,0x46,0x21,0xE6,0xFA,0x2C,0x00,0x20,0xAA,0xE7,0xF1,0xC3,0x3F,
    0x00,0x00,0x00,0x00,0x47,0xF7,0xF8,0x32,0x00,0x00,0x00,0x00,0x00,0x0C,0xDB,0x4A,
    0x5F,0xCE,0x04,0x00,0x00,0x00,0x00,0x52,0xC3,0xF3,0xF7,0xD1,0x6D,0x01,0x00,0x00,
    0x71,0xFF,0xD5,0x2A,0x1B,0xB4,0xFF,0x9D,0x00,0x12,0xF6,0xFF,0x47,0x00,0x00,0x1A,
    0xFC,0xFF,0x37,0x4F,0xFF,0xFF,0x08,0x00,0x00,0x00,0xD5,0xFF,0x7D,0x63,0xFF,0xF6,
    0x00,0x00,0x00,0x00,0xC2,0xFF,0x92,0x4F,0xFF,0xFF,0x08,0x00,0x00,0x00,0xD5,0xFF,
    0x7E,0x12,0xF6,0xFF,0x47,0x00,0x00,0x1A,0xFC,0xFF,0x37,0x00,0x74,0xFF,0xD5,0x29,
    0x1A,0xB4,0xFF,0xA0,0x00,0x00,0x00,0x55,0xC5,0xF4,0xF8,0xD2,0x70,0x02,0x00,0x00,
    0x00,0x00,0x00,0x26,0x28,0x05,0x00,0x00,0x00,0x00,0x00,0x00,0x00,0xF8,0xFF,0x20,
    0x00,0x00,0x00,0x00,0x00,0x00,0x00,0x87,0x8C,0x11,0x00,0x00,0x00,0x00,0x00,0x12,
    0xE1,0xF1,0x38,0x00,0x00,0x00,0x01,0xB3,0x73,0x3E,0xD6,0x12,0x00,0x00,0x00,0x00,
    0x00,0x00,0x00,0x00,0x00,0x00,0x1E,0xA8,0xE6,0xF0,0xC1,0x3C,0x00,0x09,0xDC,0xFE,
    0x46,0x21,0xE6,0xF9,0x2B,0x52,0xFF,0xCF,0x00,0x00,0x91,0xFF,0x92,0x72,0xFF,0xB9,
    0x00,0x00,0x7A,0xFF,0xB1,0x52,0xFF,0xCF,0x00,0x00,0x91,0xFF,0x92,0x0A,0xDD,0xFE,
    0x46,0x21,0xE6,0xFA,0x2C,0x00,0x20,0xAA,0xE7,0xF1,0xC3,0x3F,0x00,0x00,0x00,0x00,
    0x25,0x28,0x06,0x00,0x00,0x00,0x00,0x00,0xF0,0xFF,0x28,0x00,0x00,0x00,0x00,0x00,
    0x83,0x8C,0x15,0x00,0x00,0x00,0x00,0x00,0x00,0x18,0xF2,0x7C,0x00,0x00,0x00,0x00,
    0x00,0x00,0x00,0x00,0x9E,0xA6,0x00,0x00,0x00,0x3D,0x0A,0x00,0x00,0x4D,0xC1,0xF2,
    0xF7,0xD3,0x78,0x0A,0xAC,0x35,0x00,0x69,0xFF,0xDA,0x2D,0x19,0xAE,0xFF,0xFF,0xF2,
    0x1A,0x0D,0xF2,0xFF,0x4F,0x00,0x00,0x14,0xF9,0xFF,0x58,0x00,0x47,0xFF,0xFF,0x10,
    0x00,0x00,0x00,0xCD,0xFF,0x85,0x00,0x5B,0xFF,0xFD,0x00,0x00,0x00,0x00,0xBA,0xFF,
    0x9A,0x00,0x47,0xFF,0xFF,0x10,0x00,0x00,0x00,0xCD,0xFF,0x86,0x00,0x0E,0xF3,0xFF,
    0x4F,0x00,0x00,0x14,0xF9,0xFF,0x3F,0x00,0x00,0x6C,0xFF,0xD9,0x2D,0x19,0xAE,0xFF,
    0xA8,0x00,0x00,0x00,0x00,0x50,0xC3,0xF3,0xF8,0xD4,0x74,0x03,0x00,0x00,0x00,0x00,
    0x00,0x00,0x5A,0xEF,0x3D,0x00,0x00,0x00,0x00,0x00,0x36,0xE1,0x30,0x00,0x00,0x00,
    0x00,0x00,0x00,0x00,0x00,0x00,0x00,0x28,0x1F,0x00,0x1A,0xA3,0xE4,0xF1,0xC5,0x52,
    0x68,0x79,0x05,0xD3,0xFF,0x50,0x1D,0xDF,0xFF,0xFF,0x58,0x46,0xFF,0xDB,0x00,0x00,
    0x85,0xFF,0xBF,0x00,0x66,0xFF,0xC5,0x00,0x00,0x6E,0xFF,0xBD,0x00,0x46,0xFF,0xDB,
    0x00,0x00,0x85,0xFF,0x9E,0x00,0x06,0xD5,0xFF,0x50,0x1C,0xDF,0xFD,0x36,0x00,0x00,
    0x1C,0xA5,0xE5,0xF2,0xC7,0x46,0x00,0x00,0x00,0x00,0x00,0x95,0xE5,0x0B,0x00,0x00,
    0x00,0x00,0x00,0x00,0x00,0x00,0x04,0xBB,0x85,0x00,0x00,0x00,0x3D,0x0A,0x00,0x00,
    0x4D,0xC1,0xF2,0xF7,0xD3,0x78,0x0A,0xAC,0x35,0x00,0x69,0xFF,0xDA,0x2D,0x19,0xAE,
    0xFF,0xFF,0xF2,0x1A,0x0D,0xF2,0xFF,0x4F,0x00,0x00,0x14,0xF9,0xFF,0x58,0x00,0x47,
    0xFF,0xFF,0x10,0x00,0x00,0x00,0xCD,0xFF,0x85,0x00,0x5B,0xFF,0xFD,0x00,0x00,0x00,
    0x00,0xBA,0xFF,0x9A,0x00,0x47,0xFF,0xFF,0x10,0x00,0x00,0x00,0xCD,0xFF,0x86,0x00,
    0x0E,0xF3,0xFF,0x4F,0x00,0x00,0x14,0xF9,0xFF,0x3F,0x00,0x00,0x6C,0xFF,0xD9,0x2D,
    0x19,0xAE,0xFF,0xA8,0x00,0x00,0x00,0x00,0x50,0xC3,0xF3,0xF8,0xD4,0x74,0x03,0x00,
    0x00,0x00,0x04,0xA2,0xD3,0x0D,0x00,0x00,0x00,0x00,0x00,0x00,0x01,0x90,0xB2,0x02,
    0x00,0x00,0x00,0x00,0x00,0x00,0x00,0x00,0x00,0x00,0x28,0x1F,0x00,0x1A,0xA3,0xE4,
    0xF1,0xC5,0x52,0x68,0x79,0x05,0xD3,0xFF,0x50,0x1D,0xDF,0xFF,0xFF,0x58,0x46,0xFF,
    0xDB,0x00,0x00,0x85,0xFF,0xBF,0x00,0x66,0xFF,0xC5,0x00,0x00,0x6E,0xFF,0xBD,0x00,
    0x46,0xFF,0xDB,0x00,0x00,0x85,0xFF,0x9E,0x00,0x06,0xD5,0xFF,0x50,0x1C,0xDF,0xFD,
    0x36,0x00,0x00,0x1C,0xA5,0xE5,0xF2,0xC7,0x46,0x00,0x00,0x00,0x00,0x00,0x00,0x0F,
    0x11,0x00,0x00,0x00,0x00,0x00,0x00,0x00,0x00,0x37,0x8D,0xB1,0x6F,0x00,0x00,0x00,
    0x00,0x00,0x00,0x00,0x00,0x07,0xB4,0x62,0x00,0x00,0x00,0x00,0x00,0x00,0x00,0x00,
    0x2E,0x6C,0x00,0x00,0x00,0x3D,0x0A,0x00,0x00,0x4D,0xC1,0xF2,0xF7,0xD3,0x78,0x0A,
    0xAC,0x35,0x00,0x69,0xFF,0xDA,0x2D,0x19,0xAE,0xFF,0xFF,0xF2,0x1A,0x0D,0xF2,0xFF,
    0x4F,0x00,0x00,0x14,0xF9,0xFF,0x58,0x00,0x47,0xFF,0xFF,0x10,0x00,0x00,0x00,0xCD,
    0xFF,0x85,0x00,0x5B,0xFF,0xFD,0x00,0x00,0x00,0x00,0xBA,0xFF,0x9A,0x00,0x47,0xFF,
    0xFF,0x10,0x00,0x00,0x00,0xCD,0xFF,0x86,0x00,0x0E,0xF3,0xFF,0x4F,0x00,0x00,0x14,
    0xF9,0xFF,0x3F,0x00,0x00,0x6C,0xFF,0xD9,0x2D,0x19,0xAE,0xFF,0xA8,0x00,0x00,0x00,
    0x00,0x50,0xC3,0xF3,0xF8,0xD4,0x74,0x03,0x00,0x00,0x00,0x00,0x00,0x0E,0x12,0x00,
    0x00,0x00,0x00,0x00,0x00,0x32,0x8E,0xAE,0x77,0x00,0x00,0x00,0x00,0x00,0x00,0x05,
    0xAE,0x6A,0x00,0x00,0x00,0x00,0x00,0x00,0x29,0x71,0x00,0x00,0x28,0x1F,0x00,0x1A,
    0xA3,0xE4,0xF1,0xC5,0x52,0x68,0x79,0x05,0xD3,0xFF,0x50,0x1D,0xDF,0xFF,0xFF,0x58,
    0x46,0xFF,0xDB,0x00,0x00,0x85,0xFF,0xBF,0x00,0x66,0xFF,0xC5,0x00,0x00,0x6E,0xFF,
    0xBD,0x00,0x46,0xFF,0xDB,0x00,0x00,0x85,0xFF,0x9E,0x00,0x06,0xD5,0xFF,0x50,0x1C,
    0xDF,0xFD,0x36,0x00,0x00,0x1C,0xA5,0xE5,0xF2,0xC7,0x46,0x00,0x00,0x00,0x00,0x00,
    0x86,0xE2,0x3F,0xC9,0x1B,0x00,0x00,0x00,0x00,0x00,0x00,0xD9,0x2B,0xCD,0xBE,0x00,
    0x00,0x3D,0x0A,0x00,0x00,0x4D,0xC1,0xF2,0xF7,0xD3,0x78,0x0A,0xAC,0x35,0x00,0x69,
    0xFF,0xDA,0x2D,0x19,0xAE,0xFF,0xFF,0xF2,0x1A,0x0D,0xF2,0xFF,0x4F,0x00,0x00,0x14,
    0xF9,0xFF,0x58,0x00,0x47,0xFF,0xFF,0x10,0x00,0x00,0x00,0xCD,0xFF,0x85,0x00,0x5B,
    0xFF,0xFD,0x00,0x00,0x00,0x00,0xBA,0xFF,0x9A,0x00,0x47,0xFF,0xFF,0x10,0x00,0x00,
    0x00,0xCD,0xFF,0x86,0x00,0x0E,0xF3,0xFF,0x4F,0x00,0x00,0x14,0xF9,0xFF,0x3F,0x00,
    0x00,0x6C,0xFF,0xD9,0x2D,0x19,0xAE,0xFF,0xA8,0x00,0x00,0x00,0x00,0x50,0xC3,0xF3,
    0xF8,0xD4,0x74,0x03,0x00,0x00,0x00,0x00,0x96,0xDC,0x36,0xD1,0x0B,0x00,0x00,0x00,
    0x00,0xD4,0x31,0xD3,0xAD,0x00,0x00,0x00,0x00,0x00,0x00,0x00,0x00,0x00,0x00,0x28,
    0x1F,0x00,0x1A,0xA3,0xE4,0xF1,0xC5,0x52,0x68,0x79,0x05,0xD3,0xFF,0x50,0x1D,0xDF,
    0xFF,0xFF,0x58,0x46,0xFF,0xDB,0x00,0x00,0x85,0xFF,0xBF,0x00,0x66,0xFF,0xC5,0x00,
    0x00,0x6E,0xFF,0xBD,0x00,0x46,0xFF,0xDB,0x00,0x00,0x85,0xFF,0x9E,0x00,0x06,0xD5,
    0xFF,0x50,0x1C,0xDF,0xFD,0x36,0x00,0x00,0x1C,0xA5,0xE5,0xF2,0xC7,0x46,0x00,0x00,
    0x00,0x00,0x00,0x00,0x00,0x00,0x00,0x00,0x00,0x3D,0x0A,0x00,0x00,0x4D,0xC1,0xF2,
    0xF7,0xD3,0x78,0x0A,0xAC,0x35,0x00,0x69,0xFF,0xDA,0x2D,0x19,0xAE,0xFF,0xFF,0xF2,
    0x1A,0x0D,0xF2,0xFF,0x4F,0x00,0x00,0x14,0xF9,0xFF,0x58,0x00,0x47,0xFF,0xFF,0x10,
    0x00,0x00,0x00,0xCD,0xFF,0x85,0x00,0x5B,0xFF,0xFD,0x00,0x00,0x00,0x00,0xBA,0xFF,
    0x9A,0x00,0x47,0xFF,0xFF,0x10,0x00,0x00,0x00,0xCD,0xFF,0x86,0x00,0x0E,0xF3,0xFF,
    0x4F,0x00,0x00,0x14,0xF9,0xFF,0x3F,0x00,0x00,0x6C,0xFF,0xD9,0x2D,0x19,0xAE,0xFF,
    0xA8,0x00,0x00,0x00,0x00,0x50,0xC3,0xF3,0xF8,0xD4,0x74,0x03,0x00,0x00,0x00,0x00,
    0x00,0x00,0x26,0x28,0x05,0x00,0x00,0x00,0x00,0x00,0x00,0x00,0x00,0xF8,0xFF,0x20,
    0x00,0x00,0x00,0x00,0x00,0x00,0x00,0x00,0x87,0x8C,0x11,0x00,0x00,0x00,0x00,0x00,
    0x00,0x00,0x00,0x00,0x00,0x00,0x28,0x1F,0x00,0x1A,0xA3,0xE4,0xF1,0xC5,0x52,0x68,
    0x79,0x05,0xD3,0xFF,0x50,0x1D,0xDF,0xFF,0xFF,0x58,0x46,0xFF,0xDB,0x00,0x00,0x85,
    0xFF,0xBF,0x00,0x66,0xFF,0xC5,0x00,0x00,0x6E,0xFF,0xBD,0x00,0x46,0xFF,0xDB,0x00,
    0x00,0x85,0xFF,0x9E,0x00,0x06,0xD5,0xFF,0x50,0x1C,0xDF,0xFD,0x36,0x00,0x00,0x1C,
    0xA5,0xE5,0xF2,0xC7,0x46,0x00,0x00,0x00,0x00,0x00,0x25,0x28,0x06,0x00,0x00,0x00,
    0x00,0x00,0x00,0xF0,0xFF,0x28,0x00,0x00,0x00,0x00,0x00,0x00,0x83,0x8C,0x15,0x00,
    0x00,0x00,0x00,0xE4,0xFF,0x5C,0x00,0x00,0x9C,0xFF,0xA4,0x00,0x00,0xE4,0xFF,0x5C,
    0x00,0x00,0x9C,0xFF,0xA4,0x00,0x00,0xE4,0xFF,0x5C,0x00,0x00,0x9C,0xFF,0xA4,0x00,
    0x00,0xE4,0xFF,0x5C,0x00,0x00,0x9C,0xFF,0xA4,0x00,0x00,0xE4,0xFF,0x5C,0x00,0x00,
    0x9C,0xFF,0xA4,0x00,0x00,0xE3,0xFF,0x5C,0x00,0x00,0x9C,0xFF,0xA2,0x00,0x00,0xC6,
    0xFF,0x6C,0x00,0x00,0xAD,0xFF,0x85,0x00,0x00,0x71,0xFF,0xC6,0x14,0x2C,0xF0,0xFB,
    0x33,0x00,0x00,0x02,0x70,0xD4,0xF4,0xED,0xC3,0x48,0x00,0x00,0x00,0x00,0x00,0x07,
    0x28,0x24,0x00,0x00,0x00,0x00,0x00,0x00,0x00,0x30,0xFF,0xE8,0x00,0x00,0x00,0x00,
    0x00,0x00,0x00,0x1A,0x8C,0x7E,0x00,0x00,0x00,0x00,0x10,0xFF,0xFF,0x0B,0x00,0x90,
    0xFF,0x88,0x00,0x10,0xFF,0xFF,0x0A,0x00,0x90,0xFF,0x88,0x00,0x10,0xFF,0xFF,0x08,
    0x00,0x90,0xFF,0x88,0x00,0x10,0xFF,0xFF,0x08,0x00,0x90,0xFF,0x88,0x00,0x0E,0xFF,
    0xFF,0x0C,0x00,0xA5,0xFF,0x88,0x00,0x00,0xEA,0xFF,0x51,0x2B,0xEF,0xFF,0x88,0x00,
    0x00,0x4F,0xDF,0xFE,0xFF,0xFF,0xFF,0x88,0x00,0x00,0x00,0x00,0x20,0x28,0x0B,0x00,
    0x00,0x00,0x00,0x00,0x00,0xD0,0xFF,0x48,0x00,0x00,0x00,0x00,0x00,0x00,0x71,0x8C,
    0x27,0x00,0x00,0x00,0x00,0x00,0x00,0x00,0x16,0x0A,0x00,0x00,0x00,0x00,0x00,0x00,
    0x00,0x5D,0x86,0xC7,0x3A,0x00,0x00,0x00,0x00,0x00,0x00,0x00,0x1D,0xD1,0x30,0x00,
    0x00,0x00,0x00,0x00,0x00,0x00,0x53,0x47,0x00,0x00,0x00,0x00,0x00,0xE4,0xFF,0x5C,
    0x00,0x00,0x9C,0xFF,0xA4,0x00,0x00,0xE4,0xFF,0x5C,0x00,0x00,0x9C,0xFF,0xA4,0x00,
    0x00,0xE4,0xFF,0x5C,0x00,0x00,0x9C,0xFF,0xA4,0x00,0x00,0xE4,0xFF,0x5C,0x00,0x00,
    0x9C,0xFF,0xA4,0x00,0x00,0xE4,0xFF,0x5C,0x00,0x00,0x9C,0xFF,0xA4,0x00,0x00,0xE3,
    0xFF,0x5C,0x00,0x00,0x9C,0xFF,0xA2,0x00,0x00,0xC6,0xFF,0x6C,0x00,0x00,0xAD,0xFF,
    0x85,0x00,0x00,0x71,0xFF,0xC6,0x14,0x2C,0xF0,0xFB,0x33,0x00,0x00,0x02,0x70,0xD4,
    0xF4,0xED,0xC3,0x48,0x00,0x00,0x00,0x00,0x00,0x0B,0x15,0x00,0x00,0x00,0x00,0x00,
    0x00,0x20,0x92,0xA0,0x92,0x00,0x00,0x00,0x00,0x00,0x00,0x01,0x97,0x86,0x00,0x00,
    0x00,0x00,0x00,0x00,0x18,0x81,0x00,0x00,0x00,0x00,0x10,0xFF,0xFF,0x0B,0x00,0x90,
    0xFF,0x88,0x00,0x10,0xFF,0xFF,0x0A,0x00,0x90,0xFF,0x88,0x00,0x10,0xFF,0xFF,0x08,
    0x00,0x90,0xFF,0x88,0x00,0x10,0xFF,0xFF,0x08,0x00,0x90,0xFF,0x88,0x00,0x0E,0xFF,
    0xFF,0x0C,0x00,0xA5,0xFF,0x88,0x00,0x00,0xEA,0xFF,0x51,0x2B,0xEF,0xFF,0x88,0x00,
    0x00,0x4F,0xDF,0xFE,0xFF,0xFF,0xFF,0x88,0x00,0x00,0x00,0x00,0x00,0x42,0xFC,0x48,
    0x00,0x00,0x00,0x00,0x00,0x00,0x03,0xD2,0x6E,0x00,0x00,0x00,0x47,0x00,0xE4,0xFF,
    0x5C,0x00,0x00,0x9C,0xFF,0xA4,0xE1,0x00,0xE4,0xFF,0x5C,0x00,0x00,0x9C,0xFF,0xFF,
    0xD8,0x00,0xE4,0xFF,0x5C,0x00,0x00,0x9C,0xFF,0xB7,0x0F,0x00,0xE4,0xFF,0x5C,0x00,
    0x00,0x9C,0xFF,0xA4,0x00,0x00,0xE4,0xFF,0x5C,0x00,0x00,0x9C,0xFF,0xA4,0x00,0x00,
    0xE3,0xFF,0x5C,0x00,0x00,0x9C,0xFF,0xA2,0x00,0x00,0xC6,0xFF,0x6C,0x00,0x00,0xAD,
    0xFF,0x85,0x00,0x00,0x71,0xFF,0xC6,0x14,0x2C,0xF0,0xFB,0x33,0x00,0x00,0x02,0x70,
    0xD4,0xF4,0xED,0xC3,0x48,0x00,0x00,0x00,0x00,0x00,0x00,0x39,0xF3,0x5A,0x00,0x00,
    0x00,0x00,0x00,0x1D,0xDF,0x4B,0x00,0x00,0x00,0x00,0x00,0x00,0x00,0x00,0x00,0x00,
    0x10,0x37,0x18,0xFF,0xFF,0x03,0x00,0x98,0xFF,0x9C,0xC5,0x18,0xFF,0xFF,0x02,0x00,
    0x98,0xFF,0xFF,0xA4,0x18,0xFF,0xFF,0x00,0x00,0x98,0xFF,0x9C,0x07,0x18,0xFF,0xFF,
    0x00,0x00,0x98,0xFF,0x80,0x00,0x16,0xFF,0xFF,0x04,0x00,0xAD,0xFF,0x80,0x00,0x01,
    0xF0,0xFF,0x49,0x2F,0xF3,0xFF,0x80,0x00,0x00,0x54,0xE1,0xFF,0xFF,0xFF,0xFF,0x80,
    0x00,0x00,0x00,0x07,0xC6,0xB9,0x00,0x00,0x00,0x00,0x00,0x00,0x00,0x00,0x16,0xE0,
    0x4D,0x00,0x00,0x00,0x47,0x00,0xE4,0xFF,0x5C,0x00,0x00,0x9C,0xFF,0xA4,0xE1,0x00,
    0xE4,0xFF,0x5C,0x00,0x00,0x9C,0xFF,0xFF,0xD8,0x00,0xE4,0xFF,0x5C,0x00,0x00,0x9C,
    0xFF,0xB7,0x0F,0x00,0xE4,0xFF,0x5C,0x00,0x00,0x9C,0xFF,0xA4,0x00,0x00,0xE4,0xFF,
    0x5C,0x00,0x00,0x9C,0xFF,0xA4,0x00,0x00,0xE3,0xFF,0x5C,0x00,0x00,0x9C,0xFF,0xA2,
    0x00,0x00,0xC6,0xFF,0x6C,0x00,0x00,0xAD,0xFF,0x85,0x00,0x00,0x71,0xFF,0xC6,0x14,
    0x2C,0xF0,0xFB,0x33,0x00,0x00,0x02,0x70,0xD4,0xF4,0xED,0xC3,0x48,0x00,0x00,0x00,
    0x00,0x7E,0xE9,0x1F,0x00,0x00,0x00,0x00,0x00,0x00,0x00,0x6C,0xCF,0x0C,0x00,0x00,
    0x00,0x00,0x00,0x00,0x00,0x00,0x00,0x00,0x10,0x37,0x18,0xFF,0xFF,0x03,0x00,0x98,
    0xFF,0x9C,0xC5,0x18,0xFF,0xFF,0x02,0x00,0x98,0xFF,0xFF,0xA4,0x18,0xFF,0xFF,0x00,
    0x00,0x98,0xFF,0x9C,0x07,0x18,0xFF,0xFF,0x00,0x00,0x98,0xFF,0x80,0x00,0x16,0xFF,
    0xFF,0x04,0x00,0xAD,0xFF,0x80,0x00,0x01,0xF0,0xFF,0x49,0x2F,0xF3,0xFF,0x80,0x00,
    0x00,0x54,0xE1,0xFF,0xFF,0xFF,0xFF,0x80,0x00,0x00,0x00,0x00,0x00,0x16,0x0A,0x00,
    0x00,0x00,0x00,0x00,0x00,0x00,0x5D,0x86,0xC7,0x3A,0x00,0x00,0x00,0x00,0x00,0x00,
    0x00,0x1D,0xD1,0x30,0x00,0x00,0x00,0x00,0x00,0x00,0x00,0x53,0x47,0x00,0x00,0x00,
    0x47,0x00,0xE4,0xFF,0x5C,0x00,0x00,0x9C,0xFF,0xA4,0xE1,0x00,0xE4,0xFF,0x5C,0x00,
    0x00,0x9C,0xFF,0xFF,0xD8,0x00,0xE4,0xFF,0x5C,0x00,0x00,0x9C,0xFF,0xB7,0x0F,0x00,
    0xE4,0xFF,0x5C,0x00,0x00,0x9C,0xFF,0xA4,0x00,0x00,0xE4,0xFF,0x5C,0x00,0x00,0x9C,
    0xFF,0xA4,0x00,0x00,0xE3,0xFF,0x5C,0x00,0x00,0x9C,0xFF,0xA2,0x00,0x00,0xC6,0xFF,
    0x6C,0x00,0x00,0xAD,0xFF,0x85,0x00,0x00,0x71,0xFF,0xC6,0x14,0x2C,0xF0,0xFB,0x33,
    0x00,0x00,0x02,0x70,0xD4,0xF4,0xED,0xC3,0x48,0x00,0x00,0x00,0x00,0x00,0x0B,0x15,
    0x00,0x00,0x00,0x00,0x00,0x00,0x20,0x92,0xA0,0x92,0x00,0x00,0x00,0x00,0x00,0x00,
    0x01,0x97,0x86,0x00,0x00,0x00,0x00,0x00,0x00,0x18,0x81,0x00,0x00,0x10,0x37,0x18,
    0xFF,0xFF,0x03,0x00,0x98,0xFF,0x9C,0xC5,0x18,0xFF,0xFF,0x02,0x00,0x98,0xFF,0xFF,
    0xA4,0x18,0xFF,0xFF,0x00,0x00,0x98,0xFF,0x9C,0x07,0x18,0xFF,0xFF,0x00,0x00,0x98,
    0xFF,0x80,0x00,0x16,0xFF,0xFF,0x04,0x00,0xAD,0xFF,0x80,0x00,0x01,0xF0,0xFF,0x49,
    0x2F,0xF3,0xFF,0x80,0x00,0x00,0x54,0xE1,0xFF,0xFF,0xFF,0xFF,0x80,0x00,0x00,0x00,
    0x00,0xBF,0xC9,0x29,0xD9,0x00,0x00,0x00,0x00,0x00,0x20,0xC0,0x46,0xE6,0x84,0x00,
    0x00,0x47,0x00,0xE4,0xFF,0x5C,0x00,0x00,0x9C,0xFF,0xA4,0xE1,0x00,0xE4,0xFF,0x5C,
    0x00,0x00,0x9C,0xFF,0xFF,0xD8,0x00,0xE4,0xFF,0x5C,0x00,0x00,0x9C,0xFF,0xB7,0x0F,
    0x00,0xE4,0xFF,0x5C,0x00,0x00,0x9C,0xFF,0xA4,0x00,0x00,0xE4,0xFF,0x5C,0x00,0x00,
    0x9C,0xFF,0xA4,0x00,0x00,0xE3,0xFF,0x5C,0x00,0x00,0x9C,0xFF,0xA2,0x00,0x00,0xC6,
    0xFF,0x6C,0x00,0x00,0xAD,0xFF,0x85,0x00,0x00,0x71,0xFF,0xC6,0x14,0x2C,0xF0,0xFB,
    0x33,0x00,0x00,0x02,0x70,0xD4,0xF4,0xED,0xC3,0x48,0x00,0x00,0x00,0x00,0x65,0xEA,
    0x55,0xA1,0x3E,0x00,0x00,0x00,0x00,0xB9,0x37,0xB6,0xD7,0x09,0x00,0x00,0x00,0x00,
    0x00,0x00,0x00,0x00,0x00,0x10,0x37,0x18,0xFF,0xFF,0x03,0x00,0x98,0xFF,0x9C,0xC5,
    0x18,0xFF,0xFF,0x02,0x00,0x98,0xFF,0xFF,0xA4,0x18,0xFF,0xFF,0x00,0x00,0x98,0xFF,
    0x9C,0x07,0x18,0xFF,0xFF,0x00,0x00,0x98,0xFF,0x80,0x00,0x16,0xFF,0xFF,0x04,0x00,
    0xAD,0xFF,0x80,0x00,0x01,0xF0,0xFF,0x49,0x2F,0xF3,0xFF,0x80,0x00,0x00,0x54,0xE1,
    0xFF,0xFF,0xFF,0xFF,0x80,0x00,0x00,0x00,0x00,0x00,0x00,0x00,0x00,0x00,0x00,0x47,
    0x00,0xE4,0xFF,0x5C,0x00,0x00,0x9C,0xFF,0xA4,0xE1,0x00,0xE4,0xFF,0x5C,0x00,0x00,
    0x9C,0xFF,0xFF,0xD8,0x00,0xE4,0xFF,0x5C,0x00,0x00,0x9C,0xFF,0xB7,0x0F,0x00,0xE4,
    0xFF,0x5C,0x00,0x00,0x9C,0xFF,0xA4,0x00,0x00,0xE4,0xFF,0x5C,0x00,0x00,0x9C,0xFF,
    0xA4,0x00,0x00,0xE3,0xFF,0x5C,0x00,0x00,0x9C,0xFF,0xA2,0x00,0x00,0xC6,0xFF,0x6C,
    0x00,0x00,0xAD,0xFF,0x85,0x00,0x00,0x71,0xFF,0xC6,0x14,0x2C,0xF0,0xFB,0x33,0x00,
    0x00,0x02,0x70,0xD4,0xF4,0xED,0xC3,0x48,0x00,0x00,0x00,0x00,0x00,0x07,0x28,0x24,
    0x00,0x00,0x00,0x00,0x00,0x00,0x00,0x30,0xFF,0xE8,0x00,0x00,0x00,0x00,0x00,0x00,
    0x00,0x1A,0x8C,0x7E,0x00,0x00,0x00,0x00,0x00,0x00,0x00,0x00,0x00,0x00,0x00,0x10,
    0x37,0x18,0xFF,0xFF,0x03,0x00,0x98,0xFF,0x9C,0xC5,0x18,0xFF,0xFF,0x02,0x00,0x98,
    0xFF,0xFF,0xA4,0x18,0xFF,0xFF,0x00,0x00,0x98,0xFF,0x9C,0x07,0x18,0xFF,0xFF,0x00,
    0x00,0x98,0xFF,0x80,0x00,0x16,0xFF,0xFF,0x04,0x00,0xAD,0xFF,0x80,0x00,0x01,0xF0,
    0xFF,0x49,0x2F,0xF3,0xFF,0x80,0x00,0x00,0x54,0xE1,0xFF,0xFF,0xFF,0xFF,0x80,0x00,
    0x00,0x00,0x00,0x20,0x28,0x0B,0x00,0x00,0x00,0x00,0x00,0x00,0xD0,0xFF,0x48,0x00,
    0x00,0x00,0x00,0x00,0x00,0x71,0x8C,0x27,0x00,0x00,0x00,0x00,0x00,0x00,0x39,0xF8,
    0x55,0x00,0x00,0x00,0x00,0x00,0x00,0x00,0x00,0x5C,0xDF,0x09,0x00,0x00,0x00,0x03,
    0xCA,0xFF,0xA7,0x00,0x00,0x10,0xE8,0xFF,0x7D,0x00,0x2E,0xFA,0xFF,0x47,0x00,0x98,
    0xFF,0xD3,0x05,0x00,0x00,0x85,0xFF,0xDD,0x43,0xFE,0xFD,0x37,0x00,0x00,0x00,0x07,
    0xD8,0xFF,0xF9,0xFF,0x8F,0x00,0x00,0x00,0x00,0x00,0x3D,0xFE,0xFF,0xE0,0x0B,0x00,
    0x00,0x00,0x00,0x00,0x00,0xCB,0xFF,0x7B,0x00,0x00,0x00,0x00,0x00,0x00,0x00,0xC8,
    0xFF,0x78,0x00,0x00,0x00,0x00,0x00,0x00,0x00,0xC8,0xFF,0x78,0x00,0x00,0x00,0x00,
    0x00,0x00,0x00,0xC8,0xFF,0x78,0x00,0x00,0x00,0x00,0x58,0xF4,0x3B,0x00,0x00,0x00,
    0x00,0x00,0x00,0x49,0xDF,0x1F,0x00,0x00,0x00,0x00,0x00,0x00,0x00,0x00,0x00,0x00,
    0x00,0xAA,0xFF,0x6F,0x00,0x00,0xA5,0xFF,0x70,0x46,0xFF,0xCE,0x00,0x05,0xEF,0xFE,
    0x1D,0x01,0xDF,0xFF,0x2D,0x46,0xFF,0xC6,0x00,0x00,0x7E,0xFF,0x8C,0x97,0xFF,0x71,
    0x00,0x00,0x1C,0xFD,0xE7,0xE6,0xFE,0x1D,0x00,0x00,0x00,0xB6,0xFF,0xFF,0xC7,0x00,
    0x00,0x00,0x00,0x52,0xFF,0xFF,0x71,0x00,0x00,0x00,0x00,0x06,0xFB,0xFE,0x1D,0x00,
    0x00,0x00,0x00,0x4F,0xFF,0xB9,0x00,0x00,0x00,0x00,0xCC,0xFB,0xC7,0x1F,0x00,0x00,
    0x00,0x03,0xCA,0xFF,0xA7,0x00,0x00,0x10,0xE8,0xFF,0x7D,0x00,0x2E,0xFA,0xFF,0x47,
    0x00,0x98,0xFF,0xD3,0x05,0x00,0x00,0x85,0xFF,0xDD,0x43,0xFE,0xFD,0x37,0x00,0x00,
    0x00,0x07,0xD8,0xFF,0xF9,0xFF,0x8F,0x00,0x00,0x00,0x00,0x00,0x3D,0xFE,0xFF,0xE0,
    0x0B,0x00,0x00,0x00,0x00,0x00,0x00,0xCB,0xFF,0x7B,0x00,0x00,0x00,0x00,0x00,0x00,
    0x00,0xC8,0xFF,0x78,0x00,0x00,0x00,0x00,0x00,0x00,0x00,0xC8,0xFF,0x78,0x00,0x00,
    0x00,0x00,0x00,0x00,0x00,0xC8,0xFF,0x78,0x00,0x00,0x00,0x00,0x00,0x00,0x00,0x1F,
    0x28,0x0C,0x00,0x00,0x00,0x00,0x00,0x00,0x00,0xC8,0xFF,0x50,0x00,0x00,0x00,0x00,
    0x00,0x00,0x00,0x6D,0x8C,0x2B,0x00,0x00,0x00,0xAA,0xFF,0x6F,0x00,0x00,0xA5,0xFF,
    0x70,0x46,0xFF,0xCE,0x00,0x05,0xEF,0xFE,0x1D,0x01,0xDF,0xFF,0x2D,0x46,0xFF,0xC6,
    0x00,0x00,0x7E,0xFF,0x8C,0x97,0xFF,0x71,0x00,0x00,0x1C,0xFD,0xE7,0xE6,0xFE,0x1D,
    0x00,0x00,0x00,0xB6,0xFF,0xFF,0xC7,0x00,0x00,0x00,0x00,0x52,0xFF,0xFF,0x71,0x00,
    0x00,0x00,0x00,0x06,0xFB,0xFE,0x40,0x28,0x08,0x00,0x00,0x4F,0xFF,0xB9,0xE0,0xFF,
    0x38,0x00,0xCC,0xFB,0xC7,0x1F,0x7A,0x8C,0x1E,0x00,0x00,0x00,0x00,0x08,0x17,0x00,
    0x00,0x00,0x00,0x00,0x00,0x00,0x0D,0x97,0x92,0xAE,0x00,0x00,0x00,0x00,0x00,0x00,
    0x00,0x00,0x7C,0xA2,0x00,0x00,0x00,0x00,0x00,0x00,0x00,0x08,0x8F,0x03,0x00,0x00,
    0x00,0x03,0xCA,0xFF,0xA7,0x00,0x00,0x10,0xE8,0xFF,0x7D,0x00,0x2E,0xFA,0xFF,0x47,
    0x00,0x98,0xFF,0xD3,0x05,0x00,0x00,0x85,0xFF,0xDD,0x43,0xFE,0xFD,0x37,0x00,0x00,
    0x00,0x07,0xD8,0xFF,0xF9,0xFF,0x8F,0x00,0x00,0x00,0x00,0x00,0x3D,0xFE,0xFF,0xE0,
    0x0B,0x00,0x00,0x00,0x00,0x00,0x00,0xCB,0xFF,0x7B,0x00,0x00,0x00,0x00,0x00,0x00,
    0x00,0xC8,0xFF,0x78,0x00,0x00,0x00,0x00,0x00,0x00,0x00,0xC8,0xFF,0x78,0x00,0x00,
    0x00,0x00,0x00,0x00,0x00,0xC8,0xFF,0x78,0x00,0x00,0x00,0x00,0x00,0x00,0x15,0x0A,
    0x00,0x00,0x00,0x00,0x00,0x5A,0x87,0xC6,0x3D,0x00,0x00,0x00,0x00,0x00,0x1B,0xD0,
    0x33,0x00,0x00,0x00,0x00,0x00,0x50,0x4A,0x00,0x00,0x00,0xAA,0xFF,0x6F,0x00,0x00,
    0xA5,0xFF,0x70,0x46,0xFF,0xCE,0x00,0x05,0xEF,0xFE,0x1D,0x01,0xDF,0xFF,0x2D,0x46,
    0xFF,0xC6,0x00,0x00,0x7E,0xFF,0x8C,0x97,0xFF,0x71,0x00,0x00,0x1C,0xFD,0xE7,0xE6,
    0xFE,0x1D,0x00,0x00,0x00,0xB6,0xFF,0xFF,0xC7,0x00,0x00,0x00,0x00,0x52,0xFF,0xFF,
    0x71,0x00,0x00,0x00,0x00,0x06,0xFB,0xFE,0x1D,0x00,0x00,0x00,0x00,0x4F,0xFF,0xB9,
    0x00,0x00,0x00,0x00,0xCC,0xFB,0xC7,0x1F,0x00,0x00,0x00,0x00,0x00,0x00,0x50,0xED,
    0x68,0x8E,0x57,0x00,0x00,0x00,0x00,0x00,0xA8,0x47,0xA8,0xE2,0x16,0x00,0x00,0x03,
    0xCA,0xFF,0xA7,0x00,0x00,0x10,0xE8,0xFF,0x7D,0x00,0x2E,0xFA,0xFF,0x47,0x00,0x98,
    0xFF,0xD3,0x05,0x00,0x00,0x85,0xFF,0xDD,0x43,0xFE,0xFD,0x37,0x00,0x00,0x00,0x07,
    0xD8,0xFF,0xF9,0xFF,0x8F,0x00,0x00,0x00,0x00,0x00,0x3D,0xFE,0xFF,0xE0,0x0B,0x00,
    0x00,0x00,0x00,0x00,0x00,0xCB,0xFF,0x7B,0x00,0x00,0x00,0x00,0x00,0x00,0x00,0xC8,
    0xFF,0x78,0x00,0x00,0x00,0x00,0x00,0x00,0x00,0xC8,0xFF,0x78,0x00,0x00,0x00,0x00,
    0x00,0x00,0x00,0xC8,0xFF,0x78,0x00,0x00,0x00,0x00,0x00,0xA5,0xD6,0x2F,0xD9,0x01,
    0x00,0x00,0x03,0xD4,0x37,0xDA,0x9E,0x00,0x00,0x00,0x00,0x00,0x00,0x00,0x00,0x00,
    0x00,0xAA,0xFF,0x6F,0x00,0x00,0xA5,0xFF,0x70,0x46,0xFF,0xCE,0x00,0x05,0xEF,0xFE,
    0x1D,0x01,0xDF,0xFF,0x2D,0x46,0xFF,0xC6,0x00,0x00,0x7E,0xFF,0x8C,0x97,0xFF,0x71,
    0x00,0x00,0x1C,0xFD,0xE7,0xE6,0xFE,0x1D,0x00,0x00,0x00,0xB6,0xFF,0xFF,0xC7,0x00,
    0x00,0x00,0x00,0x52,0xFF,0xFF,0x71,0x00,0x00,0x00,0x00,0x06,0xFB,0xFE,0x1D,0x00,
    0x00,0x00,0x00,0x4F,0xFF,0xB9,0x00,0x00,0x00,0x00,0xCC,0xFB,0xC7,0x1F,0x00,0x00,
    0x00,0x00,0x02,0x9D,0x5E,0x00,0x00,0x00,0x00,0x00,0x00,0x04,0xA7,0xE9,0x2A,0x00,
    0x00,0x00,0x00,0x00,0x00,0x5D,0xFF,0xFF,0xFF,0xFF,0xFF,0xFF,0xFF,0xFF,0x60,0x04,
    0xA7,0xE8,0x2A,0x00,0x00,0x00,0x00,0x00,0x00,0x00,0x02,0x9D,0x5F,0x00,0x00,0x00,
    0x00,0x00,0x00,0x00,0x00,0x00,0x00,0x00,0x00,0x00,0x00,0x00,0x00,0x00,0x00,0x00,
    0x00,0x00,0x00,0x51,0xA7,0x05,0x00,0x00,0x00,0x00,0x00,0x00,0x00,0x22,0xE2,0xB3,
    0x07,0x50,0xFF,0xFF,0xFF,0xFF,0xFF,0xFF,0xFF,0xFF,0x6C,0x00,0x00,0x00,0x00,0x00,
    0x00,0x22,0xE1,0xB4,0x08,0x00,0x00,0x00,0x00,0x00,0x00,0x51,0xA8,0x05,0x00,0x00,
    0x00,0x00,0x00,0x00,0x00,0x00,0x00,0x00,0x00,0x0E,0x44,0x65,0x6A,0x61,0x56,0x75,
    0x53,0x61,0x6E,0x73,0x42,0x6F,0x6C,0x64,0x0E,0x44,0x65,0x6A,0x61,0x56,0x75,0x53,
    0x61,0x6E,0x73,0x42,0x6F,0x6C,0x64,0x01,
};

#endif  // VN_FONT_SMALL_H
