// Generated by tools/make_vlw.py -- do not edit by hand.
//
// DejaVu Sans Bold at 17 px, TFT_eSPI smooth-font (.vlw) format.
// 232 glyphs, 45355 bytes, line box 24 px (ascent 20 + descent 4).
// Bitstream Vera license -- redistributable in a shipped product.

#ifndef VN_FONT_MEDIUM_H
#define VN_FONT_MEDIUM_H

#include <pgmspace.h>

const uint8_t VN_FONT_MEDIUM[] PROGMEM = {
    0x00,0x00,0x00,0xE8,0x00,0x00,0x00,0x0B,0x00,0x00,0x00,0x11,0x00,0x00,0x00,0x00,
    0x00,0x00,0x00,0x14,0x00,0x00,0x00,0x04,0x00,0x00,0x00,0x20,0x00,0x00,0x00,0x00,
    0x00,0x00,0x00,0x00,0x00,0x00,0x00,0x06,0x00,0x00,0x00,0x00,0x00,0x00,0x00,0x00,
    0x00,0x00,0x00,0x00,0x00,0x00,0x00,0x21,0x00,0x00,0x00,0x0C,0x00,0x00,0x00,0x08,
    0x00,0x00,0x00,0x08,0x00,0x00,0x00,0x0C,0x00,0x00,0x00,0x00,0x00,0x00,0x00,0x00,
    0x00,0x00,0x00,0x22,0x00,0x00,0x00,0x0C,0x00,0x00,0x00,0x09,0x00,0x00,0x00,0x09,
    0x00,0x00,0x00,0x0C,0x00,0x00,0x00,0x00,0x00,0x00,0x00,0x00,0x00,0x00,0x00,0x23,
    0x00,0x00,0x00,0x0C,0x00,0x00,0x00,0x0E,0x00,0x00,0x00,0x0E,0x00,0x00,0x00,0x0C,
    0x00,0x00,0x00,0x00,0x00,0x00,0x00,0x00,0x00,0x00,0x00,0x24,0x00,0x00,0x00,0x10,
    0x00,0x00,0x00,0x0C,0x00,0x00,0x00,0x0C,0x00,0x00,0x00,0x0D,0x00,0x00,0x00,0x00,
    0x00,0x00,0x00,0x00,0x00,0x00,0x00,0x25,0x00,0x00,0x00,0x0C,0x00,0x00,0x00,0x11,
    0x00,0x00,0x00,0x11,0x00,0x00,0x00,0x0C,0x00,0x00,0x00,0x00,0x00,0x00,0x00,0x00,
    0x00,0x00,0x00,0x26,0x00,0x00,0x00,0x0C,0x00,0x00,0x00,0x0F,0x00,0x00,0x00,0x0F,
    0x00,0x00,0x00,0x0C,0x00,0x00,0x00,0x00,0x00,0x00,0x00,0x00,0x00,0x00,0x00,0x27,
    0x00,0x00,0x00,0x0C,0x00,0x00,0x00,0x05,0x00,0x00,0x00,0x05,0x00,0x00,0x00,0x0C,
    0x00,0x00,0x00,0x00,0x00,0x00,0x00,0x00,0x00,0x00,0x00,0x28,0x00,0x00,0x00,0x0F,
    0x00,0x00,0x00,0x08,0x00,0x00,0x00,0x08,0x00,0x00,0x00,0x0D,0x00,0x00,0x00,0x00,
    0x00,0x00,0x00,0x00,0x00,0x00,0x00,0x29,0x00,0x00,0x00,0x0F,0x00,0x00,0x00,0x08,
    0x00,0x00,0x00,0x08,0x00,0x00,0x00,0x0D,0x00,0x00,0x00,0x00,0x00,0x00,0x00,0x00,
    0x00,0x00,0x00,0x2A,0x00,0x00,0x00,0x0C,0x00,0x00,0x00,0x09,0x00,0x00,0x00,0x09,
    0x00,0x00,0x00,0x0C,0x00,0x00,0x00,0x00,0x00,0x00,0x00,0x00,0x00,0x00,0x00,0x2B,
    0x00,0x00,0x00,0x0A,0x00,0x00,0x00,0x0E,0x00,0x00,0x00,0x0E,0x00,0x00,0x00,0x0A,
    0x00,0x00,0x00,0x00,0x00,0x00,0x00,0x00,0x00,0x00,0x00,0x2C,0x00,0x00,0x00,0x06,
    0x00,0x00,0x00,0x06,0x00,0x00,0x00,0x06,0x00,0x00,0x00,0x03,0x00,0x00,0x00,0x00,
    0x00,0x00,0x00,0x00,0x00,0x00,0x00,0x2D,0x00,0x00,0x00,0x06,0x00,0x00,0x00,0x07,
    0x00,0x00,0x00,0x07,0x00,0x00,0x00,0x06,0x00,0x00,0x00,0x00,0x00,0x00,0x00,0x00,
    0x00,0x00,0x00,0x2E,0x00,0x00,0x00,0x03,0x00,0x00,0x00,0x06,0x00,0x00,0x00,0x06,
    0x00,0x00,0x00,0x03,0x00,0x00,0x00,0x00,0x00,0x00,0x00,0x00,0x00,0x00,0x00,0x2F,
    0x00,0x00,0x00,0x0E,0x00,0x00,0x00,0x07,0x00,0x00,0x00,0x06,0x00,0x00,0x00,0x0C,
    0x00,0x00,0x00,0x00,0x00,0x00,0x00,0x00,0x00,0x00,0x00,0x30,0x00,0x00,0x00,0x0C,
    0x00,0x00,0x00,0x0C,0x00,0x00,0x00,0x0C,0x00,0x00,0x00,0x0C,0x00,0x00,0x00,0x00,
    0x00,0x00,0x00,0x00,0x00,0x00,0x00,0x31,0x00,0x00,0x00,0x0C,0x00,0x00,0x00,0x0C,
    0x00,0x00,0x00,0x0C,0x00,0x00,0x00,0x0C,0x00,0x00,0x00,0x00,0x00,0x00,0x00,0x00,
    0x00,0x00,0x00,0x32,0x00,0x00,0x00,0x0C,0x00,0x00,0x00,0x0C,0x00,0x00,0x00,0x0C,
    0x00,0x00,0x00,0x0C,0x00,0x00,0x00,0x00,0x00,0x00,0x00,0x00,0x00,0x00,0x00,0x33,
    0x00,0x00,0x00,0x0C,0x00,0x00,0x00,0x0C,0x00,0x00,0x00,0x0C,0x00,0x00,0x00,0x0C,
    0x00,0x00,0x00,0x00,0x00,0x00,0x00,0x00,0x00,0x00,0x00,0x34,0x00,0x00,0x00,0x0C,
    0x00,0x00,0x00,0x0C,0x00,0x00,0x00,0x0C,0x00,0x00,0x00,0x0C,0x00,0x00,0x00,0x00,
    0x00,0x00,0x00,0x00,0x00,0x00,0x00,0x35,0x00,0x00,0x00,0x0C,0x00,0x00,0x00,0x0C,
    0x00,0x00,0x00,0x0C,0x00,0x00,0x00,0x0C,0x00,0x00,0x00,0x00,0x00,0x00,0x00,0x00,
    0x00,0x00,0x00,0x36,0x00,0x00,0x00,0x0C,0x00,0x00,0x00,0x0C,0x00,0x00,0x00,0x0C,
    0x00,0x00,0x00,0x0C,0x00,0x00,0x00,0x00,0x00,0x00,0x00,0x00,0x00,0x00,0x00,0x37,
    0x00,0x00,0x00,0x0C,0x00,0x00,0x00,0x0C,0x00,0x00,0x00,0x0C,0x00,0x00,0x00,0x0C,
    0x00,0x00,0x00,0x00,0x00,0x00,0x00,0x00,0x00,0x00,0x00,0x38,0x00,0x00,0x00,0x0C,
    0x00,0x00,0x00,0x0C,0x00,0x00,0x00,0x0C,0x00,0x00,0x00,0x0C,0x00,0x00,0x00,0x00,
    0x00,0x00,0x00,0x00,0x00,0x00,0x00,0x39,0x00,0x00,0x00,0x0C,0x00,0x00,0x00,0x0C,
    0x00,0x00,0x00,0x0C,0x00,0x00,0x00,0x0C,0x00,0x00,0x00,0x00,0x00,0x00,0x00,0x00,
    0x00,0x00,0x00,0x3A,0x00,0x00,0x00,0x09,0x00,0x00,0x00,0x07,0x00,0x00,0x00,0x07,
    0x00,0x00,0x00,0x09,0x00,0x00,0x00,0x00,0x00,0x00,0x00,0x00,0x00,0x00,0x00,0x3B,
    0x00,0x00,0x00,0x0C,0x00,0x00,0x00,0x07,0x00,0x00,0x00,0x07,0x00,0x00,0x00,0x09,
    0x00,0x00,0x00,0x00,0x00,0x00,0x00,0x00,0x00,0x00,0x00,0x3C,0x00,0x00,0x00,0x0A,
    0x00,0x00,0x00,0x0E,0x00,0x00,0x00,0x0E,0x00,0x00,0x00,0x0A,0x00,0x00,0x00,0x00,
    0x00,0x00,0x00,0x00,0x00,0x00,0x00,0x3D,0x00,0x00,0x00,0x08,0x00,0x00,0x00,0x0E,
    0x00,0x00,0x00,0x0E,0x00,0x00,0x00,0x08,0x00,0x00,0x00,0x00,0x00,0x00,0x00,0x00,
    0x00,0x00,0x00,0x3E,0x00,0x00,0x00,0x0A,0x00,0x00,0x00,0x0E,0x00,0x00,0x00,0x0E,
    0x00,0x00,0x00,0x0A,0x00,0x00,0x00,0x00,0x00,0x00,0x00,0x00,0x00,0x00,0x00,0x3F,
    0x00,0x00,0x00,0x0C,0x00,0x00,0x00,0x0A,0x00,0x00,0x00,0x0A,0x00,0x00,0x00,0x0C,
    0x00,0x00,0x00,0x00,0x00,0x00,0x00,0x00,0x00,0x00,0x00,0x40,0x00,0x00,0x00,0x0F,
    0x00,0x00,0x00,0x11,0x00,0x00,0x00,0x11,0x00,0x00,0x00,0x0C,0x00,0x00,0x00,0x00,
    0x00,0x00,0x00,0x00,0x00,0x00,0x00,0x41,0x00,0x00,0x00,0x0C,0x00,0x00,0x00,0x0E,
    0x00,0x00,0x00,0x0D,0x00,0x00,0x00,0x0C,0x00,0x00,0x00,0x00,0x00,0x00,0x00,0x00,
    0x00,0x00,0x00,0x42,0x00,0x00,0x00,0x0C,0x00,0x00,0x00,0x0D,0x00,0x00,0x00,0x0D,
    0x00,0x00,0x00,0x0C,0x00,0x00,0x00,0x00,0x00,0x00,0x00,0x00,0x00,0x00,0x00,0x43,
    0x00,0x00,0x00,0x0C,0x00,0x00,0x00,0x0C,0x00,0x00,0x00,0x0C,0x00,0x00,0x00,0x0C,
    0x00,0x00,0x00,0x00,0x00,0x00,0x00,0x00,0x00,0x00,0x00,0x44,0x00,0x00,0x00,0x0C,
    0x00,0x00,0x00,0x0E,0x00,0x00,0x00,0x0E,0x00,0x00,0x00,0x0C,0x00,0x00,0x00,0x00,
    0x00,0x00,0x00,0x00,0x00,0x00,0x00,0x45,0x00,0x00,0x00,0x0C,0x00,0x00,0x00,0x0C,
    0x00,0x00,0x00,0x0C,0x00,0x00,0x00,0x0C,0x00,0x00,0x00,0x00,0x00,0x00,0x00,0x00,
    0x00,0x00,0x00,0x46,0x00,0x00,0x00,0x0C,0x00,0x00,0x00,0x0C,0x00,0x00,0x00,0x0C,
    0x00,0x00,0x00,0x0C,0x00,0x00,0x00,0x00,0x00,0x00,0x00,0x00,0x00,0x00,0x00,0x47,
    0x00,0x00,0x00,0x0C,0x00,0x00,0x00,0x0E,0x00,0x00,0x00,0x0E,0x00,0x00,0x00,0x0C,
    0x00,0x00,0x00,0x00,0x00,0x00,0x00,0x00,0x00,0x00,0x00,0x48,0x00,0x00,0x00,0x0C,
    0x00,0x00,0x00,0x0E,0x00,0x00,0x00,0x0E,0x00,0x00,0x00,0x0C,0x00,0x00,0x00,0x00,
    0x00,0x00,0x00,0x00,0x00,0x00,0x00,0x49,0x00,0x00,0x00,0x0C,0x00,0x00,0x00,0x06,
    0x00,0x00,0x00,0x06,0x00,0x00,0x00,0x0C,0x00,0x00,0x00,0x00,0x00,0x00,0x00,0x00,
    0x00,0x00,0x00,0x4A,0x00,0x00,0x00,0x0F,0x00,0x00,0x00,0x07,0x00,0x00,0x00,0x06,
    0x00,0x00,0x00,0x0C,0xFF,0xFF,0xFF,0xFF,0x00,0x00,0x00,0x00,0x00,0x00,0x00,0x4B,
    0x00,0x00,0x00,0x0C,0x00,0x00,0x00,0x0E,0x00,0x00,0x00,0x0D,0x00,0x00,0x00,0x0C,
    0x00,0x00,0x00,0x00,0x00,0x00,0x00,0x00,0x00,0x00,0x00,0x4C,0x00,0x00,0x00,0x0C,
    0x00,0x00,0x00,0x0B,0x00,0x00,0x00,0x0B,0x00,0x00,0x00,0x0C,0x00,0x00,0x00,0x00,
    0x00,0x00,0x00,0x00,0x00,0x00,0x00,0x4D,0x00,0x00,0x00,0x0C,0x00,0x00,0x00,0x11,
    0x00,0x00,0x00,0x11,0x00,0x00,0x00,0x0C,0x00,0x00,0x00,0x00,0x00,0x00,0x00,0x00,
    0x00,0x00,0x00,0x4E,0x00,0x00,0x00,0x0C,0x00,0x00,0x00,0x0E,0x00,0x00,0x00,0x0E,
    0x00,0x00,0x00,0x0C,0x00,0x00,0x00,0x00,0x00,0x00,0x00,0x00,0x00,0x00,0x00,0x4F,
    0x00,0x00,0x00,0x0C,0x00,0x00,0x00,0x0E,0x00,0x00,0x00,0x0E,0x00,0x00,0x00,0x0C,
    0x00,0x00,0x00,0x00,0x00,0x00,0x00,0x00,0x00,0x00,0x00,0x50,0x00,0x00,0x00,0x0C,
    0x00,0x00,0x00,0x0C,0x00,0x00,0x00,0x0C,0x00,0x00,0x00,0x0C,0x00,0x00,0x00,0x00,
    0x00,0x00,0x00,0x00,0x00,0x00,0x00,0x51,0x00,0x00,0x00,0x0E,0x00,0x00,0x00,0x0E,
    0x00,0x00,0x00,0x0E,0x00,0x00,0x00,0x0C,0x00,0x00,0x00,0x00,0x00,0x00,0x00,0x00,
    0x00,0x00,0x00,0x52,0x00,0x00,0x00,0x0C,0x00,0x00,0x00,0x0D,0x00,0x00,0x00,0x0D,
    0x00,0x00,0x00,0x0C,0x00,0x00,0x00,0x00,0x00,0x00,0x00,0x00,0x00,0x00,0x00,0x53,
    0x00,0x00,0x00,0x0C,0x00,0x00,0x00,0x0C,0x00,0x00,0x00,0x0C,0x00,0x00,0x00,0x0C,
    0x00,0x00,0x00,0x00,0x00,0x00,0x00,0x00,0x00,0x00,0x00,0x54,0x00,0x00,0x00,0x0C,
    0x00,0x00,0x00,0x0C,0x00,0x00,0x00,0x0C,0x00,0x00,0x00,0x0C,0x00,0x00,0x00,0x00,
    0x00,0x00,0x00,0x00,0x00,0x00,0x00,0x55,0x00,0x00,0x00,0x0C,0x00,0x00,0x00,0x0E,
    0x00,0x00,0x00,0x0E,0x00,0x00,0x00,0x0C,0x00,0x00,0x00,0x00,0x00,0x00,0x00,0x00,
    0x00,0x00,0x00,0x56,0x00,0x00,0x00,0x0C,0x00,0x00,0x00,0x0E,0x00,0x00,0x00,0x0D,
    0x00,0x00,0x00,0x0C,0x00,0x00,0x00,0x00,0x00,0x00,0x00,0x00,0x00,0x00,0x00,0x57,
    0x00,0x00,0x00,0x0C,0x00,0x00,0x00,0x13,0x00,0x00,0x00,0x13,0x00,0x00,0x00,0x0C,
    0x00,0x00,0x00,0x00,0x00,0x00,0x00,0x00,0x00,0x00,0x00,0x58,0x00,0x00,0x00,0x0C,
    0x00,0x00,0x00,0x0D,0x00,0x00,0x00,0x0D,0x00,0x00,0x00,0x0C,0x00,0x00,0x00,0x00,
    0x00,0x00,0x00,0x00,0x00,0x00,0x00,0x59,0x00,0x00,0x00,0x0C,0x00,0x00,0x00,0x0E,
    0x00,0x00,0x00,0x0C,0x00,0x00,0x00,0x0C,0xFF,0xFF,0xFF,0xFF,0x00,0x00,0x00,0x00,
    0x00,0x00,0x00,0x5A,0x00,0x00,0x00,0x0C,0x00,0x00,0x00,0x0C,0x00,0x00,0x00,0x0C,
    0x00,0x00,0x00,0x0C,0x00,0x00,0x00,0x00,0x00,0x00,0x00,0x00,0x00,0x00,0x00,0x5B,
    0x00,0x00,0x00,0x0F,0x00,0x00,0x00,0x08,0x00,0x00,0x00,0x08,0x00,0x00,0x00,0x0D,
    0x00,0x00,0x00,0x00,0x00,0x00,0x00,0x00,0x00,0x00,0x00,0x5C,0x00,0x00,0x00,0x0E,
    0x00,0x00,0x00,0x07,0x00,0x00,0x00,0x06,0x00,0x00,0x00,0x0C,0x00,0x00,0x00,0x00,
    0x00,0x00,0x00,0x00,0x00,0x00,0x00,0x5D,0x00,0x00,0x00,0x0F,0x00,0x00,0x00,0x08,
    0x00,0x00,0x00,0x08,0x00,0x00,0x00,0x0D,0x00,0x00,0x00,0x00,0x00,0x00,0x00,0x00,
    0x00,0x00,0x00,0x5E,0x00,0x00,0x00,0x0C,0x00,0x00,0x00,0x0E,0x00,0x00,0x00,0x0E,
    0x00,0x00,0x00,0x0C,0x00,0x00,0x00,0x00,0x00,0x00,0x00,0x00,0x00,0x00,0x00,0x5F,
    0x00,0x00,0x00,0x04,0x00,0x00,0x00,0x09,0x00,0x00,0x00,0x09,0x00,0x00,0x00,0x00,
    0x00,0x00,0x00,0x00,0x00,0x00,0x00,0x00,0x00,0x00,0x00,0x60,0x00,0x00,0x00,0x0E,
    0x00,0x00,0x00,0x09,0x00,0x00,0x00,0x09,0x00,0x00,0x00,0x0E,0x00,0x00,0x00,0x00,
    0x00,0x00,0x00,0x00,0x00,0x00,0x00,0x61,0x00,0x00,0x00,0x09,0x00,0x00,0x00,0x0B,
    0x00,0x00,0x00,0x0B,0x00,0x00,0x00,0x09,0x00,0x00,0x00,0x00,0x00,0x00,0x00,0x00,
    0x00,0x00,0x00,0x62,0x00,0x00,0x00,0x0D,0x00,0x00,0x00,0x0C,0x00,0x00,0x00,0x0C,
    0x00,0x00,0x00,0x0D,0x00,0x00,0x00,0x00,0x00,0x00,0x00,0x00,0x00,0x00,0x00,0x63,
    0x00,0x00,0x00,0x09,0x00,0x00,0x00,0x0A,0x00,0x00,0x00,0x0A,0x00,0x00,0x00,0x09,
    0x00,0x00,0x00,0x00,0x00,0x00,0x00,0x00,0x00,0x00,0x00,0x64,0x00,0x00,0x00,0x0D,
    0x00,0x00,0x00,0x0C,0x00,0x00,0x00,0x0C,0x00,0x00,0x00,0x0D,0x00,0x00,0x00,0x00,
    0x00,0x00,0x00,0x00,0x00,0x00,0x00,0x65,0x00,0x00,0x00,0x09,0x00,0x00,0x00,0x0C,
    0x00,0x00,0x00,0x0C,0x00,0x00,0x00,0x09,0x00,0x00,0x00,0x00,0x00,0x00,0x00,0x00,
    0x00,0x00,0x00,0x66,0x00,0x00,0x00,0x0D,0x00,0x00,0x00,0x08,0x00,0x00,0x00,0x07,
    0x00,0x00,0x00,0x0D,0x00,0x00,0x00,0x00,0x00,0x00,0x00,0x00,0x00,0x00,0x00,0x67,
    0x00,0x00,0x00,0x0D,0x00,0x00,0x00,0x0C,0x00,0x00,0x00,0x0C,0x00,0x00,0x00,0x09,
    0x00,0x00,0x00,0x00,0x00,0x00,0x00,0x00,0x00,0x00,0x00,0x68,0x00,0x00,0x00,0x0D,
    0x00,0x00,0x00,0x0C,0x00,0x00,0x00,0x0C,0x00,0x00,0x00,0x0D,0x00,0x00,0x00,0x00,
    0x00,0x00,0x00,0x00,0x00,0x00,0x00,0x69,0x00,0x00,0x00,0x0D,0x00,0x00,0x00,0x06,
    0x00,0x00,0x00,0x06,0x00,0x00,0x00,0x0D,0x00,0x00,0x00,0x00,0x00,0x00,0x00,0x00,
    0x00,0x00,0x00,0x6A,0x00,0x00,0x00,0x11,0x00,0x00,0x00,0x07,0x00,0x00,0x00,0x06,
    0x00,0x00,0x00,0x0D,0xFF,0xFF,0xFF,0xFF,0x00,0x00,0x00,0x00,0x00,0x00,0x00,0x6B,
    0x00,0x00,0x00,0x0D,0x00,0x00,0x00,0x0C,0x00,0x00,0x00,0x0B,0x00,0x00,0x00,0x0D,
    0x00,0x00,0x00,0x00,0x00,0x00,0x00,0x00,0x00,0x00,0x00,0x6C,0x00,0x00,0x00,0x0D,
    0x00,0x00,0x00,0x06,0x00,0x00,0x00,0x06,0x00,0x00,0x00,0x0D,0x00,0x00,0x00,0x00,
    0x00,0x00,0x00,0x00,0x00,0x00,0x00,0x6D,0x00,0x00,0x00,0x09,0x00,0x00,0x00,0x12,
    0x00,0x00,0x00,0x12,0x00,0x00,0x00,0x09,0x00,0x00,0x00,0x00,0x00,0x00,0x00,0x00,
    0x00,0x00,0x00,0x6E,0x00,0x00,0x00,0x09,0x00,0x00,0x00,0x0C,0x00,0x00,0x00,0x0C,
    0x00,0x00,0x00,0x09,0x00,0x00,0x00,0x00,0x00,0x00,0x00,0x00,0x00,0x00,0x00,0x6F,
    0x00,0x00,0x00,0x09,0x00,0x00,0x00,0x0C,0x00,0x00,0x00,0x0C,0x00,0x00,0x00,0x09,
    0x00,0x00,0x00,0x00,0x00,0x00,0x00,0x00,0x00,0x00,0x00,0x70,0x00,0x00,0x00,0x0D,
    0x00,0x00,0x00,0x0C,0x00,0x00,0x00,0x0C,0x00,0x00,0x00,0x09,0x00,0x00,0x00,0x00,
    0x00,0x00,0x00,0x00,0x00,0x00,0x00,0x71,0x00,0x00,0x00,0x0D,0x00,0x00,0x00,0x0C,
    0x00,0x00,0x00,0x0C,0x00,0x00,0x00,0x09,0x00,0x00,0x00,0x00,0x00,0x00,0x00,0x00,
    0x00,0x00,0x00,0x72,0x00,0x00,0x00,0x09,0x00,0x00,0x00,0x09,0x00,0x00,0x00,0x08,
    0x00,0x00,0x00,0x09,0x00,0x00,0x00,0x00,0x00,0x00,0x00,0x00,0x00,0x00,0x00,0x73,
    0x00,0x00,0x00,0x09,0x00,0x00,0x00,0x0A,0x00,0x00,0x00,0x0A,0x00,0x00,0x00,0x09,
    0x00,0x00,0x00,0x00,0x00,0x00,0x00,0x00,0x00,0x00,0x00,0x74,0x00,0x00,0x00,0x0C,
    0x00,0x00,0x00,0x08,0x00,0x00,0x00,0x08,0x00,0x00,0x00,0x0C,0x00,0x00,0x00,0x00,
    0x00,0x00,0x00,0x00,0x00,0x00,0x00,0x75,0x00,0x00,0x00,0x09,0x00,0x00,0x00,0x0C,
    0x00,0x00,0x00,0x0C,0x00,0x00,0x00,0x09,0x00,0x00,0x00,0x00,0x00,0x00,0x00,0x00,
    0x00,0x00,0x00,0x76,0x00,0x00,0x00,0x09,0x00,0x00,0x00,0x0B,0x00,0x00,0x00,0x0B,
    0x00,0x00,0x00,0x09,0x00,0x00,0x00,0x00,0x00,0x00,0x00,0x00,0x00,0x00,0x00,0x77,
    0x00,0x00,0x00,0x09,0x00,0x00,0x00,0x10,0x00,0x00,0x00,0x10,0x00,0x00,0x00,0x09,
    0x00,0x00,0x00,0x00,0x00,0x00,0x00,0x00,0x00,0x00,0x00,0x78,0x00,0x00,0x00,0x09,
    0x00,0x00,0x00,0x0B,0x00,0x00,0x00,0x0B,0x00,0x00,0x00,0x09,0x00,0x00,0x00,0x00,
    0x00,0x00,0x00,0x00,0x00,0x00,0x00,0x79,0x00,0x00,0x00,0x0D,0x00,0x00,0x00,0x0B,
    0x00,0x00,0x00,0x0B,0x00,0x00,0x00,0x09,0x00,0x00,0x00,0x00,0x00,0x00,0x00,0x00,
    0x00,0x00,0x00,0x7A,0x00,0x00,0x00,0x09,0x00,0x00,0x00,0x0A,0x00,0x00,0x00,0x0A,
    0x00,0x00,0x00,0x09,0x00,0x00,0x00,0x00,0x00,0x00,0x00,0x00,0x00,0x00,0x00,0x7B,
    0x00,0x00,0x00,0x10,0x00,0x00,0x00,0x0C,0x00,0x00,0x00,0x0C,0x00,0x00,0x00,0x0D,
    0x00,0x00,0x00,0x00,0x00,0x00,0x00,0x00,0x00,0x00,0x00,0x7C,0x00,0x00,0x00,0x11,
    0x00,0x00,0x00,0x06,0x00,0x00,0x00,0x06,0x00,0x00,0x00,0x0D,0x00,0x00,0x00,0x00,
    0x00,0x00,0x00,0x00,0x00,0x00,0x00,0x7D,0x00,0x00,0x00,0x10,0x00,0x00,0x00,0x0C,
    0x00,0x00,0x00,0x0C,0x00,0x00,0x00,0x0D,0x00,0x00,0x00,0x00,0x00,0x00,0x00,0x00,
    0x00,0x00,0x00,0x7E,0x00,0x00,0x00,0x08,0x00,0x00,0x00,0x0E,0x00,0x00,0x00,0x0E,
    0x00,0x00,0x00,0x08,0x00,0x00,0x00,0x00,0x00,0x00,0x00,0x00,0x00,0x00,0x00,0xB0,
    0x00,0x00,0x00,0x0D,0x00,0x00,0x00,0x09,0x00,0x00,0x00,0x09,0x00,0x00,0x00,0x0D,
    0x00,0x00,0x00,0x00,0x00,0x00,0x00,0x00,0x00,0x00,0x00,0xC0,0x00,0x00,0x00,0x0F,
    0x00,0x00,0x00,0x0E,0x00,0x00,0x00,0x0D,0x00,0x00,0x00,0x0F,0x00,0x00,0x00,0x00,
    0x00,0x00,0x00,0x00,0x00,0x00,0x00,0xC1,0x00,0x00,0x00,0x0F,0x00,0x00,0x00,0x0E,
    0x00,0x00,0x00,0x0D,0x00,0x00,0x00,0x0F,0x00,0x00,0x00,0x00,0x00,0x00,0x00,0x00,
    0x00,0x00,0x00,0xC2,0x00,0x00,0x00,0x0F,0x00,0x00,0x00,0x0E,0x00,0x00,0x00,0x0D,
    0x00,0x00,0x00,0x0F,0x00,0x00,0x00,0x00,0x00,0x00,0x00,0x00,0x00,0x00,0x00,0xC3,
    0x00,0x00,0x00,0x10,0x00,0x00,0x00,0x0E,0x00,0x00,0x00,0x0D,0x00,0x00,0x00,0x10,
    0x00,0x00,0x00,0x00,0x00,0x00,0x00,0x00,0x00,0x00,0x00,0xC8,0x00,0x00,0x00,0x0F,
    0x00,0x00,0x00,0x0C,0x00,0x00,0x00,0x0C,0x00,0x00,0x00,0x0F,0x00,0x00,0x00,0x00,
    0x00,0x00,0x00,0x00,0x00,0x00,0x00,0xC9,0x00,0x00,0x00,0x0F,0x00,0x00,0x00,0x0C,
    0x00,0x00,0x00,0x0C,0x00,0x00,0x00,0x0F,0x00,0x00,0x00,0x00,0x00,0x00,0x00,0x00,
    0x00,0x00,0x00,0xCA,0x00,0x00,0x00,0x0F,0x00,0x00,0x00,0x0C,0x00,0x00,0x00,0x0C,
    0x00,0x00,0x00,0x0F,0x00,0x00,0x00,0x00,0x00,0x00,0x00,0x00,0x00,0x00,0x00,0xCC,
    0x00,0x00,0x00,0x0F,0x00,0x00,0x00,0x06,0x00,0x00,0x00,0x06,0x00,0x00,0x00,0x0F,
    0x00,0x00,0x00,0x00,0x00,0x00,0x00,0x00,0x00,0x00,0x00,0xCD,0x00,0x00,0x00,0x0F,
    0x00,0x00,0x00,0x06,0x00,0x00,0x00,0x06,0x00,0x00,0x00,0x0F,0x00,0x00,0x00,0x00,
    0x00,0x00,0x00,0x00,0x00,0x00,0x00,0xD2,0x00,0x00,0x00,0x0F,0x00,0x00,0x00,0x0E,
    0x00,0x00,0x00,0x0E,0x00,0x00,0x00,0x0F,0x00,0x00,0x00,0x00,0x00,0x00,0x00,0x00,
    0x00,0x00,0x00,0xD3,0x00,0x00,0x00,0x0F,0x00,0x00,0x00,0x0E,0x00,0x00,0x00,0x0E,
    0x00,0x00,0x00,0x0F,0x00,0x00,0x00,0x00,0x00,0x00,0x00,0x00,0x00,0x00,0x00,0xD4,
    0x00,0x00,0x00,0x0F,0x00,0x00,0x00,0x0E,0x00,0x00,0x00,0x0E,0x00,0x00,0x00,0x0F,
    0x00,0x00,0x00,0x00,0x00,0x00,0x00,0x00,0x00,0x00,0x00,0xD5,0x00,0x00,0x00,0x10,
    0x00,0x00,0x00,0x0E,0x00,0x00,0x00,0x0E,0x00,0x00,0x00,0x10,0x00,0x00,0x00,0x00,
    0x00,0x00,0x00,0x00,0x00,0x00,0x00,0xD9,0x00,0x00,0x00,0x0F,0x00,0x00,0x00,0x0E,
    0x00,0x00,0x00,0x0E,0x00,0x00,0x00,0x0F,0x00,0x00,0x00,0x00,0x00,0x00,0x00,0x00,
    0x00,0x00,0x00,0xDA,0x00,0x00,0x00,0x0F,0x00,0x00,0x00,0x0E,0x00,0x00,0x00,0x0E,
    0x00,0x00,0x00,0x0F,0x00,0x00,0x00,0x00,0x00,0x00,0x00,0x00,0x00,0x00,0x00,0xDD,
    0x00,0x00,0x00,0x0F,0x00,0x00,0x00,0x0E,0x00,0x00,0x00,0x0C,0x00,0x00,0x00,0x0F,
    0xFF,0xFF,0xFF,0xFF,0x00,0x00,0x00,0x00,0x00,0x00,0x00,0xE0,0x00,0x00,0x00,0x0E,
    0x00,0x00,0x00,0x0B,0x00,0x00,0x00,0x0B,0x00,0x00,0x00,0x0E,0x00,0x00,0x00,0x00,
    0x00,0x00,0x00,0x00,0x00,0x00,0x00,0xE1,0x00,0x00,0x00,0x0E,0x00,0x00,0x00,0x0B,
    0x00,0x00,0x00,0x0B,0x00,0x00,0x00,0x0E,0x00,0x00,0x00,0x00,0x00,0x00,0x00,0x00,
    0x00,0x00,0x00,0xE2,0x00,0x00,0x00,0x0E,0x00,0x00,0x00,0x0B,0x00,0x00,0x00,0x0B,
    0x00,0x00,0x00,0x0E,0x00,0x00,0x00,0x00,0x00,0x00,0x00,0x00,0x00,0x00,0x00,0xE3,
    0x00,0x00,0x00,0x0E,0x00,0x00,0x00,0x0B,0x00,0x00,0x00,0x0B,0x00,0x00,0x00,0x0E,
    0x00,0x00,0x00,0x00,0x00,0x00,0x00,0x00,0x00,0x00,0x00,0xE8,0x00,0x00,0x00,0x0E,
    0x00,0x00,0x00,0x0C,0x00,0x00,0x00,0x0C,0x00,0x00,0x00,0x0E,0x00,0x00,0x00,0x00,
    0x00,0x00,0x00,0x00,0x00,0x00,0x00,0xE9,0x00,0x00,0x00,0x0E,0x00,0x00,0x00,0x0C,
    0x00,0x00,0x00,0x0C,0x00,0x00,0x00,0x0E,0x00,0x00,0x00,0x00,0x00,0x00,0x00,0x00,
    0x00,0x00,0x00,0xEA,0x00,0x00,0x00,0x0E,0x00,0x00,0x00,0x0C,0x00,0x00,0x00,0x0C,
    0x00,0x00,0x00,0x0E,0x00,0x00,0x00,0x00,0x00,0x00,0x00,0x00,0x00,0x00,0x00,0xEC,
    0x00,0x00,0x00,0x0E,0x00,0x00,0x00,0x07,0x00,0x00,0x00,0x06,0x00,0x00,0x00,0x0E,
    0xFF,0xFF,0xFF,0xFF,0x00,0x00,0x00,0x00,0x00,0x00,0x00,0xED,0x00,0x00,0x00,0x0E,
    0x00,0x00,0x00,0x07,0x00,0x00,0x00,0x06,0x00,0x00,0x00,0x0E,0x00,0x00,0x00,0x00,
    0x00,0x00,0x00,0x00,0x00,0x00,0x00,0xF2,0x00,0x00,0x00,0x0E,0x00,0x00,0x00,0x0C,
    0x00,0x00,0x00,0x0C,0x00,0x00,0x00,0x0E,0x00,0x00,0x00,0x00,0x00,0x00,0x00,0x00,
    0x00,0x00,0x00,0xF3,0x00,0x00,0x00,0x0E,0x00,0x00,0x00,0x0C,0x00,0x00,0x00,0x0C,
    0x00,0x00,0x00,0x0E,0x00,0x00,0x00,0x00,0x00,0x00,0x00,0x00,0x00,0x00,0x00,0xF4,
    0x00,0x00,0x00,0x0E,0x00,0x00,0x00,0x0C,0x00,0x00,0x00,0x0C,0x00,0x00,0x00,0x0E,
    0x00,0x00,0x00,0x00,0x00,0x00,0x00,0x00,0x00,0x00,0x00,0xF5,0x00,0x00,0x00,0x0E,
    0x00,0x00,0x00,0x0C,0x00,0x00,0x00,0x0C,0x00,0x00,0x00,0x0E,0x00,0x00,0x00,0x00,
    0x00,0x00,0x00,0x00,0x00,0x00,0x00,0xF9,0x00,0x00,0x00,0x0E,0x00,0x00,0x00,0x0C,
    0x00,0x00,0x00,0x0C,0x00,0x00,0x00,0x0E,0x00,0x00,0x00,0x00,0x00,0x00,0x00,0x00,
    0x00,0x00,0x00,0xFA,0x00,0x00,0x00,0x0E,0x00,0x00,0x00,0x0C,0x00,0x00,0x00,0x0C,
    0x00,0x00,0x00,0x0E,0x00,0x00,0x00,0x00,0x00,0x00,0x00,0x00,0x00,0x00,0x00,0xFD,
    0x00,0x00,0x00,0x12,0x00,0x00,0x00,0x0B,0x00,0x00,0x00,0x0B,0x00,0x00,0x00,0x0E,
    0x00,0x00,0x00,0x00,0x00,0x00,0x00,0x00,0x00,0x00,0x01,0x02,0x00,0x00,0x00,0x10,
    0x00,0x00,0x00,0x0E,0x00,0x00,0x00,0x0D,0x00,0x00,0x00,0x10,0x00,0x00,0x00,0x00,
    0x00,0x00,0x00,0x00,0x00,0x00,0x01,0x03,0x00,0x00,0x00,0x0D,0x00,0x00,0x00,0x0B,
    0x00,0x00,0x00,0x0B,0x00,0x00,0x00,0x0D,0x00,0x00,0x00,0x00,0x00,0x00,0x00,0x00,
    0x00,0x00,0x01,0x10,0x00,0x00,0x00,0x0C,0x00,0x00,0x00,0x0E,0x00,0x00,0x00,0x0E,
    0x00,0x00,0x00,0x0C,0x00,0x00,0x00,0x00,0x00,0x00,0x00,0x00,0x00,0x00,0x01,0x11,
    0x00,0x00,0x00,0x0D,0x00,0x00,0x00,0x0D,0x00,0x00,0x00,0x0C,0x00,0x00,0x00,0x0D,
    0x00,0x00,0x00,0x00,0x00,0x00,0x00,0x00,0x00,0x00,0x01,0x28,0x00,0x00,0x00,0x10,
    0x00,0x00,0x00,0x07,0x00,0x00,0x00,0x06,0x00,0x00,0x00,0x10,0x00,0x00,0x00,0x00,
    0x00,0x00,0x00,0x00,0x00,0x00,0x01,0x29,0x00,0x00,0x00,0x0E,0x00,0x00,0x00,0x06,
    0x00,0x00,0x00,0x06,0x00,0x00,0x00,0x0E,0x00,0x00,0x00,0x00,0x00,0x00,0x00,0x00,
    0x00,0x00,0x01,0x68,0x00,0x00,0x00,0x10,0x00,0x00,0x00,0x0E,0x00,0x00,0x00,0x0E,
    0x00,0x00,0x00,0x10,0x00,0x00,0x00,0x00,0x00,0x00,0x00,0x00,0x00,0x00,0x01,0x69,
    0x00,0x00,0x00,0x0E,0x00,0x00,0x00,0x0C,0x00,0x00,0x00,0x0C,0x00,0x00,0x00,0x0E,
    0x00,0x00,0x00,0x00,0x00,0x00,0x00,0x00,0x00,0x00,0x01,0xA0,0x00,0x00,0x00,0x0E,
    0x00,0x00,0x00,0x0F,0x00,0x00,0x00,0x0F,0x00,0x00,0x00,0x0E,0x00,0x00,0x00,0x00,
    0x00,0x00,0x00,0x00,0x00,0x00,0x01,0xA1,0x00,0x00,0x00,0x0B,0x00,0x00,0x00,0x0D,
    0x00,0x00,0x00,0x0C,0x00,0x00,0x00,0x0B,0x00,0x00,0x00,0x00,0x00,0x00,0x00,0x00,
    0x00,0x00,0x01,0xAF,0x00,0x00,0x00,0x0E,0x00,0x00,0x00,0x0F,0x00,0x00,0x00,0x0E,
    0x00,0x00,0x00,0x0E,0x00,0x00,0x00,0x00,0x00,0x00,0x00,0x00,0x00,0x00,0x01,0xB0,
    0x00,0x00,0x00,0x0B,0x00,0x00,0x00,0x0D,0x00,0x00,0x00,0x0C,0x00,0x00,0x00,0x0B,
    0x00,0x00,0x00,0x00,0x00,0x00,0x00,0x00,0x00,0x00,0x1E,0xA0,0x00,0x00,0x00,0x10,
    0x00,0x00,0x00,0x0E,0x00,0x00,0x00,0x0D,0x00,0x00,0x00,0x0C,0x00,0x00,0x00,0x00,
    0x00,0x00,0x00,0x00,0x00,0x00,0x1E,0xA1,0x00,0x00,0x00,0x0D,0x00,0x00,0x00,0x0B,
    0x00,0x00,0x00,0x0B,0x00,0x00,0x00,0x09,0x00,0x00,0x00,0x00,0x00,0x00,0x00,0x00,
    0x00,0x00,0x1E,0xA2,0x00,0x00,0x00,0x12,0x00,0x00,0x00,0x0E,0x00,0x00,0x00,0x0D,
    0x00,0x00,0x00,0x12,0x00,0x00,0x00,0x00,0x00,0x00,0x00,0x00,0x00,0x00,0x1E,0xA3,
    0x00,0x00,0x00,0x0F,0x00,0x00,0x00,0x0B,0x00,0x00,0x00,0x0B,0x00,0x00,0x00,0x0F,
    0x00,0x00,0x00,0x00,0x00,0x00,0x00,0x00,0x00,0x00,0x1E,0xA4,0x00,0x00,0x00,0x11,
    0x00,0x00,0x00,0x0E,0x00,0x00,0x00,0x0D,0x00,0x00,0x00,0x11,0x00,0x00,0x00,0x00,
    0x00,0x00,0x00,0x00,0x00,0x00,0x1E,0xA5,0x00,0x00,0x00,0x0E,0x00,0x00,0x00,0x0C,
    0x00,0x00,0x00,0x0B,0x00,0x00,0x00,0x0E,0x00,0x00,0x00,0x00,0x00,0x00,0x00,0x00,
    0x00,0x00,0x1E,0xA6,0x00,0x00,0x00,0x11,0x00,0x00,0x00,0x0E,0x00,0x00,0x00,0x0D,
    0x00,0x00,0x00,0x11,0x00,0x00,0x00,0x00,0x00,0x00,0x00,0x00,0x00,0x00,0x1E,0xA7,
    0x00,0x00,0x00,0x0E,0x00,0x00,0x00,0x0B,0x00,0x00,0x00,0x0B,0x00,0x00,0x00,0x0E,
    0x00,0x00,0x00,0x00,0x00,0x00,0x00,0x00,0x00,0x00,0x1E,0xA8,0x00,0x00,0x00,0x13,
    0x00,0x00,0x00,0x0E,0x00,0x00,0x00,0x0D,0x00,0x00,0x00,0x13,0x00,0x00,0x00,0x00,
    0x00,0x00,0x00,0x00,0x00,0x00,0x1E,0xA9,0x00,0x00,0x00,0x10,0x00,0x00,0x00,0x0C,
    0x00,0x00,0x00,0x0B,0x00,0x00,0x00,0x10,0x00,0x00,0x00,0x00,0x00,0x00,0x00,0x00,
    0x00,0x00,0x1E,0xAA,0x00,0x00,0x00,0x12,0x00,0x00,0x00,0x0E,0x00,0x00,0x00,0x0D,
    0x00,0x00,0x00,0x12,0x00,0x00,0x00,0x00,0x00,0x00,0x00,0x00,0x00,0x00,0x1E,0xAB,
    0x00,0x00,0x00,0x0F,0x00,0x00,0x00,0x0B,0x00,0x00,0x00,0x0B,0x00,0x00,0x00,0x0F,
    0x00,0x00,0x00,0x00,0x00,0x00,0x00,0x00,0x00,0x00,0x1E,0xAC,0x00,0x00,0x00,0x13,
    0x00,0x00,0x00,0x0E,0x00,0x00,0x00,0x0D,0x00,0x00,0x00,0x0F,0x00,0x00,0x00,0x00,
    0x00,0x00,0x00,0x00,0x00,0x00,0x1E,0xAD,0x00,0x00,0x00,0x12,0x00,0x00,0x00,0x0B,
    0x00,0x00,0x00,0x0B,0x00,0x00,0x00,0x0E,0x00,0x00,0x00,0x00,0x00,0x00,0x00,0x00,
    0x00,0x00,0x1E,0xAE,0x00,0x00,0x00,0x11,0x00,0x00,0x00,0x0E,0x00,0x00,0x00,0x0D,
    0x00,0x00,0x00,0x11,0x00,0x00,0x00,0x00,0x00,0x00,0x00,0x00,0x00,0x00,0x1E,0xAF,
    0x00,0x00,0x00,0x0E,0x00,0x00,0x00,0x0B,0x00,0x00,0x00,0x0B,0x00,0x00,0x00,0x0E,
    0x00,0x00,0x00,0x00,0x00,0x00,0x00,0x00,0x00,0x00,0x1E,0xB0,0x00,0x00,0x00,0x11,
    0x00,0x00,0x00,0x0E,0x00,0x00,0x00,0x0D,0x00,0x00,0x00,0x11,0x00,0x00,0x00,0x00,
    0x00,0x00,0x00,0x00,0x00,0x00,0x1E,0xB1,0x00,0x00,0x00,0x0E,0x00,0x00,0x00,0x0B,
    0x00,0x00,0x00,0x0B,0x00,0x00,0x00,0x0E,0x00,0x00,0x00,0x00,0x00,0x00,0x00,0x00,
    0x00,0x00,0x1E,0xB2,0x00,0x00,0x00,0x14,0x00,0x00,0x00,0x0E,0x00,0x00,0x00,0x0D,
    0x00,0x00,0x00,0x14,0x00,0x00,0x00,0x00,0x00,0x00,0x00,0x00,0x00,0x00,0x1E,0xB3,
    0x00,0x00,0x00,0x11,0x00,0x00,0x00,0x0B,0x00,0x00,0x00,0x0B,0x00,0x00,0x00,0x11,
    0x00,0x00,0x00,0x00,0x00,0x00,0x00,0x00,0x00,0x00,0x1E,0xB4,0x00,0x00,0x00,0x12,
    0x00,0x00,0x00,0x0E,0x00,0x00,0x00,0x0D,0x00,0x00,0x00,0x12,0x00,0x00,0x00,0x00,
    0x00,0x00,0x00,0x00,0x00,0x00,0x1E,0xB5,0x00,0x00,0x00,0x0F,0x00,0x00,0x00,0x0B,
    0x00,0x00,0x00,0x0B,0x00,0x00,0x00,0x0F,0x00,0x00,0x00,0x00,0x00,0x00,0x00,0x00,
    0x00,0x00,0x1E,0xB6,0x00,0x00,0x00,0x14,0x00,0x00,0x00,0x0E,0x00,0x00,0x00,0x0D,
    0x00,0x00,0x00,0x10,0x00,0x00,0x00,0x00,0x00,0x00,0x00,0x00,0x00,0x00,0x1E,0xB7,
    0x00,0x00,0x00,0x11,0x00,0x00,0x00,0x0B,0x00,0x00,0x00,0x0B,0x00,0x00,0x00,0x0D,
    0x00,0x00,0x00,0x00,0x00,0x00,0x00,0x00,0x00,0x00,0x1E,0xB8,0x00,0x00,0x00,0x10,
    0x00,0x00,0x00,0x0C,0x00,0x00,0x00,0x0C,0x00,0x00,0x00,0x0C,0x00,0x00,0x00,0x00,
    0x00,0x00,0x00,0x00,0x00,0x00,0x1E,0xB9,0x00,0x00,0x00,0x0D,0x00,0x00,0x00,0x0C,
    0x00,0x00,0x00,0x0C,0x00,0x00,0x00,0x09,0x00,0x00,0x00,0x00,0x00,0x00,0x00,0x00,
    0x00,0x00,0x1E,0xBA,0x00,0x00,0x00,0x12,0x00,0x00,0x00,0x0C,0x00,0x00,0x00,0x0C,
    0x00,0x00,0x00,0x12,0x00,0x00,0x00,0x00,0x00,0x00,0x00,0x00,0x00,0x00,0x1E,0xBB,
    0x00,0x00,0x00,0x0F,0x00,0x00,0x00,0x0C,0x00,0x00,0x00,0x0C,0x00,0x00,0x00,0x0F,
    0x00,0x00,0x00,0x00,0x00,0x00,0x00,0x00,0x00,0x00,0x1E,0xBC,0x00,0x00,0x00,0x10,
    0x00,0x00,0x00,0x0C,0x00,0x00,0x00,0x0C,0x00,0x00,0x00,0x10,0x00,0x00,0x00,0x00,
    0x00,0x00,0x00,0x00,0x00,0x00,0x1E,0xBD,0x00,0x00,0x00,0x0E,0x00,0x00,0x00,0x0C,
    0x00,0x00,0x00,0x0C,0x00,0x00,0x00,0x0E,0x00,0x00,0x00,0x00,0x00,0x00,0x00,0x00,
    0x00,0x00,0x1E,0xBE,0x00,0x00,0x00,0x11,0x00,0x00,0x00,0x0C,0x00,0x00,0x00,0x0C,
    0x00,0x00,0x00,0x11,0x00,0x00,0x00,0x00,0x00,0x00,0x00,0x00,0x00,0x00,0x1E,0xBF,
    0x00,0x00,0x00,0x0E,0x00,0x00,0x00,0x0C,0x00,0x00,0x00,0x0C,0x00,0x00,0x00,0x0E,
    0x00,0x00,0x00,0x00,0x00,0x00,0x00,0x00,0x00,0x00,0x1E,0xC0,0x00,0x00,0x00,0x11,
    0x00,0x00,0x00,0x0C,0x00,0x00,0x00,0x0C,0x00,0x00,0x00,0x11,0x00,0x00,0x00,0x00,
    0x00,0x00,0x00,0x00,0x00,0x00,0x1E,0xC1,0x00,0x00,0x00,0x0E,0x00,0x00,0x00,0x0C,
    0x00,0x00,0x00,0x0C,0x00,0x00,0x00,0x0E,0x00,0x00,0x00,0x00,0x00,0x00,0x00,0x00,
    0x00,0x00,0x1E,0xC2,0x00,0x00,0x00,0x13,0x00,0x00,0x00,0x0C,0x00,0x00,0x00,0x0C,
    0x00,0x00,0x00,0x13,0x00,0x00,0x00,0x00,0x00,0x00,0x00,0x00,0x00,0x00,0x1E,0xC3,
    0x00,0x00,0x00,0x10,0x00,0x00,0x00,0x0C,0x00,0x00,0x00,0x0C,0x00,0x00,0x00,0x10,
    0x00,0x00,0x00,0x00,0x00,0x00,0x00,0x00,0x00,0x00,0x1E,0xC4,0x00,0x00,0x00,0x12,
    0x00,0x00,0x00,0x0C,0x00,0x00,0x00,0x0C,0x00,0x00,0x00,0x12,0x00,0x00,0x00,0x00,
    0x00,0x00,0x00,0x00,0x00,0x00,0x1E,0xC5,0x00,0x00,0x00,0x0F,0x00,0x00,0x00,0x0C,
    0x00,0x00,0x00,0x0C,0x00,0x00,0x00,0x0F,0x00,0x00,0x00,0x00,0x00,0x00,0x00,0x00,
    0x00,0x00,0x1E,0xC6,0x00,0x00,0x00,0x13,0x00,0x00,0x00,0x0C,0x00,0x00,0x00,0x0C,
    0x00,0x00,0x00,0x0F,0x00,0x00,0x00,0x00,0x00,0x00,0x00,0x00,0x00,0x00,0x1E,0xC7,
    0x00,0x00,0x00,0x12,0x00,0x00,0x00,0x0C,0x00,0x00,0x00,0x0C,0x00,0x00,0x00,0x0E,
    0x00,0x00,0x00,0x00,0x00,0x00,0x00,0x00,0x00,0x00,0x1E,0xC8,0x00,0x00,0x00,0x12,
    0x00,0x00,0x00,0x06,0x00,0x00,0x00,0x06,0x00,0x00,0x00,0x12,0x00,0x00,0x00,0x00,
    0x00,0x00,0x00,0x00,0x00,0x00,0x1E,0xC9,0x00,0x00,0x00,0x0F,0x00,0x00,0x00,0x06,
    0x00,0x00,0x00,0x06,0x00,0x00,0x00,0x0F,0x00,0x00,0x00,0x00,0x00,0x00,0x00,0x00,
    0x00,0x00,0x1E,0xCA,0x00,0x00,0x00,0x10,0x00,0x00,0x00,0x06,0x00,0x00,0x00,0x06,
    0x00,0x00,0x00,0x0C,0x00,0x00,0x00,0x00,0x00,0x00,0x00,0x00,0x00,0x00,0x1E,0xCB,
    0x00,0x00,0x00,0x11,0x00,0x00,0x00,0x06,0x00,0x00,0x00,0x06,0x00,0x00,0x00,0x0D,
    0x00,0x00,0x00,0x00,0x00,0x00,0x00,0x00,0x00,0x00,0x1E,0xCC,0x00,0x00,0x00,0x10,
    0x00,0x00,0x00,0x0E,0x00,0x00,0x00,0x0E,0x00,0x00,0x00,0x0C,0x00,0x00,0x00,0x00,
    0x00,0x00,0x00,0x00,0x00,0x00,0x1E,0xCD,0x00,0x00,0x00,0x0D,0x00,0x00,0x00,0x0C,
    0x00,0x00,0x00,0x0C,0x00,0x00,0x00,0x09,0x00,0x00,0x00,0x00,0x00,0x00,0x00,0x00,
    0x00,0x00,0x1E,0xCE,0x00,0x00,0x00,0x12,0x00,0x00,0x00,0x0E,0x00,0x00,0x00,0x0E,
    0x00,0x00,0x00,0x12,0x00,0x00,0x00,0x00,0x00,0x00,0x00,0x00,0x00,0x00,0x1E,0xCF,
    0x00,0x00,0x00,0x0F,0x00,0x00,0x00,0x0C,0x00,0x00,0x00,0x0C,0x00,0x00,0x00,0x0F,
    0x00,0x00,0x00,0x00,0x00,0x00,0x00,0x00,0x00,0x00,0x1E,0xD0,0x00,0x00,0x00,0x11,
    0x00,0x00,0x00,0x0E,0x00,0x00,0x00,0x0E,0x00,0x00,0x00,0x11,0x00,0x00,0x00,0x00,
    0x00,0x00,0x00,0x00,0x00,0x00,0x1E,0xD1,0x00,0x00,0x00,0x0E,0x00,0x00,0x00,0x0C,
    0x00,0x00,0x00,0x0C,0x00,0x00,0x00,0x0E,0x00,0x00,0x00,0x00,0x00,0x00,0x00,0x00,
    0x00,0x00,0x1E,0xD2,0x00,0x00,0x00,0x11,0x00,0x00,0x00,0x0E,0x00,0x00,0x00,0x0E,
    0x00,0x00,0x00,0x11,0x00,0x00,0x00,0x00,0x00,0x00,0x00,0x00,0x00,0x00,0x1E,0xD3,
    0x00,0x00,0x00,0x0E,0x00,0x00,0x00,0x0C,0x00,0x00,0x00,0x0C,0x00,0x00,0x00,0x0E,
    0x00,0x00,0x00,0x00,0x00,0x00,0x00,0x00,0x00,0x00,0x1E,0xD4,0x00,0x00,0x00,0x13,
    0x00,0x00,0x00,0x0E,0x00,0x00,0x00,0x0E,0x00,0x00,0x00,0x13,0x00,0x00,0x00,0x00,
    0x00,0x00,0x00,0x00,0x00,0x00,0x1E,0xD5,0x00,0x00,0x00,0x10,0x00,0x00,0x00,0x0C,
    0x00,0x00,0x00,0x0C,0x00,0x00,0x00,0x10,0x00,0x00,0x00,0x00,0x00,0x00,0x00,0x00,
    0x00,0x00,0x1E,0xD6,0x00,0x00,0x00,0x12,0x00,0x00,0x00,0x0E,0x00,0x00,0x00,0x0E,
    0x00,0x00,0x00,0x12,0x00,0x00,0x00,0x00,0x00,0x00,0x00,0x00,0x00,0x00,0x1E,0xD7,
    0x00,0x00,0x00,0x0F,0x00,0x00,0x00,0x0C,0x00,0x00,0x00,0x0C,0x00,0x00,0x00,0x0F,
    0x00,0x00,0x00,0x00,0x00,0x00,0x00,0x00,0x00,0x00,0x1E,0xD8,0x00,0x00,0x00,0x13,
    0x00,0x00,0x00,0x0E,0x00,0x00,0x00,0x0E,0x00,0x00,0x00,0x0F,0x00,0x00,0x00,0x00,
    0x00,0x00,0x00,0x00,0x00,0x00,0x1E,0xD9,0x00,0x00,0x00,0x12,0x00,0x00,0x00,0x0C,
    0x00,0x00,0x00,0x0C,0x00,0x00,0x00,0x0E,0x00,0x00,0x00,0x00,0x00,0x00,0x00,0x00,
    0x00,0x00,0x1E,0xDA,0x00,0x00,0x00,0x0F,0x00,0x00,0x00,0x0F,0x00,0x00,0x00,0x0F,
    0x00,0x00,0x00,0x0F,0x00,0x00,0x00,0x00,0x00,0x00,0x00,0x00,0x00,0x00,0x1E,0xDB,
    0x00,0x00,0x00,0x0E,0x00,0x00,0x00,0x0D,0x00,0x00,0x00,0x0C,0x00,0x00,0x00,0x0E,
    0x00,0x00,0x00,0x00,0x00,0x00,0x00,0x00,0x00,0x00,0x1E,0xDC,0x00,0x00,0x00,0x0F,
    0x00,0x00,0x00,0x0F,0x00,0x00,0x00,0x0F,0x00,0x00,0x00,0x0F,0x00,0x00,0x00,0x00,
    0x00,0x00,0x00,0x00,0x00,0x00,0x1E,0xDD,0x00,0x00,0x00,0x0E,0x00,0x00,0x00,0x0D,
    0x00,0x00,0x00,0x0C,0x00,0x00,0x00,0x0E,0x00,0x00,0x00,0x00,0x00,0x00,0x00,0x00,
    0x00,0x00,0x1E,0xDE,0x00,0x00,0x00,0x12,0x00,0x00,0x00,0x0F,0x00,0x00,0x00,0x0F,
    0x00,0x00,0x00,0x12,0x00,0x00,0x00,0x00,0x00,0x00,0x00,0x00,0x00,0x00,0x1E,0xDF,
    0x00,0x00,0x00,0x0F,0x00,0x00,0x00,0x0D,0x00,0x00,0x00,0x0C,0x00,0x00,0x00,0x0F,
    0x00,0x00,0x00,0x00,0x00,0x00,0x00,0x00,0x00,0x00,0x1E,0xE0,0x00,0x00,0x00,0x10,
    0x00,0x00,0x00,0x0F,0x00,0x00,0x00,0x0F,0x00,0x00,0x00,0x10,0x00,0x00,0x00,0x00,
    0x00,0x00,0x00,0x00,0x00,0x00,0x1E,0xE1,0x00,0x00,0x00,0x0E,0x00,0x00,0x00,0x0D,
    0x00,0x00,0x00,0x0C,0x00,0x00,0x00,0x0E,0x00,0x00,0x00,0x00,0x00,0x00,0x00,0x00,
    0x00,0x00,0x1E,0xE2,0x00,0x00,0x00,0x12,0x00,0x00,0x00,0x0F,0x00,0x00,0x00,0x0F,
    0x00,0x00,0x00,0x0E,0x00,0x00,0x00,0x00,0x00,0x00,0x00,0x00,0x00,0x00,0x1E,0xE3,
    0x00,0x00,0x00,0x0F,0x00,0x00,0x00,0x0D,0x00,0x00,0x00,0x0C,0x00,0x00,0x00,0x0B,
    0x00,0x00,0x00,0x00,0x00,0x00,0x00,0x00,0x00,0x00,0x1E,0xE4,0x00,0x00,0x00,0x10,
    0x00,0x00,0x00,0x0E,0x00,0x00,0x00,0x0E,0x00,0x00,0x00,0x0C,0x00,0x00,0x00,0x00,
    0x00,0x00,0x00,0x00,0x00,0x00,0x1E,0xE5,0x00,0x00,0x00,0x0D,0x00,0x00,0x00,0x0C,
    0x00,0x00,0x00,0x0C,0x00,0x00,0x00,0x09,0x00,0x00,0x00,0x00,0x00,0x00,0x00,0x00,
    0x00,0x00,0x1E,0xE6,0x00,0x00,0x00,0x12,0x00,0x00,0x00,0x0E,0x00,0x00,0x00,0x0E,
    0x00,0x00,0x00,0x12,0x00,0x00,0x00,0x00,0x00,0x00,0x00,0x00,0x00,0x00,0x1E,0xE7,
    0x00,0x00,0x00,0x0F,0x00,0x00,0x00,0x0C,0x00,0x00,0x00,0x0C,0x00,0x00,0x00,0x0F,
    0x00,0x00,0x00,0x00,0x00,0x00,0x00,0x00,0x00,0x00,0x1E,0xE8,0x00,0x00,0x00,0x0F,
    0x00,0x00,0x00,0x0F,0x00,0x00,0x00,0x0E,0x00,0x00,0x00,0x0F,0x00,0x00,0x00,0x00,
    0x00,0x00,0x00,0x00,0x00,0x00,0x1E,0xE9,0x00,0x00,0x00,0x0E,0x00,0x00,0x00,0x0D,
    0x00,0x00,0x00,0x0C,0x00,0x00,0x00,0x0E,0x00,0x00,0x00,0x00,0x00,0x00,0x00,0x00,
    0x00,0x00,0x1E,0xEA,0x00,0x00,0x00,0x0F,0x00,0x00,0x00,0x0F,0x00,0x00,0x00,0x0E,
    0x00,0x00,0x00,0x0F,0x00,0x00,0x00,0x00,0x00,0x00,0x00,0x00,0x00,0x00,0x1E,0xEB,
    0x00,0x00,0x00,0x0E,0x00,0x00,0x00,0x0D,0x00,0x00,0x00,0x0C,0x00,0x00,0x00,0x0E,
    0x00,0x00,0x00,0x00,0x00,0x00,0x00,0x00,0x00,0x00,0x1E,0xEC,0x00,0x00,0x00,0x12,
    0x00,0x00,0x00,0x0F,0x00,0x00,0x00,0x0E,0x00,0x00,0x00,0x12,0x00,0x00,0x00,0x00,
    0x00,0x00,0x00,0x00,0x00,0x00,0x1E,0xED,0x00,0x00,0x00,0x0F,0x00,0x00,0x00,0x0D,
    0x00,0x00,0x00,0x0C,0x00,0x00,0x00,0x0F,0x00,0x00,0x00,0x00,0x00,0x00,0x00,0x00,
    0x00,0x00,0x1E,0xEE,0x00,0x00,0x00,0x10,0x00,0x00,0x00,0x0F,0x00,0x00,0x00,0x0E,
    0x00,0x00,0x00,0x10,0x00,0x00,0x00,0x00,0x00,0x00,0x00,0x00,0x00,0x00,0x1E,0xEF,
    0x00,0x00,0x00,0x0E,0x00,0x00,0x00,0x0D,0x00,0x00,0x00,0x0C,0x00,0x00,0x00,0x0E,
    0x00,0x00,0x00,0x00,0x00,0x00,0x00,0x00,0x00,0x00,0x1E,0xF0,0x00,0x00,0x00,0x12,
    0x00,0x00,0x00,0x0F,0x00,0x00,0x00,0x0E,0x00,0x00,0x00,0x0E,0x00,0x00,0x00,0x00,
    0x00,0x00,0x00,0x00,0x00,0x00,0x1E,0xF1,0x00,0x00,0x00,0x0F,0x00,0x00,0x00,0x0D,
    0x00,0x00,0x00,0x0C,0x00,0x00,0x00,0x0B,0x00,0x00,0x00,0x00,0x00,0x00,0x00,0x00,
    0x00,0x00,0x1E,0xF2,0x00,0x00,0x00,0x0F,0x00,0x00,0x00,0x0E,0x00,0x00,0x00,0x0C,
    0x00,0x00,0x00,0x0F,0xFF,0xFF,0xFF,0xFF,0x00,0x00,0x00,0x00,0x00,0x00,0x1E,0xF3,
    0x00,0x00,0x00,0x12,0x00,0x00,0x00,0x0B,0x00,0x00,0x00,0x0B,0x00,0x00,0x00,0x0E,
    0x00,0x00,0x00,0x00,0x00,0x00,0x00,0x00,0x00,0x00,0x1E,0xF4,0x00,0x00,0x00,0x10,
    0x00,0x00,0x00,0x0E,0x00,0x00,0x00,0x0C,0x00,0x00,0x00,0x0C,0xFF,0xFF,0xFF,0xFF,
    0x00,0x00,0x00,0x00,0x00,0x00,0x1E,0xF5,0x00,0x00,0x00,0x0D,0x00,0x00,0x00,0x0B,
    0x00,0x00,0x00,0x0B,0x00,0x00,0x00,0x09,0x00,0x00,0x00,0x00,0x00,0x00,0x00,0x00,
    0x00,0x00,0x1E,0xF6,0x00,0x00,0x00,0x12,0x00,0x00,0x00,0x0E,0x00,0x00,0x00,0x0C,
    0x00,0x00,0x00,0x12,0xFF,0xFF,0xFF,0xFF,0x00,0x00,0x00,0x00,0x00,0x00,0x1E,0xF7,
    0x00,0x00,0x00,0x13,0x00,0x00,0x00,0x0B,0x00,0x00,0x00,0x0B,0x00,0x00,0x00,0x0F,
    0x00,0x00,0x00,0x00,0x00,0x00,0x00,0x00,0x00,0x00,0x1E,0xF8,0x00,0x00,0x00,0x10,
    0x00,0x00,0x00,0x0E,0x00,0x00,0x00,0x0C,0x00,0x00,0x00,0x10,0xFF,0xFF,0xFF,0xFF,
    0x00,0x00,0x00,0x00,0x00,0x00,0x1E,0xF9,0x00,0x00,0x00,0x12,0x00,0x00,0x00,0x0B,
    0x00,0x00,0x00,0x0B,0x00,0x00,0x00,0x0E,0x00,0x00,0x00,0x00,0x00,0x00,0x00,0x00,
    0x00,0x00,0x21,0x90,0x00,0x00,0x00,0x09,0x00,0x00,0x00,0x0E,0x00,0x00,0x00,0x0E,
    0x00,0x00,0x00,0x09,0x00,0x00,0x00,0x00,0x00,0x00,0x00,0x00,0x00,0x00,0x21,0x92,
    0x00,0x00,0x00,0x09,0x00,0x00,0x00,0x0E,0x00,0x00,0x00,0x0E,0x00,0x00,0x00,0x09,
    0x00,0x00,0x00,0x00,0x00,0x00,0x00,0x00,0x00,0x00,0xA0,0xFF,0xFF,0x60,0x00,0x00,
    0x00,0x00,0xA0,0xFF,0xFF,0x60,0x00,0x00,0x00,0x00,0xA0,0xFF,0xFF,0x60,0x00,0x00,
    0x00,0x00,0xA0,0xFF,0xFF,0x60,0x00,0x00,0x00,0x00,0x9D,0xFF,0xFF,0x5D,0x00,0x00,
    0x00,0x00,0x83,0xFF,0xFF,0x43,0x00,0x00,0x00,0x00,0x62,0xFF,0xFF,0x23,0x00,0x00,
    0x00,0x00,0x41,0xFF,0xFD,0x05,0x00,0x00,0x00,0x00,0x00,0x00,0x00,0x00,0x00,0x00,
    0x00,0x00,0xA0,0xFF,0xFF,0x60,0x00,0x00,0x00,0x00,0xA0,0xFF,0xFF,0x60,0x00,0x00,
    0x00,0x00,0xA0,0xFF,0xFF,0x60,0x00,0x00,0x00,0x60,0xFF,0x98,0x00,0xBC,0xFF,0x3C,
    0x00,0x00,0x60,0xFF,0x98,0x00,0xBC,0xFF,0x3C,0x00,0x00,0x60,0xFF,0x98,0x00,0xBC,
    0xFF,0x3C,0x00,0x00,0x60,0xFF,0x98,0x00,0xBC,0xFF,0x3C,0x00,0x00,0x60,0xFF,0x98,
    0x00,0xBC,0xFF,0x3C,0x00,0x00,0x00,0x00,0x00,0x00,0x00,0x00,0x00,0x00,0x00,0x00,
    0x00,0x00,0x00,0x00,0x00,0x00,0x00,0x00,0x00,0x00,0x00,0x00,0x00,0x00,0x00,0x00,
    0x00,0x00,0x00,0x00,0x00,0x00,0x00,0x00,0x00,0x00,0x00,0x00,0x00,0x00,0x00,0x00,
    0x00,0x00,0x00,0x00,0x00,0x00,0x00,0x00,0x00,0x00,0x00,0x00,0x00,0x00,0x00,0x00,
    0x00,0x00,0x00,0x00,0x00,0x00,0x00,0x00,0x00,0x6B,0xFF,0x6D,0x00,0x5F,0xFF,0x75,
    0x00,0x00,0x00,0x00,0x00,0x00,0x00,0xAF,0xFF,0x29,0x00,0xA4,0xFF,0x31,0x00,0x00,
    0x00,0x00,0x00,0x00,0x02,0xEF,0xE5,0x00,0x01,0xE8,0xEC,0x01,0x00,0x00,0x00,0x00,
    0xE4,0xFF,0xFF,0xFF,0xFF,0xFF,0xFF,0xFF,0xFF,0xFF,0xFF,0x18,0x00,0x00,0xE4,0xFF,
    0xFF,0xFF,0xFF,0xFF,0xFF,0xFF,0xFF,0xFF,0xFF,0x18,0x00,0x00,0x00,0x00,0xB2,0xFF,
    0x2A,0x00,0xA6,0xFF,0x33,0x00,0x00,0x00,0x00,0x00,0x00,0x06,0xF4,0xE0,0x00,0x02,
    0xEC,0xEA,0x01,0x00,0x00,0x00,0x00,0xD8,0xFF,0xFF,0xFF,0xFF,0xFF,0xFF,0xFF,0xFF,
    0xFF,0xFF,0x24,0x00,0x00,0xD8,0xFF,0xFF,0xFF,0xFF,0xFF,0xFF,0xFF,0xFF,0xFF,0xFF,
    0x24,0x00,0x00,0x00,0x00,0xAB,0xFF,0x31,0x00,0x9F,0xFF,0x35,0x00,0x00,0x00,0x00,
    0x00,0x00,0x01,0xEC,0xEB,0x01,0x00,0xE2,0xEE,0x02,0x00,0x00,0x00,0x00,0x00,0x00,
    0x32,0xFF,0xA9,0x00,0x26,0xFF,0xAD,0x00,0x00,0x00,0x00,0x00,0x00,0x00,0x00,0x00,
    0x00,0xC0,0x98,0x00,0x00,0x00,0x00,0x00,0x00,0x00,0x00,0x00,0x00,0xC0,0x98,0x00,
    0x00,0x00,0x00,0x00,0x00,0x00,0x21,0x99,0xD1,0xFA,0xFB,0xCD,0x89,0x29,0x00,0x00,
    0x00,0x29,0xF3,0xFF,0xFF,0xFF,0xFF,0xFF,0xFF,0xEC,0x00,0x00,0x00,0x90,0xFF,0xFF,
    0x4E,0xC3,0x9B,0x29,0x67,0xBD,0x00,0x00,0x00,0xA0,0xFF,0xFD,0x14,0xC0,0x98,0x00,
    0x00,0x00,0x00,0x00,0x00,0x69,0xFF,0xFF,0xE9,0xEE,0xC9,0x56,0x16,0x00,0x00,0x00,
    0x00,0x03,0xA8,0xFF,0xFF,0xFF,0xFF,0xFF,0xFB,0x94,0x01,0x00,0x00,0x00,0x00,0x26,
    0x6D,0xE3,0xEE,0xF7,0xFF,0xFF,0x60,0x00,0x00,0x00,0x00,0x00,0x00,0xC0,0x98,0x1F,
    0xFD,0xFF,0x9D,0x00,0x00,0x92,0x8C,0x39,0x13,0xC0,0x9A,0x3C,0xFF,0xFF,0x94,0x00,
    0x00,0xA8,0xFF,0xFF,0xFF,0xFF,0xFF,0xFF,0xFF,0xF8,0x32,0x00,0x00,0x14,0x6E,0xBC,
    0xE4,0xFE,0xFC,0xE2,0xA7,0x32,0x00,0x00,0x00,0x00,0x00,0x00,0x00,0xC0,0x98,0x00,
    0x00,0x00,0x00,0x00,0x00,0x00,0x00,0x00,0x00,0xC0,0x98,0x00,0x00,0x00,0x00,0x00,
    0x00,0x00,0x00,0x00,0x00,0xC0,0x98,0x00,0x00,0x00,0x00,0x00,0x00,0x25,0xB6,0xEF,
    0xE3,0x92,0x0B,0x00,0x00,0x00,0x06,0xD4,0xE9,0x13,0x00,0x00,0x00,0x09,0xE0,0xF3,
    0x29,0x69,0xFF,0x9E,0x00,0x00,0x00,0x80,0xFF,0x57,0x00,0x00,0x00,0x00,0x4D,0xFF,
    0xB4,0x00,0x06,0xFB,0xFD,0x07,0x00,0x2B,0xF9,0xB2,0x00,0x00,0x00,0x00,0x00,0x6A,
    0xFF,0xA0,0x00,0x00,0xED,0xFF,0x22,0x02,0xC7,0xF1,0x1B,0x00,0x00,0x00,0x00,0x00,
    0x4D,0xFF,0xB4,0x00,0x06,0xFB,0xFD,0x07,0x6F,0xFF,0x67,0x00,0x00,0x00,0x00,0x00,
    0x00,0x09,0xE0,0xF3,0x29,0x69,0xFF,0x9E,0x1F,0xF4,0xC1,0x0B,0x8F,0xE2,0xF0,0xB9,
    0x29,0x00,0x00,0x26,0xB6,0xEF,0xE4,0x93,0x0C,0xB8,0xF7,0x25,0x9B,0xFF,0x6E,0x28,
    0xF3,0xE5,0x0D,0x00,0x00,0x00,0x00,0x00,0x00,0x5E,0xFF,0x77,0x05,0xFB,0xFE,0x09,
    0x00,0xB1,0xFF,0x58,0x00,0x00,0x00,0x00,0x00,0x16,0xEC,0xCE,0x04,0x1E,0xFF,0xF4,
    0x00,0x00,0x9D,0xFF,0x75,0x00,0x00,0x00,0x00,0x00,0xA8,0xFB,0x31,0x00,0x05,0xFB,
    0xFE,0x09,0x00,0xB0,0xFF,0x57,0x00,0x00,0x00,0x00,0x4C,0xFF,0x87,0x00,0x00,0x00,
    0x9A,0xFF,0x6D,0x25,0xF1,0xE5,0x0C,0x00,0x00,0x00,0x0D,0xE3,0xDA,0x08,0x00,0x00,
    0x00,0x0A,0x90,0xE3,0xF0,0xBA,0x2A,0x00,0x00,0x00,0x00,0x0A,0x7B,0xD6,0xF5,0xE0,
    0xA6,0x39,0x00,0x00,0x00,0x00,0x00,0x00,0x00,0x00,0xB3,0xFF,0xFF,0xFF,0xFF,0xFF,
    0xFF,0x04,0x00,0x00,0x00,0x00,0x00,0x00,0x13,0xFF,0xFF,0xEF,0x24,0x10,0x45,0xB4,
    0x03,0x00,0x00,0x00,0x00,0x00,0x00,0x08,0xFB,0xFF,0xF7,0x17,0x00,0x00,0x00,0x00,
    0x00,0x00,0x00,0x00,0x00,0x00,0x00,0xAB,0xFF,0xFF,0xC4,0x0C,0x00,0x00,0x00,0x00,
    0x00,0x00,0x00,0x00,0x01,0x93,0xFF,0xFF,0xFF,0xFF,0xC4,0x0E,0x00,0x21,0xFF,0xFF,
    0x76,0x00,0x00,0x76,0xFF,0xFF,0x93,0xA6,0xFF,0xFF,0xC8,0x0F,0x5D,0xFF,0xFF,0x42,
    0x00,0x00,0xDE,0xFF,0xF3,0x05,0x03,0xA6,0xFF,0xFF,0xCC,0xDC,0xFF,0xE1,0x03,0x00,
    0x00,0xF3,0xFF,0xFA,0x0F,0x00,0x03,0xA7,0xFF,0xFF,0xFF,0xFF,0x53,0x00,0x00,0x00,
    0xBA,0xFF,0xFF,0xBB,0x28,0x0B,0x47,0xF6,0xFF,0xFF,0xE1,0x0D,0x00,0x00,0x00,0x2A,
    0xEB,0xFF,0xFF,0xFF,0xFF,0xFF,0xFF,0xFF,0xFF,0xFF,0xBB,0x06,0x00,0x00,0x00,0x1A,
    0x92,0xDC,0xFA,0xEF,0xD0,0x8C,0x31,0xCB,0xFF,0xFF,0xA6,0x01,0x00,0x60,0xFF,0x98,
    0x00,0x00,0x60,0xFF,0x98,0x00,0x00,0x60,0xFF,0x98,0x00,0x00,0x60,0xFF,0x98,0x00,
    0x00,0x60,0xFF,0x98,0x00,0x00,0x00,0x00,0x00,0x00,0x00,0x00,0x00,0x00,0x00,0x00,
    0x00,0x00,0x00,0x00,0x00,0x00,0x00,0x00,0x00,0x00,0x00,0x00,0x00,0x00,0x00,0x00,
    0x00,0x00,0x00,0x00,0x00,0x00,0x00,0x00,0x00,0x00,0x00,0x57,0xFF,0xFE,0x2B,0x00,
    0x00,0x00,0x06,0xDD,0xFF,0xAE,0x00,0x00,0x00,0x00,0x5E,0xFF,0xFF,0x46,0x00,0x00,
    0x00,0x00,0xC6,0xFF,0xE9,0x03,0x00,0x00,0x00,0x15,0xFF,0xFF,0xA9,0x00,0x00,0x00,
    0x00,0x52,0xFF,0xFF,0x74,0x00,0x00,0x00,0x00,0x72,0xFF,0xFF,0x5A,0x00,0x00,0x00,
    0x00,0x82,0xFF,0xFF,0x4C,0x00,0x00,0x00,0x00,0x73,0xFF,0xFF,0x5A,0x00,0x00,0x00,
    0x00,0x54,0xFF,0xFF,0x73,0x00,0x00,0x00,0x00,0x18,0xFF,0xFF,0xA7,0x00,0x00,0x00,
    0x00,0x00,0xC9,0xFF,0xE6,0x02,0x00,0x00,0x00,0x00,0x61,0xFF,0xFF,0x42,0x00,0x00,
    0x00,0x00,0x07,0xDE,0xFF,0xAC,0x00,0x00,0x00,0x00,0x00,0x57,0xFF,0xFE,0x2B,0x00,
    0x00,0x67,0xFF,0xF9,0x21,0x00,0x00,0x00,0x00,0x06,0xE4,0xFF,0xA9,0x00,0x00,0x00,
    0x00,0x00,0x83,0xFF,0xFE,0x26,0x00,0x00,0x00,0x00,0x29,0xFF,0xFF,0x8D,0x00,0x00,
    0x00,0x00,0x00,0xE6,0xFF,0xDC,0x00,0x00,0x00,0x00,0x00,0xB1,0xFF,0xFF,0x1A,0x00,
    0x00,0x00,0x00,0x97,0xFF,0xFF,0x39,0x00,0x00,0x00,0x00,0x89,0xFF,0xFF,0x4A,0x00,
    0x00,0x00,0x00,0x97,0xFF,0xFF,0x3A,0x00,0x00,0x00,0x00,0xB1,0xFF,0xFF,0x1B,0x00,
    0x00,0x00,0x00,0xE6,0xFF,0xDD,0x00,0x00,0x00,0x00,0x29,0xFF,0xFF,0x8D,0x00,0x00,
    0x00,0x00,0x83,0xFF,0xFE,0x25,0x00,0x00,0x00,0x06,0xE4,0xFF,0xA9,0x00,0x00,0x00,
    0x00,0x66,0xFF,0xF9,0x21,0x00,0x00,0x00,0x00,0x00,0x00,0x40,0xFF,0x28,0x00,0x00,
    0x00,0x44,0xAB,0x19,0x40,0xFF,0x28,0x24,0xB9,0x28,0x54,0xF1,0xF1,0x9F,0xFF,0x9A,
    0xF7,0xE9,0x40,0x00,0x18,0xA3,0xFF,0xFF,0xFD,0x95,0x10,0x00,0x00,0x17,0xA2,0xFF,
    0xFF,0xFD,0x94,0x10,0x00,0x53,0xF1,0xF0,0x9D,0xFF,0x97,0xF6,0xE9,0x40,0x43,0xAA,
    0x18,0x40,0xFF,0x28,0x23,0xB9,0x29,0x00,0x00,0x00,0x40,0xFF,0x28,0x00,0x00,0x00,
    0x00,0x00,0x00,0x00,0x00,0x00,0x00,0x00,0x00,0x00,0x00,0x00,0x00,0x00,0x00,0x00,
    0x00,0x00,0x00,0x00,0x00,0x00,0x00,0x00,0x00,0x00,0x00,0x00,0x00,0x00,0x00,0x00,
    0x00,0x00,0x00,0x00,0x00,0x00,0x00,0x00,0x00,0x00,0xDC,0xFF,0x1C,0x00,0x00,0x00,
    0x00,0x00,0x00,0x00,0x00,0x00,0x00,0x00,0xDC,0xFF,0x1C,0x00,0x00,0x00,0x00,0x00,
    0x00,0x00,0x00,0x00,0x00,0x00,0xDC,0xFF,0x1C,0x00,0x00,0x00,0x00,0x00,0x00,0x00,
    0x00,0x00,0x00,0x00,0xDC,0xFF,0x1C,0x00,0x00,0x00,0x00,0x00,0x00,0x34,0xFF,0xFF,
    0xFF,0xFF,0xFF,0xFF,0xFF,0xFF,0xFF,0xFF,0x70,0x00,0x00,0x34,0xFF,0xFF,0xFF,0xFF,
    0xFF,0xFF,0xFF,0xFF,0xFF,0xFF,0x70,0x00,0x00,0x00,0x00,0x00,0x00,0x00,0xDC,0xFF,
    0x1C,0x00,0x00,0x00,0x00,0x00,0x00,0x00,0x00,0x00,0x00,0x00,0xDC,0xFF,0x1C,0x00,
    0x00,0x00,0x00,0x00,0x00,0x00,0x00,0x00,0x00,0x00,0xDC,0xFF,0x1C,0x00,0x00,0x00,
    0x00,0x00,0x00,0x00,0x00,0x00,0x00,0x00,0xDC,0xFF,0x1C,0x00,0x00,0x00,0x00,0x00,
    0x00,0x44,0xFF,0xFF,0xB8,0x00,0x00,0x44,0xFF,0xFF,0xB8,0x00,0x00,0x46,0xFF,0xFF,
    0xB0,0x00,0x00,0x78,0xFF,0xFE,0x3A,0x00,0x00,0xB8,0xFF,0x99,0x00,0x00,0x04,0xF3,
    0xE9,0x11,0x00,0x00,0x14,0xFF,0xFF,0xFF,0xFF,0xFF,0x24,0x14,0xFF,0xFF,0xFF,0xFF,
    0xFF,0x24,0x00,0x00,0x00,0x00,0x00,0x00,0x00,0x00,0x00,0x00,0x00,0x00,0x00,0x00,
    0x00,0x00,0x00,0x00,0x00,0x00,0x00,0x00,0x00,0x00,0x00,0x00,0x00,0x00,0x00,0x44,
    0xFF,0xFF,0xB8,0x00,0x00,0x44,0xFF,0xFF,0xB8,0x00,0x00,0x44,0xFF,0xFF,0xB8,0x00,
    0x00,0x00,0x00,0x00,0xCC,0xFA,0x10,0x00,0x00,0x00,0x1C,0xFF,0xBB,0x00,0x00,0x00,
    0x00,0x6C,0xFF,0x6B,0x00,0x00,0x00,0x00,0xBB,0xFF,0x1C,0x00,0x00,0x00,0x10,0xFA,
    0xCB,0x00,0x00,0x00,0x00,0x5B,0xFF,0x7B,0x00,0x00,0x00,0x00,0xAB,0xFF,0x2B,0x00,
    0x00,0x00,0x07,0xF2,0xDB,0x00,0x00,0x00,0x00,0x4A,0xFF,0x8B,0x00,0x00,0x00,0x00,
    0x9A,0xFF,0x3B,0x00,0x00,0x00,0x01,0xE7,0xE9,0x02,0x00,0x00,0x00,0x39,0xFF,0x9B,
    0x00,0x00,0x00,0x00,0x89,0xFF,0x4B,0x00,0x00,0x00,0x00,0xD8,0xF3,0x07,0x00,0x00,
    0x00,0x00,0x00,0x00,0x06,0x75,0xD1,0xF6,0xF3,0xC6,0x5F,0x00,0x00,0x00,0x00,0x04,
    0xBC,0xFF,0xFF,0xFF,0xFF,0xFF,0xFF,0x94,0x00,0x00,0x00,0x72,0xFF,0xFF,0xC4,0x1B,
    0x2B,0xE0,0xFF,0xFF,0x45,0x00,0x00,0xD8,0xFF,0xFF,0x42,0x00,0x00,0x6E,0xFF,0xFF,
    0xAB,0x00,0x11,0xFF,0xFF,0xFF,0x16,0x00,0x00,0x42,0xFF,0xFF,0xE3,0x00,0x28,0xFF,
    0xFF,0xFF,0x06,0x00,0x00,0x33,0xFF,0xFF,0xFB,0x00,0x29,0xFF,0xFF,0xFF,0x07,0x00,
    0x00,0x34,0xFF,0xFF,0xFB,0x00,0x11,0xFF,0xFF,0xFF,0x17,0x00,0x00,0x43,0xFF,0xFF,
    0xE3,0x00,0x00,0xD8,0xFF,0xFF,0x44,0x00,0x00,0x70,0xFF,0xFF,0xAB,0x00,0x00,0x72,
    0xFF,0xFF,0xC5,0x1C,0x2B,0xE1,0xFF,0xFF,0x45,0x00,0x00,0x04,0xBC,0xFF,0xFF,0xFF,
    0xFF,0xFF,0xFF,0x94,0x00,0x00,0x00,0x00,0x07,0x76,0xD2,0xF7,0xF4,0xC7,0x5F,0x00,
    0x00,0x00,0x00,0x00,0x32,0x8C,0xE3,0xFF,0xFF,0xD8,0x00,0x00,0x00,0x00,0x00,0x14,
    0xFF,0xFF,0xFF,0xFF,0xFF,0xD8,0x00,0x00,0x00,0x00,0x00,0x13,0xCD,0x74,0x4D,0xFF,
    0xFF,0xD8,0x00,0x00,0x00,0x00,0x00,0x00,0x00,0x00,0x30,0xFF,0xFF,0xD8,0x00,0x00,
    0x00,0x00,0x00,0x00,0x00,0x00,0x30,0xFF,0xFF,0xD8,0x00,0x00,0x00,0x00,0x00,0x00,
    0x00,0x00,0x30,0xFF,0xFF,0xD8,0x00,0x00,0x00,0x00,0x00,0x00,0x00,0x00,0x30,0xFF,
    0xFF,0xD8,0x00,0x00,0x00,0x00,0x00,0x00,0x00,0x00,0x30,0xFF,0xFF,0xD8,0x00,0x00,
    0x00,0x00,0x00,0x00,0x00,0x00,0x30,0xFF,0xFF,0xD8,0x00,0x00,0x00,0x00,0x00,0x00,
    0x00,0x00,0x30,0xFF,0xFF,0xD8,0x00,0x00,0x00,0x00,0x00,0x00,0xFF,0xFF,0xFF,0xFF,
    0xFF,0xFF,0xFF,0xFF,0xA8,0x00,0x00,0x00,0xFF,0xFF,0xFF,0xFF,0xFF,0xFF,0xFF,0xFF,
    0xA8,0x00,0x00,0x11,0x63,0xB6,0xE9,0xFA,0xE2,0xB8,0x47,0x00,0x00,0x00,0x00,0xA0,
    0xFF,0xFF,0xFF,0xFF,0xFF,0xFF,0xFF,0x7F,0x00,0x00,0x00,0xA0,0xED,0x6A,0x12,0x1C,
    0xAE,0xFF,0xFF,0xFB,0x13,0x00,0x00,0x73,0x1D,0x00,0x00,0x00,0x11,0xFE,0xFF,0xFF,
    0x3C,0x00,0x00,0x00,0x00,0x00,0x00,0x00,0x04,0xFA,0xFF,0xFF,0x25,0x00,0x00,0x00,
    0x00,0x00,0x00,0x00,0x5D,0xFF,0xFF,0xC3,0x00,0x00,0x00,0x00,0x00,0x00,0x00,0x3E,
    0xF2,0xFF,0xE7,0x21,0x00,0x00,0x00,0x00,0x00,0x00,0x72,0xFB,0xFF,0xE2,0x28,0x00,
    0x00,0x00,0x00,0x00,0x0D,0xAB,0xFF,0xFF,0xBF,0x17,0x00,0x00,0x00,0x00,0x00,0x2A,
    0xD8,0xFF,0xFE,0x88,0x03,0x00,0x00,0x00,0x00,0x00,0x00,0xA8,0xFF,0xFF,0xFF,0xFF,
    0xFF,0xFF,0xFF,0xFF,0x58,0x00,0x00,0xA8,0xFF,0xFF,0xFF,0xFF,0xFF,0xFF,0xFF,0xFF,
    0x58,0x00,0x00,0x05,0x54,0xB3,0xE0,0xFA,0xEF,0xC8,0x76,0x07,0x00,0x00,0x00,0x54,
    0xFF,0xFF,0xFF,0xFF,0xFF,0xFF,0xFF,0xB3,0x00,0x00,0x00,0x4D,0x9A,0x37,0x0D,0x16,
    0x8D,0xFF,0xFF,0xFF,0x1C,0x00,0x00,0x00,0x00,0x00,0x00,0x00,0x12,0xFF,0xFF,0xFF,
    0x1E,0x00,0x00,0x00,0x00,0x00,0x01,0x18,0x8C,0xFF,0xFF,0xBD,0x00,0x00,0x00,0x00,
    0x00,0xBC,0xFF,0xFF,0xFF,0xFF,0x95,0x0A,0x00,0x00,0x00,0x00,0x00,0xBC,0xFF,0xFF,
    0xFF,0xFF,0xFC,0x7F,0x00,0x00,0x00,0x00,0x00,0x00,0x02,0x16,0x69,0xFA,0xFF,0xFF,
    0x3A,0x00,0x00,0x00,0x00,0x00,0x00,0x00,0x00,0xC9,0xFF,0xFF,0x6E,0x00,0x00,0xB3,
    0x6C,0x29,0x08,0x13,0x63,0xF9,0xFF,0xFF,0x4E,0x00,0x00,0xDC,0xFF,0xFF,0xFF,0xFF,
    0xFF,0xFF,0xFF,0xBB,0x04,0x00,0x00,0x25,0x8A,0xCF,0xF1,0xFA,0xE7,0xB9,0x64,0x04,
    0x00,0x00,0x00,0x00,0x00,0x00,0x00,0xA5,0xFF,0xFF,0xFF,0x48,0x00,0x00,0x00,0x00,
    0x00,0x00,0x67,0xFF,0xFF,0xFF,0xFF,0x48,0x00,0x00,0x00,0x00,0x00,0x30,0xF7,0xF7,
    0xE0,0xFF,0xFF,0x48,0x00,0x00,0x00,0x00,0x0E,0xDB,0xFF,0x66,0xBC,0xFF,0xFF,0x48,
    0x00,0x00,0x00,0x00,0xAB,0xFF,0xA4,0x00,0xBC,0xFF,0xFF,0x48,0x00,0x00,0x00,0x6E,
    0xFF,0xD6,0x0B,0x00,0xBC,0xFF,0xFF,0x48,0x00,0x00,0x23,0xF9,0xF5,0x2B,0x00,0x00,
    0xBC,0xFF,0xFF,0x48,0x00,0x00,0x3C,0xFF,0xFF,0xFF,0xFF,0xFF,0xFF,0xFF,0xFF,0xFF,
    0xFF,0x0C,0x3C,0xFF,0xFF,0xFF,0xFF,0xFF,0xFF,0xFF,0xFF,0xFF,0xFF,0x0C,0x00,0x00,
    0x00,0x00,0x00,0x00,0xBC,0xFF,0xFF,0x48,0x00,0x00,0x00,0x00,0x00,0x00,0x00,0x00,
    0xBC,0xFF,0xFF,0x48,0x00,0x00,0x00,0x00,0x00,0x00,0x00,0x00,0xBC,0xFF,0xFF,0x48,
    0x00,0x00,0x00,0x34,0xFF,0xFF,0xFF,0xFF,0xFF,0xFF,0xFF,0xC0,0x00,0x00,0x00,0x34,
    0xFF,0xFF,0xFF,0xFF,0xFF,0xFF,0xFF,0xC0,0x00,0x00,0x00,0x34,0xFF,0xFF,0x58,0x00,
    0x00,0x00,0x00,0x00,0x00,0x00,0x00,0x34,0xFF,0xFF,0x58,0x00,0x00,0x00,0x00,0x00,
    0x00,0x00,0x00,0x34,0xFF,0xFF,0xEB,0xFA,0xF5,0xCE,0x75,0x06,0x00,0x00,0x00,0x34,
    0xFF,0xFF,0xFF,0xFF,0xFF,0xFF,0xFF,0xC0,0x03,0x00,0x00,0x31,0xA5,0x44,0x13,0x12,
    0x6B,0xFC,0xFF,0xFF,0x5C,0x00,0x00,0x00,0x00,0x00,0x00,0x00,0x00,0xA8,0xFF,0xFF,
    0x97,0x00,0x00,0x00,0x00,0x00,0x00,0x00,0x00,0xA8,0xFF,0xFF,0x96,0x00,0x00,0x98,
    0x89,0x37,0x10,0x11,0x68,0xFC,0xFF,0xFF,0x56,0x00,0x00,0xB0,0xFF,0xFF,0xFF,0xFF,
    0xFF,0xFF,0xFF,0xAF,0x01,0x00,0x00,0x16,0x70,0xC0,0xE3,0xFA,0xED,0xBF,0x60,0x02,
    0x00,0x00,0x00,0x00,0x00,0x20,0x95,0xDC,0xF7,0xE6,0xB5,0x48,0x00,0x00,0x00,0x00,
    0x43,0xF2,0xFF,0xFF,0xFF,0xFF,0xFF,0xFF,0x1C,0x00,0x00,0x17,0xEE,0xFF,0xFA,0x71,
    0x1B,0x0E,0x3F,0xA8,0x1B,0x00,0x00,0x81,0xFF,0xFF,0x7F,0x00,0x00,0x00,0x00,0x00,
    0x00,0x00,0x00,0xC8,0xFF,0xFF,0x8F,0xD0,0xF6,0xEC,0xAB,0x28,0x00,0x00,0x00,0xE9,
    0xFF,0xFF,0xFF,0xFF,0xFF,0xFF,0xFF,0xF2,0x2C,0x00,0x00,0xEE,0xFF,0xFF,0xE0,0x28,
    0x10,0xA9,0xFF,0xFF,0xAF,0x00,0x00,0xD9,0xFF,0xFF,0x88,0x00,0x00,0x38,0xFF,0xFF,
    0xE3,0x00,0x00,0xA3,0xFF,0xFF,0x87,0x00,0x00,0x38,0xFF,0xFF,0xD9,0x00,0x00,0x3F,
    0xFF,0xFF,0xE0,0x28,0x10,0xA9,0xFF,0xFF,0x92,0x00,0x00,0x00,0x8F,0xFF,0xFF,0xFF,
    0xFF,0xFF,0xFF,0xD9,0x14,0x00,0x00,0x00,0x00,0x5C,0xC5,0xF3,0xF9,0xD9,0x88,0x0F,
    0x00,0x00,0x00,0xDC,0xFF,0xFF,0xFF,0xFF,0xFF,0xFF,0xFF,0xFF,0x78,0x00,0x00,0xDC,
    0xFF,0xFF,0xFF,0xFF,0xFF,0xFF,0xFF,0xFF,0x74,0x00,0x00,0x00,0x00,0x00,0x00,0x00,
    0x22,0xFC,0xFF,0xFC,0x21,0x00,0x00,0x00,0x00,0x00,0x00,0x00,0x94,0xFF,0xFF,0xA4,
    0x00,0x00,0x00,0x00,0x00,0x00,0x00,0x13,0xF5,0xFF,0xFE,0x2D,0x00,0x00,0x00,0x00,
    0x00,0x00,0x00,0x7E,0xFF,0xFF,0xB3,0x00,0x00,0x00,0x00,0x00,0x00,0x00,0x09,0xEA,
    0xFF,0xFF,0x3B,0x00,0x00,0x00,0x00,0x00,0x00,0x00,0x69,0xFF,0xFF,0xC2,0x00,0x00,
    0x00,0x00,0x00,0x00,0x00,0x02,0xDB,0xFF,0xFF,0x49,0x00,0x00,0x00,0x00,0x00,0x00,
    0x00,0x53,0xFF,0xFF,0xD0,0x00,0x00,0x00,0x00,0x00,0x00,0x00,0x00,0xC8,0xFF,0xFF,
    0x58,0x00,0x00,0x00,0x00,0x00,0x00,0x00,0x3D,0xFF,0xFF,0xDC,0x03,0x00,0x00,0x00,
    0x00,0x00,0x00,0x00,0x30,0xA8,0xE3,0xFA,0xF8,0xDC,0x97,0x1D,0x00,0x00,0x00,0x32,
    0xF7,0xFF,0xFF,0xFF,0xFF,0xFF,0xFF,0xE7,0x15,0x00,0x00,0x99,0xFF,0xFF,0xB3,0x12,
    0x1F,0xD5,0xFF,0xFF,0x6B,0x00,0x00,0xA2,0xFF,0xFF,0x5E,0x00,0x00,0x8E,0xFF,0xFF,
    0x76,0x00,0x00,0x56,0xFF,0xFF,0xB3,0x12,0x1F,0xD5,0xFF,0xFC,0x2D,0x00,0x00,0x00,
    0x67,0xE6,0xFF,0xFF,0xFF,0xFF,0xD6,0x49,0x00,0x00,0x00,0x0E,0x9A,0xF5,0xFF,0xFF,
    0xFF,0xFF,0xEB,0x7D,0x03,0x00,0x00,0xA6,0xFF,0xFF,0x89,0x0E,0x16,0xAC,0xFF,0xFF,
    0x73,0x00,0x00,0xEC,0xFF,0xFF,0x1B,0x00,0x00,0x4C,0xFF,0xFF,0xBB,0x00,0x00,0xDB,
    0xFF,0xFF,0x86,0x0D,0x15,0xAA,0xFF,0xFF,0xAA,0x00,0x00,0x64,0xFF,0xFF,0xFF,0xFF,
    0xFF,0xFF,0xFF,0xF8,0x3A,0x00,0x00,0x00,0x48,0xB3,0xE7,0xFB,0xFA,0xE0,0xA5,0x30,
    0x00,0x00,0x00,0x00,0x23,0x9E,0xE2,0xFA,0xEC,0xB2,0x3A,0x00,0x00,0x00,0x00,0x32,
    0xF2,0xFF,0xFF,0xFF,0xFF,0xFF,0xFC,0x57,0x00,0x00,0x00,0xC7,0xFF,0xFF,0x7C,0x0B,
    0x41,0xF9,0xFF,0xF2,0x12,0x00,0x0F,0xFF,0xFF,0xFD,0x06,0x00,0x00,0xBC,0xFF,0xFF,
    0x69,0x00,0x18,0xFF,0xFF,0xFD,0x06,0x00,0x00,0xBC,0xFF,0xFF,0x9F,0x00,0x01,0xE4,
    0xFF,0xFF,0x7C,0x0B,0x41,0xF9,0xFF,0xFF,0xB5,0x00,0x00,0x59,0xFF,0xFF,0xFF,0xFF,
    0xFF,0xFF,0xFF,0xFF,0xAF,0x00,0x00,0x00,0x48,0xC0,0xF4,0xF2,0xC4,0xA5,0xFF,0xFF,
    0x8F,0x00,0x00,0x00,0x00,0x00,0x00,0x00,0x00,0xB3,0xFF,0xFF,0x48,0x00,0x00,0x45,
    0x96,0x31,0x0A,0x23,0x94,0xFF,0xFF,0xCA,0x01,0x00,0x00,0x4C,0xFF,0xFF,0xFF,0xFF,
    0xFF,0xFF,0xDB,0x1F,0x00,0x00,0x00,0x05,0x62,0xC6,0xEF,0xF5,0xD0,0x7D,0x0E,0x00,
    0x00,0x00,0x00,0x18,0xFF,0xFF,0xE4,0x00,0x00,0x00,0x18,0xFF,0xFF,0xE4,0x00,0x00,
    0x00,0x18,0xFF,0xFF,0xE4,0x00,0x00,0x00,0x00,0x00,0x00,0x00,0x00,0x00,0x00,0x00,
    0x00,0x00,0x00,0x00,0x00,0x00,0x00,0x00,0x00,0x00,0x00,0x00,0x00,0x18,0xFF,0xFF,
    0xE4,0x00,0x00,0x00,0x18,0xFF,0xFF,0xE4,0x00,0x00,0x00,0x18,0xFF,0xFF,0xE4,0x00,
    0x00,0x00,0x18,0xFF,0xFF,0xE4,0x00,0x00,0x00,0x18,0xFF,0xFF,0xE4,0x00,0x00,0x00,
    0x18,0xFF,0xFF,0xE4,0x00,0x00,0x00,0x00,0x00,0x00,0x00,0x00,0x00,0x00,0x00,0x00,
    0x00,0x00,0x00,0x00,0x00,0x00,0x00,0x00,0x00,0x00,0x00,0x00,0x18,0xFF,0xFF,0xE4,
    0x00,0x00,0x00,0x18,0xFF,0xFF,0xE4,0x00,0x00,0x00,0x1A,0xFF,0xFF,0xDC,0x00,0x00,
    0x00,0x4C,0xFF,0xFF,0x64,0x00,0x00,0x00,0x8C,0xFF,0xC4,0x01,0x00,0x00,0x00,0xCC,
    0xFB,0x2C,0x00,0x00,0x00,0x00,0x00,0x00,0x00,0x00,0x00,0x00,0x00,0x00,0x02,0x46,
    0xA6,0x66,0x00,0x00,0x00,0x00,0x00,0x00,0x00,0x00,0x26,0x86,0xE3,0xFF,0xFF,0x70,
    0x00,0x00,0x00,0x00,0x00,0x0F,0x66,0xC6,0xFF,0xFF,0xFF,0xD9,0x7E,0x1A,0x00,0x00,
    0x02,0x47,0xA7,0xF7,0xFF,0xFF,0xE8,0x91,0x35,0x00,0x00,0x00,0x00,0x00,0x34,0xFF,
    0xFF,0xF3,0xA3,0x48,0x03,0x00,0x00,0x00,0x00,0x00,0x00,0x00,0x34,0xFF,0xFF,0xEF,
    0x9B,0x41,0x02,0x00,0x00,0x00,0x00,0x00,0x00,0x00,0x02,0x48,0xA8,0xF7,0xFF,0xFF,
    0xE4,0x8C,0x31,0x00,0x00,0x00,0x00,0x00,0x00,0x00,0x00,0x10,0x67,0xC7,0xFF,0xFF,
    0xFF,0xD7,0x7C,0x1A,0x00,0x00,0x00,0x00,0x00,0x00,0x00,0x00,0x27,0x87,0xE4,0xFF,
    0xFF,0x70,0x00,0x00,0x00,0x00,0x00,0x00,0x00,0x00,0x00,0x00,0x02,0x47,0xA7,0x67,
    0x00,0x00,0x34,0xFF,0xFF,0xFF,0xFF,0xFF,0xFF,0xFF,0xFF,0xFF,0xFF,0x70,0x00,0x00,
    0x34,0xFF,0xFF,0xFF,0xFF,0xFF,0xFF,0xFF,0xFF,0xFF,0xFF,0x70,0x00,0x00,0x00,0x00,
    0x00,0x00,0x00,0x00,0x00,0x00,0x00,0x00,0x00,0x00,0x00,0x00,0x00,0x00,0x00,0x00,
    0x00,0x00,0x00,0x00,0x00,0x00,0x00,0x00,0x00,0x00,0x34,0xFF,0xFF,0xFF,0xFF,0xFF,
    0xFF,0xFF,0xFF,0xFF,0xFF,0x70,0x00,0x00,0x34,0xFF,0xFF,0xFF,0xFF,0xFF,0xFF,0xFF,
    0xFF,0xFF,0xFF,0x70,0x00,0x00,0x00,0x00,0x00,0x00,0x00,0x00,0x00,0x00,0x00,0x00,
    0x00,0x00,0x00,0x00,0x00,0x00,0x00,0x00,0x00,0x00,0x00,0x00,0x00,0x00,0x00,0x00,
    0x00,0x00,0x31,0xBC,0x5C,0x0A,0x00,0x00,0x00,0x00,0x00,0x00,0x00,0x00,0x00,0x00,
    0x34,0xFF,0xFF,0xF2,0x9C,0x3D,0x00,0x00,0x00,0x00,0x00,0x00,0x00,0x00,0x0A,0x68,
    0xC4,0xFE,0xFF,0xFF,0xDC,0x7D,0x1F,0x00,0x00,0x00,0x00,0x00,0x00,0x00,0x00,0x20,
    0x7A,0xD5,0xFF,0xFF,0xFE,0xBD,0x5D,0x0A,0x00,0x00,0x00,0x00,0x00,0x00,0x00,0x00,
    0x31,0x8C,0xE5,0xFF,0xFF,0x70,0x00,0x00,0x00,0x00,0x00,0x00,0x00,0x00,0x2B,0x85,
    0xDE,0xFF,0xFF,0x70,0x00,0x00,0x00,0x00,0x00,0x1D,0x76,0xD0,0xFF,0xFF,0xFE,0xBE,
    0x5E,0x0A,0x00,0x00,0x09,0x67,0xC1,0xFE,0xFF,0xFF,0xDC,0x7E,0x1F,0x00,0x00,0x00,
    0x00,0x00,0x34,0xFF,0xFF,0xF2,0x9D,0x3E,0x00,0x00,0x00,0x00,0x00,0x00,0x00,0x00,
    0x32,0xBD,0x5D,0x0A,0x00,0x00,0x00,0x00,0x00,0x00,0x00,0x00,0x00,0x00,0x28,0x92,
    0xD3,0xF6,0xE6,0xBA,0x48,0x00,0x00,0x00,0xD4,0xFF,0xFF,0xFF,0xFF,0xFF,0xFF,0x51,
    0x00,0x00,0xAB,0x65,0x22,0x0A,0x8E,0xFF,0xFF,0xAF,0x00,0x00,0x00,0x00,0x00,0x00,
    0x58,0xFF,0xFF,0xB0,0x00,0x00,0x00,0x00,0x00,0x21,0xDF,0xFF,0xFF,0x55,0x00,0x00,
    0x00,0x00,0x27,0xE7,0xFF,0xFF,0x86,0x00,0x00,0x00,0x00,0x00,0xD3,0xFF,0xFF,0x7B,
    0x00,0x00,0x00,0x00,0x00,0x17,0xFF,0xFF,0xF0,0x01,0x00,0x00,0x00,0x00,0x00,0x00,
    0x00,0x00,0x00,0x00,0x00,0x00,0x00,0x00,0x00,0x1C,0xFF,0xFF,0xE4,0x00,0x00,0x00,
    0x00,0x00,0x00,0x1C,0xFF,0xFF,0xE4,0x00,0x00,0x00,0x00,0x00,0x00,0x1C,0xFF,0xFF,
    0xE4,0x00,0x00,0x00,0x00,0x00,0x00,0x00,0x00,0x00,0x4A,0xA7,0xE2,0xF9,0xE9,0xC5,
    0x75,0x12,0x00,0x00,0x00,0x00,0x00,0x00,0x00,0x18,0xC0,0xFF,0xFF,0xFF,0xFF,0xFF,
    0xFF,0xFF,0xEB,0x52,0x00,0x00,0x00,0x00,0x00,0x16,0xE0,0xFF,0xD3,0x67,0x29,0x0A,
    0x11,0x3D,0x96,0xF9,0xFC,0x54,0x00,0x00,0x00,0x00,0xB8,0xFF,0x8B,0x02,0x00,0x00,
    0x00,0x00,0x00,0x00,0x30,0xE7,0xF1,0x16,0x00,0x00,0x3E,0xFF,0xA7,0x00,0x01,0x73,
    0xDD,0xF2,0x82,0xB4,0xFF,0x08,0x4B,0xFF,0x77,0x00,0x00,0x96,0xFD,0x1E,0x00,0x6C,
    0xFF,0xFF,0xFF,0xFF,0xEA,0xFF,0x08,0x00,0xE7,0xB5,0x00,0x00,0xC8,0xCD,0x00,0x00,
    0xD7,0xFF,0x5A,0x0A,0x57,0xFE,0xFF,0x08,0x00,0xCB,0xC6,0x00,0x00,0xDA,0xB3,0x00,
    0x00,0xF6,0xEF,0x00,0x00,0x00,0xE7,0xFF,0x08,0x10,0xF3,0xAC,0x00,0x00,0xC9,0xC8,
    0x00,0x00,0xD7,0xFF,0x5B,0x09,0x57,0xFE,0xFF,0x2D,0xB9,0xFF,0x5D,0x00,0x00,0x99,
    0xFB,0x15,0x00,0x6D,0xFF,0xFF,0xFF,0xFF,0xE9,0xFF,0xFF,0xFF,0xB4,0x03,0x00,0x00,
    0x45,0xFF,0x9C,0x00,0x02,0x76,0xDF,0xF2,0x82,0xB4,0xFB,0xCF,0x6F,0x03,0x00,0x00,
    0x00,0x00,0xC0,0xFF,0x81,0x01,0x00,0x00,0x00,0x00,0x07,0x01,0x00,0x00,0x00,0x00,
    0x00,0x00,0x00,0x1A,0xE4,0xFF,0xC9,0x58,0x1A,0x04,0x10,0x3C,0x8B,0xCB,0x16,0x00,
    0x00,0x00,0x00,0x00,0x00,0x1D,0xC8,0xFF,0xFF,0xFF,0xFF,0xFF,0xFF,0xFF,0xA1,0x08,
    0x00,0x00,0x00,0x00,0x00,0x00,0x00,0x01,0x54,0xAF,0xE5,0xF9,0xE7,0xA9,0x3E,0x00,
    0x00,0x00,0x00,0x00,0x00,0x00,0x00,0x00,0x86,0xFF,0xFF,0xFF,0xAC,0x00,0x00,0x00,
    0x00,0x00,0x00,0x00,0x00,0x03,0xE4,0xFF,0xFF,0xFF,0xF9,0x14,0x00,0x00,0x00,0x00,
    0x00,0x00,0x00,0x4A,0xFF,0xFF,0xEF,0xFF,0xFF,0x70,0x00,0x00,0x00,0x00,0x00,0x00,
    0x00,0xAC,0xFF,0xFF,0x50,0xFB,0xFF,0xD2,0x00,0x00,0x00,0x00,0x00,0x00,0x13,0xF9,
    0xFF,0xD6,0x00,0xAF,0xFF,0xFF,0x34,0x00,0x00,0x00,0x00,0x00,0x70,0xFF,0xFF,0x73,
    0x00,0x4C,0xFF,0xFF,0x96,0x00,0x00,0x00,0x00,0x00,0xD1,0xFF,0xFA,0x16,0x00,0x03,
    0xE5,0xFF,0xEF,0x08,0x00,0x00,0x00,0x34,0xFF,0xFF,0xFF,0xFF,0xFF,0xFF,0xFF,0xFF,
    0xFF,0x5A,0x00,0x00,0x00,0x96,0xFF,0xFF,0xFF,0xFF,0xFF,0xFF,0xFF,0xFF,0xFF,0xBC,
    0x00,0x00,0x08,0xEF,0xFF,0xEF,0x02,0x00,0x00,0x00,0x00,0xCB,0xFF,0xFE,0x20,0x00,
    0x5A,0xFF,0xFF,0xAF,0x00,0x00,0x00,0x00,0x00,0x88,0xFF,0xFF,0x80,0x00,0xBB,0xFF,
    0xFF,0x6D,0x00,0x00,0x00,0x00,0x00,0x45,0xFF,0xFF,0xE0,0x02,0x00,0x70,0xFF,0xFF,
    0xFF,0xFF,0xFD,0xF0,0xCC,0x7D,0x0B,0x00,0x00,0x00,0x70,0xFF,0xFF,0xFF,0xFF,0xFF,
    0xFF,0xFF,0xFF,0xBA,0x00,0x00,0x00,0x70,0xFF,0xFF,0xC0,0x00,0x04,0x59,0xFF,0xFF,
    0xFF,0x23,0x00,0x00,0x70,0xFF,0xFF,0xC0,0x00,0x00,0x00,0xF9,0xFF,0xFF,0x37,0x00,
    0x00,0x70,0xFF,0xFF,0xC0,0x00,0x03,0x57,0xFF,0xFF,0xF4,0x0E,0x00,0x00,0x70,0xFF,
    0xFF,0xFF,0xFF,0xFF,0xFF,0xFF,0xED,0x4B,0x00,0x00,0x00,0x70,0xFF,0xFF,0xFF,0xFF,
    0xFF,0xFF,0xFF,0xFE,0xAA,0x09,0x00,0x00,0x70,0xFF,0xFF,0xC0,0x00,0x02,0x25,0xCE,
    0xFF,0xFF,0x7C,0x00,0x00,0x70,0xFF,0xFF,0xC0,0x00,0x00,0x00,0x7C,0xFF,0xFF,0xB9,
    0x00,0x00,0x70,0xFF,0xFF,0xC0,0x00,0x01,0x25,0xCE,0xFF,0xFF,0xA8,0x00,0x00,0x70,
    0xFF,0xFF,0xFF,0xFF,0xFF,0xFF,0xFF,0xFF,0xF9,0x3C,0x00,0x00,0x70,0xFF,0xFF,0xFF,
    0xFF,0xFF,0xF9,0xE0,0xA6,0x33,0x00,0x00,0x00,0x00,0x00,0x10,0x75,0xC2,0xEC,0xFA,
    0xE7,0xC7,0x7D,0x1A,0x00,0x00,0x3C,0xE6,0xFF,0xFF,0xFF,0xFF,0xFF,0xFF,0xFF,0x64,
    0x00,0x25,0xF1,0xFF,0xFF,0xBD,0x38,0x07,0x18,0x3E,0x92,0x5A,0x00,0xA9,0xFF,0xFF,
    0xD9,0x06,0x00,0x00,0x00,0x00,0x00,0x00,0x05,0xF5,0xFF,0xFF,0x65,0x00,0x00,0x00,
    0x00,0x00,0x00,0x00,0x1D,0xFF,0xFF,0xFF,0x3A,0x00,0x00,0x00,0x00,0x00,0x00,0x00,
    0x1D,0xFF,0xFF,0xFF,0x3A,0x00,0x00,0x00,0x00,0x00,0x00,0x00,0x05,0xF5,0xFF,0xFF,
    0x65,0x00,0x00,0x00,0x00,0x00,0x00,0x00,0x00,0xA9,0xFF,0xFF,0xD9,0x06,0x00,0x00,
    0x00,0x00,0x00,0x00,0x00,0x26,0xF2,0xFF,0xFF,0xBD,0x37,0x07,0x15,0x3A,0x90,0x5A,
    0x00,0x00,0x3E,0xE8,0xFF,0xFF,0xFF,0xFF,0xFF,0xFF,0xFF,0x64,0x00,0x00,0x00,0x12,
    0x78,0xC4,0xEE,0xFB,0xE8,0xC7,0x7E,0x1A,0x00,0x70,0xFF,0xFF,0xFF,0xFC,0xF4,0xE1,
    0xBC,0x74,0x12,0x00,0x00,0x00,0x00,0x70,0xFF,0xFF,0xFF,0xFF,0xFF,0xFF,0xFF,0xFF,
    0xEA,0x44,0x00,0x00,0x00,0x70,0xFF,0xFF,0xC0,0x00,0x0B,0x3D,0xB9,0xFF,0xFF,0xF6,
    0x30,0x00,0x00,0x70,0xFF,0xFF,0xC0,0x00,0x00,0x00,0x02,0xBE,0xFF,0xFF,0xB9,0x00,
    0x00,0x70,0xFF,0xFF,0xC0,0x00,0x00,0x00,0x00,0x4A,0xFF,0xFF,0xFC,0x0E,0x00,0x70,
    0xFF,0xFF,0xC0,0x00,0x00,0x00,0x00,0x1D,0xFF,0xFF,0xFF,0x2D,0x00,0x70,0xFF,0xFF,
    0xC0,0x00,0x00,0x00,0x00,0x1E,0xFF,0xFF,0xFF,0x2C,0x00,0x70,0xFF,0xFF,0xC0,0x00,
    0x00,0x00,0x00,0x4C,0xFF,0xFF,0xFC,0x0E,0x00,0x70,0xFF,0xFF,0xC0,0x00,0x00,0x00,
    0x02,0xC1,0xFF,0xFF,0xB9,0x00,0x00,0x70,0xFF,0xFF,0xC0,0x00,0x0A,0x3D,0xBB,0xFF,
    0xFF,0xF6,0x30,0x00,0x00,0x70,0xFF,0xFF,0xFF,0xFF,0xFF,0xFF,0xFF,0xFF,0xEA,0x44,
    0x00,0x00,0x00,0x70,0xFF,0xFF,0xFF,0xFE,0xF5,0xE2,0xBD,0x73,0x12,0x00,0x00,0x00,
    0x00,0x70,0xFF,0xFF,0xFF,0xFF,0xFF,0xFF,0xFF,0xFF,0x30,0x00,0x00,0x70,0xFF,0xFF,
    0xFF,0xFF,0xFF,0xFF,0xFF,0xFF,0x30,0x00,0x00,0x70,0xFF,0xFF,0xC0,0x00,0x00,0x00,
    0x00,0x00,0x00,0x00,0x00,0x70,0xFF,0xFF,0xC0,0x00,0x00,0x00,0x00,0x00,0x00,0x00,
    0x00,0x70,0xFF,0xFF,0xC0,0x00,0x00,0x00,0x00,0x00,0x00,0x00,0x00,0x70,0xFF,0xFF,
    0xFF,0xFF,0xFF,0xFF,0xFF,0xDC,0x00,0x00,0x00,0x70,0xFF,0xFF,0xFF,0xFF,0xFF,0xFF,
    0xFF,0xDC,0x00,0x00,0x00,0x70,0xFF,0xFF,0xC0,0x00,0x00,0x00,0x00,0x00,0x00,0x00,
    0x00,0x70,0xFF,0xFF,0xC0,0x00,0x00,0x00,0x00,0x00,0x00,0x00,0x00,0x70,0xFF,0xFF,
    0xC0,0x00,0x00,0x00,0x00,0x00,0x00,0x00,0x00,0x70,0xFF,0xFF,0xFF,0xFF,0xFF,0xFF,
    0xFF,0xFF,0x60,0x00,0x00,0x70,0xFF,0xFF,0xFF,0xFF,0xFF,0xFF,0xFF,0xFF,0x60,0x00,
    0x00,0x70,0xFF,0xFF,0xFF,0xFF,0xFF,0xFF,0xFF,0xFF,0x30,0x00,0x00,0x70,0xFF,0xFF,
    0xFF,0xFF,0xFF,0xFF,0xFF,0xFF,0x30,0x00,0x00,0x70,0xFF,0xFF,0xC0,0x00,0x00,0x00,
    0x00,0x00,0x00,0x00,0x00,0x70,0xFF,0xFF,0xC0,0x00,0x00,0x00,0x00,0x00,0x00,0x00,
    0x00,0x70,0xFF,0xFF,0xC0,0x00,0x00,0x00,0x00,0x00,0x00,0x00,0x00,0x70,0xFF,0xFF,
    0xFF,0xFF,0xFF,0xFF,0xFF,0xDC,0x00,0x00,0x00,0x70,0xFF,0xFF,0xFF,0xFF,0xFF,0xFF,
    0xFF,0xDC,0x00,0x00,0x00,0x70,0xFF,0xFF,0xC0,0x00,0x00,0x00,0x00,0x00,0x00,0x00,
    0x00,0x70,0xFF,0xFF,0xC0,0x00,0x00,0x00,0x00,0x00,0x00,0x00,0x00,0x70,0xFF,0xFF,
    0xC0,0x00,0x00,0x00,0x00,0x00,0x00,0x00,0x00,0x70,0xFF,0xFF,0xC0,0x00,0x00,0x00,
    0x00,0x00,0x00,0x00,0x00,0x70,0xFF,0xFF,0xC0,0x00,0x00,0x00,0x00,0x00,0x00,0x00,
    0x00,0x00,0x00,0x0E,0x6F,0xBC,0xE9,0xFA,0xEF,0xD9,0xAF,0x68,0x0F,0x00,0x00,0x00,
    0x3A,0xE4,0xFF,0xFF,0xFF,0xFF,0xFF,0xFF,0xFF,0xFF,0x40,0x00,0x00,0x25,0xF1,0xFF,
    0xFF,0xC7,0x45,0x0D,0x0C,0x2B,0x5E,0xBA,0x3D,0x00,0x00,0xA9,0xFF,0xFF,0xD2,0x08,
    0x00,0x00,0x00,0x00,0x00,0x00,0x00,0x00,0x05,0xF5,0xFF,0xFF,0x60,0x00,0x00,0x00,
    0x00,0x00,0x00,0x00,0x00,0x00,0x1D,0xFF,0xFF,0xFF,0x31,0x00,0x00,0x48,0xFF,0xFF,
    0xFF,0xFF,0xB4,0x00,0x1D,0xFF,0xFF,0xFF,0x39,0x00,0x00,0x48,0xFF,0xFF,0xFF,0xFF,
    0xB4,0x00,0x05,0xF5,0xFF,0xFF,0x64,0x00,0x00,0x00,0x00,0x54,0xFF,0xFF,0xB4,0x00,
    0x00,0xA9,0xFF,0xFF,0xD8,0x05,0x00,0x00,0x00,0x54,0xFF,0xFF,0xB4,0x00,0x00,0x26,
    0xF2,0xFF,0xFF,0xBC,0x3B,0x09,0x09,0x75,0xFF,0xFF,0xB4,0x00,0x00,0x00,0x3E,0xE8,
    0xFF,0xFF,0xFF,0xFF,0xFF,0xFF,0xFF,0xFF,0xB4,0x00,0x00,0x00,0x00,0x12,0x78,0xC4,
    0xEE,0xFB,0xEA,0xD2,0xA9,0x5D,0x13,0x00,0x00,0x70,0xFF,0xFF,0xC0,0x00,0x00,0x00,
    0x00,0x88,0xFF,0xFF,0xAC,0x00,0x00,0x70,0xFF,0xFF,0xC0,0x00,0x00,0x00,0x00,0x88,
    0xFF,0xFF,0xAC,0x00,0x00,0x70,0xFF,0xFF,0xC0,0x00,0x00,0x00,0x00,0x88,0xFF,0xFF,
    0xAC,0x00,0x00,0x70,0xFF,0xFF,0xC0,0x00,0x00,0x00,0x00,0x88,0xFF,0xFF,0xAC,0x00,
    0x00,0x70,0xFF,0xFF,0xC0,0x00,0x00,0x00,0x00,0x88,0xFF,0xFF,0xAC,0x00,0x00,0x70,
    0xFF,0xFF,0xFF,0xFF,0xFF,0xFF,0xFF,0xFF,0xFF,0xFF,0xAC,0x00,0x00,0x70,0xFF,0xFF,
    0xFF,0xFF,0xFF,0xFF,0xFF,0xFF,0xFF,0xFF,0xAC,0x00,0x00,0x70,0xFF,0xFF,0xC0,0x00,
    0x00,0x00,0x00,0x88,0xFF,0xFF,0xAC,0x00,0x00,0x70,0xFF,0xFF,0xC0,0x00,0x00,0x00,
    0x00,0x88,0xFF,0xFF,0xAC,0x00,0x00,0x70,0xFF,0xFF,0xC0,0x00,0x00,0x00,0x00,0x88,
    0xFF,0xFF,0xAC,0x00,0x00,0x70,0xFF,0xFF,0xC0,0x00,0x00,0x00,0x00,0x88,0xFF,0xFF,
    0xAC,0x00,0x00,0x70,0xFF,0xFF,0xC0,0x00,0x00,0x00,0x00,0x88,0xFF,0xFF,0xAC,0x00,
    0x00,0x70,0xFF,0xFF,0xC0,0x00,0x00,0x70,0xFF,0xFF,0xC0,0x00,0x00,0x70,0xFF,0xFF,
    0xC0,0x00,0x00,0x70,0xFF,0xFF,0xC0,0x00,0x00,0x70,0xFF,0xFF,0xC0,0x00,0x00,0x70,
    0xFF,0xFF,0xC0,0x00,0x00,0x70,0xFF,0xFF,0xC0,0x00,0x00,0x70,0xFF,0xFF,0xC0,0x00,
    0x00,0x70,0xFF,0xFF,0xC0,0x00,0x00,0x70,0xFF,0xFF,0xC0,0x00,0x00,0x70,0xFF,0xFF,
    0xC0,0x00,0x00,0x70,0xFF,0xFF,0xC0,0x00,0x00,0x00,0x70,0xFF,0xFF,0xC0,0x00,0x00,
    0x00,0x70,0xFF,0xFF,0xC0,0x00,0x00,0x00,0x70,0xFF,0xFF,0xC0,0x00,0x00,0x00,0x70,
    0xFF,0xFF,0xC0,0x00,0x00,0x00,0x70,0xFF,0xFF,0xC0,0x00,0x00,0x00,0x70,0xFF,0xFF,
    0xC0,0x00,0x00,0x00,0x70,0xFF,0xFF,0xC0,0x00,0x00,0x00,0x70,0xFF,0xFF,0xC0,0x00,
    0x00,0x00,0x70,0xFF,0xFF,0xC0,0x00,0x00,0x00,0x70,0xFF,0xFF,0xC0,0x00,0x00,0x00,
    0x70,0xFF,0xFF,0xBF,0x00,0x00,0x00,0x88,0xFF,0xFF,0xB1,0x00,0x03,0x39,0xEA,0xFF,
    0xFF,0x78,0x00,0xF4,0xFF,0xFF,0xFF,0xDA,0x0F,0x00,0xF3,0xF4,0xD2,0x86,0x11,0x00,
    0x00,0x00,0x70,0xFF,0xFF,0xC0,0x00,0x00,0x00,0x3A,0xF0,0xFF,0xFF,0x8D,0x00,0x00,
    0x70,0xFF,0xFF,0xC0,0x00,0x00,0x43,0xF4,0xFF,0xFF,0x81,0x00,0x00,0x00,0x70,0xFF,
    0xFF,0xC0,0x00,0x4E,0xF8,0xFF,0xFF,0x74,0x00,0x00,0x00,0x00,0x70,0xFF,0xFF,0xC0,
    0x58,0xFB,0xFF,0xFE,0x69,0x00,0x00,0x00,0x00,0x00,0x70,0xFF,0xFF,0xEF,0xFD,0xFF,
    0xFC,0x5E,0x00,0x00,0x00,0x00,0x00,0x00,0x70,0xFF,0xFF,0xFF,0xFF,0xFF,0x68,0x00,
    0x00,0x00,0x00,0x00,0x00,0x00,0x70,0xFF,0xFF,0xFF,0xFF,0xFF,0xD8,0x1B,0x00,0x00,
    0x00,0x00,0x00,0x00,0x70,0xFF,0xFF,0xD9,0xE1,0xFF,0xFF,0xDE,0x20,0x00,0x00,0x00,
    0x00,0x00,0x70,0xFF,0xFF,0xC0,0x1E,0xDB,0xFF,0xFF,0xE3,0x26,0x00,0x00,0x00,0x00,
    0x70,0xFF,0xFF,0xC0,0x00,0x19,0xD4,0xFF,0xFF,0xE8,0x2C,0x00,0x00,0x00,0x70,0xFF,
    0xFF,0xC0,0x00,0x00,0x14,0xCE,0xFF,0xFF,0xEC,0x32,0x00,0x00,0x70,0xFF,0xFF,0xC0,
    0x00,0x00,0x00,0x0F,0xC6,0xFF,0xFF,0xF0,0x39,0x00,0x70,0xFF,0xFF,0xC0,0x00,0x00,
    0x00,0x00,0x00,0x00,0x00,0x70,0xFF,0xFF,0xC0,0x00,0x00,0x00,0x00,0x00,0x00,0x00,
    0x70,0xFF,0xFF,0xC0,0x00,0x00,0x00,0x00,0x00,0x00,0x00,0x70,0xFF,0xFF,0xC0,0x00,
    0x00,0x00,0x00,0x00,0x00,0x00,0x70,0xFF,0xFF,0xC0,0x00,0x00,0x00,0x00,0x00,0x00,
    0x00,0x70,0xFF,0xFF,0xC0,0x00,0x00,0x00,0x00,0x00,0x00,0x00,0x70,0xFF,0xFF,0xC0,
    0x00,0x00,0x00,0x00,0x00,0x00,0x00,0x70,0xFF,0xFF,0xC0,0x00,0x00,0x00,0x00,0x00,
    0x00,0x00,0x70,0xFF,0xFF,0xC0,0x00,0x00,0x00,0x00,0x00,0x00,0x00,0x70,0xFF,0xFF,
    0xC0,0x00,0x00,0x00,0x00,0x00,0x00,0x00,0x70,0xFF,0xFF,0xFF,0xFF,0xFF,0xFF,0xFF,
    0xFF,0x60,0x00,0x70,0xFF,0xFF,0xFF,0xFF,0xFF,0xFF,0xFF,0xFF,0x60,0x00,0x70,0xFF,
    0xFF,0xFF,0xD5,0x00,0x00,0x00,0x00,0x05,0xE5,0xFF,0xFF,0xFF,0x58,0x00,0x00,0x70,
    0xFF,0xFF,0xFF,0xFF,0x43,0x00,0x00,0x00,0x59,0xFF,0xFF,0xFF,0xFF,0x58,0x00,0x00,
    0x70,0xFF,0xFF,0xFF,0xFF,0xB0,0x00,0x00,0x00,0xC7,0xFF,0xFF,0xFF,0xFF,0x58,0x00,
    0x00,0x70,0xFF,0xFF,0xE7,0xFF,0xFD,0x21,0x00,0x34,0xFF,0xFF,0xE7,0xFF,0xFF,0x58,
    0x00,0x00,0x70,0xFF,0xFF,0x9C,0xE3,0xFF,0x8B,0x00,0xA3,0xFF,0xD2,0xAC,0xFF,0xFF,
    0x58,0x00,0x00,0x70,0xFF,0xFF,0x98,0x7A,0xFF,0xEE,0x21,0xF9,0xFF,0x65,0xAC,0xFF,
    0xFF,0x58,0x00,0x00,0x70,0xFF,0xFF,0x98,0x14,0xF7,0xFF,0xD5,0xFF,0xEE,0x09,0xAC,
    0xFF,0xFF,0x58,0x00,0x00,0x70,0xFF,0xFF,0x98,0x00,0x9F,0xFF,0xFF,0xFF,0x8A,0x00,
    0xAC,0xFF,0xFF,0x58,0x00,0x00,0x70,0xFF,0xFF,0x98,0x00,0x31,0xFF,0xFF,0xFC,0x1F,
    0x00,0xAC,0xFF,0xFF,0x58,0x00,0x00,0x70,0xFF,0xFF,0x98,0x00,0x00,0xC3,0xFF,0xAE,
    0x00,0x00,0xAC,0xFF,0xFF,0x58,0x00,0x00,0x70,0xFF,0xFF,0x98,0x00,0x00,0x00,0x00,
    0x00,0x00,0x00,0xAC,0xFF,0xFF,0x58,0x00,0x00,0x70,0xFF,0xFF,0x98,0x00,0x00,0x00,
    0x00,0x00,0x00,0x00,0xAC,0xFF,0xFF,0x58,0x00,0x00,0x70,0xFF,0xFF,0xFF,0x65,0x00,
    0x00,0x00,0x5C,0xFF,0xFF,0xAC,0x00,0x00,0x70,0xFF,0xFF,0xFF,0xE6,0x0B,0x00,0x00,
    0x5C,0xFF,0xFF,0xAC,0x00,0x00,0x70,0xFF,0xFF,0xFF,0xFF,0x7E,0x00,0x00,0x5C,0xFF,
    0xFF,0xAC,0x00,0x00,0x70,0xFF,0xFF,0xFC,0xFF,0xF3,0x17,0x00,0x5C,0xFF,0xFF,0xAC,
    0x00,0x00,0x70,0xFF,0xFF,0xAA,0xEF,0xFF,0x97,0x00,0x5C,0xFF,0xFF,0xAC,0x00,0x00,
    0x70,0xFF,0xFF,0x98,0x76,0xFF,0xFB,0x27,0x5C,0xFF,0xFF,0xAC,0x00,0x00,0x70,0xFF,
    0xFF,0x98,0x08,0xE1,0xFF,0xB0,0x5C,0xFF,0xFF,0xAC,0x00,0x00,0x70,0xFF,0xFF,0x98,
    0x00,0x5E,0xFF,0xFF,0x99,0xFF,0xFF,0xAC,0x00,0x00,0x70,0xFF,0xFF,0x98,0x00,0x02,
    0xCF,0xFF,0xFC,0xFF,0xFF,0xAC,0x00,0x00,0x70,0xFF,0xFF,0x98,0x00,0x00,0x46,0xFF,
    0xFF,0xFF,0xFF,0xAC,0x00,0x00,0x70,0xFF,0xFF,0x98,0x00,0x00,0x00,0xBA,0xFF,0xFF,
    0xFF,0xAC,0x00,0x00,0x70,0xFF,0xFF,0x98,0x00,0x00,0x00,0x30,0xFD,0xFF,0xFF,0xAC,
    0x00,0x00,0x00,0x00,0x20,0x8D,0xD2,0xF2,0xF9,0xE5,0xB0,0x50,0x00,0x00,0x00,0x00,
    0x00,0x57,0xF5,0xFF,0xFF,0xFF,0xFF,0xFF,0xFF,0xFF,0xB1,0x08,0x00,0x00,0x35,0xFA,
    0xFF,0xFF,0x8F,0x1A,0x08,0x4A,0xE6,0xFF,0xFF,0x9C,0x00,0x00,0xB5,0xFF,0xFF,0xBC,
    0x00,0x00,0x00,0x00,0x4C,0xFF,0xFF,0xFE,0x25,0x06,0xF8,0xFF,0xFF,0x59,0x00,0x00,
    0x00,0x00,0x00,0xE5,0xFF,0xFF,0x6D,0x1E,0xFF,0xFF,0xFF,0x37,0x00,0x00,0x00,0x00,
    0x00,0xC3,0xFF,0xFF,0x8D,0x1E,0xFF,0xFF,0xFF,0x36,0x00,0x00,0x00,0x00,0x00,0xC4,
    0xFF,0xFF,0x8C,0x06,0xF8,0xFF,0xFF,0x59,0x00,0x00,0x00,0x00,0x00,0xE5,0xFF,0xFF,
    0x6D,0x00,0xB5,0xFF,0xFF,0xBC,0x00,0x00,0x00,0x00,0x4C,0xFF,0xFF,0xFE,0x25,0x00,
    0x35,0xFA,0xFF,0xFF,0x8E,0x19,0x07,0x49,0xE6,0xFF,0xFF,0x9D,0x00,0x00,0x00,0x58,
    0xF6,0xFF,0xFF,0xFF,0xFF,0xFF,0xFF,0xFF,0xB1,0x08,0x00,0x00,0x00,0x00,0x21,0x8E,
    0xD3,0xF4,0xFA,0xE6,0xB1,0x51,0x01,0x00,0x00,0x00,0x70,0xFF,0xFF,0xFF,0xFF,0xFF,
    0xF5,0xD3,0x85,0x0F,0x00,0x00,0x70,0xFF,0xFF,0xFF,0xFF,0xFF,0xFF,0xFF,0xFF,0xD8,
    0x0F,0x00,0x70,0xFF,0xFF,0xC0,0x00,0x04,0x41,0xF3,0xFF,0xFF,0x7E,0x00,0x70,0xFF,
    0xFF,0xC0,0x00,0x00,0x00,0x9C,0xFF,0xFF,0xB8,0x00,0x70,0xFF,0xFF,0xC0,0x00,0x00,
    0x00,0x9D,0xFF,0xFF,0xB7,0x00,0x70,0xFF,0xFF,0xC0,0x00,0x04,0x41,0xF3,0xFF,0xFF,
    0x7E,0x00,0x70,0xFF,0xFF,0xFF,0xFF,0xFF,0xFF,0xFF,0xFF,0xDA,0x10,0x00,0x70,0xFF,
    0xFF,0xFF,0xFF,0xFF,0xF6,0xD5,0x87,0x10,0x00,0x00,0x70,0xFF,0xFF,0xC0,0x00,0x00,
    0x00,0x00,0x00,0x00,0x00,0x00,0x70,0xFF,0xFF,0xC0,0x00,0x00,0x00,0x00,0x00,0x00,
    0x00,0x00,0x70,0xFF,0xFF,0xC0,0x00,0x00,0x00,0x00,0x00,0x00,0x00,0x00,0x70,0xFF,
    0xFF,0xC0,0x00,0x00,0x00,0x00,0x00,0x00,0x00,0x00,0x00,0x00,0x1F,0x8C,0xD2,0xF2,
    0xF9,0xE5,0xB1,0x53,0x01,0x00,0x00,0x00,0x00,0x54,0xF4,0xFF,0xFF,0xFF,0xFF,0xFF,
    0xFF,0xFF,0xB4,0x09,0x00,0x00,0x33,0xF9,0xFF,0xFF,0x8F,0x1A,0x08,0x4A,0xE6,0xFF,
    0xFF,0xA0,0x00,0x00,0xB3,0xFF,0xFF,0xBC,0x00,0x00,0x00,0x00,0x4C,0xFF,0xFF,0xFE,
    0x26,0x06,0xF7,0xFF,0xFF,0x59,0x00,0x00,0x00,0x00,0x00,0xE5,0xFF,0xFF,0x6D,0x1E,
    0xFF,0xFF,0xFF,0x37,0x00,0x00,0x00,0x00,0x00,0xC3,0xFF,0xFF,0x8D,0x1E,0xFF,0xFF,
    0xFF,0x36,0x00,0x00,0x00,0x00,0x00,0xC4,0xFF,0xFF,0x88,0x07,0xF8,0xFF,0xFF,0x57,
    0x00,0x00,0x00,0x00,0x00,0xE5,0xFF,0xFF,0x68,0x00,0xB5,0xFF,0xFF,0xB7,0x00,0x00,
    0x00,0x00,0x4C,0xFF,0xFF,0xFB,0x1C,0x00,0x36,0xFA,0xFF,0xFF,0x89,0x18,0x07,0x49,
    0xE6,0xFF,0xFF,0x95,0x00,0x00,0x00,0x58,0xF5,0xFF,0xFF,0xFF,0xFF,0xFF,0xFF,0xFF,
    0xAC,0x04,0x00,0x00,0x00,0x00,0x20,0x8C,0xD1,0xF2,0xFF,0xFF,0xFF,0x7C,0x00,0x00,
    0x00,0x00,0x00,0x00,0x00,0x00,0x00,0x00,0x18,0xD6,0xFF,0xED,0x31,0x00,0x00,0x00,
    0x00,0x00,0x00,0x00,0x00,0x00,0x00,0x16,0xD3,0xFF,0xEE,0x33,0x00,0x00,0x70,0xFF,
    0xFF,0xFF,0xFF,0xFE,0xF0,0xC6,0x6A,0x03,0x00,0x00,0x00,0x70,0xFF,0xFF,0xFF,0xFF,
    0xFF,0xFF,0xFF,0xFF,0x91,0x00,0x00,0x00,0x70,0xFF,0xFF,0xC0,0x00,0x0E,0x8B,0xFF,
    0xFF,0xF9,0x0B,0x00,0x00,0x70,0xFF,0xFF,0xC0,0x00,0x00,0x13,0xFF,0xFF,0xFF,0x25,
    0x00,0x00,0x70,0xFF,0xFF,0xC0,0x00,0x00,0x14,0xFF,0xFF,0xFE,0x0F,0x00,0x00,0x70,
    0xFF,0xFF,0xC0,0x00,0x0E,0x8B,0xFF,0xFF,0xB1,0x00,0x00,0x00,0x70,0xFF,0xFF,0xFF,
    0xFF,0xFF,0xFF,0xFD,0xA7,0x0F,0x00,0x00,0x00,0x70,0xFF,0xFF,0xFF,0xFF,0xFF,0xFF,
    0xFE,0xB3,0x0F,0x00,0x00,0x00,0x70,0xFF,0xFF,0xC0,0x01,0x27,0xCB,0xFF,0xFF,0xB0,
    0x00,0x00,0x00,0x70,0xFF,0xFF,0xC0,0x00,0x00,0x21,0xF7,0xFF,0xFF,0x4D,0x00,0x00,
    0x70,0xFF,0xFF,0xC0,0x00,0x00,0x00,0x84,0xFF,0xFF,0xDB,0x06,0x00,0x70,0xFF,0xFF,
    0xC0,0x00,0x00,0x00,0x0B,0xE5,0xFF,0xFF,0x75,0x00,0x00,0x21,0x9D,0xE0,0xFA,0xF4,
    0xE3,0xC3,0x96,0x17,0x00,0x00,0x23,0xED,0xFF,0xFF,0xFF,0xFF,0xFF,0xFF,0xFF,0x30,
    0x00,0x00,0x97,0xFF,0xFF,0x8F,0x17,0x08,0x28,0x5E,0xBE,0x2E,0x00,0x00,0xC0,0xFF,
    0xFF,0x31,0x00,0x00,0x00,0x00,0x00,0x00,0x00,0x00,0xA6,0xFF,0xFF,0xDA,0x77,0x3E,
    0x0C,0x00,0x00,0x00,0x00,0x00,0x3E,0xFE,0xFF,0xFF,0xFF,0xFF,0xFC,0xC7,0x5A,0x00,
    0x00,0x00,0x00,0x42,0xCB,0xFF,0xFF,0xFF,0xFF,0xFF,0xFF,0x70,0x00,0x00,0x00,0x00,
    0x00,0x1C,0x5B,0x96,0xEC,0xFF,0xFF,0xDE,0x00,0x00,0x00,0x00,0x00,0x00,0x00,0x00,
    0x2F,0xFF,0xFF,0xF8,0x00,0x00,0x98,0x9D,0x4E,0x25,0x09,0x13,0x82,0xFF,0xFF,0xD0,
    0x00,0x00,0xAC,0xFF,0xFF,0xFF,0xFF,0xFF,0xFF,0xFF,0xFD,0x50,0x00,0x00,0x36,0x85,
    0xC1,0xE1,0xF5,0xFA,0xE5,0xAD,0x3E,0x00,0x00,0xEC,0xFF,0xFF,0xFF,0xFF,0xFF,0xFF,
    0xFF,0xFF,0xFF,0xFF,0x80,0xEC,0xFF,0xFF,0xFF,0xFF,0xFF,0xFF,0xFF,0xFF,0xFF,0xFF,
    0x80,0x00,0x00,0x00,0x00,0xCC,0xFF,0xFF,0x64,0x00,0x00,0x00,0x00,0x00,0x00,0x00,
    0x00,0xCC,0xFF,0xFF,0x64,0x00,0x00,0x00,0x00,0x00,0x00,0x00,0x00,0xCC,0xFF,0xFF,
    0x64,0x00,0x00,0x00,0x00,0x00,0x00,0x00,0x00,0xCC,0xFF,0xFF,0x64,0x00,0x00,0x00,
    0x00,0x00,0x00,0x00,0x00,0xCC,0xFF,0xFF,0x64,0x00,0x00,0x00,0x00,0x00,0x00,0x00,
    0x00,0xCC,0xFF,0xFF,0x64,0x00,0x00,0x00,0x00,0x00,0x00,0x00,0x00,0xCC,0xFF,0xFF,
    0x64,0x00,0x00,0x00,0x00,0x00,0x00,0x00,0x00,0xCC,0xFF,0xFF,0x64,0x00,0x00,0x00,
    0x00,0x00,0x00,0x00,0x00,0xCC,0xFF,0xFF,0x64,0x00,0x00,0x00,0x00,0x00,0x00,0x00,
    0x00,0xCC,0xFF,0xFF,0x64,0x00,0x00,0x00,0x00,0x00,0x70,0xFF,0xFF,0xC0,0x00,0x00,
    0x00,0x00,0xF4,0xFF,0xFF,0x40,0x00,0x00,0x70,0xFF,0xFF,0xC0,0x00,0x00,0x00,0x00,
    0xF4,0xFF,0xFF,0x40,0x00,0x00,0x70,0xFF,0xFF,0xC0,0x00,0x00,0x00,0x00,0xF4,0xFF,
    0xFF,0x40,0x00,0x00,0x70,0xFF,0xFF,0xC0,0x00,0x00,0x00,0x00,0xF4,0xFF,0xFF,0x40,
    0x00,0x00,0x70,0xFF,0xFF,0xC0,0x00,0x00,0x00,0x00,0xF4,0xFF,0xFF,0x40,0x00,0x00,
    0x70,0xFF,0xFF,0xC0,0x00,0x00,0x00,0x00,0xF4,0xFF,0xFF,0x40,0x00,0x00,0x70,0xFF,
    0xFF,0xC0,0x00,0x00,0x00,0x00,0xF4,0xFF,0xFF,0x40,0x00,0x00,0x6A,0xFF,0xFF,0xC7,
    0x00,0x00,0x00,0x01,0xFA,0xFF,0xFF,0x39,0x00,0x00,0x4F,0xFF,0xFF,0xE7,0x02,0x00,
    0x00,0x1E,0xFF,0xFF,0xFF,0x1D,0x00,0x00,0x10,0xF3,0xFF,0xFF,0x7F,0x10,0x19,0xAA,
    0xFF,0xFF,0xD1,0x00,0x00,0x00,0x00,0x66,0xFE,0xFF,0xFF,0xFF,0xFF,0xFF,0xFF,0xF6,
    0x3B,0x00,0x00,0x00,0x00,0x00,0x3E,0xAB,0xE4,0xFA,0xF8,0xDC,0x9B,0x26,0x00,0x00,
    0x00,0xBC,0xFF,0xFF,0x7A,0x00,0x00,0x00,0x00,0x00,0x54,0xFF,0xFF,0xE0,0x01,0x5A,
    0xFF,0xFF,0xD9,0x00,0x00,0x00,0x00,0x00,0xB2,0xFF,0xFF,0x80,0x00,0x08,0xEF,0xFF,
    0xFF,0x38,0x00,0x00,0x00,0x15,0xFB,0xFF,0xFE,0x20,0x00,0x00,0x96,0xFF,0xFF,0x97,
    0x00,0x00,0x00,0x70,0xFF,0xFF,0xBC,0x00,0x00,0x00,0x34,0xFF,0xFF,0xEE,0x07,0x00,
    0x00,0xCF,0xFF,0xFF,0x5A,0x00,0x00,0x00,0x00,0xD1,0xFF,0xFF,0x55,0x00,0x2D,0xFF,
    0xFF,0xEF,0x08,0x00,0x00,0x00,0x00,0x70,0xFF,0xFF,0xB3,0x00,0x8C,0xFF,0xFF,0x96,
    0x00,0x00,0x00,0x00,0x00,0x13,0xF9,0xFF,0xFB,0x1A,0xE7,0xFF,0xFF,0x34,0x00,0x00,
    0x00,0x00,0x00,0x00,0xAC,0xFF,0xFF,0xB9,0xFF,0xFF,0xD2,0x00,0x00,0x00,0x00,0x00,
    0x00,0x00,0x4A,0xFF,0xFF,0xFF,0xFF,0xFF,0x70,0x00,0x00,0x00,0x00,0x00,0x00,0x00,
    0x03,0xE4,0xFF,0xFF,0xFF,0xF9,0x14,0x00,0x00,0x00,0x00,0x00,0x00,0x00,0x00,0x85,
    0xFF,0xFF,0xFF,0xAC,0x00,0x00,0x00,0x00,0x00,0x61,0xFF,0xFF,0xAF,0x00,0x00,0x00,
    0x48,0xFF,0xFF,0xFC,0x0E,0x00,0x00,0x01,0xEE,0xFF,0xFF,0x18,0x22,0xFF,0xFF,0xED,
    0x01,0x00,0x00,0x86,0xFF,0xFF,0xFF,0x49,0x00,0x00,0x2E,0xFF,0xFF,0xDA,0x00,0x00,
    0xE3,0xFF,0xFF,0x2D,0x00,0x00,0xC4,0xFF,0xFF,0xFF,0x87,0x00,0x00,0x6D,0xFF,0xFF,
    0x9B,0x00,0x00,0xA4,0xFF,0xFF,0x6D,0x00,0x09,0xF9,0xFF,0xB1,0xFF,0xC6,0x00,0x00,
    0xAC,0xFF,0xFF,0x5D,0x00,0x00,0x65,0xFF,0xFF,0xAC,0x00,0x41,0xFF,0xF2,0x41,0xFF,
    0xFA,0x0A,0x00,0xEA,0xFF,0xFF,0x1F,0x00,0x00,0x26,0xFF,0xFF,0xEA,0x01,0x7F,0xFF,
    0xB8,0x07,0xF7,0xFF,0x42,0x2A,0xFF,0xFF,0xE0,0x00,0x00,0x00,0x00,0xE6,0xFF,0xFF,
    0x2B,0xBE,0xFF,0x7A,0x00,0xBF,0xFF,0x81,0x69,0xFF,0xFF,0xA2,0x00,0x00,0x00,0x00,
    0xA8,0xFF,0xFF,0x70,0xF6,0xFF,0x3B,0x00,0x80,0xFF,0xBF,0xA7,0xFF,0xFF,0x64,0x00,
    0x00,0x00,0x00,0x69,0xFF,0xFF,0xDF,0xFF,0xF6,0x06,0x00,0x41,0xFF,0xF7,0xE8,0xFF,
    0xFF,0x25,0x00,0x00,0x00,0x00,0x2A,0xFF,0xFF,0xFF,0xFF,0xBF,0x00,0x00,0x09,0xF9,
    0xFF,0xFF,0xFF,0xE7,0x00,0x00,0x00,0x00,0x00,0x00,0xEA,0xFF,0xFF,0xFF,0x81,0x00,
    0x00,0x00,0xC3,0xFF,0xFF,0xFF,0xA9,0x00,0x00,0x00,0x00,0x00,0x00,0xAC,0xFF,0xFF,
    0xFF,0x43,0x00,0x00,0x00,0x84,0xFF,0xFF,0xFF,0x6B,0x00,0x00,0x00,0x30,0xF9,0xFF,
    0xFA,0x33,0x00,0x00,0x00,0x25,0xF4,0xFF,0xFD,0x3F,0x00,0x76,0xFF,0xFF,0xD8,0x0A,
    0x00,0x04,0xC9,0xFF,0xFF,0x8A,0x00,0x00,0x02,0xBF,0xFF,0xFF,0x96,0x00,0x80,0xFF,
    0xFF,0xD0,0x06,0x00,0x00,0x00,0x1D,0xEF,0xFF,0xFF,0x7F,0xFB,0xFF,0xF7,0x2B,0x00,
    0x00,0x00,0x00,0x00,0x58,0xFF,0xFF,0xFF,0xFF,0xFF,0x6F,0x00,0x00,0x00,0x00,0x00,
    0x00,0x00,0xA6,0xFF,0xFF,0xFF,0xBD,0x01,0x00,0x00,0x00,0x00,0x00,0x00,0x04,0xCB,
    0xFF,0xFF,0xFF,0xDB,0x0C,0x00,0x00,0x00,0x00,0x00,0x00,0x84,0xFF,0xFF,0xFE,0xFF,
    0xFF,0x9B,0x00,0x00,0x00,0x00,0x00,0x3B,0xFC,0xFF,0xF7,0x45,0xED,0xFF,0xFF,0x4F,
    0x00,0x00,0x00,0x0D,0xDE,0xFF,0xFF,0x6D,0x00,0x54,0xFF,0xFF,0xEA,0x17,0x00,0x00,
    0x9F,0xFF,0xFF,0xB8,0x01,0x00,0x00,0x9F,0xFF,0xFF,0xB5,0x00,0x52,0xFF,0xFF,0xEC,
    0x19,0x00,0x00,0x00,0x0D,0xDD,0xFF,0xFF,0x6A,0x05,0xCF,0xFF,0xFF,0xA8,0x00,0x00,
    0x00,0x00,0x5D,0xFF,0xFF,0xF7,0x29,0x00,0x2D,0xF9,0xFF,0xFF,0x51,0x00,0x00,0x17,
    0xED,0xFF,0xFF,0x72,0x00,0x00,0x00,0x77,0xFF,0xFF,0xE8,0x12,0x00,0xAC,0xFF,0xFF,
    0xC2,0x02,0x00,0x00,0x00,0x02,0xC6,0xFF,0xFF,0xA3,0x55,0xFF,0xFF,0xF4,0x22,0x00,
    0x00,0x00,0x00,0x00,0x24,0xF5,0xFF,0xFF,0xF2,0xFF,0xFF,0x68,0x00,0x00,0x00,0x00,
    0x00,0x00,0x00,0x6B,0xFF,0xFF,0xFF,0xFF,0xB9,0x00,0x00,0x00,0x00,0x00,0x00,0x00,
    0x00,0x01,0xBB,0xFF,0xFF,0xF0,0x1C,0x00,0x00,0x00,0x00,0x00,0x00,0x00,0x00,0x00,
    0x70,0xFF,0xFF,0xC0,0x00,0x00,0x00,0x00,0x00,0x00,0x00,0x00,0x00,0x00,0x70,0xFF,
    0xFF,0xC0,0x00,0x00,0x00,0x00,0x00,0x00,0x00,0x00,0x00,0x00,0x70,0xFF,0xFF,0xC0,
    0x00,0x00,0x00,0x00,0x00,0x00,0x00,0x00,0x00,0x00,0x70,0xFF,0xFF,0xC0,0x00,0x00,
    0x00,0x00,0x00,0x00,0x00,0x00,0x00,0x00,0x70,0xFF,0xFF,0xC0,0x00,0x00,0x00,0x00,
    0x00,0x0C,0xFF,0xFF,0xFF,0xFF,0xFF,0xFF,0xFF,0xFF,0xFF,0xFF,0x60,0x0C,0xFF,0xFF,
    0xFF,0xFF,0xFF,0xFF,0xFF,0xFF,0xFF,0xFF,0x5F,0x00,0x00,0x00,0x00,0x00,0x00,0x1A,
    0xE6,0xFF,0xFF,0xD8,0x10,0x00,0x00,0x00,0x00,0x00,0x08,0xCB,0xFF,0xFF,0xEF,0x26,
    0x00,0x00,0x00,0x00,0x00,0x00,0xA6,0xFF,0xFF,0xFC,0x46,0x00,0x00,0x00,0x00,0x00,
    0x00,0x7A,0xFF,0xFF,0xFF,0x6E,0x00,0x00,0x00,0x00,0x00,0x00,0x4E,0xFE,0xFF,0xFF,
    0x9B,0x00,0x00,0x00,0x00,0x00,0x00,0x2C,0xF3,0xFF,0xFF,0xC2,0x05,0x00,0x00,0x00,
    0x00,0x00,0x13,0xDE,0xFF,0xFF,0xDF,0x15,0x00,0x00,0x00,0x00,0x00,0x05,0xBF,0xFF,
    0xFF,0xF3,0x2D,0x00,0x00,0x00,0x00,0x00,0x00,0x3B,0xFF,0xFF,0xFF,0xFF,0xFF,0xFF,
    0xFF,0xFF,0xFF,0xFF,0x90,0x3C,0xFF,0xFF,0xFF,0xFF,0xFF,0xFF,0xFF,0xFF,0xFF,0xFF,
    0x90,0x00,0x88,0xFF,0xFF,0xFF,0xFF,0x9C,0x00,0x00,0x88,0xFF,0xFF,0xFF,0xFF,0x9C,
    0x00,0x00,0x88,0xFF,0xFF,0x48,0x00,0x00,0x00,0x00,0x88,0xFF,0xFF,0x48,0x00,0x00,
    0x00,0x00,0x88,0xFF,0xFF,0x48,0x00,0x00,0x00,0x00,0x88,0xFF,0xFF,0x48,0x00,0x00,
    0x00,0x00,0x88,0xFF,0xFF,0x48,0x00,0x00,0x00,0x00,0x88,0xFF,0xFF,0x48,0x00,0x00,
    0x00,0x00,0x88,0xFF,0xFF,0x48,0x00,0x00,0x00,0x00,0x88,0xFF,0xFF,0x48,0x00,0x00,
    0x00,0x00,0x88,0xFF,0xFF,0x48,0x00,0x00,0x00,0x00,0x88,0xFF,0xFF,0x48,0x00,0x00,
    0x00,0x00,0x88,0xFF,0xFF,0x48,0x00,0x00,0x00,0x00,0x88,0xFF,0xFF,0xFF,0xFF,0x9C,
    0x00,0x00,0x88,0xFF,0xFF,0xFF,0xFF,0x9C,0x00,0xD8,0xF3,0x07,0x00,0x00,0x00,0x00,
    0x89,0xFF,0x4B,0x00,0x00,0x00,0x00,0x39,0xFF,0x9B,0x00,0x00,0x00,0x00,0x01,0xE7,
    0xE9,0x02,0x00,0x00,0x00,0x00,0x9A,0xFF,0x3B,0x00,0x00,0x00,0x00,0x4A,0xFF,0x8B,
    0x00,0x00,0x00,0x00,0x07,0xF3,0xDB,0x00,0x00,0x00,0x00,0x00,0xAB,0xFF,0x2B,0x00,
    0x00,0x00,0x00,0x5B,0xFF,0x7B,0x00,0x00,0x00,0x00,0x10,0xFA,0xCB,0x00,0x00,0x00,
    0x00,0x00,0xBB,0xFF,0x1C,0x00,0x00,0x00,0x00,0x6C,0xFF,0x6B,0x00,0x00,0x00,0x00,
    0x1C,0xFF,0xBB,0x00,0x00,0x00,0x00,0x00,0xCC,0xFA,0x10,0x00,0xD8,0xFF,0xFF,0xFF,
    0xFF,0x50,0x00,0x00,0xD8,0xFF,0xFF,0xFF,0xFF,0x50,0x00,0x00,0x00,0x00,0x84,0xFF,
    0xFF,0x50,0x00,0x00,0x00,0x00,0x84,0xFF,0xFF,0x50,0x00,0x00,0x00,0x00,0x84,0xFF,
    0xFF,0x50,0x00,0x00,0x00,0x00,0x84,0xFF,0xFF,0x50,0x00,0x00,0x00,0x00,0x84,0xFF,
    0xFF,0x50,0x00,0x00,0x00,0x00,0x84,0xFF,0xFF,0x50,0x00,0x00,0x00,0x00,0x84,0xFF,
    0xFF,0x50,0x00,0x00,0x00,0x00,0x84,0xFF,0xFF,0x50,0x00,0x00,0x00,0x00,0x84,0xFF,
    0xFF,0x50,0x00,0x00,0x00,0x00,0x84,0xFF,0xFF,0x50,0x00,0x00,0x00,0x00,0x84,0xFF,
    0xFF,0x50,0x00,0x00,0xD8,0xFF,0xFF,0xFF,0xFF,0x50,0x00,0x00,0xD8,0xFF,0xFF,0xFF,
    0xFF,0x50,0x00,0x00,0x00,0x00,0x00,0x00,0x56,0xFE,0xFF,0x93,0x00,0x00,0x00,0x00,
    0x00,0x00,0x00,0x00,0x00,0x3C,0xF8,0xFF,0xFF,0xFF,0x74,0x00,0x00,0x00,0x00,0x00,
    0x00,0x00,0x28,0xED,0xFF,0xC5,0x9B,0xFF,0xFE,0x57,0x00,0x00,0x00,0x00,0x00,0x17,
    0xDF,0xFF,0x98,0x06,0x00,0x63,0xF8,0xF8,0x3D,0x00,0x00,0x00,0x0B,0xCC,0xF8,0x63,
    0x00,0x00,0x00,0x00,0x36,0xE3,0xEE,0x28,0x00,0x00,0x00,0x00,0x00,0x00,0x00,0x00,
    0x00,0x00,0x00,0x00,0x00,0x00,0x00,0x00,0x00,0x00,0x00,0x00,0x00,0x00,0x00,0x00,
    0x00,0x00,0x00,0x00,0x00,0x00,0x00,0x00,0x00,0x00,0x00,0x00,0x00,0x00,0x00,0x00,
    0x00,0x00,0x00,0x00,0x00,0x00,0x00,0x00,0x00,0x00,0x00,0x00,0x00,0x00,0x00,0x00,
    0x00,0x00,0x00,0x00,0x00,0x00,0x00,0x00,0x00,0x00,0x00,0x00,0x00,0x00,0x00,0x00,
    0x00,0x00,0x00,0x00,0x00,0x00,0x00,0x00,0x00,0x00,0x00,0x00,0x00,0x00,0x00,0x00,
    0x00,0x00,0x00,0x00,0x00,0x00,0x00,0x00,0x00,0x00,0x00,0x00,0x00,0x00,0x00,0x00,
    0x00,0x00,0x00,0x00,0x00,0x00,0x00,0x00,0x00,0x00,0x00,0x00,0x00,0xFF,0xFF,0xFF,
    0xFF,0xFF,0xFF,0xFF,0xFF,0x80,0xFF,0xFF,0xFF,0xFF,0xFF,0xFF,0xFF,0xFF,0x80,0x06,
    0xAF,0xFF,0x83,0x00,0x00,0x00,0x00,0x00,0x00,0x04,0xAB,0xFE,0x4C,0x00,0x00,0x00,
    0x00,0x00,0x00,0x04,0xA6,0xEF,0x23,0x00,0x00,0x00,0x00,0x00,0x00,0x00,0x00,0x00,
    0x00,0x00,0x00,0x00,0x00,0x00,0x00,0x00,0x00,0x00,0x00,0x00,0x00,0x00,0x00,0x00,
    0x00,0x00,0x00,0x00,0x00,0x00,0x00,0x00,0x00,0x00,0x00,0x00,0x00,0x00,0x00,0x00,
    0x00,0x00,0x00,0x00,0x00,0x00,0x00,0x00,0x00,0x00,0x00,0x00,0x00,0x00,0x00,0x00,
    0x00,0x00,0x00,0x00,0x00,0x00,0x00,0x00,0x00,0x00,0x00,0x00,0x00,0x00,0x00,0x00,
    0x00,0x00,0x00,0x00,0x00,0x00,0x00,0x00,0x00,0x00,0x00,0x00,0x00,0x00,0x00,0x00,
    0x00,0x00,0x00,0x00,0x00,0x00,0x00,0x00,0x00,0x00,0x00,0x00,0x00,0x00,0x74,0xFF,
    0xFF,0xFF,0xFD,0xEF,0xC5,0x69,0x02,0x00,0x00,0x74,0xFF,0xFF,0xFF,0xFF,0xFF,0xFF,
    0xFF,0x8A,0x00,0x00,0x00,0x00,0x00,0x00,0x07,0x30,0xF0,0xFF,0xF5,0x05,0x00,0x13,
    0x8C,0xD5,0xF5,0xFF,0xFF,0xFF,0xFF,0xFF,0x1E,0x02,0xD1,0xFF,0xFF,0xFF,0xFF,0xFF,
    0xFF,0xFF,0xFF,0x24,0x33,0xFF,0xFF,0xE7,0x2E,0x03,0x00,0xE9,0xFF,0xFF,0x24,0x2F,
    0xFF,0xFF,0xE3,0x1F,0x0E,0x84,0xFF,0xFF,0xFF,0x24,0x04,0xD5,0xFF,0xFF,0xFF,0xFF,
    0xC6,0xDF,0xFF,0xFF,0x24,0x00,0x1F,0xAD,0xED,0xF0,0xA6,0x12,0xDC,0xFF,0xFF,0x24,
    0x00,0x94,0xFF,0xFF,0x68,0x00,0x00,0x00,0x00,0x00,0x00,0x00,0x00,0x94,0xFF,0xFF,
    0x68,0x00,0x00,0x00,0x00,0x00,0x00,0x00,0x00,0x94,0xFF,0xFF,0x68,0x00,0x00,0x00,
    0x00,0x00,0x00,0x00,0x00,0x94,0xFF,0xFF,0x68,0x00,0x00,0x00,0x00,0x00,0x00,0x00,
    0x00,0x94,0xFF,0xFF,0x68,0x49,0xD1,0xF8,0xD8,0x65,0x00,0x00,0x00,0x94,0xFF,0xFF,
    0xA6,0xFC,0xFF,0xFF,0xFF,0xFF,0x73,0x00,0x00,0x94,0xFF,0xFF,0xEE,0x3F,0x0D,0x6A,
    0xFF,0xFF,0xF5,0x11,0x00,0x94,0xFF,0xFF,0x8D,0x00,0x00,0x00,0xD2,0xFF,0xFF,0x4E,
    0x00,0x94,0xFF,0xFF,0x6F,0x00,0x00,0x00,0xB3,0xFF,0xFF,0x63,0x00,0x94,0xFF,0xFF,
    0x8D,0x00,0x00,0x00,0xD2,0xFF,0xFF,0x4E,0x00,0x94,0xFF,0xFF,0xEE,0x3F,0x0C,0x6A,
    0xFF,0xFF,0xF6,0x11,0x00,0x94,0xFF,0xFF,0xA7,0xFC,0xFF,0xFF,0xFF,0xFF,0x76,0x00,
    0x00,0x94,0xFF,0xFF,0x68,0x49,0xD1,0xF9,0xD9,0x68,0x00,0x00,0x00,0x00,0x1B,0x8E,
    0xD7,0xF6,0xEC,0xB5,0x3B,0x00,0x00,0x32,0xEE,0xFF,0xFF,0xFF,0xFF,0xFF,0xF0,0x00,
    0x00,0xD3,0xFF,0xFF,0xB9,0x2B,0x0B,0x38,0xA1,0x00,0x27,0xFF,0xFF,0xF9,0x10,0x00,
    0x00,0x00,0x00,0x00,0x3F,0xFF,0xFF,0xDE,0x00,0x00,0x00,0x00,0x00,0x00,0x27,0xFF,
    0xFF,0xF9,0x10,0x00,0x00,0x00,0x00,0x00,0x00,0xD3,0xFF,0xFF,0xB9,0x2B,0x0A,0x35,
    0xA7,0x00,0x00,0x32,0xEE,0xFF,0xFF,0xFF,0xFF,0xFF,0xF0,0x00,0x00,0x00,0x1B,0x8F,
    0xD7,0xF7,0xED,0xB6,0x3B,0x00,0x00,0x00,0x00,0x00,0x00,0x00,0x00,0x40,0xFF,0xFF,
    0xBC,0x00,0x00,0x00,0x00,0x00,0x00,0x00,0x00,0x40,0xFF,0xFF,0xBC,0x00,0x00,0x00,
    0x00,0x00,0x00,0x00,0x00,0x40,0xFF,0xFF,0xBC,0x00,0x00,0x00,0x00,0x00,0x00,0x00,
    0x00,0x40,0xFF,0xFF,0xBC,0x00,0x00,0x00,0x4A,0xCC,0xF8,0xDD,0x63,0x40,0xFF,0xFF,
    0xBC,0x00,0x00,0x4E,0xFD,0xFF,0xFF,0xFF,0xFF,0xA3,0xFF,0xFF,0xBC,0x00,0x00,0xDC,
    0xFF,0xFF,0x90,0x10,0x2C,0xDB,0xFF,0xFF,0xBC,0x00,0x23,0xFF,0xFF,0xF5,0x07,0x00,
    0x00,0x66,0xFF,0xFF,0xBC,0x00,0x38,0xFF,0xFF,0xDF,0x00,0x00,0x00,0x47,0xFF,0xFF,
    0xBC,0x00,0x23,0xFF,0xFF,0xF5,0x07,0x00,0x00,0x66,0xFF,0xFF,0xBC,0x00,0x00,0xDD,
    0xFF,0xFF,0x90,0x10,0x2B,0xDA,0xFF,0xFF,0xBC,0x00,0x00,0x50,0xFE,0xFF,0xFF,0xFF,
    0xFF,0xA2,0xFF,0xFF,0xBC,0x00,0x00,0x00,0x4C,0xCD,0xF8,0xDD,0x63,0x40,0xFF,0xFF,
    0xBC,0x00,0x00,0x00,0x1F,0x96,0xDC,0xF8,0xF5,0xCC,0x6F,0x04,0x00,0x00,0x00,0x34,
    0xF1,0xFF,0xFF,0xFF,0xFF,0xFF,0xFF,0xBA,0x03,0x00,0x00,0xD4,0xFF,0xF6,0x4C,0x08,
    0x15,0xA5,0xFF,0xFF,0x61,0x00,0x26,0xFF,0xFF,0xFF,0xFF,0xFF,0xFF,0xFF,0xFF,0xFF,
    0xA5,0x00,0x3E,0xFF,0xFF,0xFF,0xFF,0xFF,0xFF,0xFF,0xFF,0xFF,0xB3,0x00,0x28,0xFF,
    0xFF,0xE6,0x01,0x00,0x00,0x00,0x00,0x00,0x00,0x00,0x00,0xD7,0xFF,0xFF,0x99,0x1D,
    0x09,0x26,0x59,0xB6,0x40,0x00,0x00,0x38,0xF2,0xFF,0xFF,0xFF,0xFF,0xFF,0xFF,0xFF,
    0x44,0x00,0x00,0x00,0x20,0x94,0xDA,0xF8,0xF2,0xD4,0xA0,0x46,0x03,0x00,0x00,0x00,
    0x1F,0xA9,0xE6,0xFE,0xFF,0x8C,0x00,0x00,0xCB,0xFF,0xFF,0xFF,0xFF,0x8C,0x00,0x19,
    0xFF,0xFF,0xE7,0x15,0x00,0x00,0x00,0x33,0xFF,0xFF,0xC4,0x00,0x00,0x00,0xAC,0xFF,
    0xFF,0xFF,0xFF,0xFF,0xFF,0x50,0xAC,0xFF,0xFF,0xFF,0xFF,0xFF,0xFF,0x50,0x00,0x34,
    0xFF,0xFF,0xC4,0x00,0x00,0x00,0x00,0x34,0xFF,0xFF,0xC4,0x00,0x00,0x00,0x00,0x34,
    0xFF,0xFF,0xC4,0x00,0x00,0x00,0x00,0x34,0xFF,0xFF,0xC4,0x00,0x00,0x00,0x00,0x34,
    0xFF,0xFF,0xC4,0x00,0x00,0x00,0x00,0x34,0xFF,0xFF,0xC4,0x00,0x00,0x00,0x00,0x34,
    0xFF,0xFF,0xC4,0x00,0x00,0x00,0x00,0x00,0x48,0xCB,0xF8,0xDD,0x63,0x40,0xFF,0xFF,
    0xBC,0x00,0x00,0x4B,0xFC,0xFF,0xFF,0xFF,0xFF,0xA3,0xFF,0xFF,0xBC,0x00,0x00,0xDB,
    0xFF,0xFF,0x96,0x11,0x2F,0xDE,0xFF,0xFF,0xBC,0x00,0x23,0xFF,0xFF,0xF6,0x09,0x00,
    0x00,0x68,0xFF,0xFF,0xBC,0x00,0x37,0xFF,0xFF,0xDF,0x00,0x00,0x00,0x48,0xFF,0xFF,
    0xBC,0x00,0x22,0xFF,0xFF,0xF5,0x07,0x00,0x00,0x68,0xFF,0xFF,0xBC,0x00,0x00,0xDA,
    0xFF,0xFF,0x8E,0x0F,0x2F,0xDE,0xFF,0xFF,0xBC,0x00,0x00,0x4B,0xFD,0xFF,0xFF,0xFF,
    0xFF,0xA3,0xFF,0xFF,0xBB,0x00,0x00,0x00,0x48,0xCC,0xF8,0xDD,0x63,0x55,0xFF,0xFF,
    0xAE,0x00,0x00,0x00,0x00,0x00,0x00,0x00,0x00,0x91,0xFF,0xFF,0x84,0x00,0x00,0x17,
    0xB4,0x43,0x12,0x15,0x66,0xF8,0xFF,0xFD,0x29,0x00,0x00,0x18,0xFF,0xFF,0xFF,0xFF,
    0xFF,0xFF,0xFE,0x6F,0x00,0x00,0x00,0x00,0x46,0xB2,0xE5,0xFA,0xE5,0xAB,0x3D,0x00,
    0x00,0x00,0x00,0x94,0xFF,0xFF,0x68,0x00,0x00,0x00,0x00,0x00,0x00,0x00,0x00,0x94,
    0xFF,0xFF,0x68,0x00,0x00,0x00,0x00,0x00,0x00,0x00,0x00,0x94,0xFF,0xFF,0x68,0x00,
    0x00,0x00,0x00,0x00,0x00,0x00,0x00,0x94,0xFF,0xFF,0x68,0x00,0x00,0x00,0x00,0x00,
    0x00,0x00,0x00,0x94,0xFF,0xFF,0x68,0x40,0xCC,0xF6,0xD5,0x5F,0x00,0x00,0x00,0x94,
    0xFF,0xFF,0xA2,0xFA,0xFF,0xFF,0xFF,0xFF,0x43,0x00,0x00,0x94,0xFF,0xFF,0xF5,0x4A,
    0x0F,0x9F,0xFF,0xFF,0xA2,0x00,0x00,0x94,0xFF,0xFF,0x97,0x00,0x00,0x44,0xFF,0xFF,
    0xC2,0x00,0x00,0x94,0xFF,0xFF,0x6D,0x00,0x00,0x39,0xFF,0xFF,0xC8,0x00,0x00,0x94,
    0xFF,0xFF,0x68,0x00,0x00,0x38,0xFF,0xFF,0xC8,0x00,0x00,0x94,0xFF,0xFF,0x68,0x00,
    0x00,0x38,0xFF,0xFF,0xC8,0x00,0x00,0x94,0xFF,0xFF,0x68,0x00,0x00,0x38,0xFF,0xFF,
    0xC8,0x00,0x00,0x94,0xFF,0xFF,0x68,0x00,0x00,0x38,0xFF,0xFF,0xC8,0x00,0x00,0x94,
    0xFF,0xFF,0x68,0x00,0x00,0x94,0xFF,0xFF,0x68,0x00,0x00,0x94,0xFF,0xFF,0x68,0x00,
    0x00,0x00,0x00,0x00,0x00,0x00,0x00,0x94,0xFF,0xFF,0x68,0x00,0x00,0x94,0xFF,0xFF,
    0x68,0x00,0x00,0x94,0xFF,0xFF,0x68,0x00,0x00,0x94,0xFF,0xFF,0x68,0x00,0x00,0x94,
    0xFF,0xFF,0x68,0x00,0x00,0x94,0xFF,0xFF,0x68,0x00,0x00,0x94,0xFF,0xFF,0x68,0x00,
    0x00,0x94,0xFF,0xFF,0x68,0x00,0x00,0x94,0xFF,0xFF,0x68,0x00,0x00,0x00,0x94,0xFF,
    0xFF,0x68,0x00,0x00,0x00,0x94,0xFF,0xFF,0x68,0x00,0x00,0x00,0x94,0xFF,0xFF,0x68,
    0x00,0x00,0x00,0x00,0x00,0x00,0x00,0x00,0x00,0x00,0x94,0xFF,0xFF,0x68,0x00,0x00,
    0x00,0x94,0xFF,0xFF,0x68,0x00,0x00,0x00,0x94,0xFF,0xFF,0x68,0x00,0x00,0x00,0x94,
    0xFF,0xFF,0x68,0x00,0x00,0x00,0x94,0xFF,0xFF,0x68,0x00,0x00,0x00,0x94,0xFF,0xFF,
    0x68,0x00,0x00,0x00,0x94,0xFF,0xFF,0x68,0x00,0x00,0x00,0x94,0xFF,0xFF,0x68,0x00,
    0x00,0x00,0x94,0xFF,0xFF,0x68,0x00,0x00,0x00,0x9C,0xFF,0xFF,0x5A,0x00,0x00,0x19,
    0xD9,0xFF,0xFF,0x35,0x00,0x90,0xFF,0xFF,0xFF,0xC8,0x00,0x00,0x90,0xFF,0xE8,0xA6,
    0x17,0x00,0x00,0x00,0x94,0xFF,0xFF,0x68,0x00,0x00,0x00,0x00,0x00,0x00,0x00,0x00,
    0x94,0xFF,0xFF,0x68,0x00,0x00,0x00,0x00,0x00,0x00,0x00,0x00,0x94,0xFF,0xFF,0x68,
    0x00,0x00,0x00,0x00,0x00,0x00,0x00,0x00,0x94,0xFF,0xFF,0x68,0x00,0x00,0x00,0x00,
    0x00,0x00,0x00,0x00,0x94,0xFF,0xFF,0x68,0x00,0x06,0xAE,0xFF,0xFF,0xAE,0x08,0x00,
    0x94,0xFF,0xFF,0x68,0x07,0xB4,0xFF,0xFF,0x9A,0x03,0x00,0x00,0x94,0xFF,0xFF,0x72,
    0xBA,0xFF,0xFF,0x85,0x00,0x00,0x00,0x00,0x94,0xFF,0xFF,0xF4,0xFF,0xFE,0x6D,0x00,
    0x00,0x00,0x00,0x00,0x94,0xFF,0xFF,0xFF,0xFF,0xF0,0x2F,0x00,0x00,0x00,0x00,0x00,
    0x94,0xFF,0xFF,0xBC,0xFD,0xFF,0xEC,0x30,0x00,0x00,0x00,0x00,0x94,0xFF,0xFF,0x68,
    0x64,0xFE,0xFF,0xEC,0x30,0x00,0x00,0x00,0x94,0xFF,0xFF,0x68,0x00,0x6B,0xFF,0xFF,
    0xED,0x31,0x00,0x00,0x94,0xFF,0xFF,0x68,0x00,0x00,0x74,0xFF,0xFF,0xED,0x31,0x00,
    0x94,0xFF,0xFF,0x68,0x00,0x00,0x94,0xFF,0xFF,0x68,0x00,0x00,0x94,0xFF,0xFF,0x68,
    0x00,0x00,0x94,0xFF,0xFF,0x68,0x00,0x00,0x94,0xFF,0xFF,0x68,0x00,0x00,0x94,0xFF,
    0xFF,0x68,0x00,0x00,0x94,0xFF,0xFF,0x68,0x00,0x00,0x94,0xFF,0xFF,0x68,0x00,0x00,
    0x94,0xFF,0xFF,0x68,0x00,0x00,0x94,0xFF,0xFF,0x68,0x00,0x00,0x94,0xFF,0xFF,0x68,
    0x00,0x00,0x94,0xFF,0xFF,0x68,0x00,0x00,0x94,0xFF,0xFF,0x68,0x00,0x00,0x98,0xFF,
    0xFF,0x68,0x55,0xDB,0xF3,0xAD,0x14,0x03,0x81,0xE7,0xEE,0xB5,0x23,0x00,0x00,0x00,
    0x98,0xFF,0xFF,0xAB,0xFE,0xFF,0xFF,0xFF,0xC2,0x97,0xFF,0xFF,0xFF,0xFF,0xD7,0x04,
    0x00,0x00,0x98,0xFF,0xFF,0xED,0x37,0x16,0xDD,0xFF,0xFF,0xEC,0x35,0x19,0xE1,0xFF,
    0xFF,0x3A,0x00,0x00,0x98,0xFF,0xFF,0x8E,0x00,0x00,0xA5,0xFF,0xFF,0x8C,0x00,0x00,
    0xA3,0xFF,0xFF,0x5A,0x00,0x00,0x98,0xFF,0xFF,0x6C,0x00,0x00,0x9C,0xFF,0xFF,0x69,
    0x00,0x00,0x9F,0xFF,0xFF,0x60,0x00,0x00,0x98,0xFF,0xFF,0x68,0x00,0x00,0x9C,0xFF,
    0xFF,0x64,0x00,0x00,0xA0,0xFF,0xFF,0x60,0x00,0x00,0x98,0xFF,0xFF,0x68,0x00,0x00,
    0x9C,0xFF,0xFF,0x64,0x00,0x00,0xA0,0xFF,0xFF,0x60,0x00,0x00,0x98,0xFF,0xFF,0x68,
    0x00,0x00,0x9C,0xFF,0xFF,0x64,0x00,0x00,0xA0,0xFF,0xFF,0x60,0x00,0x00,0x98,0xFF,
    0xFF,0x68,0x00,0x00,0x9C,0xFF,0xFF,0x64,0x00,0x00,0xA0,0xFF,0xFF,0x60,0x00,0x00,
    0x94,0xFF,0xFF,0x68,0x40,0xCC,0xF6,0xD5,0x5F,0x00,0x00,0x00,0x94,0xFF,0xFF,0xA2,
    0xFA,0xFF,0xFF,0xFF,0xFF,0x43,0x00,0x00,0x94,0xFF,0xFF,0xF5,0x4A,0x0F,0x9F,0xFF,
    0xFF,0xA2,0x00,0x00,0x94,0xFF,0xFF,0x97,0x00,0x00,0x44,0xFF,0xFF,0xC2,0x00,0x00,
    0x94,0xFF,0xFF,0x6D,0x00,0x00,0x39,0xFF,0xFF,0xC8,0x00,0x00,0x94,0xFF,0xFF,0x68,
    0x00,0x00,0x38,0xFF,0xFF,0xC8,0x00,0x00,0x94,0xFF,0xFF,0x68,0x00,0x00,0x38,0xFF,
    0xFF,0xC8,0x00,0x00,0x94,0xFF,0xFF,0x68,0x00,0x00,0x38,0xFF,0xFF,0xC8,0x00,0x00,
    0x94,0xFF,0xFF,0x68,0x00,0x00,0x38,0xFF,0xFF,0xC8,0x00,0x00,0x00,0x21,0x99,0xDD,
    0xF8,0xF4,0xCE,0x78,0x08,0x00,0x00,0x00,0x37,0xF2,0xFF,0xFF,0xFF,0xFF,0xFF,0xFF,
    0xCC,0x0D,0x00,0x00,0xD6,0xFF,0xFF,0x91,0x12,0x24,0xCC,0xFF,0xFF,0x86,0x00,0x28,
    0xFF,0xFF,0xF4,0x07,0x00,0x00,0x4B,0xFF,0xFF,0xD6,0x00,0x3F,0xFF,0xFF,0xDB,0x00,
    0x00,0x00,0x2C,0xFF,0xFF,0xEE,0x00,0x28,0xFF,0xFF,0xF4,0x07,0x00,0x00,0x4B,0xFF,
    0xFF,0xD7,0x00,0x00,0xD7,0xFF,0xFF,0x91,0x11,0x24,0xCC,0xFF,0xFF,0x87,0x00,0x00,
    0x39,0xF3,0xFF,0xFF,0xFF,0xFF,0xFF,0xFF,0xCE,0x0E,0x00,0x00,0x00,0x23,0x9A,0xDF,
    0xF9,0xF5,0xD0,0x7B,0x09,0x00,0x00,0x00,0x94,0xFF,0xFF,0x68,0x49,0xD1,0xF8,0xD8,
    0x65,0x00,0x00,0x00,0x94,0xFF,0xFF,0xA6,0xFC,0xFF,0xFF,0xFF,0xFF,0x73,0x00,0x00,
    0x94,0xFF,0xFF,0xEE,0x3F,0x0D,0x6A,0xFF,0xFF,0xF5,0x11,0x00,0x94,0xFF,0xFF,0x8D,
    0x00,0x00,0x00,0xD2,0xFF,0xFF,0x4E,0x00,0x94,0xFF,0xFF,0x6F,0x00,0x00,0x00,0xB3,
    0xFF,0xFF,0x63,0x00,0x94,0xFF,0xFF,0x8D,0x00,0x00,0x00,0xD2,0xFF,0xFF,0x4E,0x00,
    0x94,0xFF,0xFF,0xEE,0x3F,0x0C,0x6A,0xFF,0xFF,0xF6,0x11,0x00,0x94,0xFF,0xFF,0xA7,
    0xFC,0xFF,0xFF,0xFF,0xFF,0x76,0x00,0x00,0x94,0xFF,0xFF,0x68,0x49,0xD1,0xF9,0xD9,
    0x68,0x00,0x00,0x00,0x94,0xFF,0xFF,0x68,0x00,0x00,0x00,0x00,0x00,0x00,0x00,0x00,
    0x94,0xFF,0xFF,0x68,0x00,0x00,0x00,0x00,0x00,0x00,0x00,0x00,0x94,0xFF,0xFF,0x68,
    0x00,0x00,0x00,0x00,0x00,0x00,0x00,0x00,0x94,0xFF,0xFF,0x68,0x00,0x00,0x00,0x00,
    0x00,0x00,0x00,0x00,0x00,0x4C,0xCD,0xF8,0xDD,0x63,0x40,0xFF,0xFF,0xBC,0x00,0x00,
    0x50,0xFE,0xFF,0xFF,0xFF,0xFF,0xA3,0xFF,0xFF,0xBC,0x00,0x00,0xDD,0xFF,0xFF,0x90,
    0x10,0x2C,0xDB,0xFF,0xFF,0xBC,0x00,0x24,0xFF,0xFF,0xF5,0x07,0x00,0x00,0x66,0xFF,
    0xFF,0xBC,0x00,0x38,0xFF,0xFF,0xDF,0x00,0x00,0x00,0x47,0xFF,0xFF,0xBC,0x00,0x23,
    0xFF,0xFF,0xF5,0x07,0x00,0x00,0x66,0xFF,0xFF,0xBC,0x00,0x00,0xDD,0xFF,0xFF,0x90,
    0x10,0x2B,0xDA,0xFF,0xFF,0xBC,0x00,0x00,0x50,0xFE,0xFF,0xFF,0xFF,0xFF,0xA2,0xFF,
    0xFF,0xBC,0x00,0x00,0x00,0x4C,0xCD,0xF8,0xDD,0x63,0x40,0xFF,0xFF,0xBC,0x00,0x00,
    0x00,0x00,0x00,0x00,0x00,0x00,0x40,0xFF,0xFF,0xBC,0x00,0x00,0x00,0x00,0x00,0x00,
    0x00,0x00,0x40,0xFF,0xFF,0xBC,0x00,0x00,0x00,0x00,0x00,0x00,0x00,0x00,0x40,0xFF,
    0xFF,0xBC,0x00,0x00,0x00,0x00,0x00,0x00,0x00,0x00,0x40,0xFF,0xFF,0xBC,0x00,0x00,
    0x94,0xFF,0xFF,0x68,0x50,0xD4,0xFB,0x54,0x00,0x94,0xFF,0xFF,0xA9,0xFD,0xFF,0xFF,
    0x54,0x00,0x94,0xFF,0xFF,0xF9,0x5C,0x0D,0x00,0x00,0x00,0x94,0xFF,0xFF,0x9A,0x00,
    0x00,0x00,0x00,0x00,0x94,0xFF,0xFF,0x6D,0x00,0x00,0x00,0x00,0x00,0x94,0xFF,0xFF,
    0x68,0x00,0x00,0x00,0x00,0x00,0x94,0xFF,0xFF,0x68,0x00,0x00,0x00,0x00,0x00,0x94,
    0xFF,0xFF,0x68,0x00,0x00,0x00,0x00,0x00,0x94,0xFF,0xFF,0x68,0x00,0x00,0x00,0x00,
    0x00,0x1F,0x9F,0xE1,0xF9,0xED,0xC5,0x7D,0x1A,0x00,0x01,0xD8,0xFF,0xFF,0xFF,0xFF,
    0xFF,0xFF,0xB0,0x00,0x17,0xFF,0xFF,0xB0,0x11,0x0D,0x33,0x85,0x97,0x00,0x01,0xEA,
    0xFF,0xDB,0x6F,0x49,0x23,0x00,0x00,0x00,0x00,0x3D,0xD1,0xFF,0xFF,0xFF,0xFF,0xE6,
    0x63,0x00,0x00,0x00,0x00,0x15,0x3B,0x5F,0xD6,0xFF,0xFD,0x22,0x00,0xC8,0x63,0x29,
    0x09,0x15,0xB8,0xFF,0xFF,0x46,0x00,0xFC,0xFF,0xFF,0xFF,0xFF,0xFF,0xFF,0xEE,0x12,
    0x00,0x2E,0x8E,0xCF,0xF1,0xFA,0xE2,0xA5,0x29,0x00,0x00,0x4C,0xFF,0xFF,0xAC,0x00,
    0x00,0x00,0x00,0x4C,0xFF,0xFF,0xAC,0x00,0x00,0x00,0x00,0x4C,0xFF,0xFF,0xAC,0x00,
    0x00,0x00,0xC8,0xFF,0xFF,0xFF,0xFF,0xFF,0xFF,0xBC,0xC8,0xFF,0xFF,0xFF,0xFF,0xFF,
    0xFF,0xBC,0x00,0x4C,0xFF,0xFF,0xAC,0x00,0x00,0x00,0x00,0x4C,0xFF,0xFF,0xAC,0x00,
    0x00,0x00,0x00,0x4C,0xFF,0xFF,0xAC,0x00,0x00,0x00,0x00,0x4B,0xFF,0xFF,0xAC,0x00,
    0x00,0x00,0x00,0x39,0xFF,0xFF,0xCF,0x0E,0x00,0x00,0x00,0x0F,0xF0,0xFF,0xFF,0xFF,
    0xFF,0x7C,0x00,0x00,0x4D,0xD2,0xF9,0xFF,0xFF,0x7C,0x00,0xAC,0xFF,0xFF,0x4F,0x00,
    0x00,0x4C,0xFF,0xFF,0xAC,0x00,0x00,0xAC,0xFF,0xFF,0x4E,0x00,0x00,0x4C,0xFF,0xFF,
    0xAC,0x00,0x00,0xAC,0xFF,0xFF,0x4C,0x00,0x00,0x4C,0xFF,0xFF,0xAC,0x00,0x00,0xAC,
    0xFF,0xFF,0x4C,0x00,0x00,0x4C,0xFF,0xFF,0xAC,0x00,0x00,0xAC,0xFF,0xFF,0x4C,0x00,
    0x00,0x51,0xFF,0xFF,0xAC,0x00,0x00,0xA6,0xFF,0xFF,0x56,0x00,0x00,0x7A,0xFF,0xFF,
    0xAC,0x00,0x00,0x87,0xFF,0xFF,0xB0,0x0F,0x3A,0xE9,0xFF,0xFF,0xAC,0x00,0x00,0x2D,
    0xFC,0xFF,0xFF,0xFF,0xFE,0x9D,0xFF,0xFF,0xAC,0x00,0x00,0x00,0x4E,0xCF,0xF5,0xD6,
    0x51,0x4C,0xFF,0xFF,0xAC,0x00,0x8D,0xFF,0xFF,0x6B,0x00,0x00,0x00,0x54,0xFF,0xFF,
    0x9F,0x25,0xFE,0xFF,0xCA,0x00,0x00,0x00,0xB3,0xFF,0xFF,0x37,0x00,0xBD,0xFF,0xFF,
    0x29,0x00,0x16,0xFB,0xFF,0xCF,0x00,0x00,0x55,0xFF,0xFF,0x88,0x00,0x71,0xFF,0xFF,
    0x67,0x00,0x00,0x05,0xE7,0xFF,0xE5,0x02,0xD0,0xFF,0xF2,0x0C,0x00,0x00,0x00,0x85,
    0xFF,0xFF,0x76,0xFF,0xFF,0x97,0x00,0x00,0x00,0x00,0x1F,0xFD,0xFF,0xFB,0xFF,0xFF,
    0x2F,0x00,0x00,0x00,0x00,0x00,0xB5,0xFF,0xFF,0xFF,0xC7,0x00,0x00,0x00,0x00,0x00,
    0x00,0x4C,0xFF,0xFF,0xFF,0x5F,0x00,0x00,0x00,0x46,0xFF,0xFF,0x9B,0x00,0x00,0x85,
    0xFF,0xFF,0x38,0x00,0x00,0xE5,0xFF,0xF3,0x05,0x08,0xF7,0xFF,0xDC,0x00,0x00,0xC5,
    0xFF,0xFF,0x79,0x00,0x27,0xFF,0xFF,0xB3,0x00,0x00,0xBA,0xFF,0xFF,0x1C,0x0A,0xFA,
    0xFD,0xFF,0xBA,0x00,0x69,0xFF,0xFF,0x6E,0x00,0x00,0x74,0xFF,0xFF,0x5D,0x46,0xFF,
    0xB3,0xF3,0xF5,0x06,0xAB,0xFF,0xFF,0x28,0x00,0x00,0x2E,0xFF,0xFF,0x9D,0x86,0xFF,
    0x6E,0xB7,0xFF,0x3D,0xEB,0xFF,0xE3,0x00,0x00,0x00,0x00,0xE7,0xFF,0xDE,0xC7,0xFF,
    0x2D,0x76,0xFF,0xAB,0xFF,0xFF,0x9E,0x00,0x00,0x00,0x00,0xA3,0xFF,0xFF,0xFD,0xEC,
    0x01,0x36,0xFF,0xFE,0xFF,0xFF,0x58,0x00,0x00,0x00,0x00,0x5D,0xFF,0xFF,0xFF,0xAC,
    0x00,0x03,0xF1,0xFF,0xFF,0xFE,0x15,0x00,0x00,0x00,0x00,0x18,0xFE,0xFF,0xFF,0x6C,
    0x00,0x00,0xB4,0xFF,0xFF,0xCE,0x00,0x00,0x00,0x38,0xFA,0xFF,0xDD,0x0D,0x00,0x13,
    0xE4,0xFF,0xF7,0x31,0x00,0x6F,0xFF,0xFF,0xA1,0x00,0xB0,0xFF,0xFF,0x64,0x00,0x00,
    0x00,0xAA,0xFF,0xFF,0xAD,0xFF,0xFF,0xA0,0x00,0x00,0x00,0x00,0x0D,0xD9,0xFF,0xFF,
    0xFF,0xD2,0x09,0x00,0x00,0x00,0x00,0x00,0x6B,0xFF,0xFF,0xFF,0x63,0x00,0x00,0x00,
    0x00,0x00,0x21,0xEF,0xFF,0xFF,0xFF,0xEC,0x1D,0x00,0x00,0x00,0x07,0xCD,0xFF,0xFC,
    0x80,0xFE,0xFF,0xC7,0x05,0x00,0x00,0x9A,0xFF,0xFF,0x7E,0x00,0x8B,0xFF,0xFF,0x8F,
    0x00,0x5D,0xFF,0xFF,0xC1,0x03,0x00,0x05,0xC9,0xFF,0xFF,0x52,0x95,0xFF,0xFF,0x5F,
    0x00,0x00,0x00,0x61,0xFF,0xFF,0x96,0x26,0xFE,0xFF,0xC8,0x00,0x00,0x00,0xBA,0xFF,
    0xFF,0x33,0x00,0xB5,0xFF,0xFF,0x31,0x00,0x16,0xFC,0xFF,0xD0,0x00,0x00,0x45,0xFF,
    0xFF,0x9A,0x00,0x6C,0xFF,0xFF,0x6D,0x00,0x00,0x00,0xD3,0xFF,0xF4,0x0E,0xC5,0xFF,
    0xF8,0x12,0x00,0x00,0x00,0x65,0xFF,0xFF,0x8A,0xFE,0xFF,0xA7,0x00,0x00,0x00,0x00,
    0x08,0xEB,0xFF,0xFE,0xFF,0xFF,0x45,0x00,0x00,0x00,0x00,0x00,0x85,0xFF,0xFF,0xFF,
    0xE0,0x02,0x00,0x00,0x00,0x00,0x00,0x1A,0xFA,0xFF,0xFF,0x7F,0x00,0x00,0x00,0x00,
    0x00,0x00,0x00,0xC0,0xFF,0xFD,0x1E,0x00,0x00,0x00,0x00,0x00,0x01,0x36,0xF7,0xFF,
    0xB1,0x00,0x00,0x00,0x00,0x00,0x4C,0xFF,0xFF,0xFF,0xF9,0x32,0x00,0x00,0x00,0x00,
    0x00,0x4C,0xFF,0xFA,0xD2,0x4D,0x00,0x00,0x00,0x00,0x00,0x08,0xFF,0xFF,0xFF,0xFF,
    0xFF,0xFF,0xFF,0xFF,0x14,0x08,0xFF,0xFF,0xFF,0xFF,0xFF,0xFF,0xFF,0xFF,0x14,0x00,
    0x00,0x00,0x00,0x0D,0xC8,0xFF,0xFF,0x9C,0x01,0x00,0x00,0x00,0x0C,0xC5,0xFF,0xFF,
    0x9F,0x01,0x00,0x00,0x00,0x0B,0xC2,0xFF,0xFF,0xA3,0x02,0x00,0x00,0x00,0x0A,0xBF,
    0xFF,0xFF,0xA6,0x03,0x00,0x00,0x00,0x08,0xBC,0xFF,0xFF,0xAA,0x03,0x00,0x00,0x00,
    0x00,0x3C,0xFF,0xFF,0xFF,0xFF,0xFF,0xFF,0xFF,0xFF,0x14,0x3C,0xFF,0xFF,0xFF,0xFF,
    0xFF,0xFF,0xFF,0xFF,0x14,0x00,0x00,0x00,0x00,0x00,0x2F,0xB8,0xEA,0xFF,0xFC,0x00,
    0x00,0x00,0x00,0x00,0x00,0x08,0xE2,0xFF,0xFF,0xFF,0xFC,0x00,0x00,0x00,0x00,0x00,
    0x00,0x33,0xFF,0xFF,0xD2,0x1F,0x02,0x00,0x00,0x00,0x00,0x00,0x00,0x4B,0xFF,0xFF,
    0x90,0x00,0x00,0x00,0x00,0x00,0x00,0x00,0x00,0x4C,0xFF,0xFF,0x88,0x00,0x00,0x00,
    0x00,0x00,0x00,0x00,0x00,0x5F,0xFF,0xFF,0x81,0x00,0x00,0x00,0x00,0x00,0x00,0x02,
    0x22,0xC7,0xFF,0xFF,0x5D,0x00,0x00,0x00,0x00,0x00,0x00,0xE0,0xFF,0xFF,0xFE,0xA8,
    0x09,0x00,0x00,0x00,0x00,0x00,0x00,0xE0,0xFF,0xFF,0xFF,0xC3,0x0E,0x00,0x00,0x00,
    0x00,0x00,0x00,0x02,0x22,0xC7,0xFF,0xFF,0x62,0x00,0x00,0x00,0x00,0x00,0x00,0x00,
    0x00,0x5F,0xFF,0xFF,0x82,0x00,0x00,0x00,0x00,0x00,0x00,0x00,0x00,0x4C,0xFF,0xFF,
    0x88,0x00,0x00,0x00,0x00,0x00,0x00,0x00,0x00,0x4B,0xFF,0xFF,0x91,0x00,0x00,0x00,
    0x00,0x00,0x00,0x00,0x00,0x33,0xFF,0xFF,0xD2,0x1E,0x01,0x00,0x00,0x00,0x00,0x00,
    0x00,0x08,0xE3,0xFF,0xFF,0xFF,0xFC,0x00,0x00,0x00,0x00,0x00,0x00,0x00,0x31,0xBA,
    0xEC,0xFF,0xFC,0x00,0x00,0x00,0x00,0xD8,0xFF,0x0C,0x00,0x00,0x00,0xD8,0xFF,0x0C,
    0x00,0x00,0x00,0xD8,0xFF,0x0C,0x00,0x00,0x00,0xD8,0xFF,0x0C,0x00,0x00,0x00,0xD8,
    0xFF,0x0C,0x00,0x00,0x00,0xD8,0xFF,0x0C,0x00,0x00,0x00,0xD8,0xFF,0x0C,0x00,0x00,
    0x00,0xD8,0xFF,0x0C,0x00,0x00,0x00,0xD8,0xFF,0x0C,0x00,0x00,0x00,0xD8,0xFF,0x0C,
    0x00,0x00,0x00,0xD8,0xFF,0x0C,0x00,0x00,0x00,0xD8,0xFF,0x0C,0x00,0x00,0x00,0xD8,
    0xFF,0x0C,0x00,0x00,0x00,0xD8,0xFF,0x0C,0x00,0x00,0x00,0xD8,0xFF,0x0C,0x00,0x00,
    0x00,0xD8,0xFF,0x0C,0x00,0x00,0x00,0xD8,0xFF,0x0C,0x00,0x00,0x00,0xE0,0xFF,0xED,
    0xC0,0x3B,0x00,0x00,0x00,0x00,0x00,0x00,0x00,0xE0,0xFF,0xFF,0xFF,0xEF,0x13,0x00,
    0x00,0x00,0x00,0x00,0x00,0x01,0x18,0xBF,0xFF,0xFF,0x4A,0x00,0x00,0x00,0x00,0x00,
    0x00,0x00,0x00,0x75,0xFF,0xFF,0x63,0x00,0x00,0x00,0x00,0x00,0x00,0x00,0x00,0x6C,
    0xFF,0xFF,0x64,0x00,0x00,0x00,0x00,0x00,0x00,0x00,0x00,0x65,0xFF,0xFF,0x76,0x00,
    0x00,0x00,0x00,0x00,0x00,0x00,0x00,0x42,0xFF,0xFF,0xD4,0x28,0x03,0x00,0x00,0x00,
    0x00,0x00,0x00,0x02,0x96,0xFA,0xFF,0xFF,0xFC,0x00,0x00,0x00,0x00,0x00,0x00,0x05,
    0xAF,0xFF,0xFF,0xFF,0xFC,0x00,0x00,0x00,0x00,0x00,0x00,0x47,0xFF,0xFF,0xD4,0x29,
    0x03,0x00,0x00,0x00,0x00,0x00,0x00,0x66,0xFF,0xFF,0x76,0x00,0x00,0x00,0x00,0x00,
    0x00,0x00,0x00,0x6C,0xFF,0xFF,0x64,0x00,0x00,0x00,0x00,0x00,0x00,0x00,0x00,0x75,
    0xFF,0xFF,0x63,0x00,0x00,0x00,0x00,0x00,0x00,0x01,0x18,0xC0,0xFF,0xFF,0x4A,0x00,
    0x00,0x00,0x00,0x00,0x00,0xE0,0xFF,0xFF,0xFF,0xEF,0x14,0x00,0x00,0x00,0x00,0x00,
    0x00,0xE0,0xFF,0xEE,0xC2,0x3E,0x00,0x00,0x00,0x00,0x00,0x00,0x00,0x00,0x00,0x00,
    0x00,0x00,0x00,0x00,0x00,0x00,0x00,0x06,0x00,0x00,0x00,0x4B,0xBD,0xF5,0xF0,0xBA,
    0x6B,0x24,0x06,0x2C,0x99,0x6E,0x00,0x00,0x30,0xFF,0xFF,0xFF,0xFF,0xFF,0xFF,0xFF,
    0xFF,0xFF,0xFF,0x6C,0x00,0x00,0x34,0xCB,0x46,0x09,0x19,0x58,0xA9,0xE8,0xF4,0xCB,
    0x6D,0x04,0x00,0x00,0x0D,0x05,0x00,0x00,0x00,0x00,0x00,0x00,0x00,0x00,0x00,0x00,
    0x00,0x00,0x00,0x00,0x00,0x00,0x00,0x00,0x00,0x00,0x00,0x00,0x00,0x00,0x00,0x00,
    0x00,0x00,0x00,0x00,0x00,0x00,0x00,0x00,0x00,0x00,0x00,0x00,0x00,0x00,0x00,0x00,
    0x00,0x00,0x00,0x00,0x00,0x00,0x00,0x00,0x00,0x00,0x00,0x00,0x00,0x48,0xD6,0xEE,
    0x98,0x0A,0x00,0x00,0x00,0x22,0xF7,0x66,0x19,0xD3,0x92,0x00,0x00,0x00,0x6E,0xE7,
    0x00,0x00,0x68,0xE8,0x00,0x00,0x00,0x6F,0xE5,0x00,0x00,0x67,0xE9,0x00,0x00,0x00,
    0x25,0xF9,0x61,0x18,0xD2,0x94,0x00,0x00,0x00,0x00,0x4E,0xD9,0xEF,0x9D,0x0B,0x00,
    0x00,0x00,0x00,0x00,0x00,0x00,0x00,0x00,0x00,0x00,0x00,0x00,0x00,0x00,0x00,0x00,
    0x00,0x00,0x00,0x00,0x00,0x00,0x00,0x00,0x00,0x00,0x00,0x00,0x00,0x00,0x00,0x00,
    0x00,0x00,0x00,0x00,0x00,0x00,0x00,0x00,0x00,0x00,0x00,0x00,0x00,0x00,0x00,0x00,
    0x00,0x00,0x00,0x00,0x00,0x00,0x00,0x00,0x00,0x00,0x00,0x00,0x00,0x00,0x00,0x00,
    0x00,0x00,0x00,0x10,0xBC,0xFF,0x5C,0x00,0x00,0x00,0x00,0x00,0x00,0x00,0x00,0x00,
    0x00,0x00,0x04,0x9A,0xF7,0x36,0x00,0x00,0x00,0x00,0x00,0x00,0x00,0x00,0x00,0x00,
    0x00,0x00,0x00,0x00,0x00,0x00,0x00,0x00,0x00,0x00,0x00,0x00,0x00,0x00,0x86,0xFF,
    0xFF,0xFF,0xAC,0x00,0x00,0x00,0x00,0x00,0x00,0x00,0x00,0x03,0xE4,0xFF,0xFF,0xFF,
    0xF9,0x14,0x00,0x00,0x00,0x00,0x00,0x00,0x00,0x4A,0xFF,0xFF,0xEF,0xFF,0xFF,0x70,
    0x00,0x00,0x00,0x00,0x00,0x00,0x00,0xAC,0xFF,0xFF,0x50,0xFB,0xFF,0xD2,0x00,0x00,
    0x00,0x00,0x00,0x00,0x13,0xF9,0xFF,0xD6,0x00,0xAF,0xFF,0xFF,0x34,0x00,0x00,0x00,
    0x00,0x00,0x70,0xFF,0xFF,0x73,0x00,0x4C,0xFF,0xFF,0x96,0x00,0x00,0x00,0x00,0x00,
    0xD1,0xFF,0xFA,0x16,0x00,0x03,0xE5,0xFF,0xEF,0x08,0x00,0x00,0x00,0x34,0xFF,0xFF,
    0xFF,0xFF,0xFF,0xFF,0xFF,0xFF,0xFF,0x5A,0x00,0x00,0x00,0x96,0xFF,0xFF,0xFF,0xFF,
    0xFF,0xFF,0xFF,0xFF,0xFF,0xBC,0x00,0x00,0x08,0xEF,0xFF,0xEF,0x02,0x00,0x00,0x00,
    0x00,0xCB,0xFF,0xFE,0x20,0x00,0x5A,0xFF,0xFF,0xAF,0x00,0x00,0x00,0x00,0x00,0x88,
    0xFF,0xFF,0x80,0x00,0xBB,0xFF,0xFF,0x6D,0x00,0x00,0x00,0x00,0x00,0x45,0xFF,0xFF,
    0xE0,0x02,0x00,0x00,0x00,0x00,0x00,0x00,0x9D,0xFF,0x8B,0x02,0x00,0x00,0x00,0x00,
    0x00,0x00,0x00,0x00,0x00,0x6F,0xFA,0x64,0x00,0x00,0x00,0x00,0x00,0x00,0x00,0x00,
    0x00,0x00,0x00,0x00,0x00,0x00,0x00,0x00,0x00,0x00,0x00,0x00,0x00,0x00,0x00,0x00,
    0x86,0xFF,0xFF,0xFF,0xAC,0x00,0x00,0x00,0x00,0x00,0x00,0x00,0x00,0x03,0xE4,0xFF,
    0xFF,0xFF,0xF9,0x14,0x00,0x00,0x00,0x00,0x00,0x00,0x00,0x4A,0xFF,0xFF,0xEF,0xFF,
    0xFF,0x70,0x00,0x00,0x00,0x00,0x00,0x00,0x00,0xAC,0xFF,0xFF,0x50,0xFB,0xFF,0xD2,
    0x00,0x00,0x00,0x00,0x00,0x00,0x13,0xF9,0xFF,0xD6,0x00,0xAF,0xFF,0xFF,0x34,0x00,
    0x00,0x00,0x00,0x00,0x70,0xFF,0xFF,0x73,0x00,0x4C,0xFF,0xFF,0x96,0x00,0x00,0x00,
    0x00,0x00,0xD1,0xFF,0xFA,0x16,0x00,0x03,0xE5,0xFF,0xEF,0x08,0x00,0x00,0x00,0x34,
    0xFF,0xFF,0xFF,0xFF,0xFF,0xFF,0xFF,0xFF,0xFF,0x5A,0x00,0x00,0x00,0x96,0xFF,0xFF,
    0xFF,0xFF,0xFF,0xFF,0xFF,0xFF,0xFF,0xBC,0x00,0x00,0x08,0xEF,0xFF,0xEF,0x02,0x00,
    0x00,0x00,0x00,0xCB,0xFF,0xFE,0x20,0x00,0x5A,0xFF,0xFF,0xAF,0x00,0x00,0x00,0x00,
    0x00,0x88,0xFF,0xFF,0x80,0x00,0xBB,0xFF,0xFF,0x6D,0x00,0x00,0x00,0x00,0x00,0x45,
    0xFF,0xFF,0xE0,0x02,0x00,0x00,0x00,0x00,0x36,0xF3,0xEF,0xFD,0x53,0x00,0x00,0x00,
    0x00,0x00,0x00,0x00,0x00,0x29,0xEB,0x93,0x08,0x76,0xF4,0x44,0x00,0x00,0x00,0x00,
    0x00,0x00,0x00,0x00,0x00,0x00,0x00,0x00,0x00,0x00,0x00,0x00,0x00,0x00,0x00,0x00,
    0x00,0x00,0x86,0xFF,0xFF,0xFF,0xAC,0x00,0x00,0x00,0x00,0x00,0x00,0x00,0x00,0x03,
    0xE4,0xFF,0xFF,0xFF,0xF9,0x14,0x00,0x00,0x00,0x00,0x00,0x00,0x00,0x4A,0xFF,0xFF,
    0xEF,0xFF,0xFF,0x70,0x00,0x00,0x00,0x00,0x00,0x00,0x00,0xAC,0xFF,0xFF,0x50,0xFB,
    0xFF,0xD2,0x00,0x00,0x00,0x00,0x00,0x00,0x13,0xF9,0xFF,0xD6,0x00,0xAF,0xFF,0xFF,
    0x34,0x00,0x00,0x00,0x00,0x00,0x70,0xFF,0xFF,0x73,0x00,0x4C,0xFF,0xFF,0x96,0x00,
    0x00,0x00,0x00,0x00,0xD1,0xFF,0xFA,0x16,0x00,0x03,0xE5,0xFF,0xEF,0x08,0x00,0x00,
    0x00,0x34,0xFF,0xFF,0xFF,0xFF,0xFF,0xFF,0xFF,0xFF,0xFF,0x5A,0x00,0x00,0x00,0x96,
    0xFF,0xFF,0xFF,0xFF,0xFF,0xFF,0xFF,0xFF,0xFF,0xBC,0x00,0x00,0x08,0xEF,0xFF,0xEF,
    0x02,0x00,0x00,0x00,0x00,0xCB,0xFF,0xFE,0x20,0x00,0x5A,0xFF,0xFF,0xAF,0x00,0x00,
    0x00,0x00,0x00,0x88,0xFF,0xFF,0x80,0x00,0xBB,0xFF,0xFF,0x6D,0x00,0x00,0x00,0x00,
    0x00,0x45,0xFF,0xFF,0xE0,0x02,0x00,0x00,0x00,0x00,0x96,0xF1,0x97,0x19,0xD3,0x6E,
    0x00,0x00,0x00,0x00,0x00,0x00,0x00,0x21,0xFF,0xFF,0xFF,0xFF,0xFF,0x48,0x00,0x00,
    0x00,0x00,0x00,0x00,0x00,0x47,0xF0,0x1A,0x82,0xEE,0xB7,0x03,0x00,0x00,0x00,0x00,
    0x00,0x00,0x00,0x00,0x00,0x00,0x00,0x00,0x00,0x00,0x00,0x00,0x00,0x00,0x00,0x00,
    0x00,0x00,0x86,0xFF,0xFF,0xFF,0xAC,0x00,0x00,0x00,0x00,0x00,0x00,0x00,0x00,0x03,
    0xE4,0xFF,0xFF,0xFF,0xF9,0x14,0x00,0x00,0x00,0x00,0x00,0x00,0x00,0x4A,0xFF,0xFF,
    0xEF,0xFF,0xFF,0x70,0x00,0x00,0x00,0x00,0x00,0x00,0x00,0xAC,0xFF,0xFF,0x50,0xFB,
    0xFF,0xD2,0x00,0x00,0x00,0x00,0x00,0x00,0x13,0xF9,0xFF,0xD6,0x00,0xAF,0xFF,0xFF,
    0x34,0x00,0x00,0x00,0x00,0x00,0x70,0xFF,0xFF,0x73,0x00,0x4C,0xFF,0xFF,0x96,0x00,
    0x00,0x00,0x00,0x00,0xD1,0xFF,0xFA,0x16,0x00,0x03,0xE5,0xFF,0xEF,0x08,0x00,0x00,
    0x00,0x34,0xFF,0xFF,0xFF,0xFF,0xFF,0xFF,0xFF,0xFF,0xFF,0x5A,0x00,0x00,0x00,0x96,
    0xFF,0xFF,0xFF,0xFF,0xFF,0xFF,0xFF,0xFF,0xFF,0xBC,0x00,0x00,0x08,0xEF,0xFF,0xEF,
    0x02,0x00,0x00,0x00,0x00,0xCB,0xFF,0xFE,0x20,0x00,0x5A,0xFF,0xFF,0xAF,0x00,0x00,
    0x00,0x00,0x00,0x88,0xFF,0xFF,0x80,0x00,0xBB,0xFF,0xFF,0x6D,0x00,0x00,0x00,0x00,
    0x00,0x45,0xFF,0xFF,0xE0,0x02,0x00,0x00,0x00,0x70,0xFD,0xB9,0x03,0x00,0x00,0x00,
    0x00,0x00,0x00,0x00,0x00,0x00,0x4C,0xF3,0x8E,0x00,0x00,0x00,0x00,0x00,0x00,0x00,
    0x00,0x00,0x00,0x00,0x00,0x00,0x00,0x00,0x00,0x00,0x00,0x70,0xFF,0xFF,0xFF,0xFF,
    0xFF,0xFF,0xFF,0xFF,0x30,0x00,0x00,0x70,0xFF,0xFF,0xFF,0xFF,0xFF,0xFF,0xFF,0xFF,
    0x30,0x00,0x00,0x70,0xFF,0xFF,0xC0,0x00,0x00,0x00,0x00,0x00,0x00,0x00,0x00,0x70,
    0xFF,0xFF,0xC0,0x00,0x00,0x00,0x00,0x00,0x00,0x00,0x00,0x70,0xFF,0xFF,0xC0,0x00,
    0x00,0x00,0x00,0x00,0x00,0x00,0x00,0x70,0xFF,0xFF,0xFF,0xFF,0xFF,0xFF,0xFF,0xDC,
    0x00,0x00,0x00,0x70,0xFF,0xFF,0xFF,0xFF,0xFF,0xFF,0xFF,0xDC,0x00,0x00,0x00,0x70,
    0xFF,0xFF,0xC0,0x00,0x00,0x00,0x00,0x00,0x00,0x00,0x00,0x70,0xFF,0xFF,0xC0,0x00,
    0x00,0x00,0x00,0x00,0x00,0x00,0x00,0x70,0xFF,0xFF,0xC0,0x00,0x00,0x00,0x00,0x00,
    0x00,0x00,0x00,0x70,0xFF,0xFF,0xFF,0xFF,0xFF,0xFF,0xFF,0xFF,0x60,0x00,0x00,0x70,
    0xFF,0xFF,0xFF,0xFF,0xFF,0xFF,0xFF,0xFF,0x60,0x00,0x00,0x00,0x00,0x00,0x00,0x41,
    0xFB,0xCF,0x1C,0x00,0x00,0x00,0x00,0x00,0x00,0x00,0x22,0xEC,0xB2,0x0C,0x00,0x00,
    0x00,0x00,0x00,0x00,0x00,0x00,0x00,0x00,0x00,0x00,0x00,0x00,0x00,0x00,0x00,0x70,
    0xFF,0xFF,0xFF,0xFF,0xFF,0xFF,0xFF,0xFF,0x30,0x00,0x00,0x70,0xFF,0xFF,0xFF,0xFF,
    0xFF,0xFF,0xFF,0xFF,0x30,0x00,0x00,0x70,0xFF,0xFF,0xC0,0x00,0x00,0x00,0x00,0x00,
    0x00,0x00,0x00,0x70,0xFF,0xFF,0xC0,0x00,0x00,0x00,0x00,0x00,0x00,0x00,0x00,0x70,
    0xFF,0xFF,0xC0,0x00,0x00,0x00,0x00,0x00,0x00,0x00,0x00,0x70,0xFF,0xFF,0xFF,0xFF,
    0xFF,0xFF,0xFF,0xDC,0x00,0x00,0x00,0x70,0xFF,0xFF,0xFF,0xFF,0xFF,0xFF,0xFF,0xDC,
    0x00,0x00,0x00,0x70,0xFF,0xFF,0xC0,0x00,0x00,0x00,0x00,0x00,0x00,0x00,0x00,0x70,
    0xFF,0xFF,0xC0,0x00,0x00,0x00,0x00,0x00,0x00,0x00,0x00,0x70,0xFF,0xFF,0xC0,0x00,
    0x00,0x00,0x00,0x00,0x00,0x00,0x00,0x70,0xFF,0xFF,0xFF,0xFF,0xFF,0xFF,0xFF,0xFF,
    0x60,0x00,0x00,0x70,0xFF,0xFF,0xFF,0xFF,0xFF,0xFF,0xFF,0xFF,0x60,0x00,0x00,0x00,
    0x00,0x1C,0xE1,0xEF,0xFF,0x7D,0x00,0x00,0x00,0x00,0x00,0x00,0x13,0xD6,0xB2,0x13,
    0x55,0xF0,0x69,0x00,0x00,0x00,0x00,0x00,0x00,0x00,0x00,0x00,0x00,0x00,0x00,0x00,
    0x00,0x00,0x00,0x70,0xFF,0xFF,0xFF,0xFF,0xFF,0xFF,0xFF,0xFF,0x30,0x00,0x00,0x70,
    0xFF,0xFF,0xFF,0xFF,0xFF,0xFF,0xFF,0xFF,0x30,0x00,0x00,0x70,0xFF,0xFF,0xC0,0x00,
    0x00,0x00,0x00,0x00,0x00,0x00,0x00,0x70,0xFF,0xFF,0xC0,0x00,0x00,0x00,0x00,0x00,
    0x00,0x00,0x00,0x70,0xFF,0xFF,0xC0,0x00,0x00,0x00,0x00,0x00,0x00,0x00,0x00,0x70,
    0xFF,0xFF,0xFF,0xFF,0xFF,0xFF,0xFF,0xDC,0x00,0x00,0x00,0x70,0xFF,0xFF,0xFF,0xFF,
    0xFF,0xFF,0xFF,0xDC,0x00,0x00,0x00,0x70,0xFF,0xFF,0xC0,0x00,0x00,0x00,0x00,0x00,
    0x00,0x00,0x00,0x70,0xFF,0xFF,0xC0,0x00,0x00,0x00,0x00,0x00,0x00,0x00,0x00,0x70,
    0xFF,0xFF,0xC0,0x00,0x00,0x00,0x00,0x00,0x00,0x00,0x00,0x70,0xFF,0xFF,0xFF,0xFF,
    0xFF,0xFF,0xFF,0xFF,0x60,0x00,0x00,0x70,0xFF,0xFF,0xFF,0xFF,0xFF,0xFF,0xFF,0xFF,
    0x60,0x00,0x48,0xF1,0xDD,0x12,0x00,0x00,0x00,0x2B,0xDF,0xBD,0x04,0x00,0x00,0x00,
    0x00,0x00,0x00,0x00,0x00,0x70,0xFF,0xFF,0xC0,0x00,0x00,0x70,0xFF,0xFF,0xC0,0x00,
    0x00,0x70,0xFF,0xFF,0xC0,0x00,0x00,0x70,0xFF,0xFF,0xC0,0x00,0x00,0x70,0xFF,0xFF,
    0xC0,0x00,0x00,0x70,0xFF,0xFF,0xC0,0x00,0x00,0x70,0xFF,0xFF,0xC0,0x00,0x00,0x70,
    0xFF,0xFF,0xC0,0x00,0x00,0x70,0xFF,0xFF,0xC0,0x00,0x00,0x70,0xFF,0xFF,0xC0,0x00,
    0x00,0x70,0xFF,0xFF,0xC0,0x00,0x00,0x70,0xFF,0xFF,0xC0,0x00,0x00,0x00,0x1E,0xEA,
    0xE8,0x37,0x00,0x0A,0xD0,0xD3,0x1F,0x00,0x00,0x00,0x00,0x00,0x00,0x00,0x00,0x70,
    0xFF,0xFF,0xC0,0x00,0x00,0x70,0xFF,0xFF,0xC0,0x00,0x00,0x70,0xFF,0xFF,0xC0,0x00,
    0x00,0x70,0xFF,0xFF,0xC0,0x00,0x00,0x70,0xFF,0xFF,0xC0,0x00,0x00,0x70,0xFF,0xFF,
    0xC0,0x00,0x00,0x70,0xFF,0xFF,0xC0,0x00,0x00,0x70,0xFF,0xFF,0xC0,0x00,0x00,0x70,
    0xFF,0xFF,0xC0,0x00,0x00,0x70,0xFF,0xFF,0xC0,0x00,0x00,0x70,0xFF,0xFF,0xC0,0x00,
    0x00,0x70,0xFF,0xFF,0xC0,0x00,0x00,0x00,0x00,0x00,0x3D,0xEC,0xE5,0x1A,0x00,0x00,
    0x00,0x00,0x00,0x00,0x00,0x00,0x00,0x00,0x00,0x23,0xD7,0xCA,0x08,0x00,0x00,0x00,
    0x00,0x00,0x00,0x00,0x00,0x00,0x00,0x00,0x00,0x00,0x00,0x00,0x00,0x00,0x00,0x00,
    0x00,0x00,0x00,0x20,0x8D,0xD2,0xF2,0xF9,0xE5,0xB0,0x50,0x00,0x00,0x00,0x00,0x00,
    0x57,0xF5,0xFF,0xFF,0xFF,0xFF,0xFF,0xFF,0xFF,0xB1,0x08,0x00,0x00,0x35,0xFA,0xFF,
    0xFF,0x8F,0x1A,0x08,0x4A,0xE6,0xFF,0xFF,0x9C,0x00,0x00,0xB5,0xFF,0xFF,0xBC,0x00,
    0x00,0x00,0x00,0x4C,0xFF,0xFF,0xFE,0x25,0x06,0xF8,0xFF,0xFF,0x59,0x00,0x00,0x00,
    0x00,0x00,0xE5,0xFF,0xFF,0x6D,0x1E,0xFF,0xFF,0xFF,0x37,0x00,0x00,0x00,0x00,0x00,
    0xC3,0xFF,0xFF,0x8D,0x1E,0xFF,0xFF,0xFF,0x36,0x00,0x00,0x00,0x00,0x00,0xC4,0xFF,
    0xFF,0x8C,0x06,0xF8,0xFF,0xFF,0x59,0x00,0x00,0x00,0x00,0x00,0xE5,0xFF,0xFF,0x6D,
    0x00,0xB5,0xFF,0xFF,0xBC,0x00,0x00,0x00,0x00,0x4C,0xFF,0xFF,0xFE,0x25,0x00,0x35,
    0xFA,0xFF,0xFF,0x8E,0x19,0x07,0x49,0xE6,0xFF,0xFF,0x9D,0x00,0x00,0x00,0x58,0xF6,
    0xFF,0xFF,0xFF,0xFF,0xFF,0xFF,0xFF,0xB1,0x08,0x00,0x00,0x00,0x00,0x21,0x8E,0xD3,
    0xF4,0xFA,0xE6,0xB1,0x51,0x01,0x00,0x00,0x00,0x00,0x00,0x00,0x00,0x00,0x17,0xE2,
    0xEE,0x42,0x00,0x00,0x00,0x00,0x00,0x00,0x00,0x00,0x00,0x06,0xC4,0xDB,0x27,0x00,
    0x00,0x00,0x00,0x00,0x00,0x00,0x00,0x00,0x00,0x00,0x00,0x00,0x00,0x00,0x00,0x00,
    0x00,0x00,0x00,0x00,0x00,0x20,0x8D,0xD2,0xF2,0xF9,0xE5,0xB0,0x50,0x00,0x00,0x00,
    0x00,0x00,0x57,0xF5,0xFF,0xFF,0xFF,0xFF,0xFF,0xFF,0xFF,0xB1,0x08,0x00,0x00,0x35,
    0xFA,0xFF,0xFF,0x8F,0x1A,0x08,0x4A,0xE6,0xFF,0xFF,0x9C,0x00,0x00,0xB5,0xFF,0xFF,
    0xBC,0x00,0x00,0x00,0x00,0x4C,0xFF,0xFF,0xFE,0x25,0x06,0xF8,0xFF,0xFF,0x59,0x00,
    0x00,0x00,0x00,0x00,0xE5,0xFF,0xFF,0x6D,0x1E,0xFF,0xFF,0xFF,0x37,0x00,0x00,0x00,
    0x00,0x00,0xC3,0xFF,0xFF,0x8D,0x1E,0xFF,0xFF,0xFF,0x36,0x00,0x00,0x00,0x00,0x00,
    0xC4,0xFF,0xFF,0x8C,0x06,0xF8,0xFF,0xFF,0x59,0x00,0x00,0x00,0x00,0x00,0xE5,0xFF,
    0xFF,0x6D,0x00,0xB5,0xFF,0xFF,0xBC,0x00,0x00,0x00,0x00,0x4C,0xFF,0xFF,0xFE,0x25,
    0x00,0x35,0xFA,0xFF,0xFF,0x8E,0x19,0x07,0x49,0xE6,0xFF,0xFF,0x9D,0x00,0x00,0x00,
    0x58,0xF6,0xFF,0xFF,0xFF,0xFF,0xFF,0xFF,0xFF,0xB1,0x08,0x00,0x00,0x00,0x00,0x21,
    0x8E,0xD3,0xF4,0xFA,0xE6,0xB1,0x51,0x01,0x00,0x00,0x00,0x00,0x00,0x00,0x04,0xB5,
    0xF8,0xF6,0xBA,0x06,0x00,0x00,0x00,0x00,0x00,0x00,0x00,0x01,0xA4,0xD9,0x30,0x2C,
    0xD5,0xAA,0x02,0x00,0x00,0x00,0x00,0x00,0x00,0x00,0x00,0x00,0x00,0x00,0x00,0x00,
    0x00,0x00,0x00,0x00,0x00,0x00,0x00,0x20,0x8D,0xD2,0xF2,0xF9,0xE5,0xB0,0x50,0x00,
    0x00,0x00,0x00,0x00,0x57,0xF5,0xFF,0xFF,0xFF,0xFF,0xFF,0xFF,0xFF,0xB1,0x08,0x00,
    0x00,0x35,0xFA,0xFF,0xFF,0x8F,0x1A,0x08,0x4A,0xE6,0xFF,0xFF,0x9C,0x00,0x00,0xB5,
    0xFF,0xFF,0xBC,0x00,0x00,0x00,0x00,0x4C,0xFF,0xFF,0xFE,0x25,0x06,0xF8,0xFF,0xFF,
    0x59,0x00,0x00,0x00,0x00,0x00,0xE5,0xFF,0xFF,0x6D,0x1E,0xFF,0xFF,0xFF,0x37,0x00,
    0x00,0x00,0x00,0x00,0xC3,0xFF,0xFF,0x8D,0x1E,0xFF,0xFF,0xFF,0x36,0x00,0x00,0x00,
    0x00,0x00,0xC4,0xFF,0xFF,0x8C,0x06,0xF8,0xFF,0xFF,0x59,0x00,0x00,0x00,0x00,0x00,
    0xE5,0xFF,0xFF,0x6D,0x00,0xB5,0xFF,0xFF,0xBC,0x00,0x00,0x00,0x00,0x4C,0xFF,0xFF,
    0xFE,0x25,0x00,0x35,0xFA,0xFF,0xFF,0x8E,0x19,0x07,0x49,0xE6,0xFF,0xFF,0x9D,0x00,
    0x00,0x00,0x58,0xF6,0xFF,0xFF,0xFF,0xFF,0xFF,0xFF,0xFF,0xB1,0x08,0x00,0x00,0x00,
    0x00,0x21,0x8E,0xD3,0xF4,0xFA,0xE6,0xB1,0x51,0x01,0x00,0x00,0x00,0x00,0x00,0x00,
    0x16,0xD4,0xE0,0x63,0x35,0xFF,0x16,0x00,0x00,0x00,0x00,0x00,0x00,0x00,0x79,0xFF,
    0xFF,0xFF,0xFF,0xEE,0x01,0x00,0x00,0x00,0x00,0x00,0x00,0x00,0x9F,0xA2,0x2B,0xB3,
    0xF2,0x6B,0x00,0x00,0x00,0x00,0x00,0x00,0x00,0x00,0x00,0x00,0x00,0x00,0x00,0x00,
    0x00,0x00,0x00,0x00,0x00,0x00,0x00,0x20,0x8D,0xD2,0xF2,0xF9,0xE5,0xB0,0x50,0x00,
    0x00,0x00,0x00,0x00,0x57,0xF5,0xFF,0xFF,0xFF,0xFF,0xFF,0xFF,0xFF,0xB1,0x08,0x00,
    0x00,0x35,0xFA,0xFF,0xFF,0x8F,0x1A,0x08,0x4A,0xE6,0xFF,0xFF,0x9C,0x00,0x00,0xB5,
    0xFF,0xFF,0xBC,0x00,0x00,0x00,0x00,0x4C,0xFF,0xFF,0xFE,0x25,0x06,0xF8,0xFF,0xFF,
    0x59,0x00,0x00,0x00,0x00,0x00,0xE5,0xFF,0xFF,0x6D,0x1E,0xFF,0xFF,0xFF,0x37,0x00,
    0x00,0x00,0x00,0x00,0xC3,0xFF,0xFF,0x8D,0x1E,0xFF,0xFF,0xFF,0x36,0x00,0x00,0x00,
    0x00,0x00,0xC4,0xFF,0xFF,0x8C,0x06,0xF8,0xFF,0xFF,0x59,0x00,0x00,0x00,0x00,0x00,
    0xE5,0xFF,0xFF,0x6D,0x00,0xB5,0xFF,0xFF,0xBC,0x00,0x00,0x00,0x00,0x4C,0xFF,0xFF,
    0xFE,0x25,0x00,0x35,0xFA,0xFF,0xFF,0x8E,0x19,0x07,0x49,0xE6,0xFF,0xFF,0x9D,0x00,
    0x00,0x00,0x58,0xF6,0xFF,0xFF,0xFF,0xFF,0xFF,0xFF,0xFF,0xB1,0x08,0x00,0x00,0x00,
    0x00,0x21,0x8E,0xD3,0xF4,0xFA,0xE6,0xB1,0x51,0x01,0x00,0x00,0x00,0x00,0x00,0x00,
    0x7A,0xFE,0xAE,0x01,0x00,0x00,0x00,0x00,0x00,0x00,0x00,0x00,0x00,0x00,0x00,0x55,
    0xF6,0x82,0x00,0x00,0x00,0x00,0x00,0x00,0x00,0x00,0x00,0x00,0x00,0x00,0x00,0x00,
    0x00,0x00,0x00,0x00,0x00,0x00,0x00,0x70,0xFF,0xFF,0xC0,0x00,0x00,0x00,0x00,0xF4,
    0xFF,0xFF,0x40,0x00,0x00,0x70,0xFF,0xFF,0xC0,0x00,0x00,0x00,0x00,0xF4,0xFF,0xFF,
    0x40,0x00,0x00,0x70,0xFF,0xFF,0xC0,0x00,0x00,0x00,0x00,0xF4,0xFF,0xFF,0x40,0x00,
    0x00,0x70,0xFF,0xFF,0xC0,0x00,0x00,0x00,0x00,0xF4,0xFF,0xFF,0x40,0x00,0x00,0x70,
    0xFF,0xFF,0xC0,0x00,0x00,0x00,0x00,0xF4,0xFF,0xFF,0x40,0x00,0x00,0x70,0xFF,0xFF,
    0xC0,0x00,0x00,0x00,0x00,0xF4,0xFF,0xFF,0x40,0x00,0x00,0x70,0xFF,0xFF,0xC0,0x00,
    0x00,0x00,0x00,0xF4,0xFF,0xFF,0x40,0x00,0x00,0x6A,0xFF,0xFF,0xC7,0x00,0x00,0x00,
    0x01,0xFA,0xFF,0xFF,0x39,0x00,0x00,0x4F,0xFF,0xFF,0xE7,0x02,0x00,0x00,0x1E,0xFF,
    0xFF,0xFF,0x1D,0x00,0x00,0x10,0xF3,0xFF,0xFF,0x7F,0x10,0x19,0xAA,0xFF,0xFF,0xD1,
    0x00,0x00,0x00,0x00,0x66,0xFE,0xFF,0xFF,0xFF,0xFF,0xFF,0xFF,0xF6,0x3B,0x00,0x00,
    0x00,0x00,0x00,0x3E,0xAB,0xE4,0xFA,0xF8,0xDC,0x9B,0x26,0x00,0x00,0x00,0x00,0x00,
    0x00,0x00,0x00,0x00,0x4B,0xFD,0xC8,0x17,0x00,0x00,0x00,0x00,0x00,0x00,0x00,0x00,
    0x00,0x29,0xF1,0xAA,0x08,0x00,0x00,0x00,0x00,0x00,0x00,0x00,0x00,0x00,0x00,0x00,
    0x00,0x00,0x00,0x00,0x00,0x00,0x00,0x00,0x00,0x70,0xFF,0xFF,0xC0,0x00,0x00,0x00,
    0x00,0xF4,0xFF,0xFF,0x40,0x00,0x00,0x70,0xFF,0xFF,0xC0,0x00,0x00,0x00,0x00,0xF4,
    0xFF,0xFF,0x40,0x00,0x00,0x70,0xFF,0xFF,0xC0,0x00,0x00,0x00,0x00,0xF4,0xFF,0xFF,
    0x40,0x00,0x00,0x70,0xFF,0xFF,0xC0,0x00,0x00,0x00,0x00,0xF4,0xFF,0xFF,0x40,0x00,
    0x00,0x70,0xFF,0xFF,0xC0,0x00,0x00,0x00,0x00,0xF4,0xFF,0xFF,0x40,0x00,0x00,0x70,
    0xFF,0xFF,0xC0,0x00,0x00,0x00,0x00,0xF4,0xFF,0xFF,0x40,0x00,0x00,0x70,0xFF,0xFF,
    0xC0,0x00,0x00,0x00,0x00,0xF4,0xFF,0xFF,0x40,0x00,0x00,0x6A,0xFF,0xFF,0xC7,0x00,
    0x00,0x00,0x01,0xFA,0xFF,0xFF,0x39,0x00,0x00,0x4F,0xFF,0xFF,0xE7,0x02,0x00,0x00,
    0x1E,0xFF,0xFF,0xFF,0x1D,0x00,0x00,0x10,0xF3,0xFF,0xFF,0x7F,0x10,0x19,0xAA,0xFF,
    0xFF,0xD1,0x00,0x00,0x00,0x00,0x66,0xFE,0xFF,0xFF,0xFF,0xFF,0xFF,0xFF,0xF6,0x3B,
    0x00,0x00,0x00,0x00,0x00,0x3E,0xAB,0xE4,0xFA,0xF8,0xDC,0x9B,0x26,0x00,0x00,0x00,
    0x00,0x00,0x00,0x00,0x00,0x00,0x1E,0xEA,0xE8,0x37,0x00,0x00,0x00,0x00,0x00,0x00,
    0x00,0x00,0x00,0x0A,0xD0,0xD3,0x1F,0x00,0x00,0x00,0x00,0x00,0x00,0x00,0x00,0x00,
    0x00,0x00,0x00,0x00,0x00,0x00,0x00,0x00,0x00,0x00,0x05,0xCF,0xFF,0xFF,0xA8,0x00,
    0x00,0x00,0x00,0x5D,0xFF,0xFF,0xF7,0x29,0x00,0x2D,0xF9,0xFF,0xFF,0x51,0x00,0x00,
    0x17,0xED,0xFF,0xFF,0x72,0x00,0x00,0x00,0x77,0xFF,0xFF,0xE8,0x12,0x00,0xAC,0xFF,
    0xFF,0xC2,0x02,0x00,0x00,0x00,0x02,0xC6,0xFF,0xFF,0xA3,0x55,0xFF,0xFF,0xF4,0x22,
    0x00,0x00,0x00,0x00,0x00,0x24,0xF5,0xFF,0xFF,0xF2,0xFF,0xFF,0x68,0x00,0x00,0x00,
    0x00,0x00,0x00,0x00,0x6B,0xFF,0xFF,0xFF,0xFF,0xB9,0x00,0x00,0x00,0x00,0x00,0x00,
    0x00,0x00,0x01,0xBB,0xFF,0xFF,0xF0,0x1C,0x00,0x00,0x00,0x00,0x00,0x00,0x00,0x00,
    0x00,0x70,0xFF,0xFF,0xC0,0x00,0x00,0x00,0x00,0x00,0x00,0x00,0x00,0x00,0x00,0x70,
    0xFF,0xFF,0xC0,0x00,0x00,0x00,0x00,0x00,0x00,0x00,0x00,0x00,0x00,0x70,0xFF,0xFF,
    0xC0,0x00,0x00,0x00,0x00,0x00,0x00,0x00,0x00,0x00,0x00,0x70,0xFF,0xFF,0xC0,0x00,
    0x00,0x00,0x00,0x00,0x00,0x00,0x00,0x00,0x00,0x70,0xFF,0xFF,0xC0,0x00,0x00,0x00,
    0x00,0x00,0x00,0x00,0x39,0xF0,0xEE,0x21,0x00,0x00,0x00,0x00,0x00,0x00,0x00,0x00,
    0x35,0xEF,0xCE,0x08,0x00,0x00,0x00,0x00,0x00,0x00,0x00,0x00,0x32,0xED,0x9F,0x00,
    0x00,0x00,0x00,0x00,0x00,0x00,0x00,0x00,0x00,0x00,0x00,0x00,0x00,0x00,0x00,0x00,
    0x00,0x00,0x00,0x00,0x00,0x00,0x00,0x00,0x00,0x00,0x74,0xFF,0xFF,0xFF,0xFD,0xEF,
    0xC5,0x69,0x02,0x00,0x00,0x74,0xFF,0xFF,0xFF,0xFF,0xFF,0xFF,0xFF,0x8A,0x00,0x00,
    0x00,0x00,0x00,0x00,0x07,0x30,0xF0,0xFF,0xF5,0x05,0x00,0x13,0x8C,0xD5,0xF5,0xFF,
    0xFF,0xFF,0xFF,0xFF,0x1E,0x02,0xD1,0xFF,0xFF,0xFF,0xFF,0xFF,0xFF,0xFF,0xFF,0x24,
    0x33,0xFF,0xFF,0xE7,0x2E,0x03,0x00,0xE9,0xFF,0xFF,0x24,0x2F,0xFF,0xFF,0xE3,0x1F,
    0x0E,0x84,0xFF,0xFF,0xFF,0x24,0x04,0xD5,0xFF,0xFF,0xFF,0xFF,0xC6,0xDF,0xFF,0xFF,
    0x24,0x00,0x1F,0xAD,0xED,0xF0,0xA6,0x12,0xDC,0xFF,0xFF,0x24,0x00,0x00,0x00,0x00,
    0x00,0x00,0x79,0xFF,0xB8,0x08,0x00,0x00,0x00,0x00,0x00,0x00,0x43,0xFC,0xB4,0x07,
    0x00,0x00,0x00,0x00,0x00,0x00,0x1D,0xEB,0xB0,0x06,0x00,0x00,0x00,0x00,0x00,0x00,
    0x00,0x00,0x00,0x00,0x00,0x00,0x00,0x00,0x00,0x00,0x00,0x00,0x00,0x00,0x00,0x00,
    0x00,0x00,0x00,0x00,0x74,0xFF,0xFF,0xFF,0xFD,0xEF,0xC5,0x69,0x02,0x00,0x00,0x74,
    0xFF,0xFF,0xFF,0xFF,0xFF,0xFF,0xFF,0x8A,0x00,0x00,0x00,0x00,0x00,0x00,0x07,0x30,
    0xF0,0xFF,0xF5,0x05,0x00,0x13,0x8C,0xD5,0xF5,0xFF,0xFF,0xFF,0xFF,0xFF,0x1E,0x02,
    0xD1,0xFF,0xFF,0xFF,0xFF,0xFF,0xFF,0xFF,0xFF,0x24,0x33,0xFF,0xFF,0xE7,0x2E,0x03,
    0x00,0xE9,0xFF,0xFF,0x24,0x2F,0xFF,0xFF,0xE3,0x1F,0x0E,0x84,0xFF,0xFF,0xFF,0x24,
    0x04,0xD5,0xFF,0xFF,0xFF,0xFF,0xC6,0xDF,0xFF,0xFF,0x24,0x00,0x1F,0xAD,0xED,0xF0,
    0xA6,0x12,0xDC,0xFF,0xFF,0x24,0x00,0x00,0x00,0x00,0x8F,0xFF,0xF8,0x2D,0x00,0x00,
    0x00,0x00,0x00,0x00,0x45,0xFE,0x91,0xD8,0xD3,0x08,0x00,0x00,0x00,0x00,0x13,0xE5,
    0x99,0x00,0x1E,0xE3,0x91,0x00,0x00,0x00,0x00,0x00,0x00,0x00,0x00,0x00,0x00,0x00,
    0x00,0x00,0x00,0x00,0x00,0x00,0x00,0x00,0x00,0x00,0x00,0x00,0x00,0x00,0x74,0xFF,
    0xFF,0xFF,0xFD,0xEF,0xC5,0x69,0x02,0x00,0x00,0x74,0xFF,0xFF,0xFF,0xFF,0xFF,0xFF,
    0xFF,0x8A,0x00,0x00,0x00,0x00,0x00,0x00,0x07,0x30,0xF0,0xFF,0xF5,0x05,0x00,0x13,
    0x8C,0xD5,0xF5,0xFF,0xFF,0xFF,0xFF,0xFF,0x1E,0x02,0xD1,0xFF,0xFF,0xFF,0xFF,0xFF,
    0xFF,0xFF,0xFF,0x24,0x33,0xFF,0xFF,0xE7,0x2E,0x03,0x00,0xE9,0xFF,0xFF,0x24,0x2F,
    0xFF,0xFF,0xE3,0x1F,0x0E,0x84,0xFF,0xFF,0xFF,0x24,0x04,0xD5,0xFF,0xFF,0xFF,0xFF,
    0xC6,0xDF,0xFF,0xFF,0x24,0x00,0x1F,0xAD,0xED,0xF0,0xA6,0x12,0xDC,0xFF,0xFF,0x24,
    0x00,0x00,0x00,0x66,0xF0,0xB2,0x26,0x9C,0xA2,0x00,0x00,0x00,0x00,0x00,0xE7,0xFF,
    0xFF,0xFF,0xFF,0x7D,0x00,0x00,0x00,0x00,0x0D,0xFC,0x39,0x60,0xDE,0xD8,0x19,0x00,
    0x00,0x00,0x00,0x00,0x00,0x00,0x00,0x00,0x00,0x00,0x00,0x00,0x00,0x00,0x00,0x00,
    0x00,0x00,0x00,0x00,0x00,0x00,0x00,0x00,0x74,0xFF,0xFF,0xFF,0xFD,0xEF,0xC5,0x69,
    0x02,0x00,0x00,0x74,0xFF,0xFF,0xFF,0xFF,0xFF,0xFF,0xFF,0x8A,0x00,0x00,0x00,0x00,
    0x00,0x00,0x07,0x30,0xF0,0xFF,0xF5,0x05,0x00,0x13,0x8C,0xD5,0xF5,0xFF,0xFF,0xFF,
    0xFF,0xFF,0x1E,0x02,0xD1,0xFF,0xFF,0xFF,0xFF,0xFF,0xFF,0xFF,0xFF,0x24,0x33,0xFF,
    0xFF,0xE7,0x2E,0x03,0x00,0xE9,0xFF,0xFF,0x24,0x2F,0xFF,0xFF,0xE3,0x1F,0x0E,0x84,
    0xFF,0xFF,0xFF,0x24,0x04,0xD5,0xFF,0xFF,0xFF,0xFF,0xC6,0xDF,0xFF,0xFF,0x24,0x00,
    0x1F,0xAD,0xED,0xF0,0xA6,0x12,0xDC,0xFF,0xFF,0x24,0x00,0x00,0x16,0xD3,0xFE,0x50,
    0x00,0x00,0x00,0x00,0x00,0x00,0x00,0x00,0x00,0x14,0xD0,0xF1,0x25,0x00,0x00,0x00,
    0x00,0x00,0x00,0x00,0x00,0x00,0x12,0xCC,0xD4,0x0B,0x00,0x00,0x00,0x00,0x00,0x00,
    0x00,0x00,0x00,0x00,0x00,0x00,0x00,0x00,0x00,0x00,0x00,0x00,0x00,0x00,0x00,0x00,
    0x00,0x00,0x00,0x00,0x00,0x00,0x00,0x00,0x1F,0x96,0xDC,0xF8,0xF5,0xCC,0x6F,0x04,
    0x00,0x00,0x00,0x34,0xF1,0xFF,0xFF,0xFF,0xFF,0xFF,0xFF,0xBA,0x03,0x00,0x00,0xD4,
    0xFF,0xF6,0x4C,0x08,0x15,0xA5,0xFF,0xFF,0x61,0x00,0x26,0xFF,0xFF,0xFF,0xFF,0xFF,
    0xFF,0xFF,0xFF,0xFF,0xA5,0x00,0x3E,0xFF,0xFF,0xFF,0xFF,0xFF,0xFF,0xFF,0xFF,0xFF,
    0xB3,0x00,0x28,0xFF,0xFF,0xE6,0x01,0x00,0x00,0x00,0x00,0x00,0x00,0x00,0x00,0xD7,
    0xFF,0xFF,0x99,0x1D,0x09,0x26,0x59,0xB6,0x40,0x00,0x00,0x38,0xF2,0xFF,0xFF,0xFF,
    0xFF,0xFF,0xFF,0xFF,0x44,0x00,0x00,0x00,0x20,0x94,0xDA,0xF8,0xF2,0xD4,0xA0,0x46,
    0x03,0x00,0x00,0x00,0x00,0x00,0x00,0x00,0x3D,0xFB,0xE0,0x21,0x00,0x00,0x00,0x00,
    0x00,0x00,0x00,0x19,0xE7,0xDD,0x1E,0x00,0x00,0x00,0x00,0x00,0x00,0x00,0x04,0xC3,
    0xDA,0x1C,0x00,0x00,0x00,0x00,0x00,0x00,0x00,0x00,0x00,0x00,0x00,0x00,0x00,0x00,
    0x00,0x00,0x00,0x00,0x00,0x00,0x00,0x00,0x00,0x00,0x00,0x00,0x00,0x00,0x00,0x00,
    0x1F,0x96,0xDC,0xF8,0xF5,0xCC,0x6F,0x04,0x00,0x00,0x00,0x34,0xF1,0xFF,0xFF,0xFF,
    0xFF,0xFF,0xFF,0xBA,0x03,0x00,0x00,0xD4,0xFF,0xF6,0x4C,0x08,0x15,0xA5,0xFF,0xFF,
    0x61,0x00,0x26,0xFF,0xFF,0xFF,0xFF,0xFF,0xFF,0xFF,0xFF,0xFF,0xA5,0x00,0x3E,0xFF,
    0xFF,0xFF,0xFF,0xFF,0xFF,0xFF,0xFF,0xFF,0xB3,0x00,0x28,0xFF,0xFF,0xE6,0x01,0x00,
    0x00,0x00,0x00,0x00,0x00,0x00,0x00,0xD7,0xFF,0xFF,0x99,0x1D,0x09,0x26,0x59,0xB6,
    0x40,0x00,0x00,0x38,0xF2,0xFF,0xFF,0xFF,0xFF,0xFF,0xFF,0xFF,0x44,0x00,0x00,0x00,
    0x20,0x94,0xDA,0xF8,0xF2,0xD4,0xA0,0x46,0x03,0x00,0x00,0x00,0x00,0x00,0x4F,0xFF,
    0xFF,0x66,0x00,0x00,0x00,0x00,0x00,0x00,0x00,0x18,0xEB,0xBE,0xAB,0xF5,0x26,0x00,
    0x00,0x00,0x00,0x00,0x01,0xB8,0xCC,0x0D,0x06,0xBB,0xCB,0x05,0x00,0x00,0x00,0x00,
    0x00,0x00,0x00,0x00,0x00,0x00,0x00,0x00,0x00,0x00,0x00,0x00,0x00,0x00,0x00,0x00,
    0x00,0x00,0x00,0x00,0x00,0x00,0x00,0x00,0x1F,0x96,0xDC,0xF8,0xF5,0xCC,0x6F,0x04,
    0x00,0x00,0x00,0x34,0xF1,0xFF,0xFF,0xFF,0xFF,0xFF,0xFF,0xBA,0x03,0x00,0x00,0xD4,
    0xFF,0xF6,0x4C,0x08,0x15,0xA5,0xFF,0xFF,0x61,0x00,0x26,0xFF,0xFF,0xFF,0xFF,0xFF,
    0xFF,0xFF,0xFF,0xFF,0xA5,0x00,0x3E,0xFF,0xFF,0xFF,0xFF,0xFF,0xFF,0xFF,0xFF,0xFF,
    0xB3,0x00,0x28,0xFF,0xFF,0xE6,0x01,0x00,0x00,0x00,0x00,0x00,0x00,0x00,0x00,0xD7,
    0xFF,0xFF,0x99,0x1D,0x09,0x26,0x59,0xB6,0x40,0x00,0x00,0x38,0xF2,0xFF,0xFF,0xFF,
    0xFF,0xFF,0xFF,0xFF,0x44,0x00,0x00,0x00,0x20,0x94,0xDA,0xF8,0xF2,0xD4,0xA0,0x46,
    0x03,0x00,0x10,0xC9,0xFF,0x5F,0x00,0x00,0x00,0x00,0x0E,0xC5,0xF6,0x30,0x00,0x00,
    0x00,0x00,0x0C,0xC2,0xDD,0x11,0x00,0x00,0x00,0x00,0x00,0x00,0x00,0x00,0x00,0x00,
    0x00,0x00,0x00,0x00,0x00,0x00,0x00,0x94,0xFF,0xFF,0x68,0x00,0x00,0x00,0x94,0xFF,
    0xFF,0x68,0x00,0x00,0x00,0x94,0xFF,0xFF,0x68,0x00,0x00,0x00,0x94,0xFF,0xFF,0x68,
    0x00,0x00,0x00,0x94,0xFF,0xFF,0x68,0x00,0x00,0x00,0x94,0xFF,0xFF,0x68,0x00,0x00,
    0x00,0x94,0xFF,0xFF,0x68,0x00,0x00,0x00,0x94,0xFF,0xFF,0x68,0x00,0x00,0x00,0x94,
    0xFF,0xFF,0x68,0x00,0x00,0x00,0x00,0x31,0xF7,0xE7,0x29,0x00,0x00,0x11,0xDE,0xE5,
    0x26,0x00,0x00,0x01,0xB6,0xE2,0x24,0x00,0x00,0x00,0x00,0x00,0x00,0x00,0x00,0x00,
    0x00,0x00,0x00,0x00,0x00,0x00,0x00,0x00,0x94,0xFF,0xFF,0x68,0x00,0x00,0x00,0x94,
    0xFF,0xFF,0x68,0x00,0x00,0x00,0x94,0xFF,0xFF,0x68,0x00,0x00,0x00,0x94,0xFF,0xFF,
    0x68,0x00,0x00,0x00,0x94,0xFF,0xFF,0x68,0x00,0x00,0x00,0x94,0xFF,0xFF,0x68,0x00,
    0x00,0x00,0x94,0xFF,0xFF,0x68,0x00,0x00,0x00,0x94,0xFF,0xFF,0x68,0x00,0x00,0x00,
    0x94,0xFF,0xFF,0x68,0x00,0x00,0x00,0x00,0x18,0xD5,0xFE,0x4C,0x00,0x00,0x00,0x00,
    0x00,0x00,0x00,0x00,0x00,0x15,0xD2,0xEF,0x23,0x00,0x00,0x00,0x00,0x00,0x00,0x00,
    0x00,0x00,0x13,0xCF,0xD1,0x0A,0x00,0x00,0x00,0x00,0x00,0x00,0x00,0x00,0x00,0x00,
    0x00,0x00,0x00,0x00,0x00,0x00,0x00,0x00,0x00,0x00,0x00,0x00,0x00,0x00,0x00,0x00,
    0x00,0x00,0x00,0x00,0x21,0x99,0xDD,0xF8,0xF4,0xCE,0x78,0x08,0x00,0x00,0x00,0x37,
    0xF2,0xFF,0xFF,0xFF,0xFF,0xFF,0xFF,0xCC,0x0D,0x00,0x00,0xD6,0xFF,0xFF,0x91,0x12,
    0x24,0xCC,0xFF,0xFF,0x86,0x00,0x28,0xFF,0xFF,0xF4,0x07,0x00,0x00,0x4B,0xFF,0xFF,
    0xD6,0x00,0x3F,0xFF,0xFF,0xDB,0x00,0x00,0x00,0x2C,0xFF,0xFF,0xEE,0x00,0x28,0xFF,
    0xFF,0xF4,0x07,0x00,0x00,0x4B,0xFF,0xFF,0xD7,0x00,0x00,0xD7,0xFF,0xFF,0x91,0x11,
    0x24,0xCC,0xFF,0xFF,0x87,0x00,0x00,0x39,0xF3,0xFF,0xFF,0xFF,0xFF,0xFF,0xFF,0xCE,
    0x0E,0x00,0x00,0x00,0x23,0x9A,0xDF,0xF9,0xF5,0xD0,0x7B,0x09,0x00,0x00,0x00,0x00,
    0x00,0x00,0x00,0x00,0x40,0xFC,0xDD,0x1F,0x00,0x00,0x00,0x00,0x00,0x00,0x00,0x1B,
    0xE9,0xDB,0x1C,0x00,0x00,0x00,0x00,0x00,0x00,0x00,0x05,0xC6,0xD8,0x1A,0x00,0x00,
    0x00,0x00,0x00,0x00,0x00,0x00,0x00,0x00,0x00,0x00,0x00,0x00,0x00,0x00,0x00,0x00,
    0x00,0x00,0x00,0x00,0x00,0x00,0x00,0x00,0x00,0x00,0x00,0x00,0x21,0x99,0xDD,0xF8,
    0xF4,0xCE,0x78,0x08,0x00,0x00,0x00,0x37,0xF2,0xFF,0xFF,0xFF,0xFF,0xFF,0xFF,0xCC,
    0x0D,0x00,0x00,0xD6,0xFF,0xFF,0x91,0x12,0x24,0xCC,0xFF,0xFF,0x86,0x00,0x28,0xFF,
    0xFF,0xF4,0x07,0x00,0x00,0x4B,0xFF,0xFF,0xD6,0x00,0x3F,0xFF,0xFF,0xDB,0x00,0x00,
    0x00,0x2C,0xFF,0xFF,0xEE,0x00,0x28,0xFF,0xFF,0xF4,0x07,0x00,0x00,0x4B,0xFF,0xFF,
    0xD7,0x00,0x00,0xD7,0xFF,0xFF,0x91,0x11,0x24,0xCC,0xFF,0xFF,0x87,0x00,0x00,0x39,
    0xF3,0xFF,0xFF,0xFF,0xFF,0xFF,0xFF,0xCE,0x0E,0x00,0x00,0x00,0x23,0x9A,0xDF,0xF9,
    0xF5,0xD0,0x7B,0x09,0x00,0x00,0x00,0x00,0x00,0x00,0x87,0xFF,0xFA,0x33,0x00,0x00,
    0x00,0x00,0x00,0x00,0x00,0x3E,0xFD,0x95,0xD4,0xD8,0x0A,0x00,0x00,0x00,0x00,0x00,
    0x0F,0xE1,0xA1,0x01,0x1A,0xDF,0x99,0x00,0x00,0x00,0x00,0x00,0x00,0x00,0x00,0x00,
    0x00,0x00,0x00,0x00,0x00,0x00,0x00,0x00,0x00,0x00,0x00,0x00,0x00,0x00,0x00,0x00,
    0x00,0x00,0x00,0x00,0x21,0x99,0xDD,0xF8,0xF4,0xCE,0x78,0x08,0x00,0x00,0x00,0x37,
    0xF2,0xFF,0xFF,0xFF,0xFF,0xFF,0xFF,0xCC,0x0D,0x00,0x00,0xD6,0xFF,0xFF,0x91,0x12,
    0x24,0xCC,0xFF,0xFF,0x86,0x00,0x28,0xFF,0xFF,0xF4,0x07,0x00,0x00,0x4B,0xFF,0xFF,
    0xD6,0x00,0x3F,0xFF,0xFF,0xDB,0x00,0x00,0x00,0x2C,0xFF,0xFF,0xEE,0x00,0x28,0xFF,
    0xFF,0xF4,0x07,0x00,0x00,0x4B,0xFF,0xFF,0xD7,0x00,0x00,0xD7,0xFF,0xFF,0x91,0x11,
    0x24,0xCC,0xFF,0xFF,0x87,0x00,0x00,0x39,0xF3,0xFF,0xFF,0xFF,0xFF,0xFF,0xFF,0xCE,
    0x0E,0x00,0x00,0x00,0x23,0x9A,0xDF,0xF9,0xF5,0xD0,0x7B,0x09,0x00,0x00,0x00,0x00,
    0x00,0x5F,0xEF,0xB6,0x29,0x95,0xAA,0x00,0x00,0x00,0x00,0x00,0x00,0xDF,0xFF,0xFF,
    0xFF,0xFF,0x85,0x00,0x00,0x00,0x00,0x00,0x05,0xFB,0x40,0x5C,0xDB,0xDC,0x1D,0x00,
    0x00,0x00,0x00,0x00,0x00,0x00,0x00,0x00,0x00,0x00,0x00,0x00,0x00,0x00,0x00,0x00,
    0x00,0x00,0x00,0x00,0x00,0x00,0x00,0x00,0x00,0x00,0x00,0x00,0x21,0x99,0xDD,0xF8,
    0xF4,0xCE,0x78,0x08,0x00,0x00,0x00,0x37,0xF2,0xFF,0xFF,0xFF,0xFF,0xFF,0xFF,0xCC,
    0x0D,0x00,0x00,0xD6,0xFF,0xFF,0x91,0x12,0x24,0xCC,0xFF,0xFF,0x86,0x00,0x28,0xFF,
    0xFF,0xF4,0x07,0x00,0x00,0x4B,0xFF,0xFF,0xD6,0x00,0x3F,0xFF,0xFF,0xDB,0x00,0x00,
    0x00,0x2C,0xFF,0xFF,0xEE,0x00,0x28,0xFF,0xFF,0xF4,0x07,0x00,0x00,0x4B,0xFF,0xFF,
    0xD7,0x00,0x00,0xD7,0xFF,0xFF,0x91,0x11,0x24,0xCC,0xFF,0xFF,0x87,0x00,0x00,0x39,
    0xF3,0xFF,0xFF,0xFF,0xFF,0xFF,0xFF,0xCE,0x0E,0x00,0x00,0x00,0x23,0x9A,0xDF,0xF9,
    0xF5,0xD0,0x7B,0x09,0x00,0x00,0x00,0x00,0x05,0xAC,0xFF,0x87,0x00,0x00,0x00,0x00,
    0x00,0x00,0x00,0x00,0x00,0x04,0xA8,0xFE,0x50,0x00,0x00,0x00,0x00,0x00,0x00,0x00,
    0x00,0x00,0x03,0xA3,0xF1,0x26,0x00,0x00,0x00,0x00,0x00,0x00,0x00,0x00,0x00,0x00,
    0x00,0x00,0x00,0x00,0x00,0x00,0x00,0x00,0x00,0x00,0x00,0x00,0x00,0x00,0x00,0x00,
    0x00,0x00,0x00,0xAC,0xFF,0xFF,0x4F,0x00,0x00,0x4C,0xFF,0xFF,0xAC,0x00,0x00,0xAC,
    0xFF,0xFF,0x4E,0x00,0x00,0x4C,0xFF,0xFF,0xAC,0x00,0x00,0xAC,0xFF,0xFF,0x4C,0x00,
    0x00,0x4C,0xFF,0xFF,0xAC,0x00,0x00,0xAC,0xFF,0xFF,0x4C,0x00,0x00,0x4C,0xFF,0xFF,
    0xAC,0x00,0x00,0xAC,0xFF,0xFF,0x4C,0x00,0x00,0x51,0xFF,0xFF,0xAC,0x00,0x00,0xA6,
    0xFF,0xFF,0x56,0x00,0x00,0x7A,0xFF,0xFF,0xAC,0x00,0x00,0x87,0xFF,0xFF,0xB0,0x0F,
    0x3A,0xE9,0xFF,0xFF,0xAC,0x00,0x00,0x2D,0xFC,0xFF,0xFF,0xFF,0xFE,0x9D,0xFF,0xFF,
    0xAC,0x00,0x00,0x00,0x4E,0xCF,0xF5,0xD6,0x51,0x4C,0xFF,0xFF,0xAC,0x00,0x00,0x00,
    0x00,0x00,0x00,0x00,0x19,0xE7,0xF5,0x43,0x00,0x00,0x00,0x00,0x00,0x00,0x00,0x04,
    0xC3,0xF4,0x3F,0x00,0x00,0x00,0x00,0x00,0x00,0x00,0x00,0x90,0xF2,0x3C,0x00,0x00,
    0x00,0x00,0x00,0x00,0x00,0x00,0x00,0x00,0x00,0x00,0x00,0x00,0x00,0x00,0x00,0x00,
    0x00,0x00,0x00,0x00,0x00,0x00,0x00,0x00,0x00,0x00,0x00,0xAC,0xFF,0xFF,0x4F,0x00,
    0x00,0x4C,0xFF,0xFF,0xAC,0x00,0x00,0xAC,0xFF,0xFF,0x4E,0x00,0x00,0x4C,0xFF,0xFF,
    0xAC,0x00,0x00,0xAC,0xFF,0xFF,0x4C,0x00,0x00,0x4C,0xFF,0xFF,0xAC,0x00,0x00,0xAC,
    0xFF,0xFF,0x4C,0x00,0x00,0x4C,0xFF,0xFF,0xAC,0x00,0x00,0xAC,0xFF,0xFF,0x4C,0x00,
    0x00,0x51,0xFF,0xFF,0xAC,0x00,0x00,0xA6,0xFF,0xFF,0x56,0x00,0x00,0x7A,0xFF,0xFF,
    0xAC,0x00,0x00,0x87,0xFF,0xFF,0xB0,0x0F,0x3A,0xE9,0xFF,0xFF,0xAC,0x00,0x00,0x2D,
    0xFC,0xFF,0xFF,0xFF,0xFE,0x9D,0xFF,0xFF,0xAC,0x00,0x00,0x00,0x4E,0xCF,0xF5,0xD6,
    0x51,0x4C,0xFF,0xFF,0xAC,0x00,0x00,0x00,0x00,0x00,0x00,0x01,0xB6,0xFF,0x81,0x00,
    0x00,0x00,0x00,0x00,0x00,0x00,0x81,0xFF,0x7C,0x00,0x00,0x00,0x00,0x00,0x00,0x00,
    0x49,0xFD,0x77,0x00,0x00,0x00,0x00,0x00,0x00,0x00,0x00,0x00,0x00,0x00,0x00,0x00,
    0x00,0x00,0x00,0x00,0x00,0x00,0x00,0x00,0x00,0x00,0x00,0x00,0x00,0x95,0xFF,0xFF,
    0x5F,0x00,0x00,0x00,0x61,0xFF,0xFF,0x96,0x26,0xFE,0xFF,0xC8,0x00,0x00,0x00,0xBA,
    0xFF,0xFF,0x33,0x00,0xB5,0xFF,0xFF,0x31,0x00,0x16,0xFC,0xFF,0xD0,0x00,0x00,0x45,
    0xFF,0xFF,0x9A,0x00,0x6C,0xFF,0xFF,0x6D,0x00,0x00,0x00,0xD3,0xFF,0xF4,0x0E,0xC5,
    0xFF,0xF8,0x12,0x00,0x00,0x00,0x65,0xFF,0xFF,0x8A,0xFE,0xFF,0xA7,0x00,0x00,0x00,
    0x00,0x08,0xEB,0xFF,0xFE,0xFF,0xFF,0x45,0x00,0x00,0x00,0x00,0x00,0x85,0xFF,0xFF,
    0xFF,0xE0,0x02,0x00,0x00,0x00,0x00,0x00,0x1A,0xFA,0xFF,0xFF,0x7F,0x00,0x00,0x00,
    0x00,0x00,0x00,0x00,0xC0,0xFF,0xFD,0x1E,0x00,0x00,0x00,0x00,0x00,0x01,0x36,0xF7,
    0xFF,0xB1,0x00,0x00,0x00,0x00,0x00,0x4C,0xFF,0xFF,0xFF,0xF9,0x32,0x00,0x00,0x00,
    0x00,0x00,0x4C,0xFF,0xFA,0xD2,0x4D,0x00,0x00,0x00,0x00,0x00,0x00,0x00,0x00,0x1C,
    0xFD,0x4A,0x06,0x3B,0xF8,0x35,0x00,0x00,0x00,0x00,0x00,0x00,0x00,0x00,0x61,0xDA,
    0xF8,0xE1,0x72,0x00,0x00,0x00,0x00,0x00,0x00,0x00,0x00,0x00,0x00,0x00,0x00,0x00,
    0x00,0x00,0x00,0x00,0x00,0x00,0x00,0x00,0x00,0x00,0x00,0x00,0x00,0x00,0x00,0x00,
    0x00,0x00,0x00,0x00,0x00,0x00,0x00,0x00,0x86,0xFF,0xFF,0xFF,0xAC,0x00,0x00,0x00,
    0x00,0x00,0x00,0x00,0x00,0x03,0xE4,0xFF,0xFF,0xFF,0xF9,0x14,0x00,0x00,0x00,0x00,
    0x00,0x00,0x00,0x4A,0xFF,0xFF,0xEF,0xFF,0xFF,0x70,0x00,0x00,0x00,0x00,0x00,0x00,
    0x00,0xAC,0xFF,0xFF,0x50,0xFB,0xFF,0xD2,0x00,0x00,0x00,0x00,0x00,0x00,0x13,0xF9,
    0xFF,0xD6,0x00,0xAF,0xFF,0xFF,0x34,0x00,0x00,0x00,0x00,0x00,0x70,0xFF,0xFF,0x73,
    0x00,0x4C,0xFF,0xFF,0x96,0x00,0x00,0x00,0x00,0x00,0xD1,0xFF,0xFA,0x16,0x00,0x03,
    0xE5,0xFF,0xEF,0x08,0x00,0x00,0x00,0x34,0xFF,0xFF,0xFF,0xFF,0xFF,0xFF,0xFF,0xFF,
    0xFF,0x5A,0x00,0x00,0x00,0x96,0xFF,0xFF,0xFF,0xFF,0xFF,0xFF,0xFF,0xFF,0xFF,0xBC,
    0x00,0x00,0x08,0xEF,0xFF,0xEF,0x02,0x00,0x00,0x00,0x00,0xCB,0xFF,0xFE,0x20,0x00,
    0x5A,0xFF,0xFF,0xAF,0x00,0x00,0x00,0x00,0x00,0x88,0xFF,0xFF,0x80,0x00,0xBB,0xFF,
    0xFF,0x6D,0x00,0x00,0x00,0x00,0x00,0x45,0xFF,0xFF,0xE0,0x02,0x00,0x00,0x00,0x96,
    0xBB,0x15,0x0F,0xA3,0xB9,0x00,0x00,0x00,0x00,0x00,0x15,0xAE,0xF0,0xF3,0xBD,0x24,
    0x00,0x00,0x00,0x00,0x00,0x00,0x00,0x00,0x00,0x00,0x00,0x00,0x00,0x00,0x00,0x00,
    0x00,0x00,0x00,0x00,0x00,0x00,0x00,0x00,0x00,0x74,0xFF,0xFF,0xFF,0xFD,0xEF,0xC5,
    0x69,0x02,0x00,0x00,0x74,0xFF,0xFF,0xFF,0xFF,0xFF,0xFF,0xFF,0x8A,0x00,0x00,0x00,
    0x00,0x00,0x00,0x07,0x30,0xF0,0xFF,0xF5,0x05,0x00,0x13,0x8C,0xD5,0xF5,0xFF,0xFF,
    0xFF,0xFF,0xFF,0x1E,0x02,0xD1,0xFF,0xFF,0xFF,0xFF,0xFF,0xFF,0xFF,0xFF,0x24,0x33,
    0xFF,0xFF,0xE7,0x2E,0x03,0x00,0xE9,0xFF,0xFF,0x24,0x2F,0xFF,0xFF,0xE3,0x1F,0x0E,
    0x84,0xFF,0xFF,0xFF,0x24,0x04,0xD5,0xFF,0xFF,0xFF,0xFF,0xC6,0xDF,0xFF,0xFF,0x24,
    0x00,0x1F,0xAD,0xED,0xF0,0xA6,0x12,0xDC,0xFF,0xFF,0x24,0x00,0x48,0xFF,0xFF,0xFF,
    0xFD,0xF6,0xE5,0xC4,0x82,0x1D,0x00,0x00,0x00,0x00,0x48,0xFF,0xFF,0xFF,0xFF,0xFF,
    0xFF,0xFF,0xFF,0xF5,0x5F,0x00,0x00,0x00,0x48,0xFF,0xFF,0xEC,0x00,0x08,0x31,0xA1,
    0xFF,0xFF,0xFE,0x4E,0x00,0x00,0x48,0xFF,0xFF,0xEC,0x00,0x00,0x00,0x00,0x98,0xFF,
    0xFF,0xDC,0x01,0x00,0x48,0xFF,0xFF,0xEC,0x00,0x00,0x00,0x00,0x22,0xFF,0xFF,0xFF,
    0x31,0xB8,0xFF,0xFF,0xFF,0xFF,0xFF,0xDC,0x00,0x00,0x00,0xF5,0xFF,0xFF,0x55,0xB8,
    0xFF,0xFF,0xFF,0xFF,0xFF,0xDC,0x00,0x00,0x00,0xF5,0xFF,0xFF,0x54,0x00,0x48,0xFF,
    0xFF,0xEC,0x00,0x00,0x00,0x00,0x24,0xFF,0xFF,0xFF,0x30,0x00,0x48,0xFF,0xFF,0xEC,
    0x00,0x00,0x00,0x00,0x9C,0xFF,0xFF,0xDC,0x01,0x00,0x48,0xFF,0xFF,0xEC,0x00,0x07,
    0x31,0xA2,0xFF,0xFF,0xFE,0x4E,0x00,0x00,0x48,0xFF,0xFF,0xFF,0xFF,0xFF,0xFF,0xFF,
    0xFF,0xF5,0x60,0x00,0x00,0x00,0x48,0xFF,0xFF,0xFF,0xFE,0xF7,0xE5,0xC3,0x81,0x1C,
    0x00,0x00,0x00,0x00,0x00,0x00,0x00,0x00,0x00,0x00,0x40,0xFF,0xFF,0xBC,0x00,0x00,
    0x00,0x00,0x00,0x00,0x00,0xF4,0xFF,0xFF,0xFF,0xFF,0xFF,0xFF,0x04,0x00,0x00,0x00,
    0x00,0x00,0xF4,0xFF,0xFF,0xFF,0xFF,0xFF,0xFF,0x04,0x00,0x00,0x00,0x00,0x00,0x00,
    0x00,0x40,0xFF,0xFF,0xBC,0x00,0x00,0x00,0x00,0x4A,0xCC,0xF8,0xDD,0x63,0x40,0xFF,
    0xFF,0xBC,0x00,0x00,0x00,0x4E,0xFD,0xFF,0xFF,0xFF,0xFF,0xA3,0xFF,0xFF,0xBC,0x00,
    0x00,0x00,0xDC,0xFF,0xFF,0x90,0x10,0x2C,0xDB,0xFF,0xFF,0xBC,0x00,0x00,0x23,0xFF,
    0xFF,0xF5,0x07,0x00,0x00,0x66,0xFF,0xFF,0xBC,0x00,0x00,0x38,0xFF,0xFF,0xDF,0x00,
    0x00,0x00,0x47,0xFF,0xFF,0xBC,0x00,0x00,0x23,0xFF,0xFF,0xF5,0x07,0x00,0x00,0x66,
    0xFF,0xFF,0xBC,0x00,0x00,0x00,0xDD,0xFF,0xFF,0x90,0x10,0x2B,0xDA,0xFF,0xFF,0xBC,
    0x00,0x00,0x00,0x50,0xFE,0xFF,0xFF,0xFF,0xFF,0xA2,0xFF,0xFF,0xBC,0x00,0x00,0x00,
    0x00,0x4C,0xCD,0xF8,0xDD,0x63,0x40,0xFF,0xFF,0xBC,0x00,0x00,0x21,0xDD,0xD9,0x57,
    0x48,0xFE,0x04,0x8D,0xFF,0xFF,0xFF,0xFF,0xDC,0x00,0xB3,0x8E,0x34,0xBD,0xF0,0x5A,
    0x00,0x00,0x00,0x00,0x00,0x00,0x00,0x00,0x00,0x70,0xFF,0xFF,0xC0,0x00,0x00,0x00,
    0x70,0xFF,0xFF,0xC0,0x00,0x00,0x00,0x70,0xFF,0xFF,0xC0,0x00,0x00,0x00,0x70,0xFF,
    0xFF,0xC0,0x00,0x00,0x00,0x70,0xFF,0xFF,0xC0,0x00,0x00,0x00,0x70,0xFF,0xFF,0xC0,
    0x00,0x00,0x00,0x70,0xFF,0xFF,0xC0,0x00,0x00,0x00,0x70,0xFF,0xFF,0xC0,0x00,0x00,
    0x00,0x70,0xFF,0xFF,0xC0,0x00,0x00,0x00,0x70,0xFF,0xFF,0xC0,0x00,0x00,0x00,0x70,
    0xFF,0xFF,0xC0,0x00,0x00,0x00,0x70,0xFF,0xFF,0xC0,0x00,0x00,0x4F,0xED,0xBF,0x32,
    0x82,0xBD,0xCB,0xFF,0xFF,0xFF,0xFF,0x99,0xED,0x52,0x51,0xD4,0xE3,0x29,0x00,0x00,
    0x00,0x00,0x00,0x00,0x00,0x00,0x00,0x00,0x00,0x00,0x00,0x94,0xFF,0xFF,0x68,0x00,
    0x00,0x94,0xFF,0xFF,0x68,0x00,0x00,0x94,0xFF,0xFF,0x68,0x00,0x00,0x94,0xFF,0xFF,
    0x68,0x00,0x00,0x94,0xFF,0xFF,0x68,0x00,0x00,0x94,0xFF,0xFF,0x68,0x00,0x00,0x94,
    0xFF,0xFF,0x68,0x00,0x00,0x94,0xFF,0xFF,0x68,0x00,0x00,0x94,0xFF,0xFF,0x68,0x00,
    0x00,0x00,0x00,0x00,0x51,0xEE,0xC0,0x31,0x8A,0xBE,0x00,0x00,0x00,0x00,0x00,0x00,
    0x00,0x00,0xD1,0xFF,0xFF,0xFF,0xFF,0x98,0x00,0x00,0x00,0x00,0x00,0x00,0x00,0x00,
    0xF7,0x4D,0x56,0xD8,0xE2,0x27,0x00,0x00,0x00,0x00,0x00,0x00,0x00,0x00,0x00,0x00,
    0x00,0x00,0x00,0x00,0x00,0x00,0x00,0x00,0x00,0x70,0xFF,0xFF,0xC0,0x00,0x00,0x00,
    0x00,0xF4,0xFF,0xFF,0x40,0x00,0x00,0x70,0xFF,0xFF,0xC0,0x00,0x00,0x00,0x00,0xF4,
    0xFF,0xFF,0x40,0x00,0x00,0x70,0xFF,0xFF,0xC0,0x00,0x00,0x00,0x00,0xF4,0xFF,0xFF,
    0x40,0x00,0x00,0x70,0xFF,0xFF,0xC0,0x00,0x00,0x00,0x00,0xF4,0xFF,0xFF,0x40,0x00,
    0x00,0x70,0xFF,0xFF,0xC0,0x00,0x00,0x00,0x00,0xF4,0xFF,0xFF,0x40,0x00,0x00,0x70,
    0xFF,0xFF,0xC0,0x00,0x00,0x00,0x00,0xF4,0xFF,0xFF,0x40,0x00,0x00,0x70,0xFF,0xFF,
    0xC0,0x00,0x00,0x00,0x00,0xF4,0xFF,0xFF,0x40,0x00,0x00,0x6A,0xFF,0xFF,0xC7,0x00,
    0x00,0x00,0x01,0xFA,0xFF,0xFF,0x39,0x00,0x00,0x4F,0xFF,0xFF,0xE7,0x02,0x00,0x00,
    0x1E,0xFF,0xFF,0xFF,0x1D,0x00,0x00,0x10,0xF3,0xFF,0xFF,0x7F,0x10,0x19,0xAA,0xFF,
    0xFF,0xD1,0x00,0x00,0x00,0x00,0x66,0xFE,0xFF,0xFF,0xFF,0xFF,0xFF,0xFF,0xF6,0x3B,
    0x00,0x00,0x00,0x00,0x00,0x3E,0xAB,0xE4,0xFA,0xF8,0xDC,0x9B,0x26,0x00,0x00,0x00,
    0x00,0x00,0x00,0x13,0xD0,0xE1,0x65,0x2B,0xFC,0x1C,0x00,0x00,0x00,0x00,0x00,0x6F,
    0xFF,0xFF,0xFF,0xFF,0xF0,0x04,0x00,0x00,0x00,0x00,0x00,0x93,0xA9,0x27,0xAB,0xF2,
    0x71,0x00,0x00,0x00,0x00,0x00,0x00,0x00,0x00,0x00,0x00,0x00,0x00,0x00,0x00,0x00,
    0x00,0x00,0x00,0x00,0x00,0x00,0x00,0x00,0x00,0x00,0x00,0x00,0x00,0xAC,0xFF,0xFF,
    0x4F,0x00,0x00,0x4C,0xFF,0xFF,0xAC,0x00,0x00,0xAC,0xFF,0xFF,0x4E,0x00,0x00,0x4C,
    0xFF,0xFF,0xAC,0x00,0x00,0xAC,0xFF,0xFF,0x4C,0x00,0x00,0x4C,0xFF,0xFF,0xAC,0x00,
    0x00,0xAC,0xFF,0xFF,0x4C,0x00,0x00,0x4C,0xFF,0xFF,0xAC,0x00,0x00,0xAC,0xFF,0xFF,
    0x4C,0x00,0x00,0x51,0xFF,0xFF,0xAC,0x00,0x00,0xA6,0xFF,0xFF,0x56,0x00,0x00,0x7A,
    0xFF,0xFF,0xAC,0x00,0x00,0x87,0xFF,0xFF,0xB0,0x0F,0x3A,0xE9,0xFF,0xFF,0xAC,0x00,
    0x00,0x2D,0xFC,0xFF,0xFF,0xFF,0xFE,0x9D,0xFF,0xFF,0xAC,0x00,0x00,0x00,0x4E,0xCF,
    0xF5,0xD6,0x51,0x4C,0xFF,0xFF,0xAC,0x00,0x00,0x00,0x00,0x00,0x00,0x00,0x00,0x00,
    0x00,0x00,0x00,0x00,0x00,0x54,0x20,0x00,0x00,0x00,0x00,0x00,0x00,0x00,0x00,0x00,
    0x00,0x00,0x00,0x00,0xC1,0x74,0x00,0x00,0x00,0x1C,0x89,0xD0,0xF1,0xFA,0xE6,0xB3,
    0x56,0x81,0x42,0xE3,0x7A,0x00,0x00,0x4E,0xF2,0xFF,0xFF,0xFF,0xFF,0xFF,0xFF,0xFF,
    0xFF,0xFF,0xF9,0x33,0x00,0x2C,0xF7,0xFF,0xFF,0x98,0x1C,0x07,0x45,0xE1,0xFF,0xFF,
    0xBA,0x16,0x00,0x00,0xA9,0xFF,0xFF,0xC8,0x00,0x00,0x00,0x00,0x40,0xFF,0xFF,0xFF,
    0x2F,0x00,0x01,0xF1,0xFF,0xFF,0x65,0x00,0x00,0x00,0x00,0x00,0xDA,0xFF,0xFF,0x79,
    0x00,0x12,0xFF,0xFF,0xFF,0x43,0x00,0x00,0x00,0x00,0x00,0xB7,0xFF,0xFF,0x99,0x00,
    0x12,0xFF,0xFF,0xFF,0x42,0x00,0x00,0x00,0x00,0x00,0xB8,0xFF,0xFF,0x98,0x00,0x01,
    0xF1,0xFF,0xFF,0x65,0x00,0x00,0x00,0x00,0x00,0xDA,0xFF,0xFF,0x79,0x00,0x00,0xA9,
    0xFF,0xFF,0xC8,0x00,0x00,0x00,0x00,0x40,0xFF,0xFF,0xFF,0x2F,0x00,0x00,0x2C,0xF7,
    0xFF,0xFF,0x97,0x1B,0x07,0x44,0xE0,0xFF,0xFF,0xA9,0x00,0x00,0x00,0x00,0x4F,0xF3,
    0xFF,0xFF,0xFF,0xFF,0xFF,0xFF,0xFF,0xB9,0x0C,0x00,0x00,0x00,0x00,0x00,0x1D,0x8A,
    0xD1,0xF3,0xFA,0xE7,0xB4,0x57,0x02,0x00,0x00,0x00,0x00,0x00,0x00,0x00,0x00,0x00,
    0x00,0x00,0x00,0x00,0x24,0x50,0x00,0x00,0x00,0x00,0x00,0x00,0x00,0x00,0x00,0x00,
    0x00,0x3D,0xF8,0x00,0x00,0x00,0x1B,0x92,0xDA,0xF8,0xF5,0xD1,0xBC,0x70,0x80,0xFB,
    0x02,0x00,0x2C,0xED,0xFF,0xFF,0xFF,0xFF,0xFF,0xFF,0xFF,0xFF,0xB0,0x00,0x00,0xC7,
    0xFF,0xFF,0x9F,0x14,0x1F,0xC2,0xFF,0xFF,0xB8,0x04,0x00,0x18,0xFF,0xFF,0xFD,0x0D,
    0x00,0x00,0x3B,0xFF,0xFF,0xE6,0x00,0x00,0x2F,0xFF,0xFF,0xEB,0x00,0x00,0x00,0x1C,
    0xFF,0xFF,0xFD,0x00,0x00,0x18,0xFF,0xFF,0xFD,0x0D,0x00,0x00,0x3B,0xFF,0xFF,0xE7,
    0x00,0x00,0x00,0xC8,0xFF,0xFF,0x9E,0x14,0x1F,0xC2,0xFF,0xFF,0x97,0x00,0x00,0x00,
    0x2E,0xEE,0xFF,0xFF,0xFF,0xFF,0xFF,0xFF,0xD8,0x14,0x00,0x00,0x00,0x00,0x1D,0x94,
    0xDC,0xF9,0xF6,0xD3,0x82,0x0D,0x00,0x00,0x00,0x00,0x00,0x00,0x00,0x00,0x00,0x00,
    0x00,0x00,0x00,0x00,0x00,0x19,0x5B,0x00,0x00,0x00,0x00,0x00,0x00,0x00,0x00,0x00,
    0x00,0x00,0x00,0x00,0x1D,0xFF,0x18,0x00,0x74,0xFF,0xFF,0xBC,0x00,0x00,0x00,0x00,
    0xF8,0xFF,0xFF,0xA3,0xFF,0x1E,0x00,0x74,0xFF,0xFF,0xBC,0x00,0x00,0x00,0x00,0xF8,
    0xFF,0xFF,0xFF,0xCE,0x01,0x00,0x74,0xFF,0xFF,0xBC,0x00,0x00,0x00,0x00,0xF8,0xFF,
    0xFF,0x5B,0x07,0x00,0x00,0x74,0xFF,0xFF,0xBC,0x00,0x00,0x00,0x00,0xF8,0xFF,0xFF,
    0x3C,0x00,0x00,0x00,0x74,0xFF,0xFF,0xBC,0x00,0x00,0x00,0x00,0xF8,0xFF,0xFF,0x3C,
    0x00,0x00,0x00,0x74,0xFF,0xFF,0xBC,0x00,0x00,0x00,0x00,0xF8,0xFF,0xFF,0x3C,0x00,
    0x00,0x00,0x74,0xFF,0xFF,0xBC,0x00,0x00,0x00,0x00,0xF8,0xFF,0xFF,0x3C,0x00,0x00,
    0x00,0x6E,0xFF,0xFF,0xC3,0x00,0x00,0x00,0x02,0xFC,0xFF,0xFF,0x35,0x00,0x00,0x00,
    0x53,0xFF,0xFF,0xE4,0x01,0x00,0x00,0x22,0xFF,0xFF,0xFF,0x19,0x00,0x00,0x00,0x12,
    0xF5,0xFF,0xFF,0x7C,0x10,0x1A,0xAD,0xFF,0xFF,0xCD,0x00,0x00,0x00,0x00,0x00,0x69,
    0xFE,0xFF,0xFF,0xFF,0xFF,0xFF,0xFF,0xF5,0x38,0x00,0x00,0x00,0x00,0x00,0x00,0x40,
    0xAC,0xE5,0xFA,0xF8,0xDB,0x99,0x25,0x00,0x00,0x00,0x00,0x00,0x00,0x00,0x00,0x00,
    0x00,0x00,0x00,0x00,0x00,0x00,0x58,0x1C,0x00,0x00,0x00,0x00,0x00,0x00,0x00,0x00,
    0x00,0x00,0x00,0xCD,0x68,0x00,0xB8,0xFF,0xFF,0x43,0x00,0x00,0x58,0xFF,0xFF,0xE2,
    0xEA,0x6E,0x00,0xB8,0xFF,0xFF,0x42,0x00,0x00,0x58,0xFF,0xFF,0xFF,0xF6,0x2A,0x00,
    0xB8,0xFF,0xFF,0x40,0x00,0x00,0x58,0xFF,0xFF,0xB3,0x14,0x00,0x00,0xB8,0xFF,0xFF,
    0x40,0x00,0x00,0x58,0xFF,0xFF,0xA0,0x00,0x00,0x00,0xB8,0xFF,0xFF,0x40,0x00,0x00,
    0x5D,0xFF,0xFF,0xA0,0x00,0x00,0x00,0xB2,0xFF,0xFF,0x4A,0x00,0x00,0x86,0xFF,0xFF,
    0xA0,0x00,0x00,0x00,0x93,0xFF,0xFF,0xA6,0x0E,0x40,0xEE,0xFF,0xFF,0xA0,0x00,0x00,
    0x00,0x38,0xFE,0xFF,0xFF,0xFF,0xFD,0x9F,0xFF,0xFF,0xA0,0x00,0x00,0x00,0x00,0x56,
    0xD2,0xF6,0xD2,0x4A,0x58,0xFF,0xFF,0xA0,0x00,0x00,0x00,0x00,0x00,0x00,0x86,0xFF,
    0xFF,0xFF,0xAC,0x00,0x00,0x00,0x00,0x00,0x00,0x00,0x00,0x03,0xE4,0xFF,0xFF,0xFF,
    0xF9,0x14,0x00,0x00,0x00,0x00,0x00,0x00,0x00,0x4A,0xFF,0xFF,0xEF,0xFF,0xFF,0x70,
    0x00,0x00,0x00,0x00,0x00,0x00,0x00,0xAC,0xFF,0xFF,0x50,0xFB,0xFF,0xD2,0x00,0x00,
    0x00,0x00,0x00,0x00,0x13,0xF9,0xFF,0xD6,0x00,0xAF,0xFF,0xFF,0x34,0x00,0x00,0x00,
    0x00,0x00,0x70,0xFF,0xFF,0x73,0x00,0x4C,0xFF,0xFF,0x96,0x00,0x00,0x00,0x00,0x00,
    0xD1,0xFF,0xFA,0x16,0x00,0x03,0xE5,0xFF,0xEF,0x08,0x00,0x00,0x00,0x34,0xFF,0xFF,
    0xFF,0xFF,0xFF,0xFF,0xFF,0xFF,0xFF,0x5A,0x00,0x00,0x00,0x96,0xFF,0xFF,0xFF,0xFF,
    0xFF,0xFF,0xFF,0xFF,0xFF,0xBC,0x00,0x00,0x08,0xEF,0xFF,0xEF,0x02,0x00,0x00,0x00,
    0x00,0xCB,0xFF,0xFE,0x20,0x00,0x5A,0xFF,0xFF,0xAF,0x00,0x00,0x00,0x00,0x00,0x88,
    0xFF,0xFF,0x80,0x00,0xBB,0xFF,0xFF,0x6D,0x00,0x00,0x00,0x00,0x00,0x45,0xFF,0xFF,
    0xE0,0x02,0x00,0x00,0x00,0x00,0x00,0x00,0x00,0x00,0x00,0x00,0x00,0x00,0x00,0x00,
    0x00,0x00,0x00,0x00,0x00,0x8F,0xD0,0xD0,0x3A,0x00,0x00,0x00,0x00,0x00,0x00,0x00,
    0x00,0x00,0x00,0xB0,0xFF,0xFF,0x48,0x00,0x00,0x00,0x00,0x00,0x00,0x00,0x00,0x00,
    0x00,0x6B,0x9C,0x9C,0x2B,0x00,0x00,0x00,0x00,0x00,0x00,0x74,0xFF,0xFF,0xFF,0xFD,
    0xEF,0xC5,0x69,0x02,0x00,0x00,0x74,0xFF,0xFF,0xFF,0xFF,0xFF,0xFF,0xFF,0x8A,0x00,
    0x00,0x00,0x00,0x00,0x00,0x07,0x30,0xF0,0xFF,0xF5,0x05,0x00,0x13,0x8C,0xD5,0xF5,
    0xFF,0xFF,0xFF,0xFF,0xFF,0x1E,0x02,0xD1,0xFF,0xFF,0xFF,0xFF,0xFF,0xFF,0xFF,0xFF,
    0x24,0x33,0xFF,0xFF,0xE7,0x2E,0x03,0x00,0xE9,0xFF,0xFF,0x24,0x2F,0xFF,0xFF,0xE3,
    0x1F,0x0E,0x84,0xFF,0xFF,0xFF,0x24,0x04,0xD5,0xFF,0xFF,0xFF,0xFF,0xC6,0xDF,0xFF,
    0xFF,0x24,0x00,0x1F,0xAD,0xED,0xF0,0xA6,0x12,0xDC,0xFF,0xFF,0x24,0x00,0x00,0x00,
    0x00,0x00,0x00,0x00,0x00,0x00,0x00,0x00,0x00,0x00,0x00,0x20,0xD0,0xD0,0xA9,0x00,
    0x00,0x00,0x00,0x00,0x00,0x00,0x28,0xFF,0xFF,0xD0,0x00,0x00,0x00,0x00,0x00,0x00,
    0x00,0x18,0x9C,0x9C,0x7E,0x00,0x00,0x00,0x00,0x00,0x00,0x00,0x00,0x05,0x35,0x4D,
    0x2C,0x00,0x00,0x00,0x00,0x00,0x00,0x00,0x00,0x00,0x00,0x65,0xA4,0x8E,0xDD,0x7D,
    0x00,0x00,0x00,0x00,0x00,0x00,0x00,0x00,0x00,0x00,0x00,0x06,0xBC,0xA5,0x00,0x00,
    0x00,0x00,0x00,0x00,0x00,0x00,0x00,0x00,0x00,0xB8,0xD2,0x18,0x00,0x00,0x00,0x00,
    0x00,0x00,0x00,0x00,0x00,0x00,0x03,0x87,0x2C,0x00,0x00,0x00,0x00,0x00,0x00,0x00,
    0x00,0x00,0x00,0x00,0x00,0x00,0x00,0x00,0x00,0x00,0x00,0x00,0x00,0x00,0x00,0x00,
    0x00,0x86,0xFF,0xFF,0xFF,0xAC,0x00,0x00,0x00,0x00,0x00,0x00,0x00,0x00,0x03,0xE4,
    0xFF,0xFF,0xFF,0xF9,0x14,0x00,0x00,0x00,0x00,0x00,0x00,0x00,0x4A,0xFF,0xFF,0xEF,
    0xFF,0xFF,0x70,0x00,0x00,0x00,0x00,0x00,0x00,0x00,0xAC,0xFF,0xFF,0x50,0xFB,0xFF,
    0xD2,0x00,0x00,0x00,0x00,0x00,0x00,0x13,0xF9,0xFF,0xD6,0x00,0xAF,0xFF,0xFF,0x34,
    0x00,0x00,0x00,0x00,0x00,0x70,0xFF,0xFF,0x73,0x00,0x4C,0xFF,0xFF,0x96,0x00,0x00,
    0x00,0x00,0x00,0xD1,0xFF,0xFA,0x16,0x00,0x03,0xE5,0xFF,0xEF,0x08,0x00,0x00,0x00,
    0x34,0xFF,0xFF,0xFF,0xFF,0xFF,0xFF,0xFF,0xFF,0xFF,0x5A,0x00,0x00,0x00,0x96,0xFF,
    0xFF,0xFF,0xFF,0xFF,0xFF,0xFF,0xFF,0xFF,0xBC,0x00,0x00,0x08,0xEF,0xFF,0xEF,0x02,
    0x00,0x00,0x00,0x00,0xCB,0xFF,0xFE,0x20,0x00,0x5A,0xFF,0xFF,0xAF,0x00,0x00,0x00,
    0x00,0x00,0x88,0xFF,0xFF,0x80,0x00,0xBB,0xFF,0xFF,0x6D,0x00,0x00,0x00,0x00,0x00,
    0x45,0xFF,0xFF,0xE0,0x02,0x00,0x00,0x00,0x01,0x29,0x4C,0x3A,0x02,0x00,0x00,0x00,
    0x00,0x00,0x00,0x33,0xB4,0x8C,0xC5,0xB9,0x00,0x00,0x00,0x00,0x00,0x00,0x00,0x00,
    0x00,0x86,0xE1,0x00,0x00,0x00,0x00,0x00,0x00,0x00,0x00,0x7C,0xED,0x39,0x00,0x00,
    0x00,0x00,0x00,0x00,0x00,0x00,0x6B,0x4C,0x00,0x00,0x00,0x00,0x00,0x00,0x00,0x00,
    0x00,0x00,0x00,0x00,0x00,0x00,0x00,0x00,0x74,0xFF,0xFF,0xFF,0xFD,0xEF,0xC5,0x69,
    0x02,0x00,0x00,0x74,0xFF,0xFF,0xFF,0xFF,0xFF,0xFF,0xFF,0x8A,0x00,0x00,0x00,0x00,
    0x00,0x00,0x07,0x30,0xF0,0xFF,0xF5,0x05,0x00,0x13,0x8C,0xD5,0xF5,0xFF,0xFF,0xFF,
    0xFF,0xFF,0x1E,0x02,0xD1,0xFF,0xFF,0xFF,0xFF,0xFF,0xFF,0xFF,0xFF,0x24,0x33,0xFF,
    0xFF,0xE7,0x2E,0x03,0x00,0xE9,0xFF,0xFF,0x24,0x2F,0xFF,0xFF,0xE3,0x1F,0x0E,0x84,
    0xFF,0xFF,0xFF,0x24,0x04,0xD5,0xFF,0xFF,0xFF,0xFF,0xC6,0xDF,0xFF,0xFF,0x24,0x00,
    0x1F,0xAD,0xED,0xF0,0xA6,0x12,0xDC,0xFF,0xFF,0x24,0x00,0x00,0x00,0x00,0x00,0x00,
    0x00,0x00,0x00,0x69,0xFF,0xB3,0x0C,0x00,0x00,0x00,0x00,0x00,0x00,0x00,0x00,0x00,
    0x3F,0xFA,0x90,0x02,0x00,0x00,0x00,0x00,0x00,0x00,0x31,0xF1,0xEF,0xFE,0x5A,0x00,
    0x00,0x00,0x00,0x00,0x00,0x00,0x00,0x24,0xE9,0x99,0x09,0x70,0xF4,0x4A,0x00,0x00,
    0x00,0x00,0x00,0x00,0x00,0x00,0x00,0x00,0x00,0x00,0x00,0x00,0x00,0x00,0x00,0x00,
    0x00,0x00,0x00,0x00,0x86,0xFF,0xFF,0xFF,0xAC,0x00,0x00,0x00,0x00,0x00,0x00,0x00,
    0x00,0x03,0xE4,0xFF,0xFF,0xFF,0xF9,0x14,0x00,0x00,0x00,0x00,0x00,0x00,0x00,0x4A,
    0xFF,0xFF,0xEF,0xFF,0xFF,0x70,0x00,0x00,0x00,0x00,0x00,0x00,0x00,0xAC,0xFF,0xFF,
    0x50,0xFB,0xFF,0xD2,0x00,0x00,0x00,0x00,0x00,0x00,0x13,0xF9,0xFF,0xD6,0x00,0xAF,
    0xFF,0xFF,0x34,0x00,0x00,0x00,0x00,0x00,0x70,0xFF,0xFF,0x73,0x00,0x4C,0xFF,0xFF,
    0x96,0x00,0x00,0x00,0x00,0x00,0xD1,0xFF,0xFA,0x16,0x00,0x03,0xE5,0xFF,0xEF,0x08,
    0x00,0x00,0x00,0x34,0xFF,0xFF,0xFF,0xFF,0xFF,0xFF,0xFF,0xFF,0xFF,0x5A,0x00,0x00,
    0x00,0x96,0xFF,0xFF,0xFF,0xFF,0xFF,0xFF,0xFF,0xFF,0xFF,0xBC,0x00,0x00,0x08,0xEF,
    0xFF,0xEF,0x02,0x00,0x00,0x00,0x00,0xCB,0xFF,0xFE,0x20,0x00,0x5A,0xFF,0xFF,0xAF,
    0x00,0x00,0x00,0x00,0x00,0x88,0xFF,0xFF,0x80,0x00,0xBB,0xFF,0xFF,0x6D,0x00,0x00,
    0x00,0x00,0x00,0x45,0xFF,0xFF,0xE0,0x02,0x00,0x00,0x00,0x00,0x00,0x00,0x00,0x01,
    0xAB,0xFE,0x7D,0x00,0x00,0x00,0x00,0x00,0x00,0x00,0x00,0x7F,0xF7,0x57,0x00,0x00,
    0x00,0x00,0x00,0x66,0xFF,0xEF,0xEC,0x28,0x00,0x00,0x00,0x00,0x00,0x00,0x54,0xF4,
    0x67,0x0C,0xA2,0xE3,0x1E,0x00,0x00,0x00,0x00,0x00,0x00,0x00,0x00,0x00,0x00,0x00,
    0x00,0x00,0x00,0x00,0x00,0x74,0xFF,0xFF,0xFF,0xFD,0xEF,0xC5,0x69,0x02,0x00,0x00,
    0x00,0x74,0xFF,0xFF,0xFF,0xFF,0xFF,0xFF,0xFF,0x8A,0x00,0x00,0x00,0x00,0x00,0x00,
    0x00,0x07,0x30,0xF0,0xFF,0xF5,0x05,0x00,0x00,0x13,0x8C,0xD5,0xF5,0xFF,0xFF,0xFF,
    0xFF,0xFF,0x1E,0x00,0x02,0xD1,0xFF,0xFF,0xFF,0xFF,0xFF,0xFF,0xFF,0xFF,0x24,0x00,
    0x33,0xFF,0xFF,0xE7,0x2E,0x03,0x00,0xE9,0xFF,0xFF,0x24,0x00,0x2F,0xFF,0xFF,0xE3,
    0x1F,0x0E,0x84,0xFF,0xFF,0xFF,0x24,0x00,0x04,0xD5,0xFF,0xFF,0xFF,0xFF,0xC6,0xDF,
    0xFF,0xFF,0x24,0x00,0x00,0x1F,0xAD,0xED,0xF0,0xA6,0x12,0xDC,0xFF,0xFF,0x24,0x00,
    0x00,0x00,0x00,0x00,0x00,0x00,0x00,0x6D,0xFC,0xBC,0x04,0x00,0x00,0x00,0x00,0x00,
    0x00,0x00,0x00,0x00,0x00,0x00,0x49,0xF2,0x92,0x00,0x00,0x00,0x00,0x00,0x00,0x00,
    0x58,0xFD,0xEF,0xF2,0x33,0x00,0x00,0x00,0x00,0x00,0x00,0x00,0x00,0x47,0xF4,0x73,
    0x09,0x96,0xEA,0x27,0x00,0x00,0x00,0x00,0x00,0x00,0x00,0x00,0x00,0x00,0x00,0x00,
    0x00,0x00,0x00,0x00,0x00,0x00,0x00,0x00,0x00,0x00,0x86,0xFF,0xFF,0xFF,0xAC,0x00,
    0x00,0x00,0x00,0x00,0x00,0x00,0x00,0x03,0xE4,0xFF,0xFF,0xFF,0xF9,0x14,0x00,0x00,
    0x00,0x00,0x00,0x00,0x00,0x4A,0xFF,0xFF,0xEF,0xFF,0xFF,0x70,0x00,0x00,0x00,0x00,
    0x00,0x00,0x00,0xAC,0xFF,0xFF,0x50,0xFB,0xFF,0xD2,0x00,0x00,0x00,0x00,0x00,0x00,
    0x13,0xF9,0xFF,0xD6,0x00,0xAF,0xFF,0xFF,0x34,0x00,0x00,0x00,0x00,0x00,0x70,0xFF,
    0xFF,0x73,0x00,0x4C,0xFF,0xFF,0x96,0x00,0x00,0x00,0x00,0x00,0xD1,0xFF,0xFA,0x16,
    0x00,0x03,0xE5,0xFF,0xEF,0x08,0x00,0x00,0x00,0x34,0xFF,0xFF,0xFF,0xFF,0xFF,0xFF,
    0xFF,0xFF,0xFF,0x5A,0x00,0x00,0x00,0x96,0xFF,0xFF,0xFF,0xFF,0xFF,0xFF,0xFF,0xFF,
    0xFF,0xBC,0x00,0x00,0x08,0xEF,0xFF,0xEF,0x02,0x00,0x00,0x00,0x00,0xCB,0xFF,0xFE,
    0x20,0x00,0x5A,0xFF,0xFF,0xAF,0x00,0x00,0x00,0x00,0x00,0x88,0xFF,0xFF,0x80,0x00,
    0xBB,0xFF,0xFF,0x6D,0x00,0x00,0x00,0x00,0x00,0x45,0xFF,0xFF,0xE0,0x02,0x00,0x00,
    0x00,0x00,0x00,0x00,0x4D,0xF4,0xD8,0x0F,0x00,0x00,0x00,0x00,0x00,0x00,0x00,0x00,
    0x30,0xE3,0xB7,0x03,0x00,0x00,0x00,0x39,0xF5,0xEF,0xFC,0x50,0x00,0x00,0x00,0x00,
    0x00,0x2B,0xED,0x90,0x08,0x79,0xF3,0x41,0x00,0x00,0x00,0x00,0x00,0x00,0x00,0x00,
    0x00,0x00,0x00,0x00,0x00,0x00,0x74,0xFF,0xFF,0xFF,0xFD,0xEF,0xC5,0x69,0x02,0x00,
    0x00,0x74,0xFF,0xFF,0xFF,0xFF,0xFF,0xFF,0xFF,0x8A,0x00,0x00,0x00,0x00,0x00,0x00,
    0x07,0x30,0xF0,0xFF,0xF5,0x05,0x00,0x13,0x8C,0xD5,0xF5,0xFF,0xFF,0xFF,0xFF,0xFF,
    0x1E,0x02,0xD1,0xFF,0xFF,0xFF,0xFF,0xFF,0xFF,0xFF,0xFF,0x24,0x33,0xFF,0xFF,0xE7,
    0x2E,0x03,0x00,0xE9,0xFF,0xFF,0x24,0x2F,0xFF,0xFF,0xE3,0x1F,0x0E,0x84,0xFF,0xFF,
    0xFF,0x24,0x04,0xD5,0xFF,0xFF,0xFF,0xFF,0xC6,0xDF,0xFF,0xFF,0x24,0x00,0x1F,0xAD,
    0xED,0xF0,0xA6,0x12,0xDC,0xFF,0xFF,0x24,0x00,0x00,0x00,0x00,0x00,0x00,0x00,0x00,
    0x12,0x43,0x49,0x16,0x00,0x00,0x00,0x00,0x00,0x00,0x00,0x00,0x00,0x00,0xA4,0x93,
    0x9A,0xF1,0x2E,0x00,0x00,0x00,0x00,0x00,0x00,0x00,0x00,0x00,0x00,0x00,0x25,0xF4,
    0x4D,0x00,0x00,0x00,0x00,0x00,0x00,0x00,0x00,0x00,0x00,0x22,0xEE,0x92,0x00,0x00,
    0x00,0x00,0x00,0x00,0x2C,0xEE,0xEF,0xFF,0x62,0x32,0x84,0x00,0x00,0x00,0x00,0x00,
    0x00,0x20,0xE5,0x9F,0x0B,0x6A,0xF4,0x51,0x00,0x00,0x00,0x00,0x00,0x00,0x00,0x00,
    0x00,0x00,0x00,0x00,0x00,0x00,0x00,0x00,0x00,0x00,0x00,0x00,0x00,0x00,0x86,0xFF,
    0xFF,0xFF,0xAC,0x00,0x00,0x00,0x00,0x00,0x00,0x00,0x00,0x03,0xE4,0xFF,0xFF,0xFF,
    0xF9,0x14,0x00,0x00,0x00,0x00,0x00,0x00,0x00,0x4A,0xFF,0xFF,0xEF,0xFF,0xFF,0x70,
    0x00,0x00,0x00,0x00,0x00,0x00,0x00,0xAC,0xFF,0xFF,0x50,0xFB,0xFF,0xD2,0x00,0x00,
    0x00,0x00,0x00,0x00,0x13,0xF9,0xFF,0xD6,0x00,0xAF,0xFF,0xFF,0x34,0x00,0x00,0x00,
    0x00,0x00,0x70,0xFF,0xFF,0x73,0x00,0x4C,0xFF,0xFF,0x96,0x00,0x00,0x00,0x00,0x00,
    0xD1,0xFF,0xFA,0x16,0x00,0x03,0xE5,0xFF,0xEF,0x08,0x00,0x00,0x00,0x34,0xFF,0xFF,
    0xFF,0xFF,0xFF,0xFF,0xFF,0xFF,0xFF,0x5A,0x00,0x00,0x00,0x96,0xFF,0xFF,0xFF,0xFF,
    0xFF,0xFF,0xFF,0xFF,0xFF,0xBC,0x00,0x00,0x08,0xEF,0xFF,0xEF,0x02,0x00,0x00,0x00,
    0x00,0xCB,0xFF,0xFE,0x20,0x00,0x5A,0xFF,0xFF,0xAF,0x00,0x00,0x00,0x00,0x00,0x88,
    0xFF,0xFF,0x80,0x00,0xBB,0xFF,0xFF,0x6D,0x00,0x00,0x00,0x00,0x00,0x45,0xFF,0xFF,
    0xE0,0x02,0x00,0x00,0x00,0x00,0x00,0x00,0x00,0x12,0x43,0x49,0x16,0x00,0x00,0x00,
    0x00,0x00,0x00,0x00,0x00,0xA4,0x93,0x9A,0xF1,0x2E,0x00,0x00,0x00,0x00,0x00,0x00,
    0x00,0x00,0x00,0x25,0xF4,0x4D,0x00,0x00,0x00,0x00,0x00,0x00,0x00,0x00,0x22,0xEE,
    0x92,0x00,0x00,0x00,0x00,0x2C,0xEE,0xEF,0xFF,0x62,0x32,0x84,0x00,0x00,0x00,0x00,
    0x20,0xE5,0x9F,0x0B,0x6A,0xF4,0x51,0x00,0x00,0x00,0x00,0x00,0x00,0x00,0x00,0x00,
    0x00,0x00,0x00,0x00,0x00,0x00,0x00,0x74,0xFF,0xFF,0xFF,0xFD,0xEF,0xC5,0x69,0x02,
    0x00,0x00,0x00,0x74,0xFF,0xFF,0xFF,0xFF,0xFF,0xFF,0xFF,0x8A,0x00,0x00,0x00,0x00,
    0x00,0x00,0x00,0x07,0x30,0xF0,0xFF,0xF5,0x05,0x00,0x00,0x13,0x8C,0xD5,0xF5,0xFF,
    0xFF,0xFF,0xFF,0xFF,0x1E,0x00,0x02,0xD1,0xFF,0xFF,0xFF,0xFF,0xFF,0xFF,0xFF,0xFF,
    0x24,0x00,0x33,0xFF,0xFF,0xE7,0x2E,0x03,0x00,0xE9,0xFF,0xFF,0x24,0x00,0x2F,0xFF,
    0xFF,0xE3,0x1F,0x0E,0x84,0xFF,0xFF,0xFF,0x24,0x00,0x04,0xD5,0xFF,0xFF,0xFF,0xFF,
    0xC6,0xDF,0xFF,0xFF,0x24,0x00,0x00,0x1F,0xAD,0xED,0xF0,0xA6,0x12,0xDC,0xFF,0xFF,
    0x24,0x00,0x00,0x00,0x00,0x02,0xB1,0xED,0x84,0x18,0xEC,0x4E,0x00,0x00,0x00,0x00,
    0x00,0x00,0x00,0x41,0xFF,0xFF,0xFF,0xFF,0xFF,0x28,0x00,0x00,0x00,0x00,0x00,0x00,
    0x00,0x67,0xD6,0x1B,0x94,0xF2,0x9D,0x00,0x00,0x00,0x00,0x00,0x00,0x00,0x00,0x00,
    0x51,0xFC,0xEF,0xF4,0x38,0x00,0x00,0x00,0x00,0x00,0x00,0x00,0x00,0x41,0xF3,0x79,
    0x08,0x90,0xED,0x2B,0x00,0x00,0x00,0x00,0x00,0x00,0x00,0x00,0x00,0x00,0x00,0x00,
    0x00,0x00,0x00,0x00,0x00,0x00,0x00,0x00,0x00,0x00,0x86,0xFF,0xFF,0xFF,0xAC,0x00,
    0x00,0x00,0x00,0x00,0x00,0x00,0x00,0x03,0xE4,0xFF,0xFF,0xFF,0xF9,0x14,0x00,0x00,
    0x00,0x00,0x00,0x00,0x00,0x4A,0xFF,0xFF,0xEF,0xFF,0xFF,0x70,0x00,0x00,0x00,0x00,
    0x00,0x00,0x00,0xAC,0xFF,0xFF,0x50,0xFB,0xFF,0xD2,0x00,0x00,0x00,0x00,0x00,0x00,
    0x13,0xF9,0xFF,0xD6,0x00,0xAF,0xFF,0xFF,0x34,0x00,0x00,0x00,0x00,0x00,0x70,0xFF,
    0xFF,0x73,0x00,0x4C,0xFF,0xFF,0x96,0x00,0x00,0x00,0x00,0x00,0xD1,0xFF,0xFA,0x16,
    0x00,0x03,0xE5,0xFF,0xEF,0x08,0x00,0x00,0x00,0x34,0xFF,0xFF,0xFF,0xFF,0xFF,0xFF,
    0xFF,0xFF,0xFF,0x5A,0x00,0x00,0x00,0x96,0xFF,0xFF,0xFF,0xFF,0xFF,0xFF,0xFF,0xFF,
    0xFF,0xBC,0x00,0x00,0x08,0xEF,0xFF,0xEF,0x02,0x00,0x00,0x00,0x00,0xCB,0xFF,0xFE,
    0x20,0x00,0x5A,0xFF,0xFF,0xAF,0x00,0x00,0x00,0x00,0x00,0x88,0xFF,0xFF,0x80,0x00,
    0xBB,0xFF,0xFF,0x6D,0x00,0x00,0x00,0x00,0x00,0x45,0xFF,0xFF,0xE0,0x02,0x00,0x00,
    0x00,0x73,0xF1,0xAD,0x21,0xB0,0x96,0x00,0x00,0x00,0x00,0x05,0xF3,0xFF,0xFF,0xFF,
    0xFF,0x70,0x00,0x00,0x00,0x00,0x1F,0xFF,0x2B,0x6C,0xE5,0xD0,0x12,0x00,0x00,0x00,
    0x00,0x00,0x20,0xE5,0xEF,0xFF,0x75,0x00,0x00,0x00,0x00,0x00,0x16,0xDB,0xAD,0x10,
    0x5B,0xF1,0x62,0x00,0x00,0x00,0x00,0x00,0x00,0x00,0x00,0x00,0x00,0x00,0x00,0x00,
    0x00,0x74,0xFF,0xFF,0xFF,0xFD,0xEF,0xC5,0x69,0x02,0x00,0x00,0x74,0xFF,0xFF,0xFF,
    0xFF,0xFF,0xFF,0xFF,0x8A,0x00,0x00,0x00,0x00,0x00,0x00,0x07,0x30,0xF0,0xFF,0xF5,
    0x05,0x00,0x13,0x8C,0xD5,0xF5,0xFF,0xFF,0xFF,0xFF,0xFF,0x1E,0x02,0xD1,0xFF,0xFF,
    0xFF,0xFF,0xFF,0xFF,0xFF,0xFF,0x24,0x33,0xFF,0xFF,0xE7,0x2E,0x03,0x00,0xE9,0xFF,
    0xFF,0x24,0x2F,0xFF,0xFF,0xE3,0x1F,0x0E,0x84,0xFF,0xFF,0xFF,0x24,0x04,0xD5,0xFF,
    0xFF,0xFF,0xFF,0xC6,0xDF,0xFF,0xFF,0x24,0x00,0x1F,0xAD,0xED,0xF0,0xA6,0x12,0xDC,
    0xFF,0xFF,0x24,0x00,0x00,0x00,0x00,0x36,0xF3,0xEF,0xFD,0x53,0x00,0x00,0x00,0x00,
    0x00,0x00,0x00,0x00,0x29,0xEB,0x93,0x08,0x76,0xF4,0x44,0x00,0x00,0x00,0x00,0x00,
    0x00,0x00,0x00,0x00,0x00,0x00,0x00,0x00,0x00,0x00,0x00,0x00,0x00,0x00,0x00,0x00,
    0x00,0x86,0xFF,0xFF,0xFF,0xAC,0x00,0x00,0x00,0x00,0x00,0x00,0x00,0x00,0x03,0xE4,
    0xFF,0xFF,0xFF,0xF9,0x14,0x00,0x00,0x00,0x00,0x00,0x00,0x00,0x4A,0xFF,0xFF,0xEF,
    0xFF,0xFF,0x70,0x00,0x00,0x00,0x00,0x00,0x00,0x00,0xAC,0xFF,0xFF,0x50,0xFB,0xFF,
    0xD2,0x00,0x00,0x00,0x00,0x00,0x00,0x13,0xF9,0xFF,0xD6,0x00,0xAF,0xFF,0xFF,0x34,
    0x00,0x00,0x00,0x00,0x00,0x70,0xFF,0xFF,0x73,0x00,0x4C,0xFF,0xFF,0x96,0x00,0x00,
    0x00,0x00,0x00,0xD1,0xFF,0xFA,0x16,0x00,0x03,0xE5,0xFF,0xEF,0x08,0x00,0x00,0x00,
    0x34,0xFF,0xFF,0xFF,0xFF,0xFF,0xFF,0xFF,0xFF,0xFF,0x5A,0x00,0x00,0x00,0x96,0xFF,
    0xFF,0xFF,0xFF,0xFF,0xFF,0xFF,0xFF,0xFF,0xBC,0x00,0x00,0x08,0xEF,0xFF,0xEF,0x02,
    0x00,0x00,0x00,0x00,0xCB,0xFF,0xFE,0x20,0x00,0x5A,0xFF,0xFF,0xAF,0x00,0x00,0x00,
    0x00,0x00,0x88,0xFF,0xFF,0x80,0x00,0xBB,0xFF,0xFF,0x6D,0x00,0x00,0x00,0x00,0x00,
    0x45,0xFF,0xFF,0xE0,0x02,0x00,0x00,0x00,0x00,0x00,0x00,0x00,0x00,0x00,0x00,0x00,
    0x00,0x00,0x00,0x00,0x00,0x00,0x00,0x00,0xC3,0xD0,0xD0,0x06,0x00,0x00,0x00,0x00,
    0x00,0x00,0x00,0x00,0x00,0x00,0xF0,0xFF,0xFF,0x08,0x00,0x00,0x00,0x00,0x00,0x00,
    0x00,0x00,0x00,0x00,0x92,0x9C,0x9C,0x04,0x00,0x00,0x00,0x00,0x00,0x00,0x00,0x00,
    0x00,0x8F,0xFF,0xF8,0x2D,0x00,0x00,0x00,0x00,0x00,0x00,0x45,0xFE,0x91,0xD8,0xD3,
    0x08,0x00,0x00,0x00,0x00,0x13,0xE5,0x99,0x00,0x1E,0xE3,0x91,0x00,0x00,0x00,0x00,
    0x00,0x00,0x00,0x00,0x00,0x00,0x00,0x00,0x00,0x00,0x00,0x00,0x00,0x00,0x00,0x00,
    0x00,0x00,0x00,0x00,0x00,0x74,0xFF,0xFF,0xFF,0xFD,0xEF,0xC5,0x69,0x02,0x00,0x00,
    0x74,0xFF,0xFF,0xFF,0xFF,0xFF,0xFF,0xFF,0x8A,0x00,0x00,0x00,0x00,0x00,0x00,0x07,
    0x30,0xF0,0xFF,0xF5,0x05,0x00,0x13,0x8C,0xD5,0xF5,0xFF,0xFF,0xFF,0xFF,0xFF,0x1E,
    0x02,0xD1,0xFF,0xFF,0xFF,0xFF,0xFF,0xFF,0xFF,0xFF,0x24,0x33,0xFF,0xFF,0xE7,0x2E,
    0x03,0x00,0xE9,0xFF,0xFF,0x24,0x2F,0xFF,0xFF,0xE3,0x1F,0x0E,0x84,0xFF,0xFF,0xFF,
    0x24,0x04,0xD5,0xFF,0xFF,0xFF,0xFF,0xC6,0xDF,0xFF,0xFF,0x24,0x00,0x1F,0xAD,0xED,
    0xF0,0xA6,0x12,0xDC,0xFF,0xFF,0x24,0x00,0x00,0x00,0x00,0x00,0x00,0x00,0x00,0x00,
    0x00,0x00,0x00,0x00,0x00,0x30,0xD0,0xD0,0x98,0x00,0x00,0x00,0x00,0x00,0x00,0x00,
    0x3C,0xFF,0xFF,0xBC,0x00,0x00,0x00,0x00,0x00,0x00,0x00,0x24,0x9C,0x9C,0x72,0x00,
    0x00,0x00,0x00,0x00,0x00,0x00,0x00,0x00,0x00,0x11,0xDB,0xF2,0x4A,0x00,0x00,0x00,
    0x00,0x00,0x00,0x00,0x00,0x00,0x03,0xBB,0xE1,0x2D,0x00,0x00,0x00,0x00,0x00,0x00,
    0x00,0x00,0x03,0xE9,0x83,0x11,0x3A,0xEF,0x51,0x00,0x00,0x00,0x00,0x00,0x00,0x00,
    0x00,0x40,0xCE,0xF7,0xE7,0x85,0x01,0x00,0x00,0x00,0x00,0x00,0x00,0x00,0x00,0x00,
    0x00,0x00,0x00,0x00,0x00,0x00,0x00,0x00,0x00,0x00,0x00,0x00,0x00,0x86,0xFF,0xFF,
    0xFF,0xAC,0x00,0x00,0x00,0x00,0x00,0x00,0x00,0x00,0x03,0xE4,0xFF,0xFF,0xFF,0xF9,
    0x14,0x00,0x00,0x00,0x00,0x00,0x00,0x00,0x4A,0xFF,0xFF,0xEF,0xFF,0xFF,0x70,0x00,
    0x00,0x00,0x00,0x00,0x00,0x00,0xAC,0xFF,0xFF,0x50,0xFB,0xFF,0xD2,0x00,0x00,0x00,
    0x00,0x00,0x00,0x13,0xF9,0xFF,0xD6,0x00,0xAF,0xFF,0xFF,0x34,0x00,0x00,0x00,0x00,
    0x00,0x70,0xFF,0xFF,0x73,0x00,0x4C,0xFF,0xFF,0x96,0x00,0x00,0x00,0x00,0x00,0xD1,
    0xFF,0xFA,0x16,0x00,0x03,0xE5,0xFF,0xEF,0x08,0x00,0x00,0x00,0x34,0xFF,0xFF,0xFF,
    0xFF,0xFF,0xFF,0xFF,0xFF,0xFF,0x5A,0x00,0x00,0x00,0x96,0xFF,0xFF,0xFF,0xFF,0xFF,
    0xFF,0xFF,0xFF,0xFF,0xBC,0x00,0x00,0x08,0xEF,0xFF,0xEF,0x02,0x00,0x00,0x00,0x00,
    0xCB,0xFF,0xFE,0x20,0x00,0x5A,0xFF,0xFF,0xAF,0x00,0x00,0x00,0x00,0x00,0x88,0xFF,
    0xFF,0x80,0x00,0xBB,0xFF,0xFF,0x6D,0x00,0x00,0x00,0x00,0x00,0x45,0xFF,0xFF,0xE0,
    0x02,0x00,0x00,0x00,0x00,0x00,0x45,0xFC,0xCD,0x1B,0x00,0x00,0x00,0x00,0x00,0x00,
    0x24,0xEE,0xB0,0x0B,0x00,0x00,0x00,0x00,0x00,0x41,0xF6,0x44,0x10,0x75,0xF4,0x09,
    0x00,0x00,0x00,0x00,0x00,0x79,0xE3,0xF8,0xD3,0x4A,0x00,0x00,0x00,0x00,0x00,0x00,
    0x00,0x00,0x00,0x00,0x00,0x00,0x00,0x00,0x00,0x74,0xFF,0xFF,0xFF,0xFD,0xEF,0xC5,
    0x69,0x02,0x00,0x00,0x74,0xFF,0xFF,0xFF,0xFF,0xFF,0xFF,0xFF,0x8A,0x00,0x00,0x00,
    0x00,0x00,0x00,0x07,0x30,0xF0,0xFF,0xF5,0x05,0x00,0x13,0x8C,0xD5,0xF5,0xFF,0xFF,
    0xFF,0xFF,0xFF,0x1E,0x02,0xD1,0xFF,0xFF,0xFF,0xFF,0xFF,0xFF,0xFF,0xFF,0x24,0x33,
    0xFF,0xFF,0xE7,0x2E,0x03,0x00,0xE9,0xFF,0xFF,0x24,0x2F,0xFF,0xFF,0xE3,0x1F,0x0E,
    0x84,0xFF,0xFF,0xFF,0x24,0x04,0xD5,0xFF,0xFF,0xFF,0xFF,0xC6,0xDF,0xFF,0xFF,0x24,
    0x00,0x1F,0xAD,0xED,0xF0,0xA6,0x12,0xDC,0xFF,0xFF,0x24,0x00,0x00,0x00,0x0B,0xB2,
    0xFF,0x6C,0x00,0x00,0x00,0x00,0x00,0x00,0x00,0x00,0x00,0x00,0x00,0x02,0x8D,0xFB,
    0x42,0x00,0x00,0x00,0x00,0x00,0x00,0x00,0x00,0x00,0x03,0xE9,0x83,0x11,0x3A,0xEF,
    0x51,0x00,0x00,0x00,0x00,0x00,0x00,0x00,0x00,0x40,0xCE,0xF7,0xE7,0x85,0x01,0x00,
    0x00,0x00,0x00,0x00,0x00,0x00,0x00,0x00,0x00,0x00,0x00,0x00,0x00,0x00,0x00,0x00,
    0x00,0x00,0x00,0x00,0x00,0x86,0xFF,0xFF,0xFF,0xAC,0x00,0x00,0x00,0x00,0x00,0x00,
    0x00,0x00,0x03,0xE4,0xFF,0xFF,0xFF,0xF9,0x14,0x00,0x00,0x00,0x00,0x00,0x00,0x00,
    0x4A,0xFF,0xFF,0xEF,0xFF,0xFF,0x70,0x00,0x00,0x00,0x00,0x00,0x00,0x00,0xAC,0xFF,
    0xFF,0x50,0xFB,0xFF,0xD2,0x00,0x00,0x00,0x00,0x00,0x00,0x13,0xF9,0xFF,0xD6,0x00,
    0xAF,0xFF,0xFF,0x34,0x00,0x00,0x00,0x00,0x00,0x70,0xFF,0xFF,0x73,0x00,0x4C,0xFF,
    0xFF,0x96,0x00,0x00,0x00,0x00,0x00,0xD1,0xFF,0xFA,0x16,0x00,0x03,0xE5,0xFF,0xEF,
    0x08,0x00,0x00,0x00,0x34,0xFF,0xFF,0xFF,0xFF,0xFF,0xFF,0xFF,0xFF,0xFF,0x5A,0x00,
    0x00,0x00,0x96,0xFF,0xFF,0xFF,0xFF,0xFF,0xFF,0xFF,0xFF,0xFF,0xBC,0x00,0x00,0x08,
    0xEF,0xFF,0xEF,0x02,0x00,0x00,0x00,0x00,0xCB,0xFF,0xFE,0x20,0x00,0x5A,0xFF,0xFF,
    0xAF,0x00,0x00,0x00,0x00,0x00,0x88,0xFF,0xFF,0x80,0x00,0xBB,0xFF,0xFF,0x6D,0x00,
    0x00,0x00,0x00,0x00,0x45,0xFF,0xFF,0xE0,0x02,0x00,0x00,0x28,0xDD,0xF4,0x2F,0x00,
    0x00,0x00,0x00,0x00,0x00,0x00,0x00,0x14,0xC3,0xE0,0x15,0x00,0x00,0x00,0x00,0x00,
    0x00,0x35,0xF9,0x4B,0x0F,0x6A,0xF9,0x10,0x00,0x00,0x00,0x00,0x00,0x70,0xE1,0xF8,
    0xD6,0x52,0x00,0x00,0x00,0x00,0x00,0x00,0x00,0x00,0x00,0x00,0x00,0x00,0x00,0x00,
    0x00,0x74,0xFF,0xFF,0xFF,0xFD,0xEF,0xC5,0x69,0x02,0x00,0x00,0x74,0xFF,0xFF,0xFF,
    0xFF,0xFF,0xFF,0xFF,0x8A,0x00,0x00,0x00,0x00,0x00,0x00,0x07,0x30,0xF0,0xFF,0xF5,
    0x05,0x00,0x13,0x8C,0xD5,0xF5,0xFF,0xFF,0xFF,0xFF,0xFF,0x1E,0x02,0xD1,0xFF,0xFF,
    0xFF,0xFF,0xFF,0xFF,0xFF,0xFF,0x24,0x33,0xFF,0xFF,0xE7,0x2E,0x03,0x00,0xE9,0xFF,
    0xFF,0x24,0x2F,0xFF,0xFF,0xE3,0x1F,0x0E,0x84,0xFF,0xFF,0xFF,0x24,0x04,0xD5,0xFF,
    0xFF,0xFF,0xFF,0xC6,0xDF,0xFF,0xFF,0x24,0x00,0x1F,0xAD,0xED,0xF0,0xA6,0x12,0xDC,
    0xFF,0xFF,0x24,0x00,0x00,0x00,0x00,0x05,0x34,0x4D,0x2E,0x00,0x00,0x00,0x00,0x00,
    0x00,0x00,0x00,0x00,0x00,0x5E,0xA6,0x8E,0xDA,0x85,0x00,0x00,0x00,0x00,0x00,0x00,
    0x00,0x00,0x00,0x00,0x00,0x04,0xB5,0xAD,0x00,0x00,0x00,0x00,0x00,0x00,0x00,0x00,
    0x00,0x00,0x00,0xB0,0xD6,0x1C,0x00,0x00,0x00,0x00,0x00,0x00,0x00,0x00,0x00,0x00,
    0x00,0x87,0x30,0x00,0x00,0x00,0x00,0x00,0x00,0x00,0x00,0x00,0x0B,0xF5,0x73,0x10,
    0x46,0xF7,0x3D,0x00,0x00,0x00,0x00,0x00,0x00,0x00,0x00,0x4C,0xD4,0xF8,0xE3,0x77,
    0x00,0x00,0x00,0x00,0x00,0x00,0x00,0x00,0x00,0x00,0x00,0x00,0x00,0x00,0x00,0x00,
    0x00,0x00,0x00,0x00,0x00,0x00,0x00,0x86,0xFF,0xFF,0xFF,0xAC,0x00,0x00,0x00,0x00,
    0x00,0x00,0x00,0x00,0x03,0xE4,0xFF,0xFF,0xFF,0xF9,0x14,0x00,0x00,0x00,0x00,0x00,
    0x00,0x00,0x4A,0xFF,0xFF,0xEF,0xFF,0xFF,0x70,0x00,0x00,0x00,0x00,0x00,0x00,0x00,
    0xAC,0xFF,0xFF,0x50,0xFB,0xFF,0xD2,0x00,0x00,0x00,0x00,0x00,0x00,0x13,0xF9,0xFF,
    0xD6,0x00,0xAF,0xFF,0xFF,0x34,0x00,0x00,0x00,0x00,0x00,0x70,0xFF,0xFF,0x73,0x00,
    0x4C,0xFF,0xFF,0x96,0x00,0x00,0x00,0x00,0x00,0xD1,0xFF,0xFA,0x16,0x00,0x03,0xE5,
    0xFF,0xEF,0x08,0x00,0x00,0x00,0x34,0xFF,0xFF,0xFF,0xFF,0xFF,0xFF,0xFF,0xFF,0xFF,
    0x5A,0x00,0x00,0x00,0x96,0xFF,0xFF,0xFF,0xFF,0xFF,0xFF,0xFF,0xFF,0xFF,0xBC,0x00,
    0x00,0x08,0xEF,0xFF,0xEF,0x02,0x00,0x00,0x00,0x00,0xCB,0xFF,0xFE,0x20,0x00,0x5A,
    0xFF,0xFF,0xAF,0x00,0x00,0x00,0x00,0x00,0x88,0xFF,0xFF,0x80,0x00,0xBB,0xFF,0xFF,
    0x6D,0x00,0x00,0x00,0x00,0x00,0x45,0xFF,0xFF,0xE0,0x02,0x00,0x00,0x00,0x09,0x3B,
    0x4C,0x24,0x00,0x00,0x00,0x00,0x00,0x00,0x00,0x7D,0x9D,0x91,0xE8,0x5E,0x00,0x00,
    0x00,0x00,0x00,0x00,0x00,0x00,0x0E,0xD4,0x85,0x00,0x00,0x00,0x00,0x00,0x00,0x00,
    0x05,0xD3,0xBE,0x0C,0x00,0x00,0x00,0x00,0x00,0x00,0x00,0x14,0x88,0x1B,0x00,0x00,
    0x00,0x00,0x00,0x00,0x2A,0xFB,0x53,0x0F,0x61,0xFB,0x18,0x00,0x00,0x00,0x00,0x00,
    0x67,0xDE,0xF8,0xDA,0x5A,0x00,0x00,0x00,0x00,0x00,0x00,0x00,0x00,0x00,0x00,0x00,
    0x00,0x00,0x00,0x00,0x74,0xFF,0xFF,0xFF,0xFD,0xEF,0xC5,0x69,0x02,0x00,0x00,0x74,
    0xFF,0xFF,0xFF,0xFF,0xFF,0xFF,0xFF,0x8A,0x00,0x00,0x00,0x00,0x00,0x00,0x07,0x30,
    0xF0,0xFF,0xF5,0x05,0x00,0x13,0x8C,0xD5,0xF5,0xFF,0xFF,0xFF,0xFF,0xFF,0x1E,0x02,
    0xD1,0xFF,0xFF,0xFF,0xFF,0xFF,0xFF,0xFF,0xFF,0x24,0x33,0xFF,0xFF,0xE7,0x2E,0x03,
    0x00,0xE9,0xFF,0xFF,0x24,0x2F,0xFF,0xFF,0xE3,0x1F,0x0E,0x84,0xFF,0xFF,0xFF,0x24,
    0x04,0xD5,0xFF,0xFF,0xFF,0xFF,0xC6,0xDF,0xFF,0xFF,0x24,0x00,0x1F,0xAD,0xED,0xF0,
    0xA6,0x12,0xDC,0xFF,0xFF,0x24,0x00,0x00,0x00,0x00,0x76,0xF1,0xAA,0x20,0xB4,0x92,
    0x00,0x00,0x00,0x00,0x00,0x00,0x00,0x08,0xF5,0xFF,0xFF,0xFF,0xFF,0x6C,0x00,0x00,
    0x00,0x00,0x00,0x00,0x00,0x23,0xFF,0x28,0x6E,0xE6,0xCE,0x10,0x00,0x00,0x00,0x00,
    0x00,0x00,0x00,0x03,0xE9,0x83,0x11,0x3A,0xEF,0x51,0x00,0x00,0x00,0x00,0x00,0x00,
    0x00,0x00,0x40,0xCE,0xF7,0xE7,0x85,0x01,0x00,0x00,0x00,0x00,0x00,0x00,0x00,0x00,
    0x00,0x00,0x00,0x00,0x00,0x00,0x00,0x00,0x00,0x00,0x00,0x00,0x00,0x00,0x86,0xFF,
    0xFF,0xFF,0xAC,0x00,0x00,0x00,0x00,0x00,0x00,0x00,0x00,0x03,0xE4,0xFF,0xFF,0xFF,
    0xF9,0x14,0x00,0x00,0x00,0x00,0x00,0x00,0x00,0x4A,0xFF,0xFF,0xEF,0xFF,0xFF,0x70,
    0x00,0x00,0x00,0x00,0x00,0x00,0x00,0xAC,0xFF,0xFF,0x50,0xFB,0xFF,0xD2,0x00,0x00,
    0x00,0x00,0x00,0x00,0x13,0xF9,0xFF,0xD6,0x00,0xAF,0xFF,0xFF,0x34,0x00,0x00,0x00,
    0x00,0x00,0x70,0xFF,0xFF,0x73,0x00,0x4C,0xFF,0xFF,0x96,0x00,0x00,0x00,0x00,0x00,
    0xD1,0xFF,0xFA,0x16,0x00,0x03,0xE5,0xFF,0xEF,0x08,0x00,0x00,0x00,0x34,0xFF,0xFF,
    0xFF,0xFF,0xFF,0xFF,0xFF,0xFF,0xFF,0x5A,0x00,0x00,0x00,0x96,0xFF,0xFF,0xFF,0xFF,
    0xFF,0xFF,0xFF,0xFF,0xFF,0xBC,0x00,0x00,0x08,0xEF,0xFF,0xEF,0x02,0x00,0x00,0x00,
    0x00,0xCB,0xFF,0xFE,0x20,0x00,0x5A,0xFF,0xFF,0xAF,0x00,0x00,0x00,0x00,0x00,0x88,
    0xFF,0xFF,0x80,0x00,0xBB,0xFF,0xFF,0x6D,0x00,0x00,0x00,0x00,0x00,0x45,0xFF,0xFF,
    0xE0,0x02,0x00,0x00,0x00,0x9A,0xF1,0x94,0x19,0xD6,0x6A,0x00,0x00,0x00,0x00,0x25,
    0xFF,0xFF,0xFF,0xFF,0xFF,0x44,0x00,0x00,0x00,0x00,0x4B,0xED,0x19,0x84,0xEF,0xB4,
    0x02,0x00,0x00,0x00,0x00,0x19,0xFB,0x62,0x0F,0x53,0xFB,0x2A,0x00,0x00,0x00,0x00,
    0x00,0x5A,0xD9,0xF8,0xDE,0x68,0x00,0x00,0x00,0x00,0x00,0x00,0x00,0x00,0x00,0x00,
    0x00,0x00,0x00,0x00,0x00,0x74,0xFF,0xFF,0xFF,0xFD,0xEF,0xC5,0x69,0x02,0x00,0x00,
    0x74,0xFF,0xFF,0xFF,0xFF,0xFF,0xFF,0xFF,0x8A,0x00,0x00,0x00,0x00,0x00,0x00,0x07,
    0x30,0xF0,0xFF,0xF5,0x05,0x00,0x13,0x8C,0xD5,0xF5,0xFF,0xFF,0xFF,0xFF,0xFF,0x1E,
    0x02,0xD1,0xFF,0xFF,0xFF,0xFF,0xFF,0xFF,0xFF,0xFF,0x24,0x33,0xFF,0xFF,0xE7,0x2E,
    0x03,0x00,0xE9,0xFF,0xFF,0x24,0x2F,0xFF,0xFF,0xE3,0x1F,0x0E,0x84,0xFF,0xFF,0xFF,
    0x24,0x04,0xD5,0xFF,0xFF,0xFF,0xFF,0xC6,0xDF,0xFF,0xFF,0x24,0x00,0x1F,0xAD,0xED,
    0xF0,0xA6,0x12,0xDC,0xFF,0xFF,0x24,0x00,0x00,0x00,0x1C,0xFD,0x4A,0x06,0x3B,0xF8,
    0x35,0x00,0x00,0x00,0x00,0x00,0x00,0x00,0x00,0x61,0xDA,0xF8,0xE1,0x72,0x00,0x00,
    0x00,0x00,0x00,0x00,0x00,0x00,0x00,0x00,0x00,0x00,0x00,0x00,0x00,0x00,0x00,0x00,
    0x00,0x00,0x00,0x00,0x00,0x00,0x00,0x00,0x00,0x00,0x00,0x00,0x00,0x00,0x00,0x00,
    0x00,0x00,0x00,0x86,0xFF,0xFF,0xFF,0xAC,0x00,0x00,0x00,0x00,0x00,0x00,0x00,0x00,
    0x03,0xE4,0xFF,0xFF,0xFF,0xF9,0x14,0x00,0x00,0x00,0x00,0x00,0x00,0x00,0x4A,0xFF,
    0xFF,0xEF,0xFF,0xFF,0x70,0x00,0x00,0x00,0x00,0x00,0x00,0x00,0xAC,0xFF,0xFF,0x50,
    0xFB,0xFF,0xD2,0x00,0x00,0x00,0x00,0x00,0x00,0x13,0xF9,0xFF,0xD6,0x00,0xAF,0xFF,
    0xFF,0x34,0x00,0x00,0x00,0x00,0x00,0x70,0xFF,0xFF,0x73,0x00,0x4C,0xFF,0xFF,0x96,
    0x00,0x00,0x00,0x00,0x00,0xD1,0xFF,0xFA,0x16,0x00,0x03,0xE5,0xFF,0xEF,0x08,0x00,
    0x00,0x00,0x34,0xFF,0xFF,0xFF,0xFF,0xFF,0xFF,0xFF,0xFF,0xFF,0x5A,0x00,0x00,0x00,
    0x96,0xFF,0xFF,0xFF,0xFF,0xFF,0xFF,0xFF,0xFF,0xFF,0xBC,0x00,0x00,0x08,0xEF,0xFF,
    0xEF,0x02,0x00,0x00,0x00,0x00,0xCB,0xFF,0xFE,0x20,0x00,0x5A,0xFF,0xFF,0xAF,0x00,
    0x00,0x00,0x00,0x00,0x88,0xFF,0xFF,0x80,0x00,0xBB,0xFF,0xFF,0x6D,0x00,0x00,0x00,
    0x00,0x00,0x45,0xFF,0xFF,0xE0,0x02,0x00,0x00,0x00,0x00,0x00,0x00,0x00,0x00,0x00,
    0x00,0x00,0x00,0x00,0x00,0x00,0x00,0x00,0x00,0x00,0xC3,0xD0,0xD0,0x06,0x00,0x00,
    0x00,0x00,0x00,0x00,0x00,0x00,0x00,0x00,0xF0,0xFF,0xFF,0x08,0x00,0x00,0x00,0x00,
    0x00,0x00,0x00,0x00,0x00,0x00,0x92,0x9C,0x9C,0x04,0x00,0x00,0x00,0x00,0x00,0x00,
    0x00,0x00,0x96,0xBB,0x15,0x0F,0xA3,0xB9,0x00,0x00,0x00,0x00,0x00,0x15,0xAE,0xF0,
    0xF3,0xBD,0x24,0x00,0x00,0x00,0x00,0x00,0x00,0x00,0x00,0x00,0x00,0x00,0x00,0x00,
    0x00,0x00,0x00,0x00,0x00,0x00,0x00,0x00,0x00,0x00,0x00,0x00,0x74,0xFF,0xFF,0xFF,
    0xFD,0xEF,0xC5,0x69,0x02,0x00,0x00,0x74,0xFF,0xFF,0xFF,0xFF,0xFF,0xFF,0xFF,0x8A,
    0x00,0x00,0x00,0x00,0x00,0x00,0x07,0x30,0xF0,0xFF,0xF5,0x05,0x00,0x13,0x8C,0xD5,
    0xF5,0xFF,0xFF,0xFF,0xFF,0xFF,0x1E,0x02,0xD1,0xFF,0xFF,0xFF,0xFF,0xFF,0xFF,0xFF,
    0xFF,0x24,0x33,0xFF,0xFF,0xE7,0x2E,0x03,0x00,0xE9,0xFF,0xFF,0x24,0x2F,0xFF,0xFF,
    0xE3,0x1F,0x0E,0x84,0xFF,0xFF,0xFF,0x24,0x04,0xD5,0xFF,0xFF,0xFF,0xFF,0xC6,0xDF,
    0xFF,0xFF,0x24,0x00,0x1F,0xAD,0xED,0xF0,0xA6,0x12,0xDC,0xFF,0xFF,0x24,0x00,0x00,
    0x00,0x00,0x00,0x00,0x00,0x00,0x00,0x00,0x00,0x00,0x00,0x00,0x51,0xD0,0xD0,0x78,
    0x00,0x00,0x00,0x00,0x00,0x00,0x00,0x64,0xFF,0xFF,0x94,0x00,0x00,0x00,0x00,0x00,
    0x00,0x00,0x3C,0x9C,0x9C,0x5A,0x00,0x00,0x00,0x00,0x00,0x70,0xFF,0xFF,0xFF,0xFF,
    0xFF,0xFF,0xFF,0xFF,0x30,0x00,0x00,0x70,0xFF,0xFF,0xFF,0xFF,0xFF,0xFF,0xFF,0xFF,
    0x30,0x00,0x00,0x70,0xFF,0xFF,0xC0,0x00,0x00,0x00,0x00,0x00,0x00,0x00,0x00,0x70,
    0xFF,0xFF,0xC0,0x00,0x00,0x00,0x00,0x00,0x00,0x00,0x00,0x70,0xFF,0xFF,0xC0,0x00,
    0x00,0x00,0x00,0x00,0x00,0x00,0x00,0x70,0xFF,0xFF,0xFF,0xFF,0xFF,0xFF,0xFF,0xDC,
    0x00,0x00,0x00,0x70,0xFF,0xFF,0xFF,0xFF,0xFF,0xFF,0xFF,0xDC,0x00,0x00,0x00,0x70,
    0xFF,0xFF,0xC0,0x00,0x00,0x00,0x00,0x00,0x00,0x00,0x00,0x70,0xFF,0xFF,0xC0,0x00,
    0x00,0x00,0x00,0x00,0x00,0x00,0x00,0x70,0xFF,0xFF,0xC0,0x00,0x00,0x00,0x00,0x00,
    0x00,0x00,0x00,0x70,0xFF,0xFF,0xFF,0xFF,0xFF,0xFF,0xFF,0xFF,0x60,0x00,0x00,0x70,
    0xFF,0xFF,0xFF,0xFF,0xFF,0xFF,0xFF,0xFF,0x60,0x00,0x00,0x00,0x00,0x00,0x00,0x00,
    0x00,0x00,0x00,0x00,0x00,0x00,0x00,0x00,0x00,0x00,0x9C,0xD0,0xD0,0x2D,0x00,0x00,
    0x00,0x00,0x00,0x00,0x00,0x00,0xC0,0xFF,0xFF,0x38,0x00,0x00,0x00,0x00,0x00,0x00,
    0x00,0x00,0x75,0x9C,0x9C,0x22,0x00,0x00,0x00,0x00,0x00,0x00,0x1F,0x96,0xDC,0xF8,
    0xF5,0xCC,0x6F,0x04,0x00,0x00,0x00,0x34,0xF1,0xFF,0xFF,0xFF,0xFF,0xFF,0xFF,0xBA,
    0x03,0x00,0x00,0xD4,0xFF,0xF6,0x4C,0x08,0x15,0xA5,0xFF,0xFF,0x61,0x00,0x26,0xFF,
    0xFF,0xFF,0xFF,0xFF,0xFF,0xFF,0xFF,0xFF,0xA5,0x00,0x3E,0xFF,0xFF,0xFF,0xFF,0xFF,
    0xFF,0xFF,0xFF,0xFF,0xB3,0x00,0x28,0xFF,0xFF,0xE6,0x01,0x00,0x00,0x00,0x00,0x00,
    0x00,0x00,0x00,0xD7,0xFF,0xFF,0x99,0x1D,0x09,0x26,0x59,0xB6,0x40,0x00,0x00,0x38,
    0xF2,0xFF,0xFF,0xFF,0xFF,0xFF,0xFF,0xFF,0x44,0x00,0x00,0x00,0x20,0x94,0xDA,0xF8,
    0xF2,0xD4,0xA0,0x46,0x03,0x00,0x00,0x00,0x00,0x00,0x00,0x00,0x00,0x00,0x00,0x00,
    0x00,0x00,0x00,0x00,0x00,0x00,0x5E,0xD0,0xD0,0x6B,0x00,0x00,0x00,0x00,0x00,0x00,
    0x00,0x00,0x74,0xFF,0xFF,0x84,0x00,0x00,0x00,0x00,0x00,0x00,0x00,0x00,0x46,0x9C,
    0x9C,0x50,0x00,0x00,0x00,0x00,0x00,0x00,0x00,0x02,0x2D,0x4D,0x37,0x01,0x00,0x00,
    0x00,0x00,0x00,0x00,0x00,0x40,0xB0,0x8C,0xCC,0xA9,0x00,0x00,0x00,0x00,0x00,0x00,
    0x00,0x00,0x00,0x00,0x95,0xD1,0x00,0x00,0x00,0x00,0x00,0x00,0x00,0x00,0x00,0x8C,
    0xE7,0x2F,0x00,0x00,0x00,0x00,0x00,0x00,0x00,0x00,0x00,0x74,0x43,0x00,0x00,0x00,
    0x00,0x00,0x00,0x00,0x00,0x00,0x00,0x00,0x00,0x00,0x00,0x00,0x00,0x00,0x00,0x70,
    0xFF,0xFF,0xFF,0xFF,0xFF,0xFF,0xFF,0xFF,0x30,0x00,0x00,0x70,0xFF,0xFF,0xFF,0xFF,
    0xFF,0xFF,0xFF,0xFF,0x30,0x00,0x00,0x70,0xFF,0xFF,0xC0,0x00,0x00,0x00,0x00,0x00,
    0x00,0x00,0x00,0x70,0xFF,0xFF,0xC0,0x00,0x00,0x00,0x00,0x00,0x00,0x00,0x00,0x70,
    0xFF,0xFF,0xC0,0x00,0x00,0x00,0x00,0x00,0x00,0x00,0x00,0x70,0xFF,0xFF,0xFF,0xFF,
    0xFF,0xFF,0xFF,0xDC,0x00,0x00,0x00,0x70,0xFF,0xFF,0xFF,0xFF,0xFF,0xFF,0xFF,0xDC,
    0x00,0x00,0x00,0x70,0xFF,0xFF,0xC0,0x00,0x00,0x00,0x00,0x00,0x00,0x00,0x00,0x70,
    0xFF,0xFF,0xC0,0x00,0x00,0x00,0x00,0x00,0x00,0x00,0x00,0x70,0xFF,0xFF,0xC0,0x00,
    0x00,0x00,0x00,0x00,0x00,0x00,0x00,0x70,0xFF,0xFF,0xFF,0xFF,0xFF,0xFF,0xFF,0xFF,
    0x60,0x00,0x00,0x70,0xFF,0xFF,0xFF,0xFF,0xFF,0xFF,0xFF,0xFF,0x60,0x00,0x00,0x00,
    0x00,0x00,0x1B,0x48,0x45,0x0C,0x00,0x00,0x00,0x00,0x00,0x00,0x00,0x00,0xC1,0x8E,
    0xAA,0xE7,0x11,0x00,0x00,0x00,0x00,0x00,0x00,0x00,0x00,0x00,0x46,0xFE,0x22,0x00,
    0x00,0x00,0x00,0x00,0x00,0x00,0x00,0x42,0xF7,0x69,0x00,0x00,0x00,0x00,0x00,0x00,
    0x00,0x00,0x00,0x49,0x6E,0x00,0x00,0x00,0x00,0x00,0x00,0x00,0x00,0x00,0x00,0x00,
    0x00,0x00,0x00,0x00,0x00,0x00,0x00,0x00,0x1F,0x96,0xDC,0xF8,0xF5,0xCC,0x6F,0x04,
    0x00,0x00,0x00,0x34,0xF1,0xFF,0xFF,0xFF,0xFF,0xFF,0xFF,0xBA,0x03,0x00,0x00,0xD4,
    0xFF,0xF6,0x4C,0x08,0x15,0xA5,0xFF,0xFF,0x61,0x00,0x26,0xFF,0xFF,0xFF,0xFF,0xFF,
    0xFF,0xFF,0xFF,0xFF,0xA5,0x00,0x3E,0xFF,0xFF,0xFF,0xFF,0xFF,0xFF,0xFF,0xFF,0xFF,
    0xB3,0x00,0x28,0xFF,0xFF,0xE6,0x01,0x00,0x00,0x00,0x00,0x00,0x00,0x00,0x00,0xD7,
    0xFF,0xFF,0x99,0x1D,0x09,0x26,0x59,0xB6,0x40,0x00,0x00,0x38,0xF2,0xFF,0xFF,0xFF,
    0xFF,0xFF,0xFF,0xFF,0x44,0x00,0x00,0x00,0x20,0x94,0xDA,0xF8,0xF2,0xD4,0xA0,0x46,
    0x03,0x00,0x00,0x00,0x00,0x73,0xF1,0xAD,0x21,0xB0,0x96,0x00,0x00,0x00,0x00,0x00,
    0x05,0xF3,0xFF,0xFF,0xFF,0xFF,0x70,0x00,0x00,0x00,0x00,0x00,0x1F,0xFF,0x2B,0x6C,
    0xE5,0xD0,0x12,0x00,0x00,0x00,0x00,0x00,0x00,0x00,0x00,0x00,0x00,0x00,0x00,0x00,
    0x00,0x00,0x00,0x70,0xFF,0xFF,0xFF,0xFF,0xFF,0xFF,0xFF,0xFF,0x30,0x00,0x00,0x70,
    0xFF,0xFF,0xFF,0xFF,0xFF,0xFF,0xFF,0xFF,0x30,0x00,0x00,0x70,0xFF,0xFF,0xC0,0x00,
    0x00,0x00,0x00,0x00,0x00,0x00,0x00,0x70,0xFF,0xFF,0xC0,0x00,0x00,0x00,0x00,0x00,
    0x00,0x00,0x00,0x70,0xFF,0xFF,0xC0,0x00,0x00,0x00,0x00,0x00,0x00,0x00,0x00,0x70,
    0xFF,0xFF,0xFF,0xFF,0xFF,0xFF,0xFF,0xDC,0x00,0x00,0x00,0x70,0xFF,0xFF,0xFF,0xFF,
    0xFF,0xFF,0xFF,0xDC,0x00,0x00,0x00,0x70,0xFF,0xFF,0xC0,0x00,0x00,0x00,0x00,0x00,
    0x00,0x00,0x00,0x70,0xFF,0xFF,0xC0,0x00,0x00,0x00,0x00,0x00,0x00,0x00,0x00,0x70,
    0xFF,0xFF,0xC0,0x00,0x00,0x00,0x00,0x00,0x00,0x00,0x00,0x70,0xFF,0xFF,0xFF,0xFF,
    0xFF,0xFF,0xFF,0xFF,0x60,0x00,0x00,0x70,0xFF,0xFF,0xFF,0xFF,0xFF,0xFF,0xFF,0xFF,
    0x60,0x00,0x00,0x00,0x00,0x6D,0xF0,0xAE,0x24,0xA4,0x9A,0x00,0x00,0x00,0x00,0x00,
    0x02,0xEC,0xFF,0xFF,0xFF,0xFF,0x75,0x00,0x00,0x00,0x00,0x00,0x15,0xFC,0x33,0x64,
    0xE0,0xD4,0x15,0x00,0x00,0x00,0x00,0x00,0x00,0x00,0x00,0x00,0x00,0x00,0x00,0x00,
    0x00,0x00,0x00,0x00,0x00,0x00,0x00,0x00,0x00,0x00,0x00,0x00,0x00,0x00,0x00,0x00,
    0x1F,0x96,0xDC,0xF8,0xF5,0xCC,0x6F,0x04,0x00,0x00,0x00,0x34,0xF1,0xFF,0xFF,0xFF,
    0xFF,0xFF,0xFF,0xBA,0x03,0x00,0x00,0xD4,0xFF,0xF6,0x4C,0x08,0x15,0xA5,0xFF,0xFF,
    0x61,0x00,0x26,0xFF,0xFF,0xFF,0xFF,0xFF,0xFF,0xFF,0xFF,0xFF,0xA5,0x00,0x3E,0xFF,
    0xFF,0xFF,0xFF,0xFF,0xFF,0xFF,0xFF,0xFF,0xB3,0x00,0x28,0xFF,0xFF,0xE6,0x01,0x00,
    0x00,0x00,0x00,0x00,0x00,0x00,0x00,0xD7,0xFF,0xFF,0x99,0x1D,0x09,0x26,0x59,0xB6,
    0x40,0x00,0x00,0x38,0xF2,0xFF,0xFF,0xFF,0xFF,0xFF,0xFF,0xFF,0x44,0x00,0x00,0x00,
    0x20,0x94,0xDA,0xF8,0xF2,0xD4,0xA0,0x46,0x03,0x00,0x00,0x00,0x00,0x00,0x00,0x00,
    0x00,0x00,0x2D,0xF3,0xDE,0x2A,0x00,0x00,0x00,0x00,0x00,0x00,0x00,0x14,0xDF,0xC5,
    0x15,0x00,0x00,0x00,0x00,0x0D,0xCC,0xF2,0xFC,0xA0,0x01,0x00,0x00,0x00,0x00,0x00,
    0x07,0xBE,0xC8,0x21,0x3E,0xE3,0x8D,0x00,0x00,0x00,0x00,0x00,0x00,0x00,0x00,0x00,
    0x00,0x00,0x00,0x00,0x00,0x00,0x00,0x70,0xFF,0xFF,0xFF,0xFF,0xFF,0xFF,0xFF,0xFF,
    0x30,0x00,0x00,0x70,0xFF,0xFF,0xFF,0xFF,0xFF,0xFF,0xFF,0xFF,0x30,0x00,0x00,0x70,
    0xFF,0xFF,0xC0,0x00,0x00,0x00,0x00,0x00,0x00,0x00,0x00,0x70,0xFF,0xFF,0xC0,0x00,
    0x00,0x00,0x00,0x00,0x00,0x00,0x00,0x70,0xFF,0xFF,0xC0,0x00,0x00,0x00,0x00,0x00,
    0x00,0x00,0x00,0x70,0xFF,0xFF,0xFF,0xFF,0xFF,0xFF,0xFF,0xDC,0x00,0x00,0x00,0x70,
    0xFF,0xFF,0xFF,0xFF,0xFF,0xFF,0xFF,0xDC,0x00,0x00,0x00,0x70,0xFF,0xFF,0xC0,0x00,
    0x00,0x00,0x00,0x00,0x00,0x00,0x00,0x70,0xFF,0xFF,0xC0,0x00,0x00,0x00,0x00,0x00,
    0x00,0x00,0x00,0x70,0xFF,0xFF,0xC0,0x00,0x00,0x00,0x00,0x00,0x00,0x00,0x00,0x70,
    0xFF,0xFF,0xFF,0xFF,0xFF,0xFF,0xFF,0xFF,0x60,0x00,0x00,0x70,0xFF,0xFF,0xFF,0xFF,
    0xFF,0xFF,0xFF,0xFF,0x60,0x00,0x00,0x00,0x00,0x00,0x00,0x00,0x00,0x00,0x23,0xED,
    0xE5,0x33,0x00,0x00,0x00,0x00,0x00,0x00,0x00,0x0D,0xD5,0xCF,0x1B,0x00,0x00,0x00,
    0x00,0x08,0xC1,0xF5,0xFA,0xAE,0x03,0x00,0x00,0x00,0x00,0x00,0x04,0xB2,0xD1,0x28,
    0x35,0xDD,0x9C,0x00,0x00,0x00,0x00,0x00,0x00,0x00,0x00,0x00,0x00,0x00,0x00,0x00,
    0x00,0x00,0x00,0x00,0x1F,0x96,0xDC,0xF8,0xF5,0xCC,0x6F,0x04,0x00,0x00,0x00,0x34,
    0xF1,0xFF,0xFF,0xFF,0xFF,0xFF,0xFF,0xBA,0x03,0x00,0x00,0xD4,0xFF,0xF6,0x4C,0x08,
    0x15,0xA5,0xFF,0xFF,0x61,0x00,0x26,0xFF,0xFF,0xFF,0xFF,0xFF,0xFF,0xFF,0xFF,0xFF,
    0xA5,0x00,0x3E,0xFF,0xFF,0xFF,0xFF,0xFF,0xFF,0xFF,0xFF,0xFF,0xB3,0x00,0x28,0xFF,
    0xFF,0xE6,0x01,0x00,0x00,0x00,0x00,0x00,0x00,0x00,0x00,0xD7,0xFF,0xFF,0x99,0x1D,
    0x09,0x26,0x59,0xB6,0x40,0x00,0x00,0x38,0xF2,0xFF,0xFF,0xFF,0xFF,0xFF,0xFF,0xFF,
    0x44,0x00,0x00,0x00,0x20,0x94,0xDA,0xF8,0xF2,0xD4,0xA0,0x46,0x03,0x00,0x00,0x00,
    0x00,0x00,0x00,0x00,0x14,0xC4,0xFE,0x51,0x00,0x00,0x00,0x00,0x00,0x00,0x00,0x00,
    0x00,0x07,0xA3,0xF4,0x2E,0x00,0x00,0x00,0x00,0x07,0xBE,0xF5,0xF9,0xB1,0x03,0x00,
    0x00,0x00,0x00,0x00,0x03,0xAE,0xD3,0x2A,0x33,0xDB,0xA0,0x01,0x00,0x00,0x00,0x00,
    0x00,0x00,0x00,0x00,0x00,0x00,0x00,0x00,0x00,0x00,0x00,0x70,0xFF,0xFF,0xFF,0xFF,
    0xFF,0xFF,0xFF,0xFF,0x30,0x00,0x00,0x70,0xFF,0xFF,0xFF,0xFF,0xFF,0xFF,0xFF,0xFF,
    0x30,0x00,0x00,0x70,0xFF,0xFF,0xC0,0x00,0x00,0x00,0x00,0x00,0x00,0x00,0x00,0x70,
    0xFF,0xFF,0xC0,0x00,0x00,0x00,0x00,0x00,0x00,0x00,0x00,0x70,0xFF,0xFF,0xC0,0x00,
    0x00,0x00,0x00,0x00,0x00,0x00,0x00,0x70,0xFF,0xFF,0xFF,0xFF,0xFF,0xFF,0xFF,0xDC,
    0x00,0x00,0x00,0x70,0xFF,0xFF,0xFF,0xFF,0xFF,0xFF,0xFF,0xDC,0x00,0x00,0x00,0x70,
    0xFF,0xFF,0xC0,0x00,0x00,0x00,0x00,0x00,0x00,0x00,0x00,0x70,0xFF,0xFF,0xC0,0x00,
    0x00,0x00,0x00,0x00,0x00,0x00,0x00,0x70,0xFF,0xFF,0xC0,0x00,0x00,0x00,0x00,0x00,
    0x00,0x00,0x00,0x70,0xFF,0xFF,0xFF,0xFF,0xFF,0xFF,0xFF,0xFF,0x60,0x00,0x00,0x70,
    0xFF,0xFF,0xFF,0xFF,0xFF,0xFF,0xFF,0xFF,0x60,0x00,0x00,0x00,0x00,0x00,0x00,0x00,
    0x4A,0xF2,0xDA,0x11,0x00,0x00,0x00,0x00,0x00,0x00,0x00,0x00,0x00,0x2D,0xE1,0xBA,
    0x03,0x00,0x00,0x00,0x00,0x36,0xF3,0xEF,0xFD,0x53,0x00,0x00,0x00,0x00,0x00,0x00,
    0x29,0xEB,0x93,0x08,0x76,0xF4,0x44,0x00,0x00,0x00,0x00,0x00,0x00,0x00,0x00,0x00,
    0x00,0x00,0x00,0x00,0x00,0x00,0x00,0x00,0x1F,0x96,0xDC,0xF8,0xF5,0xCC,0x6F,0x04,
    0x00,0x00,0x00,0x34,0xF1,0xFF,0xFF,0xFF,0xFF,0xFF,0xFF,0xBA,0x03,0x00,0x00,0xD4,
    0xFF,0xF6,0x4C,0x08,0x15,0xA5,0xFF,0xFF,0x61,0x00,0x26,0xFF,0xFF,0xFF,0xFF,0xFF,
    0xFF,0xFF,0xFF,0xFF,0xA5,0x00,0x3E,0xFF,0xFF,0xFF,0xFF,0xFF,0xFF,0xFF,0xFF,0xFF,
    0xB3,0x00,0x28,0xFF,0xFF,0xE6,0x01,0x00,0x00,0x00,0x00,0x00,0x00,0x00,0x00,0xD7,
    0xFF,0xFF,0x99,0x1D,0x09,0x26,0x59,0xB6,0x40,0x00,0x00,0x38,0xF2,0xFF,0xFF,0xFF,
    0xFF,0xFF,0xFF,0xFF,0x44,0x00,0x00,0x00,0x20,0x94,0xDA,0xF8,0xF2,0xD4,0xA0,0x46,
    0x03,0x00,0x00,0x00,0x00,0x00,0x00,0x00,0x00,0x08,0x3A,0x4D,0x26,0x00,0x00,0x00,
    0x00,0x00,0x00,0x00,0x00,0x77,0x9F,0x90,0xE6,0x65,0x00,0x00,0x00,0x00,0x00,0x00,
    0x00,0x00,0x00,0x0B,0xCE,0x8D,0x00,0x00,0x00,0x00,0x00,0x00,0x00,0x00,0x02,0xCE,
    0xC4,0x0F,0x00,0x00,0x00,0x0D,0xCC,0xF2,0xFC,0xA0,0x11,0x88,0x1F,0x00,0x00,0x00,
    0x07,0xBE,0xC8,0x21,0x3E,0xE3,0x8D,0x00,0x00,0x00,0x00,0x00,0x00,0x00,0x00,0x00,
    0x00,0x00,0x00,0x00,0x00,0x00,0x00,0x70,0xFF,0xFF,0xFF,0xFF,0xFF,0xFF,0xFF,0xFF,
    0x30,0x00,0x00,0x70,0xFF,0xFF,0xFF,0xFF,0xFF,0xFF,0xFF,0xFF,0x30,0x00,0x00,0x70,
    0xFF,0xFF,0xC0,0x00,0x00,0x00,0x00,0x00,0x00,0x00,0x00,0x70,0xFF,0xFF,0xC0,0x00,
    0x00,0x00,0x00,0x00,0x00,0x00,0x00,0x70,0xFF,0xFF,0xC0,0x00,0x00,0x00,0x00,0x00,
    0x00,0x00,0x00,0x70,0xFF,0xFF,0xFF,0xFF,0xFF,0xFF,0xFF,0xDC,0x00,0x00,0x00,0x70,
    0xFF,0xFF,0xFF,0xFF,0xFF,0xFF,0xFF,0xDC,0x00,0x00,0x00,0x70,0xFF,0xFF,0xC0,0x00,
    0x00,0x00,0x00,0x00,0x00,0x00,0x00,0x70,0xFF,0xFF,0xC0,0x00,0x00,0x00,0x00,0x00,
    0x00,0x00,0x00,0x70,0xFF,0xFF,0xC0,0x00,0x00,0x00,0x00,0x00,0x00,0x00,0x00,0x70,
    0xFF,0xFF,0xFF,0xFF,0xFF,0xFF,0xFF,0xFF,0x60,0x00,0x00,0x70,0xFF,0xFF,0xFF,0xFF,
    0xFF,0xFF,0xFF,0xFF,0x60,0x00,0x00,0x00,0x00,0x00,0x00,0x00,0x00,0x0C,0x3D,0x4C,
    0x20,0x00,0x00,0x00,0x00,0x00,0x00,0x00,0x00,0x89,0x9A,0x93,0xED,0x4E,0x00,0x00,
    0x00,0x00,0x00,0x00,0x00,0x00,0x00,0x13,0xDE,0x75,0x00,0x00,0x00,0x00,0x00,0x00,
    0x00,0x00,0x0B,0xDC,0xB3,0x07,0x00,0x00,0x00,0x16,0xDB,0xF0,0xFF,0x89,0x1D,0x88,
    0x12,0x00,0x00,0x00,0x0E,0xCF,0xBA,0x17,0x4D,0xEC,0x76,0x00,0x00,0x00,0x00,0x00,
    0x00,0x00,0x00,0x00,0x00,0x00,0x00,0x00,0x00,0x00,0x00,0x00,0x1F,0x96,0xDC,0xF8,
    0xF5,0xCC,0x6F,0x04,0x00,0x00,0x00,0x34,0xF1,0xFF,0xFF,0xFF,0xFF,0xFF,0xFF,0xBA,
    0x03,0x00,0x00,0xD4,0xFF,0xF6,0x4C,0x08,0x15,0xA5,0xFF,0xFF,0x61,0x00,0x26,0xFF,
    0xFF,0xFF,0xFF,0xFF,0xFF,0xFF,0xFF,0xFF,0xA5,0x00,0x3E,0xFF,0xFF,0xFF,0xFF,0xFF,
    0xFF,0xFF,0xFF,0xFF,0xB3,0x00,0x28,0xFF,0xFF,0xE6,0x01,0x00,0x00,0x00,0x00,0x00,
    0x00,0x00,0x00,0xD7,0xFF,0xFF,0x99,0x1D,0x09,0x26,0x59,0xB6,0x40,0x00,0x00,0x38,
    0xF2,0xFF,0xFF,0xFF,0xFF,0xFF,0xFF,0xFF,0x44,0x00,0x00,0x00,0x20,0x94,0xDA,0xF8,
    0xF2,0xD4,0xA0,0x46,0x03,0x00,0x00,0x00,0x00,0x81,0xF1,0xA4,0x1D,0xBE,0x86,0x00,
    0x00,0x00,0x00,0x00,0x0F,0xFA,0xFF,0xFF,0xFF,0xFF,0x60,0x00,0x00,0x00,0x00,0x00,
    0x2F,0xFD,0x20,0x74,0xE9,0xC7,0x0B,0x00,0x00,0x00,0x00,0x00,0x00,0x29,0xEC,0xEF,
    0xFF,0x65,0x00,0x00,0x00,0x00,0x00,0x00,0x1E,0xE3,0xA2,0x0C,0x67,0xF4,0x54,0x00,
    0x00,0x00,0x00,0x00,0x00,0x00,0x00,0x00,0x00,0x00,0x00,0x00,0x00,0x00,0x00,0x70,
    0xFF,0xFF,0xFF,0xFF,0xFF,0xFF,0xFF,0xFF,0x30,0x00,0x00,0x70,0xFF,0xFF,0xFF,0xFF,
    0xFF,0xFF,0xFF,0xFF,0x30,0x00,0x00,0x70,0xFF,0xFF,0xC0,0x00,0x00,0x00,0x00,0x00,
    0x00,0x00,0x00,0x70,0xFF,0xFF,0xC0,0x00,0x00,0x00,0x00,0x00,0x00,0x00,0x00,0x70,
    0xFF,0xFF,0xC0,0x00,0x00,0x00,0x00,0x00,0x00,0x00,0x00,0x70,0xFF,0xFF,0xFF,0xFF,
    0xFF,0xFF,0xFF,0xDC,0x00,0x00,0x00,0x70,0xFF,0xFF,0xFF,0xFF,0xFF,0xFF,0xFF,0xDC,
    0x00,0x00,0x00,0x70,0xFF,0xFF,0xC0,0x00,0x00,0x00,0x00,0x00,0x00,0x00,0x00,0x70,
    0xFF,0xFF,0xC0,0x00,0x00,0x00,0x00,0x00,0x00,0x00,0x00,0x70,0xFF,0xFF,0xC0,0x00,
    0x00,0x00,0x00,0x00,0x00,0x00,0x00,0x70,0xFF,0xFF,0xFF,0xFF,0xFF,0xFF,0xFF,0xFF,
    0x60,0x00,0x00,0x70,0xFF,0xFF,0xFF,0xFF,0xFF,0xFF,0xFF,0xFF,0x60,0x00,0x00,0x00,
    0x00,0x73,0xF1,0xAD,0x21,0xB0,0x96,0x00,0x00,0x00,0x00,0x00,0x05,0xF3,0xFF,0xFF,
    0xFF,0xFF,0x70,0x00,0x00,0x00,0x00,0x00,0x1F,0xFF,0x2B,0x6C,0xE5,0xD0,0x12,0x00,
    0x00,0x00,0x00,0x00,0x00,0x20,0xE5,0xEF,0xFF,0x75,0x00,0x00,0x00,0x00,0x00,0x00,
    0x16,0xDB,0xAD,0x10,0x5B,0xF1,0x62,0x00,0x00,0x00,0x00,0x00,0x00,0x00,0x00,0x00,
    0x00,0x00,0x00,0x00,0x00,0x00,0x00,0x00,0x1F,0x96,0xDC,0xF8,0xF5,0xCC,0x6F,0x04,
    0x00,0x00,0x00,0x34,0xF1,0xFF,0xFF,0xFF,0xFF,0xFF,0xFF,0xBA,0x03,0x00,0x00,0xD4,
    0xFF,0xF6,0x4C,0x08,0x15,0xA5,0xFF,0xFF,0x61,0x00,0x26,0xFF,0xFF,0xFF,0xFF,0xFF,
    0xFF,0xFF,0xFF,0xFF,0xA5,0x00,0x3E,0xFF,0xFF,0xFF,0xFF,0xFF,0xFF,0xFF,0xFF,0xFF,
    0xB3,0x00,0x28,0xFF,0xFF,0xE6,0x01,0x00,0x00,0x00,0x00,0x00,0x00,0x00,0x00,0xD7,
    0xFF,0xFF,0x99,0x1D,0x09,0x26,0x59,0xB6,0x40,0x00,0x00,0x38,0xF2,0xFF,0xFF,0xFF,
    0xFF,0xFF,0xFF,0xFF,0x44,0x00,0x00,0x00,0x20,0x94,0xDA,0xF8,0xF2,0xD4,0xA0,0x46,
    0x03,0x00,0x00,0x00,0x00,0x1C,0xE1,0xEF,0xFF,0x7D,0x00,0x00,0x00,0x00,0x00,0x00,
    0x13,0xD6,0xB2,0x13,0x55,0xF0,0x69,0x00,0x00,0x00,0x00,0x00,0x00,0x00,0x00,0x00,
    0x00,0x00,0x00,0x00,0x00,0x00,0x00,0x70,0xFF,0xFF,0xFF,0xFF,0xFF,0xFF,0xFF,0xFF,
    0x30,0x00,0x00,0x70,0xFF,0xFF,0xFF,0xFF,0xFF,0xFF,0xFF,0xFF,0x30,0x00,0x00,0x70,
    0xFF,0xFF,0xC0,0x00,0x00,0x00,0x00,0x00,0x00,0x00,0x00,0x70,0xFF,0xFF,0xC0,0x00,
    0x00,0x00,0x00,0x00,0x00,0x00,0x00,0x70,0xFF,0xFF,0xC0,0x00,0x00,0x00,0x00,0x00,
    0x00,0x00,0x00,0x70,0xFF,0xFF,0xFF,0xFF,0xFF,0xFF,0xFF,0xDC,0x00,0x00,0x00,0x70,
    0xFF,0xFF,0xFF,0xFF,0xFF,0xFF,0xFF,0xDC,0x00,0x00,0x00,0x70,0xFF,0xFF,0xC0,0x00,
    0x00,0x00,0x00,0x00,0x00,0x00,0x00,0x70,0xFF,0xFF,0xC0,0x00,0x00,0x00,0x00,0x00,
    0x00,0x00,0x00,0x70,0xFF,0xFF,0xC0,0x00,0x00,0x00,0x00,0x00,0x00,0x00,0x00,0x70,
    0xFF,0xFF,0xFF,0xFF,0xFF,0xFF,0xFF,0xFF,0x60,0x00,0x00,0x70,0xFF,0xFF,0xFF,0xFF,
    0xFF,0xFF,0xFF,0xFF,0x60,0x00,0x00,0x00,0x00,0x00,0x00,0x00,0x00,0x00,0x00,0x00,
    0x00,0x00,0x00,0x00,0x00,0x00,0x9C,0xD0,0xD0,0x2D,0x00,0x00,0x00,0x00,0x00,0x00,
    0x00,0x00,0xC0,0xFF,0xFF,0x38,0x00,0x00,0x00,0x00,0x00,0x00,0x00,0x00,0x75,0x9C,
    0x9C,0x22,0x00,0x00,0x00,0x00,0x00,0x00,0x00,0x00,0x4F,0xFF,0xFF,0x66,0x00,0x00,
    0x00,0x00,0x00,0x00,0x00,0x18,0xEB,0xBE,0xAB,0xF5,0x26,0x00,0x00,0x00,0x00,0x00,
    0x01,0xB8,0xCC,0x0D,0x06,0xBB,0xCB,0x05,0x00,0x00,0x00,0x00,0x00,0x00,0x00,0x00,
    0x00,0x00,0x00,0x00,0x00,0x00,0x00,0x00,0x00,0x00,0x00,0x00,0x00,0x00,0x00,0x00,
    0x00,0x00,0x00,0x00,0x1F,0x96,0xDC,0xF8,0xF5,0xCC,0x6F,0x04,0x00,0x00,0x00,0x34,
    0xF1,0xFF,0xFF,0xFF,0xFF,0xFF,0xFF,0xBA,0x03,0x00,0x00,0xD4,0xFF,0xF6,0x4C,0x08,
    0x15,0xA5,0xFF,0xFF,0x61,0x00,0x26,0xFF,0xFF,0xFF,0xFF,0xFF,0xFF,0xFF,0xFF,0xFF,
    0xA5,0x00,0x3E,0xFF,0xFF,0xFF,0xFF,0xFF,0xFF,0xFF,0xFF,0xFF,0xB3,0x00,0x28,0xFF,
    0xFF,0xE6,0x01,0x00,0x00,0x00,0x00,0x00,0x00,0x00,0x00,0xD7,0xFF,0xFF,0x99,0x1D,
    0x09,0x26,0x59,0xB6,0x40,0x00,0x00,0x38,0xF2,0xFF,0xFF,0xFF,0xFF,0xFF,0xFF,0xFF,
    0x44,0x00,0x00,0x00,0x20,0x94,0xDA,0xF8,0xF2,0xD4,0xA0,0x46,0x03,0x00,0x00,0x00,
    0x00,0x00,0x00,0x00,0x00,0x00,0x00,0x00,0x00,0x00,0x00,0x00,0x00,0x00,0x5E,0xD0,
    0xD0,0x6B,0x00,0x00,0x00,0x00,0x00,0x00,0x00,0x00,0x74,0xFF,0xFF,0x84,0x00,0x00,
    0x00,0x00,0x00,0x00,0x00,0x00,0x46,0x9C,0x9C,0x50,0x00,0x00,0x00,0x00,0x00,0x16,
    0x45,0x48,0x11,0x00,0x00,0xB2,0x90,0xA0,0xEF,0x20,0x00,0x00,0x00,0x32,0xFB,0x39,
    0x00,0x00,0x30,0xF4,0x7F,0x00,0x00,0x00,0x3D,0x7A,0x00,0x00,0x00,0x00,0x00,0x00,
    0x00,0x00,0x00,0x70,0xFF,0xFF,0xC0,0x00,0x00,0x70,0xFF,0xFF,0xC0,0x00,0x00,0x70,
    0xFF,0xFF,0xC0,0x00,0x00,0x70,0xFF,0xFF,0xC0,0x00,0x00,0x70,0xFF,0xFF,0xC0,0x00,
    0x00,0x70,0xFF,0xFF,0xC0,0x00,0x00,0x70,0xFF,0xFF,0xC0,0x00,0x00,0x70,0xFF,0xFF,
    0xC0,0x00,0x00,0x70,0xFF,0xFF,0xC0,0x00,0x00,0x70,0xFF,0xFF,0xC0,0x00,0x00,0x70,
    0xFF,0xFF,0xC0,0x00,0x00,0x70,0xFF,0xFF,0xC0,0x00,0x00,0x23,0x4B,0x40,0x06,0x00,
    0x1A,0xBD,0x8C,0xB9,0xD3,0x01,0x00,0x00,0x00,0x6A,0xF6,0x07,0x00,0x00,0x61,0xF5,
    0x4C,0x00,0x00,0x00,0x5C,0x5A,0x00,0x00,0x00,0x00,0x00,0x00,0x00,0x00,0x00,0x94,
    0xFF,0xFF,0x68,0x00,0x00,0x94,0xFF,0xFF,0x68,0x00,0x00,0x94,0xFF,0xFF,0x68,0x00,
    0x00,0x94,0xFF,0xFF,0x68,0x00,0x00,0x94,0xFF,0xFF,0x68,0x00,0x00,0x94,0xFF,0xFF,
    0x68,0x00,0x00,0x94,0xFF,0xFF,0x68,0x00,0x00,0x94,0xFF,0xFF,0x68,0x00,0x00,0x94,
    0xFF,0xFF,0x68,0x00,0x00,0x70,0xFF,0xFF,0xC0,0x00,0x00,0x70,0xFF,0xFF,0xC0,0x00,
    0x00,0x70,0xFF,0xFF,0xC0,0x00,0x00,0x70,0xFF,0xFF,0xC0,0x00,0x00,0x70,0xFF,0xFF,
    0xC0,0x00,0x00,0x70,0xFF,0xFF,0xC0,0x00,0x00,0x70,0xFF,0xFF,0xC0,0x00,0x00,0x70,
    0xFF,0xFF,0xC0,0x00,0x00,0x70,0xFF,0xFF,0xC0,0x00,0x00,0x70,0xFF,0xFF,0xC0,0x00,
    0x00,0x70,0xFF,0xFF,0xC0,0x00,0x00,0x70,0xFF,0xFF,0xC0,0x00,0x00,0x00,0x00,0x00,
    0x00,0x00,0x00,0x47,0xD0,0xD0,0x82,0x00,0x00,0x58,0xFF,0xFF,0xA0,0x00,0x00,0x35,
    0x9C,0x9C,0x61,0x00,0x00,0x94,0xFF,0xFF,0x68,0x00,0x00,0x94,0xFF,0xFF,0x68,0x00,
    0x00,0x94,0xFF,0xFF,0x68,0x00,0x00,0x00,0x00,0x00,0x00,0x00,0x00,0x94,0xFF,0xFF,
    0x68,0x00,0x00,0x94,0xFF,0xFF,0x68,0x00,0x00,0x94,0xFF,0xFF,0x68,0x00,0x00,0x94,
    0xFF,0xFF,0x68,0x00,0x00,0x94,0xFF,0xFF,0x68,0x00,0x00,0x94,0xFF,0xFF,0x68,0x00,
    0x00,0x94,0xFF,0xFF,0x68,0x00,0x00,0x94,0xFF,0xFF,0x68,0x00,0x00,0x94,0xFF,0xFF,
    0x68,0x00,0x00,0x00,0x00,0x00,0x00,0x00,0x00,0x7B,0xD0,0xD0,0x4E,0x00,0x00,0x98,
    0xFF,0xFF,0x60,0x00,0x00,0x5C,0x9C,0x9C,0x3A,0x00,0x00,0x00,0x00,0x20,0x8D,0xD2,
    0xF2,0xF9,0xE5,0xB0,0x50,0x00,0x00,0x00,0x00,0x00,0x57,0xF5,0xFF,0xFF,0xFF,0xFF,
    0xFF,0xFF,0xFF,0xB1,0x08,0x00,0x00,0x35,0xFA,0xFF,0xFF,0x8F,0x1A,0x08,0x4A,0xE6,
    0xFF,0xFF,0x9C,0x00,0x00,0xB5,0xFF,0xFF,0xBC,0x00,0x00,0x00,0x00,0x4C,0xFF,0xFF,
    0xFE,0x25,0x06,0xF8,0xFF,0xFF,0x59,0x00,0x00,0x00,0x00,0x00,0xE5,0xFF,0xFF,0x6D,
    0x1E,0xFF,0xFF,0xFF,0x37,0x00,0x00,0x00,0x00,0x00,0xC3,0xFF,0xFF,0x8D,0x1E,0xFF,
    0xFF,0xFF,0x36,0x00,0x00,0x00,0x00,0x00,0xC4,0xFF,0xFF,0x8C,0x06,0xF8,0xFF,0xFF,
    0x59,0x00,0x00,0x00,0x00,0x00,0xE5,0xFF,0xFF,0x6D,0x00,0xB5,0xFF,0xFF,0xBC,0x00,
    0x00,0x00,0x00,0x4C,0xFF,0xFF,0xFE,0x25,0x00,0x35,0xFA,0xFF,0xFF,0x8E,0x19,0x07,
    0x49,0xE6,0xFF,0xFF,0x9D,0x00,0x00,0x00,0x58,0xF6,0xFF,0xFF,0xFF,0xFF,0xFF,0xFF,
    0xFF,0xB1,0x08,0x00,0x00,0x00,0x00,0x21,0x8E,0xD3,0xF4,0xFA,0xE6,0xB1,0x51,0x01,
    0x00,0x00,0x00,0x00,0x00,0x00,0x00,0x00,0x00,0x00,0x00,0x00,0x00,0x00,0x00,0x00,
    0x00,0x00,0x00,0x00,0x00,0x3A,0xD0,0xD0,0x8F,0x00,0x00,0x00,0x00,0x00,0x00,0x00,
    0x00,0x00,0x00,0x48,0xFF,0xFF,0xB0,0x00,0x00,0x00,0x00,0x00,0x00,0x00,0x00,0x00,
    0x00,0x2B,0x9C,0x9C,0x6B,0x00,0x00,0x00,0x00,0x00,0x00,0x00,0x21,0x99,0xDD,0xF8,
    0xF4,0xCE,0x78,0x08,0x00,0x00,0x00,0x37,0xF2,0xFF,0xFF,0xFF,0xFF,0xFF,0xFF,0xCC,
    0x0D,0x00,0x00,0xD6,0xFF,0xFF,0x91,0x12,0x24,0xCC,0xFF,0xFF,0x86,0x00,0x28,0xFF,
    0xFF,0xF4,0x07,0x00,0x00,0x4B,0xFF,0xFF,0xD6,0x00,0x3F,0xFF,0xFF,0xDB,0x00,0x00,
    0x00,0x2C,0xFF,0xFF,0xEE,0x00,0x28,0xFF,0xFF,0xF4,0x07,0x00,0x00,0x4B,0xFF,0xFF,
    0xD7,0x00,0x00,0xD7,0xFF,0xFF,0x91,0x11,0x24,0xCC,0xFF,0xFF,0x87,0x00,0x00,0x39,
    0xF3,0xFF,0xFF,0xFF,0xFF,0xFF,0xFF,0xCE,0x0E,0x00,0x00,0x00,0x23,0x9A,0xDF,0xF9,
    0xF5,0xD0,0x7B,0x09,0x00,0x00,0x00,0x00,0x00,0x00,0x00,0x00,0x00,0x00,0x00,0x00,
    0x00,0x00,0x00,0x00,0x00,0x00,0x85,0xD0,0xD0,0x44,0x00,0x00,0x00,0x00,0x00,0x00,
    0x00,0x00,0xA4,0xFF,0xFF,0x54,0x00,0x00,0x00,0x00,0x00,0x00,0x00,0x00,0x63,0x9C,
    0x9C,0x33,0x00,0x00,0x00,0x00,0x00,0x00,0x00,0x00,0x00,0x12,0x43,0x49,0x16,0x00,
    0x00,0x00,0x00,0x00,0x00,0x00,0x00,0x00,0x00,0xA4,0x93,0x9A,0xF1,0x2E,0x00,0x00,
    0x00,0x00,0x00,0x00,0x00,0x00,0x00,0x00,0x00,0x25,0xF4,0x4D,0x00,0x00,0x00,0x00,
    0x00,0x00,0x00,0x00,0x00,0x00,0x22,0xEE,0x92,0x00,0x00,0x00,0x00,0x00,0x00,0x00,
    0x00,0x00,0x00,0x00,0x32,0x84,0x00,0x00,0x00,0x00,0x00,0x00,0x00,0x00,0x00,0x00,
    0x00,0x00,0x00,0x00,0x00,0x00,0x00,0x00,0x00,0x00,0x00,0x00,0x00,0x20,0x8D,0xD2,
    0xF2,0xF9,0xE5,0xB0,0x50,0x00,0x00,0x00,0x00,0x00,0x57,0xF5,0xFF,0xFF,0xFF,0xFF,
    0xFF,0xFF,0xFF,0xB1,0x08,0x00,0x00,0x35,0xFA,0xFF,0xFF,0x8F,0x1A,0x08,0x4A,0xE6,
    0xFF,0xFF,0x9C,0x00,0x00,0xB5,0xFF,0xFF,0xBC,0x00,0x00,0x00,0x00,0x4C,0xFF,0xFF,
    0xFE,0x25,0x06,0xF8,0xFF,0xFF,0x59,0x00,0x00,0x00,0x00,0x00,0xE5,0xFF,0xFF,0x6D,
    0x1E,0xFF,0xFF,0xFF,0x37,0x00,0x00,0x00,0x00,0x00,0xC3,0xFF,0xFF,0x8D,0x1E,0xFF,
    0xFF,0xFF,0x36,0x00,0x00,0x00,0x00,0x00,0xC4,0xFF,0xFF,0x8C,0x06,0xF8,0xFF,0xFF,
    0x59,0x00,0x00,0x00,0x00,0x00,0xE5,0xFF,0xFF,0x6D,0x00,0xB5,0xFF,0xFF,0xBC,0x00,
    0x00,0x00,0x00,0x4C,0xFF,0xFF,0xFE,0x25,0x00,0x35,0xFA,0xFF,0xFF,0x8E,0x19,0x07,
    0x49,0xE6,0xFF,0xFF,0x9D,0x00,0x00,0x00,0x58,0xF6,0xFF,0xFF,0xFF,0xFF,0xFF,0xFF,
    0xFF,0xB1,0x08,0x00,0x00,0x00,0x00,0x21,0x8E,0xD3,0xF4,0xFA,0xE6,0xB1,0x51,0x01,
    0x00,0x00,0x00,0x00,0x00,0x00,0x26,0x4B,0x3D,0x04,0x00,0x00,0x00,0x00,0x00,0x00,
    0x00,0x25,0xB9,0x8C,0xBE,0xC9,0x00,0x00,0x00,0x00,0x00,0x00,0x00,0x00,0x00,0x00,
    0x76,0xEF,0x02,0x00,0x00,0x00,0x00,0x00,0x00,0x00,0x00,0x6C,0xF2,0x44,0x00,0x00,
    0x00,0x00,0x00,0x00,0x00,0x00,0x00,0x63,0x54,0x00,0x00,0x00,0x00,0x00,0x00,0x00,
    0x00,0x00,0x00,0x00,0x00,0x00,0x00,0x00,0x00,0x00,0x00,0x00,0x21,0x99,0xDD,0xF8,
    0xF4,0xCE,0x78,0x08,0x00,0x00,0x00,0x37,0xF2,0xFF,0xFF,0xFF,0xFF,0xFF,0xFF,0xCC,
    0x0D,0x00,0x00,0xD6,0xFF,0xFF,0x91,0x12,0x24,0xCC,0xFF,0xFF,0x86,0x00,0x28,0xFF,
    0xFF,0xF4,0x07,0x00,0x00,0x4B,0xFF,0xFF,0xD6,0x00,0x3F,0xFF,0xFF,0xDB,0x00,0x00,
    0x00,0x2C,0xFF,0xFF,0xEE,0x00,0x28,0xFF,0xFF,0xF4,0x07,0x00,0x00,0x4B,0xFF,0xFF,
    0xD7,0x00,0x00,0xD7,0xFF,0xFF,0x91,0x11,0x24,0xCC,0xFF,0xFF,0x87,0x00,0x00,0x39,
    0xF3,0xFF,0xFF,0xFF,0xFF,0xFF,0xFF,0xCE,0x0E,0x00,0x00,0x00,0x23,0x9A,0xDF,0xF9,
    0xF5,0xD0,0x7B,0x09,0x00,0x00,0x00,0x00,0x00,0x00,0x00,0x00,0x00,0x00,0x00,0x02,
    0xB6,0xFD,0x73,0x00,0x00,0x00,0x00,0x00,0x00,0x00,0x00,0x00,0x00,0x8B,0xF4,0x4E,
    0x00,0x00,0x00,0x00,0x00,0x00,0x00,0x72,0xFF,0xEF,0xE6,0x22,0x00,0x00,0x00,0x00,
    0x00,0x00,0x00,0x00,0x5E,0xF2,0x5E,0x0F,0xAA,0xDC,0x18,0x00,0x00,0x00,0x00,0x00,
    0x00,0x00,0x00,0x00,0x00,0x00,0x00,0x00,0x00,0x00,0x00,0x00,0x00,0x00,0x00,0x20,
    0x8D,0xD2,0xF2,0xF9,0xE5,0xB0,0x50,0x00,0x00,0x00,0x00,0x00,0x57,0xF5,0xFF,0xFF,
    0xFF,0xFF,0xFF,0xFF,0xFF,0xB1,0x08,0x00,0x00,0x35,0xFA,0xFF,0xFF,0x8F,0x1A,0x08,
    0x4A,0xE6,0xFF,0xFF,0x9C,0x00,0x00,0xB5,0xFF,0xFF,0xBC,0x00,0x00,0x00,0x00,0x4C,
    0xFF,0xFF,0xFE,0x25,0x06,0xF8,0xFF,0xFF,0x59,0x00,0x00,0x00,0x00,0x00,0xE5,0xFF,
    0xFF,0x6D,0x1E,0xFF,0xFF,0xFF,0x37,0x00,0x00,0x00,0x00,0x00,0xC3,0xFF,0xFF,0x8D,
    0x1E,0xFF,0xFF,0xFF,0x36,0x00,0x00,0x00,0x00,0x00,0xC4,0xFF,0xFF,0x8C,0x06,0xF8,
    0xFF,0xFF,0x59,0x00,0x00,0x00,0x00,0x00,0xE5,0xFF,0xFF,0x6D,0x00,0xB5,0xFF,0xFF,
    0xBC,0x00,0x00,0x00,0x00,0x4C,0xFF,0xFF,0xFE,0x25,0x00,0x35,0xFA,0xFF,0xFF,0x8E,
    0x19,0x07,0x49,0xE6,0xFF,0xFF,0x9D,0x00,0x00,0x00,0x58,0xF6,0xFF,0xFF,0xFF,0xFF,
    0xFF,0xFF,0xFF,0xB1,0x08,0x00,0x00,0x00,0x00,0x21,0x8E,0xD3,0xF4,0xFA,0xE6,0xB1,
    0x51,0x01,0x00,0x00,0x00,0x00,0x00,0x00,0x00,0x00,0x00,0x00,0x3E,0xFA,0xD2,0x1E,
    0x00,0x00,0x00,0x00,0x00,0x00,0x00,0x1F,0xEB,0xB5,0x0D,0x00,0x00,0x00,0x00,0x16,
    0xDB,0xF0,0xFF,0x89,0x00,0x00,0x00,0x00,0x00,0x00,0x0E,0xCF,0xBA,0x17,0x4D,0xEC,
    0x76,0x00,0x00,0x00,0x00,0x00,0x00,0x00,0x00,0x00,0x00,0x00,0x00,0x00,0x00,0x00,
    0x00,0x00,0x21,0x99,0xDD,0xF8,0xF4,0xCE,0x78,0x08,0x00,0x00,0x00,0x37,0xF2,0xFF,
    0xFF,0xFF,0xFF,0xFF,0xFF,0xCC,0x0D,0x00,0x00,0xD6,0xFF,0xFF,0x91,0x12,0x24,0xCC,
    0xFF,0xFF,0x86,0x00,0x28,0xFF,0xFF,0xF4,0x07,0x00,0x00,0x4B,0xFF,0xFF,0xD6,0x00,
    0x3F,0xFF,0xFF,0xDB,0x00,0x00,0x00,0x2C,0xFF,0xFF,0xEE,0x00,0x28,0xFF,0xFF,0xF4,
    0x07,0x00,0x00,0x4B,0xFF,0xFF,0xD7,0x00,0x00,0xD7,0xFF,0xFF,0x91,0x11,0x24,0xCC,
    0xFF,0xFF,0x87,0x00,0x00,0x39,0xF3,0xFF,0xFF,0xFF,0xFF,0xFF,0xFF,0xCE,0x0E,0x00,
    0x00,0x00,0x23,0x9A,0xDF,0xF9,0xF5,0xD0,0x7B,0x09,0x00,0x00,0x00,0x00,0x00,0x00,
    0x00,0x00,0x00,0x01,0x81,0xFF,0xA7,0x00,0x00,0x00,0x00,0x00,0x00,0x00,0x00,0x00,
    0x00,0x00,0x00,0x5B,0xF8,0x7A,0x00,0x00,0x00,0x00,0x00,0x00,0x00,0x6E,0xFF,0xEF,
    0xE8,0x24,0x00,0x00,0x00,0x00,0x00,0x00,0x00,0x00,0x5B,0xF3,0x61,0x0E,0xA7,0xDF,
    0x1A,0x00,0x00,0x00,0x00,0x00,0x00,0x00,0x00,0x00,0x00,0x00,0x00,0x00,0x00,0x00,
    0x00,0x00,0x00,0x00,0x00,0x20,0x8D,0xD2,0xF2,0xF9,0xE5,0xB0,0x50,0x00,0x00,0x00,
    0x00,0x00,0x57,0xF5,0xFF,0xFF,0xFF,0xFF,0xFF,0xFF,0xFF,0xB1,0x08,0x00,0x00,0x35,
    0xFA,0xFF,0xFF,0x8F,0x1A,0x08,0x4A,0xE6,0xFF,0xFF,0x9C,0x00,0x00,0xB5,0xFF,0xFF,
    0xBC,0x00,0x00,0x00,0x00,0x4C,0xFF,0xFF,0xFE,0x25,0x06,0xF8,0xFF,0xFF,0x59,0x00,
    0x00,0x00,0x00,0x00,0xE5,0xFF,0xFF,0x6D,0x1E,0xFF,0xFF,0xFF,0x37,0x00,0x00,0x00,
    0x00,0x00,0xC3,0xFF,0xFF,0x8D,0x1E,0xFF,0xFF,0xFF,0x36,0x00,0x00,0x00,0x00,0x00,
    0xC4,0xFF,0xFF,0x8C,0x06,0xF8,0xFF,0xFF,0x59,0x00,0x00,0x00,0x00,0x00,0xE5,0xFF,
    0xFF,0x6D,0x00,0xB5,0xFF,0xFF,0xBC,0x00,0x00,0x00,0x00,0x4C,0xFF,0xFF,0xFE,0x25,
    0x00,0x35,0xFA,0xFF,0xFF,0x8E,0x19,0x07,0x49,0xE6,0xFF,0xFF,0x9D,0x00,0x00,0x00,
    0x58,0xF6,0xFF,0xFF,0xFF,0xFF,0xFF,0xFF,0xFF,0xB1,0x08,0x00,0x00,0x00,0x00,0x21,
    0x8E,0xD3,0xF4,0xFA,0xE6,0xB1,0x51,0x01,0x00,0x00,0x00,0x00,0x00,0x00,0x00,0x00,
    0x28,0xDD,0xF4,0x2F,0x00,0x00,0x00,0x00,0x00,0x00,0x00,0x00,0x00,0x14,0xC3,0xE0,
    0x15,0x00,0x00,0x00,0x00,0x16,0xDB,0xF0,0xFF,0x89,0x00,0x00,0x00,0x00,0x00,0x00,
    0x0E,0xCF,0xBA,0x17,0x4D,0xEC,0x76,0x00,0x00,0x00,0x00,0x00,0x00,0x00,0x00,0x00,
    0x00,0x00,0x00,0x00,0x00,0x00,0x00,0x00,0x21,0x99,0xDD,0xF8,0xF4,0xCE,0x78,0x08,
    0x00,0x00,0x00,0x37,0xF2,0xFF,0xFF,0xFF,0xFF,0xFF,0xFF,0xCC,0x0D,0x00,0x00,0xD6,
    0xFF,0xFF,0x91,0x12,0x24,0xCC,0xFF,0xFF,0x86,0x00,0x28,0xFF,0xFF,0xF4,0x07,0x00,
    0x00,0x4B,0xFF,0xFF,0xD6,0x00,0x3F,0xFF,0xFF,0xDB,0x00,0x00,0x00,0x2C,0xFF,0xFF,
    0xEE,0x00,0x28,0xFF,0xFF,0xF4,0x07,0x00,0x00,0x4B,0xFF,0xFF,0xD7,0x00,0x00,0xD7,
    0xFF,0xFF,0x91,0x11,0x24,0xCC,0xFF,0xFF,0x87,0x00,0x00,0x39,0xF3,0xFF,0xFF,0xFF,
    0xFF,0xFF,0xFF,0xCE,0x0E,0x00,0x00,0x00,0x23,0x9A,0xDF,0xF9,0xF5,0xD0,0x7B,0x09,
    0x00,0x00,0x00,0x00,0x00,0x00,0x00,0x00,0x00,0x00,0x01,0x29,0x4C,0x3B,0x03,0x00,
    0x00,0x00,0x00,0x00,0x00,0x00,0x00,0x00,0x2F,0xB5,0x8C,0xC3,0xBD,0x00,0x00,0x00,
    0x00,0x00,0x00,0x00,0x00,0x00,0x00,0x00,0x00,0x82,0xE5,0x00,0x00,0x00,0x00,0x00,
    0x00,0x00,0x00,0x00,0x00,0x00,0x78,0xEE,0x3C,0x00,0x00,0x00,0x00,0x00,0x00,0x83,
    0xFF,0xEF,0xDF,0x1A,0x69,0x4E,0x00,0x00,0x00,0x00,0x00,0x00,0x6D,0xEF,0x52,0x14,
    0xB5,0xD3,0x11,0x00,0x00,0x00,0x00,0x00,0x00,0x00,0x00,0x00,0x00,0x00,0x00,0x00,
    0x00,0x00,0x00,0x00,0x00,0x00,0x00,0x20,0x8D,0xD2,0xF2,0xF9,0xE5,0xB0,0x50,0x00,
    0x00,0x00,0x00,0x00,0x57,0xF5,0xFF,0xFF,0xFF,0xFF,0xFF,0xFF,0xFF,0xB1,0x08,0x00,
    0x00,0x35,0xFA,0xFF,0xFF,0x8F,0x1A,0x08,0x4A,0xE6,0xFF,0xFF,0x9C,0x00,0x00,0xB5,
    0xFF,0xFF,0xBC,0x00,0x00,0x00,0x00,0x4C,0xFF,0xFF,0xFE,0x25,0x06,0xF8,0xFF,0xFF,
    0x59,0x00,0x00,0x00,0x00,0x00,0xE5,0xFF,0xFF,0x6D,0x1E,0xFF,0xFF,0xFF,0x37,0x00,
    0x00,0x00,0x00,0x00,0xC3,0xFF,0xFF,0x8D,0x1E,0xFF,0xFF,0xFF,0x36,0x00,0x00,0x00,
    0x00,0x00,0xC4,0xFF,0xFF,0x8C,0x06,0xF8,0xFF,0xFF,0x59,0x00,0x00,0x00,0x00,0x00,
    0xE5,0xFF,0xFF,0x6D,0x00,0xB5,0xFF,0xFF,0xBC,0x00,0x00,0x00,0x00,0x4C,0xFF,0xFF,
    0xFE,0x25,0x00,0x35,0xFA,0xFF,0xFF,0x8E,0x19,0x07,0x49,0xE6,0xFF,0xFF,0x9D,0x00,
    0x00,0x00,0x58,0xF6,0xFF,0xFF,0xFF,0xFF,0xFF,0xFF,0xFF,0xB1,0x08,0x00,0x00,0x00,
    0x00,0x21,0x8E,0xD3,0xF4,0xFA,0xE6,0xB1,0x51,0x01,0x00,0x00,0x00,0x00,0x00,0x00,
    0x00,0x00,0x00,0x09,0x3A,0x4C,0x25,0x00,0x00,0x00,0x00,0x00,0x00,0x00,0x00,0x7A,
    0x9E,0x91,0xE7,0x61,0x00,0x00,0x00,0x00,0x00,0x00,0x00,0x00,0x00,0x0C,0xD1,0x89,
    0x00,0x00,0x00,0x00,0x00,0x00,0x00,0x00,0x03,0xD1,0xC1,0x0D,0x00,0x00,0x00,0x0F,
    0xCF,0xF2,0xFD,0x9C,0x13,0x88,0x1D,0x00,0x00,0x00,0x08,0xC1,0xC6,0x1F,0x40,0xE5,
    0x89,0x00,0x00,0x00,0x00,0x00,0x00,0x00,0x00,0x00,0x00,0x00,0x00,0x00,0x00,0x00,
    0x00,0x00,0x21,0x99,0xDD,0xF8,0xF4,0xCE,0x78,0x08,0x00,0x00,0x00,0x37,0xF2,0xFF,
    0xFF,0xFF,0xFF,0xFF,0xFF,0xCC,0x0D,0x00,0x00,0xD6,0xFF,0xFF,0x91,0x12,0x24,0xCC,
    0xFF,0xFF,0x86,0x00,0x28,0xFF,0xFF,0xF4,0x07,0x00,0x00,0x4B,0xFF,0xFF,0xD6,0x00,
    0x3F,0xFF,0xFF,0xDB,0x00,0x00,0x00,0x2C,0xFF,0xFF,0xEE,0x00,0x28,0xFF,0xFF,0xF4,
    0x07,0x00,0x00,0x4B,0xFF,0xFF,0xD7,0x00,0x00,0xD7,0xFF,0xFF,0x91,0x11,0x24,0xCC,
    0xFF,0xFF,0x87,0x00,0x00,0x39,0xF3,0xFF,0xFF,0xFF,0xFF,0xFF,0xFF,0xCE,0x0E,0x00,
    0x00,0x00,0x23,0x9A,0xDF,0xF9,0xF5,0xD0,0x7B,0x09,0x00,0x00,0x00,0x00,0x00,0x00,
    0x18,0xD6,0xDF,0x60,0x39,0xFF,0x12,0x00,0x00,0x00,0x00,0x00,0x00,0x00,0x7D,0xFF,
    0xFF,0xFF,0xFF,0xEB,0x00,0x00,0x00,0x00,0x00,0x00,0x00,0x00,0xA3,0x9E,0x2D,0xB5,
    0xF2,0x68,0x00,0x00,0x00,0x00,0x00,0x00,0x00,0x00,0x00,0x8A,0xFF,0xF0,0xDA,0x16,
    0x00,0x00,0x00,0x00,0x00,0x00,0x00,0x00,0x75,0xEC,0x4D,0x17,0xBA,0xCE,0x0E,0x00,
    0x00,0x00,0x00,0x00,0x00,0x00,0x00,0x00,0x00,0x00,0x00,0x00,0x00,0x00,0x00,0x00,
    0x00,0x00,0x00,0x20,0x8D,0xD2,0xF2,0xF9,0xE5,0xB0,0x50,0x00,0x00,0x00,0x00,0x00,
    0x57,0xF5,0xFF,0xFF,0xFF,0xFF,0xFF,0xFF,0xFF,0xB1,0x08,0x00,0x00,0x35,0xFA,0xFF,
    0xFF,0x8F,0x1A,0x08,0x4A,0xE6,0xFF,0xFF,0x9C,0x00,0x00,0xB5,0xFF,0xFF,0xBC,0x00,
    0x00,0x00,0x00,0x4C,0xFF,0xFF,0xFE,0x25,0x06,0xF8,0xFF,0xFF,0x59,0x00,0x00,0x00,
    0x00,0x00,0xE5,0xFF,0xFF,0x6D,0x1E,0xFF,0xFF,0xFF,0x37,0x00,0x00,0x00,0x00,0x00,
    0xC3,0xFF,0xFF,0x8D,0x1E,0xFF,0xFF,0xFF,0x36,0x00,0x00,0x00,0x00,0x00,0xC4,0xFF,
    0xFF,0x8C,0x06,0xF8,0xFF,0xFF,0x59,0x00,0x00,0x00,0x00,0x00,0xE5,0xFF,0xFF,0x6D,
    0x00,0xB5,0xFF,0xFF,0xBC,0x00,0x00,0x00,0x00,0x4C,0xFF,0xFF,0xFE,0x25,0x00,0x35,
    0xFA,0xFF,0xFF,0x8E,0x19,0x07,0x49,0xE6,0xFF,0xFF,0x9D,0x00,0x00,0x00,0x58,0xF6,
    0xFF,0xFF,0xFF,0xFF,0xFF,0xFF,0xFF,0xB1,0x08,0x00,0x00,0x00,0x00,0x21,0x8E,0xD3,
    0xF4,0xFA,0xE6,0xB1,0x51,0x01,0x00,0x00,0x00,0x00,0x00,0x5E,0xEF,0xB8,0x2A,0x99,
    0xAE,0x00,0x00,0x00,0x00,0x00,0x00,0xE1,0xFF,0xFF,0xFF,0xFF,0x88,0x00,0x00,0x00,
    0x00,0x00,0x07,0xFF,0x3F,0x5E,0xDE,0xDC,0x1E,0x00,0x00,0x00,0x00,0x00,0x00,0x15,
    0xD8,0xF0,0xFE,0x8D,0x00,0x00,0x00,0x00,0x00,0x00,0x0D,0xCC,0xBD,0x19,0x4A,0xEB,
    0x79,0x00,0x00,0x00,0x00,0x00,0x00,0x00,0x00,0x00,0x00,0x00,0x00,0x00,0x00,0x00,
    0x00,0x00,0x21,0x99,0xDD,0xF8,0xF4,0xCE,0x78,0x08,0x00,0x00,0x00,0x37,0xF2,0xFF,
    0xFF,0xFF,0xFF,0xFF,0xFF,0xCC,0x0D,0x00,0x00,0xD6,0xFF,0xFF,0x91,0x12,0x24,0xCC,
    0xFF,0xFF,0x86,0x00,0x28,0xFF,0xFF,0xF4,0x07,0x00,0x00,0x4B,0xFF,0xFF,0xD6,0x00,
    0x3F,0xFF,0xFF,0xDB,0x00,0x00,0x00,0x2C,0xFF,0xFF,0xEE,0x00,0x28,0xFF,0xFF,0xF4,
    0x07,0x00,0x00,0x4B,0xFF,0xFF,0xD7,0x00,0x00,0xD7,0xFF,0xFF,0x91,0x11,0x24,0xCC,
    0xFF,0xFF,0x87,0x00,0x00,0x39,0xF3,0xFF,0xFF,0xFF,0xFF,0xFF,0xFF,0xCE,0x0E,0x00,
    0x00,0x00,0x23,0x9A,0xDF,0xF9,0xF5,0xD0,0x7B,0x09,0x00,0x00,0x00,0x00,0x00,0x00,
    0x04,0xB5,0xF8,0xF6,0xBA,0x06,0x00,0x00,0x00,0x00,0x00,0x00,0x00,0x01,0xA4,0xD9,
    0x30,0x2C,0xD5,0xAA,0x02,0x00,0x00,0x00,0x00,0x00,0x00,0x00,0x00,0x00,0x00,0x00,
    0x00,0x00,0x00,0x00,0x00,0x00,0x00,0x00,0x00,0x20,0x8D,0xD2,0xF2,0xF9,0xE5,0xB0,
    0x50,0x00,0x00,0x00,0x00,0x00,0x57,0xF5,0xFF,0xFF,0xFF,0xFF,0xFF,0xFF,0xFF,0xB1,
    0x08,0x00,0x00,0x35,0xFA,0xFF,0xFF,0x8F,0x1A,0x08,0x4A,0xE6,0xFF,0xFF,0x9C,0x00,
    0x00,0xB5,0xFF,0xFF,0xBC,0x00,0x00,0x00,0x00,0x4C,0xFF,0xFF,0xFE,0x25,0x06,0xF8,
    0xFF,0xFF,0x59,0x00,0x00,0x00,0x00,0x00,0xE5,0xFF,0xFF,0x6D,0x1E,0xFF,0xFF,0xFF,
    0x37,0x00,0x00,0x00,0x00,0x00,0xC3,0xFF,0xFF,0x8D,0x1E,0xFF,0xFF,0xFF,0x36,0x00,
    0x00,0x00,0x00,0x00,0xC4,0xFF,0xFF,0x8C,0x06,0xF8,0xFF,0xFF,0x59,0x00,0x00,0x00,
    0x00,0x00,0xE5,0xFF,0xFF,0x6D,0x00,0xB5,0xFF,0xFF,0xBC,0x00,0x00,0x00,0x00,0x4C,
    0xFF,0xFF,0xFE,0x25,0x00,0x35,0xFA,0xFF,0xFF,0x8E,0x19,0x07,0x49,0xE6,0xFF,0xFF,
    0x9D,0x00,0x00,0x00,0x58,0xF6,0xFF,0xFF,0xFF,0xFF,0xFF,0xFF,0xFF,0xB1,0x08,0x00,
    0x00,0x00,0x00,0x21,0x8E,0xD3,0xF4,0xFA,0xE6,0xB1,0x51,0x01,0x00,0x00,0x00,0x00,
    0x00,0x00,0x00,0x00,0x00,0x00,0x00,0x00,0x00,0x00,0x00,0x00,0x00,0x00,0x00,0x00,
    0x00,0x3A,0xD0,0xD0,0x8F,0x00,0x00,0x00,0x00,0x00,0x00,0x00,0x00,0x00,0x00,0x48,
    0xFF,0xFF,0xB0,0x00,0x00,0x00,0x00,0x00,0x00,0x00,0x00,0x00,0x00,0x2B,0x9C,0x9C,
    0x6B,0x00,0x00,0x00,0x00,0x00,0x00,0x00,0x00,0x00,0x87,0xFF,0xFA,0x33,0x00,0x00,
    0x00,0x00,0x00,0x00,0x00,0x3E,0xFD,0x95,0xD4,0xD8,0x0A,0x00,0x00,0x00,0x00,0x00,
    0x0F,0xE1,0xA1,0x01,0x1A,0xDF,0x99,0x00,0x00,0x00,0x00,0x00,0x00,0x00,0x00,0x00,
    0x00,0x00,0x00,0x00,0x00,0x00,0x00,0x00,0x00,0x00,0x00,0x00,0x00,0x00,0x00,0x00,
    0x00,0x00,0x00,0x00,0x21,0x99,0xDD,0xF8,0xF4,0xCE,0x78,0x08,0x00,0x00,0x00,0x37,
    0xF2,0xFF,0xFF,0xFF,0xFF,0xFF,0xFF,0xCC,0x0D,0x00,0x00,0xD6,0xFF,0xFF,0x91,0x12,
    0x24,0xCC,0xFF,0xFF,0x86,0x00,0x28,0xFF,0xFF,0xF4,0x07,0x00,0x00,0x4B,0xFF,0xFF,
    0xD6,0x00,0x3F,0xFF,0xFF,0xDB,0x00,0x00,0x00,0x2C,0xFF,0xFF,0xEE,0x00,0x28,0xFF,
    0xFF,0xF4,0x07,0x00,0x00,0x4B,0xFF,0xFF,0xD7,0x00,0x00,0xD7,0xFF,0xFF,0x91,0x11,
    0x24,0xCC,0xFF,0xFF,0x87,0x00,0x00,0x39,0xF3,0xFF,0xFF,0xFF,0xFF,0xFF,0xFF,0xCE,
    0x0E,0x00,0x00,0x00,0x23,0x9A,0xDF,0xF9,0xF5,0xD0,0x7B,0x09,0x00,0x00,0x00,0x00,
    0x00,0x00,0x00,0x00,0x00,0x00,0x00,0x00,0x00,0x00,0x00,0x00,0x00,0x00,0x85,0xD0,
    0xD0,0x44,0x00,0x00,0x00,0x00,0x00,0x00,0x00,0x00,0xA4,0xFF,0xFF,0x54,0x00,0x00,
    0x00,0x00,0x00,0x00,0x00,0x00,0x63,0x9C,0x9C,0x33,0x00,0x00,0x00,0x00,0x00,0x00,
    0x00,0x00,0x00,0x00,0x17,0xE2,0xEE,0x42,0x00,0x00,0x00,0x00,0x00,0x00,0x00,0x00,
    0x00,0x00,0x06,0xC4,0xDB,0x27,0x00,0x00,0x00,0x00,0x54,0x20,0x00,0x00,0x00,0x00,
    0x00,0x00,0x00,0x00,0x00,0x00,0x00,0x00,0x00,0xC1,0x74,0x00,0x00,0x00,0x1C,0x89,
    0xD0,0xF1,0xFA,0xE6,0xB3,0x56,0x81,0x42,0xE3,0x7A,0x00,0x00,0x4E,0xF2,0xFF,0xFF,
    0xFF,0xFF,0xFF,0xFF,0xFF,0xFF,0xFF,0xF9,0x33,0x00,0x2C,0xF7,0xFF,0xFF,0x98,0x1C,
    0x07,0x45,0xE1,0xFF,0xFF,0xBA,0x16,0x00,0x00,0xA9,0xFF,0xFF,0xC8,0x00,0x00,0x00,
    0x00,0x40,0xFF,0xFF,0xFF,0x2F,0x00,0x01,0xF1,0xFF,0xFF,0x65,0x00,0x00,0x00,0x00,
    0x00,0xDA,0xFF,0xFF,0x79,0x00,0x12,0xFF,0xFF,0xFF,0x43,0x00,0x00,0x00,0x00,0x00,
    0xB7,0xFF,0xFF,0x99,0x00,0x12,0xFF,0xFF,0xFF,0x42,0x00,0x00,0x00,0x00,0x00,0xB8,
    0xFF,0xFF,0x98,0x00,0x01,0xF1,0xFF,0xFF,0x65,0x00,0x00,0x00,0x00,0x00,0xDA,0xFF,
    0xFF,0x79,0x00,0x00,0xA9,0xFF,0xFF,0xC8,0x00,0x00,0x00,0x00,0x40,0xFF,0xFF,0xFF,
    0x2F,0x00,0x00,0x2C,0xF7,0xFF,0xFF,0x97,0x1B,0x07,0x44,0xE0,0xFF,0xFF,0xA9,0x00,
    0x00,0x00,0x00,0x4F,0xF3,0xFF,0xFF,0xFF,0xFF,0xFF,0xFF,0xFF,0xB9,0x0C,0x00,0x00,
    0x00,0x00,0x00,0x1D,0x8A,0xD1,0xF3,0xFA,0xE7,0xB4,0x57,0x02,0x00,0x00,0x00,0x00,
    0x00,0x00,0x00,0x00,0x00,0x40,0xFC,0xDD,0x1F,0x00,0x00,0x00,0x00,0x00,0x00,0x00,
    0x00,0x1B,0xE9,0xDB,0x1C,0x00,0x00,0x00,0x00,0x00,0x00,0x00,0x00,0x05,0xC6,0xD8,
    0x1A,0x00,0x00,0x00,0x00,0x00,0x00,0x00,0x00,0x00,0x00,0x00,0x00,0x00,0x00,0x00,
    0x24,0x50,0x00,0x00,0x00,0x00,0x00,0x00,0x00,0x00,0x00,0x00,0x00,0x3D,0xF8,0x00,
    0x00,0x00,0x1B,0x92,0xDA,0xF8,0xF5,0xD1,0xBC,0x70,0x80,0xFB,0x02,0x00,0x2C,0xED,
    0xFF,0xFF,0xFF,0xFF,0xFF,0xFF,0xFF,0xFF,0xB0,0x00,0x00,0xC7,0xFF,0xFF,0x9F,0x14,
    0x1F,0xC2,0xFF,0xFF,0xB8,0x04,0x00,0x18,0xFF,0xFF,0xFD,0x0D,0x00,0x00,0x3B,0xFF,
    0xFF,0xE6,0x00,0x00,0x2F,0xFF,0xFF,0xEB,0x00,0x00,0x00,0x1C,0xFF,0xFF,0xFD,0x00,
    0x00,0x18,0xFF,0xFF,0xFD,0x0D,0x00,0x00,0x3B,0xFF,0xFF,0xE7,0x00,0x00,0x00,0xC8,
    0xFF,0xFF,0x9E,0x14,0x1F,0xC2,0xFF,0xFF,0x97,0x00,0x00,0x00,0x2E,0xEE,0xFF,0xFF,
    0xFF,0xFF,0xFF,0xFF,0xD8,0x14,0x00,0x00,0x00,0x00,0x1D,0x94,0xDC,0xF9,0xF6,0xD3,
    0x82,0x0D,0x00,0x00,0x00,0x00,0x00,0x00,0x00,0x3D,0xEC,0xE5,0x1A,0x00,0x00,0x00,
    0x00,0x00,0x00,0x00,0x00,0x00,0x00,0x00,0x00,0x23,0xD7,0xCA,0x08,0x00,0x00,0x00,
    0x00,0x54,0x20,0x00,0x00,0x00,0x00,0x00,0x00,0x00,0x00,0x00,0x00,0x00,0x00,0x00,
    0xC1,0x74,0x00,0x00,0x00,0x1C,0x89,0xD0,0xF1,0xFA,0xE6,0xB3,0x56,0x81,0x42,0xE3,
    0x7A,0x00,0x00,0x4E,0xF2,0xFF,0xFF,0xFF,0xFF,0xFF,0xFF,0xFF,0xFF,0xFF,0xF9,0x33,
    0x00,0x2C,0xF7,0xFF,0xFF,0x98,0x1C,0x07,0x45,0xE1,0xFF,0xFF,0xBA,0x16,0x00,0x00,
    0xA9,0xFF,0xFF,0xC8,0x00,0x00,0x00,0x00,0x40,0xFF,0xFF,0xFF,0x2F,0x00,0x01,0xF1,
    0xFF,0xFF,0x65,0x00,0x00,0x00,0x00,0x00,0xDA,0xFF,0xFF,0x79,0x00,0x12,0xFF,0xFF,
    0xFF,0x43,0x00,0x00,0x00,0x00,0x00,0xB7,0xFF,0xFF,0x99,0x00,0x12,0xFF,0xFF,0xFF,
    0x42,0x00,0x00,0x00,0x00,0x00,0xB8,0xFF,0xFF,0x98,0x00,0x01,0xF1,0xFF,0xFF,0x65,
    0x00,0x00,0x00,0x00,0x00,0xDA,0xFF,0xFF,0x79,0x00,0x00,0xA9,0xFF,0xFF,0xC8,0x00,
    0x00,0x00,0x00,0x40,0xFF,0xFF,0xFF,0x2F,0x00,0x00,0x2C,0xF7,0xFF,0xFF,0x97,0x1B,
    0x07,0x44,0xE0,0xFF,0xFF,0xA9,0x00,0x00,0x00,0x00,0x4F,0xF3,0xFF,0xFF,0xFF,0xFF,
    0xFF,0xFF,0xFF,0xB9,0x0C,0x00,0x00,0x00,0x00,0x00,0x1D,0x8A,0xD1,0xF3,0xFA,0xE7,
    0xB4,0x57,0x02,0x00,0x00,0x00,0x00,0x00,0x18,0xD5,0xFE,0x4C,0x00,0x00,0x00,0x00,
    0x00,0x00,0x00,0x00,0x00,0x00,0x15,0xD2,0xEF,0x23,0x00,0x00,0x00,0x00,0x00,0x00,
    0x00,0x00,0x00,0x00,0x13,0xCF,0xD1,0x0A,0x00,0x00,0x00,0x00,0x00,0x00,0x00,0x00,
    0x00,0x00,0x00,0x00,0x00,0x00,0x00,0x24,0x50,0x00,0x00,0x00,0x00,0x00,0x00,0x00,
    0x00,0x00,0x00,0x00,0x3D,0xF8,0x00,0x00,0x00,0x1B,0x92,0xDA,0xF8,0xF5,0xD1,0xBC,
    0x70,0x80,0xFB,0x02,0x00,0x2C,0xED,0xFF,0xFF,0xFF,0xFF,0xFF,0xFF,0xFF,0xFF,0xB0,
    0x00,0x00,0xC7,0xFF,0xFF,0x9F,0x14,0x1F,0xC2,0xFF,0xFF,0xB8,0x04,0x00,0x18,0xFF,
    0xFF,0xFD,0x0D,0x00,0x00,0x3B,0xFF,0xFF,0xE6,0x00,0x00,0x2F,0xFF,0xFF,0xEB,0x00,
    0x00,0x00,0x1C,0xFF,0xFF,0xFD,0x00,0x00,0x18,0xFF,0xFF,0xFD,0x0D,0x00,0x00,0x3B,
    0xFF,0xFF,0xE7,0x00,0x00,0x00,0xC8,0xFF,0xFF,0x9E,0x14,0x1F,0xC2,0xFF,0xFF,0x97,
    0x00,0x00,0x00,0x2E,0xEE,0xFF,0xFF,0xFF,0xFF,0xFF,0xFF,0xD8,0x14,0x00,0x00,0x00,
    0x00,0x1D,0x94,0xDC,0xF9,0xF6,0xD3,0x82,0x0D,0x00,0x00,0x00,0x00,0x00,0x00,0x00,
    0x00,0x12,0x43,0x49,0x16,0x00,0x00,0x00,0x00,0x00,0x00,0x00,0x00,0x00,0x00,0x00,
    0xA4,0x93,0x9A,0xF1,0x2E,0x00,0x00,0x00,0x00,0x00,0x00,0x00,0x00,0x00,0x00,0x00,
    0x00,0x25,0xF4,0x4D,0x00,0x00,0x00,0x00,0x00,0x00,0x00,0x00,0x00,0x00,0x00,0x22,
    0xEE,0x92,0x00,0x00,0x00,0x00,0x00,0x00,0x00,0x00,0x00,0x00,0x00,0x00,0x32,0x84,
    0x00,0x00,0x00,0x00,0x00,0x54,0x20,0x00,0x00,0x00,0x00,0x00,0x00,0x00,0x00,0x00,
    0x00,0x00,0x00,0x00,0xC1,0x74,0x00,0x00,0x00,0x1C,0x89,0xD0,0xF1,0xFA,0xE6,0xB3,
    0x56,0x81,0x42,0xE3,0x7A,0x00,0x00,0x4E,0xF2,0xFF,0xFF,0xFF,0xFF,0xFF,0xFF,0xFF,
    0xFF,0xFF,0xF9,0x33,0x00,0x2C,0xF7,0xFF,0xFF,0x98,0x1C,0x07,0x45,0xE1,0xFF,0xFF,
    0xBA,0x16,0x00,0x00,0xA9,0xFF,0xFF,0xC8,0x00,0x00,0x00,0x00,0x40,0xFF,0xFF,0xFF,
    0x2F,0x00,0x01,0xF1,0xFF,0xFF,0x65,0x00,0x00,0x00,0x00,0x00,0xDA,0xFF,0xFF,0x79,
    0x00,0x12,0xFF,0xFF,0xFF,0x43,0x00,0x00,0x00,0x00,0x00,0xB7,0xFF,0xFF,0x99,0x00,
    0x12,0xFF,0xFF,0xFF,0x42,0x00,0x00,0x00,0x00,0x00,0xB8,0xFF,0xFF,0x98,0x00,0x01,
    0xF1,0xFF,0xFF,0x65,0x00,0x00,0x00,0x00,0x00,0xDA,0xFF,0xFF,0x79,0x00,0x00,0xA9,
    0xFF,0xFF,0xC8,0x00,0x00,0x00,0x00,0x40,0xFF,0xFF,0xFF,0x2F,0x00,0x00,0x2C,0xF7,
    0xFF,0xFF,0x97,0x1B,0x07,0x44,0xE0,0xFF,0xFF,0xA9,0x00,0x00,0x00,0x00,0x4F,0xF3,
    0xFF,0xFF,0xFF,0xFF,0xFF,0xFF,0xFF,0xB9,0x0C,0x00,0x00,0x00,0x00,0x00,0x1D,0x8A,
    0xD1,0xF3,0xFA,0xE7,0xB4,0x57,0x02,0x00,0x00,0x00,0x00,0x00,0x00,0x00,0x26,0x4B,
    0x3D,0x04,0x00,0x00,0x00,0x00,0x00,0x00,0x00,0x00,0x25,0xB9,0x8C,0xBE,0xC9,0x00,
    0x00,0x00,0x00,0x00,0x00,0x00,0x00,0x00,0x00,0x00,0x76,0xEF,0x02,0x00,0x00,0x00,
    0x00,0x00,0x00,0x00,0x00,0x00,0x6C,0xF2,0x44,0x00,0x00,0x00,0x00,0x00,0x00,0x00,
    0x00,0x00,0x00,0x63,0x54,0x00,0x00,0x00,0x24,0x50,0x00,0x00,0x00,0x00,0x00,0x00,
    0x00,0x00,0x00,0x00,0x00,0x3D,0xF8,0x00,0x00,0x00,0x1B,0x92,0xDA,0xF8,0xF5,0xD1,
    0xBC,0x70,0x80,0xFB,0x02,0x00,0x2C,0xED,0xFF,0xFF,0xFF,0xFF,0xFF,0xFF,0xFF,0xFF,
    0xB0,0x00,0x00,0xC7,0xFF,0xFF,0x9F,0x14,0x1F,0xC2,0xFF,0xFF,0xB8,0x04,0x00,0x18,
    0xFF,0xFF,0xFD,0x0D,0x00,0x00,0x3B,0xFF,0xFF,0xE6,0x00,0x00,0x2F,0xFF,0xFF,0xEB,
    0x00,0x00,0x00,0x1C,0xFF,0xFF,0xFD,0x00,0x00,0x18,0xFF,0xFF,0xFD,0x0D,0x00,0x00,
    0x3B,0xFF,0xFF,0xE7,0x00,0x00,0x00,0xC8,0xFF,0xFF,0x9E,0x14,0x1F,0xC2,0xFF,0xFF,
    0x97,0x00,0x00,0x00,0x2E,0xEE,0xFF,0xFF,0xFF,0xFF,0xFF,0xFF,0xD8,0x14,0x00,0x00,
    0x00,0x00,0x1D,0x94,0xDC,0xF9,0xF6,0xD3,0x82,0x0D,0x00,0x00,0x00,0x00,0x00,0x00,
    0x00,0x16,0xD4,0xE0,0x63,0x35,0xFF,0x16,0x00,0x00,0x00,0x00,0x00,0x00,0x00,0x00,
    0x79,0xFF,0xFF,0xFF,0xFF,0xEE,0x01,0x00,0x00,0x00,0x00,0x00,0x00,0x00,0x00,0x9F,
    0xA2,0x2B,0xB3,0xF2,0x6B,0x00,0x00,0x00,0x54,0x20,0x00,0x00,0x00,0x00,0x00,0x00,
    0x00,0x00,0x00,0x00,0x00,0x00,0x00,0xC1,0x74,0x00,0x00,0x00,0x1C,0x89,0xD0,0xF1,
    0xFA,0xE6,0xB3,0x56,0x81,0x42,0xE3,0x7A,0x00,0x00,0x4E,0xF2,0xFF,0xFF,0xFF,0xFF,
    0xFF,0xFF,0xFF,0xFF,0xFF,0xF9,0x33,0x00,0x2C,0xF7,0xFF,0xFF,0x98,0x1C,0x07,0x45,
    0xE1,0xFF,0xFF,0xBA,0x16,0x00,0x00,0xA9,0xFF,0xFF,0xC8,0x00,0x00,0x00,0x00,0x40,
    0xFF,0xFF,0xFF,0x2F,0x00,0x01,0xF1,0xFF,0xFF,0x65,0x00,0x00,0x00,0x00,0x00,0xDA,
    0xFF,0xFF,0x79,0x00,0x12,0xFF,0xFF,0xFF,0x43,0x00,0x00,0x00,0x00,0x00,0xB7,0xFF,
    0xFF,0x99,0x00,0x12,0xFF,0xFF,0xFF,0x42,0x00,0x00,0x00,0x00,0x00,0xB8,0xFF,0xFF,
    0x98,0x00,0x01,0xF1,0xFF,0xFF,0x65,0x00,0x00,0x00,0x00,0x00,0xDA,0xFF,0xFF,0x79,
    0x00,0x00,0xA9,0xFF,0xFF,0xC8,0x00,0x00,0x00,0x00,0x40,0xFF,0xFF,0xFF,0x2F,0x00,
    0x00,0x2C,0xF7,0xFF,0xFF,0x97,0x1B,0x07,0x44,0xE0,0xFF,0xFF,0xA9,0x00,0x00,0x00,
    0x00,0x4F,0xF3,0xFF,0xFF,0xFF,0xFF,0xFF,0xFF,0xFF,0xB9,0x0C,0x00,0x00,0x00,0x00,
    0x00,0x1D,0x8A,0xD1,0xF3,0xFA,0xE7,0xB4,0x57,0x02,0x00,0x00,0x00,0x00,0x00,0x00,
    0x74,0xF0,0xAA,0x21,0xAB,0x92,0x00,0x00,0x00,0x00,0x00,0x00,0x05,0xF1,0xFF,0xFF,
    0xFF,0xFF,0x6D,0x00,0x00,0x00,0x00,0x00,0x00,0x1D,0xFC,0x2C,0x69,0xE3,0xCF,0x11,
    0x00,0x00,0x00,0x00,0x00,0x00,0x00,0x00,0x00,0x00,0x00,0x00,0x00,0x00,0x24,0x50,
    0x00,0x00,0x00,0x00,0x00,0x00,0x00,0x00,0x00,0x00,0x00,0x3D,0xF8,0x00,0x00,0x00,
    0x1B,0x92,0xDA,0xF8,0xF5,0xD1,0xBC,0x70,0x80,0xFB,0x02,0x00,0x2C,0xED,0xFF,0xFF,
    0xFF,0xFF,0xFF,0xFF,0xFF,0xFF,0xB0,0x00,0x00,0xC7,0xFF,0xFF,0x9F,0x14,0x1F,0xC2,
    0xFF,0xFF,0xB8,0x04,0x00,0x18,0xFF,0xFF,0xFD,0x0D,0x00,0x00,0x3B,0xFF,0xFF,0xE6,
    0x00,0x00,0x2F,0xFF,0xFF,0xEB,0x00,0x00,0x00,0x1C,0xFF,0xFF,0xFD,0x00,0x00,0x18,
    0xFF,0xFF,0xFD,0x0D,0x00,0x00,0x3B,0xFF,0xFF,0xE7,0x00,0x00,0x00,0xC8,0xFF,0xFF,
    0x9E,0x14,0x1F,0xC2,0xFF,0xFF,0x97,0x00,0x00,0x00,0x2E,0xEE,0xFF,0xFF,0xFF,0xFF,
    0xFF,0xFF,0xD8,0x14,0x00,0x00,0x00,0x00,0x1D,0x94,0xDC,0xF9,0xF6,0xD3,0x82,0x0D,
    0x00,0x00,0x00,0x00,0x00,0x00,0x00,0x00,0x00,0x00,0x00,0x00,0x00,0x00,0x00,0x00,
    0x54,0x20,0x00,0x00,0x00,0x00,0x00,0x00,0x00,0x00,0x00,0x00,0x00,0x00,0x00,0xC1,
    0x74,0x00,0x00,0x00,0x1C,0x89,0xD0,0xF1,0xFA,0xE6,0xB3,0x56,0x81,0x42,0xE3,0x7A,
    0x00,0x00,0x4E,0xF2,0xFF,0xFF,0xFF,0xFF,0xFF,0xFF,0xFF,0xFF,0xFF,0xF9,0x33,0x00,
    0x2C,0xF7,0xFF,0xFF,0x98,0x1C,0x07,0x45,0xE1,0xFF,0xFF,0xBA,0x16,0x00,0x00,0xA9,
    0xFF,0xFF,0xC8,0x00,0x00,0x00,0x00,0x40,0xFF,0xFF,0xFF,0x2F,0x00,0x01,0xF1,0xFF,
    0xFF,0x65,0x00,0x00,0x00,0x00,0x00,0xDA,0xFF,0xFF,0x79,0x00,0x12,0xFF,0xFF,0xFF,
    0x43,0x00,0x00,0x00,0x00,0x00,0xB7,0xFF,0xFF,0x99,0x00,0x12,0xFF,0xFF,0xFF,0x42,
    0x00,0x00,0x00,0x00,0x00,0xB8,0xFF,0xFF,0x98,0x00,0x01,0xF1,0xFF,0xFF,0x65,0x00,
    0x00,0x00,0x00,0x00,0xDA,0xFF,0xFF,0x79,0x00,0x00,0xA9,0xFF,0xFF,0xC8,0x00,0x00,
    0x00,0x00,0x40,0xFF,0xFF,0xFF,0x2F,0x00,0x00,0x2C,0xF7,0xFF,0xFF,0x97,0x1B,0x07,
    0x44,0xE0,0xFF,0xFF,0xA9,0x00,0x00,0x00,0x00,0x4F,0xF3,0xFF,0xFF,0xFF,0xFF,0xFF,
    0xFF,0xFF,0xB9,0x0C,0x00,0x00,0x00,0x00,0x00,0x1D,0x8A,0xD1,0xF3,0xFA,0xE7,0xB4,
    0x57,0x02,0x00,0x00,0x00,0x00,0x00,0x00,0x00,0x00,0x00,0x00,0x00,0x00,0x00,0x00,
    0x00,0x00,0x00,0x00,0x00,0x00,0x00,0x00,0x00,0x3A,0xD0,0xD0,0x8F,0x00,0x00,0x00,
    0x00,0x00,0x00,0x00,0x00,0x00,0x00,0x00,0x48,0xFF,0xFF,0xB0,0x00,0x00,0x00,0x00,
    0x00,0x00,0x00,0x00,0x00,0x00,0x00,0x2B,0x9C,0x9C,0x6B,0x00,0x00,0x00,0x00,0x00,
    0x00,0x00,0x00,0x00,0x00,0x00,0x00,0x00,0x00,0x00,0x00,0x24,0x50,0x00,0x00,0x00,
    0x00,0x00,0x00,0x00,0x00,0x00,0x00,0x00,0x3D,0xF8,0x00,0x00,0x00,0x1B,0x92,0xDA,
    0xF8,0xF5,0xD1,0xBC,0x70,0x80,0xFB,0x02,0x00,0x2C,0xED,0xFF,0xFF,0xFF,0xFF,0xFF,
    0xFF,0xFF,0xFF,0xB0,0x00,0x00,0xC7,0xFF,0xFF,0x9F,0x14,0x1F,0xC2,0xFF,0xFF,0xB8,
    0x04,0x00,0x18,0xFF,0xFF,0xFD,0x0D,0x00,0x00,0x3B,0xFF,0xFF,0xE6,0x00,0x00,0x2F,
    0xFF,0xFF,0xEB,0x00,0x00,0x00,0x1C,0xFF,0xFF,0xFD,0x00,0x00,0x18,0xFF,0xFF,0xFD,
    0x0D,0x00,0x00,0x3B,0xFF,0xFF,0xE7,0x00,0x00,0x00,0xC8,0xFF,0xFF,0x9E,0x14,0x1F,
    0xC2,0xFF,0xFF,0x97,0x00,0x00,0x00,0x2E,0xEE,0xFF,0xFF,0xFF,0xFF,0xFF,0xFF,0xD8,
    0x14,0x00,0x00,0x00,0x00,0x1D,0x94,0xDC,0xF9,0xF6,0xD3,0x82,0x0D,0x00,0x00,0x00,
    0x00,0x00,0x00,0x00,0x00,0x00,0x00,0x00,0x00,0x00,0x00,0x00,0x00,0x00,0x00,0x00,
    0x00,0x85,0xD0,0xD0,0x44,0x00,0x00,0x00,0x00,0x00,0x00,0x00,0x00,0x00,0xA4,0xFF,
    0xFF,0x54,0x00,0x00,0x00,0x00,0x00,0x00,0x00,0x00,0x00,0x63,0x9C,0x9C,0x33,0x00,
    0x00,0x00,0x00,0x00,0x00,0x70,0xFF,0xFF,0xC0,0x00,0x00,0x00,0x00,0xF4,0xFF,0xFF,
    0x40,0x00,0x00,0x70,0xFF,0xFF,0xC0,0x00,0x00,0x00,0x00,0xF4,0xFF,0xFF,0x40,0x00,
    0x00,0x70,0xFF,0xFF,0xC0,0x00,0x00,0x00,0x00,0xF4,0xFF,0xFF,0x40,0x00,0x00,0x70,
    0xFF,0xFF,0xC0,0x00,0x00,0x00,0x00,0xF4,0xFF,0xFF,0x40,0x00,0x00,0x70,0xFF,0xFF,
    0xC0,0x00,0x00,0x00,0x00,0xF4,0xFF,0xFF,0x40,0x00,0x00,0x70,0xFF,0xFF,0xC0,0x00,
    0x00,0x00,0x00,0xF4,0xFF,0xFF,0x40,0x00,0x00,0x70,0xFF,0xFF,0xC0,0x00,0x00,0x00,
    0x00,0xF4,0xFF,0xFF,0x40,0x00,0x00,0x6A,0xFF,0xFF,0xC7,0x00,0x00,0x00,0x01,0xFA,
    0xFF,0xFF,0x39,0x00,0x00,0x4F,0xFF,0xFF,0xE7,0x02,0x00,0x00,0x1E,0xFF,0xFF,0xFF,
    0x1D,0x00,0x00,0x10,0xF3,0xFF,0xFF,0x7F,0x10,0x19,0xAA,0xFF,0xFF,0xD1,0x00,0x00,
    0x00,0x00,0x66,0xFE,0xFF,0xFF,0xFF,0xFF,0xFF,0xFF,0xF6,0x3B,0x00,0x00,0x00,0x00,
    0x00,0x3E,0xAB,0xE4,0xFA,0xF8,0xDC,0x9B,0x26,0x00,0x00,0x00,0x00,0x00,0x00,0x00,
    0x00,0x00,0x00,0x00,0x00,0x00,0x00,0x00,0x00,0x00,0x00,0x00,0x00,0x00,0x00,0x7E,
    0xD0,0xD0,0x4A,0x00,0x00,0x00,0x00,0x00,0x00,0x00,0x00,0x00,0x00,0x9C,0xFF,0xFF,
    0x5C,0x00,0x00,0x00,0x00,0x00,0x00,0x00,0x00,0x00,0x00,0x5F,0x9C,0x9C,0x38,0x00,
    0x00,0x00,0x00,0x00,0x00,0xAC,0xFF,0xFF,0x4F,0x00,0x00,0x4C,0xFF,0xFF,0xAC,0x00,
    0x00,0xAC,0xFF,0xFF,0x4E,0x00,0x00,0x4C,0xFF,0xFF,0xAC,0x00,0x00,0xAC,0xFF,0xFF,
    0x4C,0x00,0x00,0x4C,0xFF,0xFF,0xAC,0x00,0x00,0xAC,0xFF,0xFF,0x4C,0x00,0x00,0x4C,
    0xFF,0xFF,0xAC,0x00,0x00,0xAC,0xFF,0xFF,0x4C,0x00,0x00,0x51,0xFF,0xFF,0xAC,0x00,
    0x00,0xA6,0xFF,0xFF,0x56,0x00,0x00,0x7A,0xFF,0xFF,0xAC,0x00,0x00,0x87,0xFF,0xFF,
    0xB0,0x0F,0x3A,0xE9,0xFF,0xFF,0xAC,0x00,0x00,0x2D,0xFC,0xFF,0xFF,0xFF,0xFE,0x9D,
    0xFF,0xFF,0xAC,0x00,0x00,0x00,0x4E,0xCF,0xF5,0xD6,0x51,0x4C,0xFF,0xFF,0xAC,0x00,
    0x00,0x00,0x00,0x00,0x00,0x00,0x00,0x00,0x00,0x00,0x00,0x00,0x00,0x00,0x00,0x00,
    0x64,0xD0,0xD0,0x64,0x00,0x00,0x00,0x00,0x00,0x00,0x00,0x00,0x7C,0xFF,0xFF,0x7C,
    0x00,0x00,0x00,0x00,0x00,0x00,0x00,0x00,0x4B,0x9C,0x9C,0x4B,0x00,0x00,0x00,0x00,
    0x00,0x00,0x00,0x00,0x00,0x24,0x4B,0x3F,0x05,0x00,0x00,0x00,0x00,0x00,0x00,0x00,
    0x00,0x00,0x1D,0xBC,0x8C,0xBB,0xD0,0x00,0x00,0x00,0x00,0x00,0x00,0x00,0x00,0x00,
    0x00,0x00,0x00,0x6E,0xF4,0x05,0x00,0x00,0x00,0x00,0x00,0x00,0x00,0x00,0x00,0x00,
    0x65,0xF4,0x49,0x00,0x00,0x00,0x00,0x00,0x00,0x00,0x00,0x00,0x00,0x00,0x5F,0x58,
    0x00,0x00,0x00,0x00,0x00,0x00,0x00,0x00,0x00,0x00,0x00,0x00,0x00,0x00,0x00,0x00,
    0x00,0x00,0x00,0x00,0x00,0x70,0xFF,0xFF,0xC0,0x00,0x00,0x00,0x00,0xF4,0xFF,0xFF,
    0x40,0x00,0x00,0x70,0xFF,0xFF,0xC0,0x00,0x00,0x00,0x00,0xF4,0xFF,0xFF,0x40,0x00,
    0x00,0x70,0xFF,0xFF,0xC0,0x00,0x00,0x00,0x00,0xF4,0xFF,0xFF,0x40,0x00,0x00,0x70,
    0xFF,0xFF,0xC0,0x00,0x00,0x00,0x00,0xF4,0xFF,0xFF,0x40,0x00,0x00,0x70,0xFF,0xFF,
    0xC0,0x00,0x00,0x00,0x00,0xF4,0xFF,0xFF,0x40,0x00,0x00,0x70,0xFF,0xFF,0xC0,0x00,
    0x00,0x00,0x00,0xF4,0xFF,0xFF,0x40,0x00,0x00,0x70,0xFF,0xFF,0xC0,0x00,0x00,0x00,
    0x00,0xF4,0xFF,0xFF,0x40,0x00,0x00,0x6A,0xFF,0xFF,0xC7,0x00,0x00,0x00,0x01,0xFA,
    0xFF,0xFF,0x39,0x00,0x00,0x4F,0xFF,0xFF,0xE7,0x02,0x00,0x00,0x1E,0xFF,0xFF,0xFF,
    0x1D,0x00,0x00,0x10,0xF3,0xFF,0xFF,0x7F,0x10,0x19,0xAA,0xFF,0xFF,0xD1,0x00,0x00,
    0x00,0x00,0x66,0xFE,0xFF,0xFF,0xFF,0xFF,0xFF,0xFF,0xF6,0x3B,0x00,0x00,0x00,0x00,
    0x00,0x3E,0xAB,0xE4,0xFA,0xF8,0xDC,0x9B,0x26,0x00,0x00,0x00,0x00,0x00,0x00,0x00,
    0x1D,0x49,0x44,0x0A,0x00,0x00,0x00,0x00,0x00,0x00,0x00,0x00,0xC6,0x8D,0xAD,0xE3,
    0x0D,0x00,0x00,0x00,0x00,0x00,0x00,0x00,0x00,0x00,0x4E,0xFE,0x1B,0x00,0x00,0x00,
    0x00,0x00,0x00,0x00,0x00,0x49,0xF8,0x62,0x00,0x00,0x00,0x00,0x00,0x00,0x00,0x00,
    0x00,0x4E,0x69,0x00,0x00,0x00,0x00,0x00,0x00,0x00,0x00,0x00,0x00,0x00,0x00,0x00,
    0x00,0x00,0x00,0x00,0x00,0xAC,0xFF,0xFF,0x4F,0x00,0x00,0x4C,0xFF,0xFF,0xAC,0x00,
    0x00,0xAC,0xFF,0xFF,0x4E,0x00,0x00,0x4C,0xFF,0xFF,0xAC,0x00,0x00,0xAC,0xFF,0xFF,
    0x4C,0x00,0x00,0x4C,0xFF,0xFF,0xAC,0x00,0x00,0xAC,0xFF,0xFF,0x4C,0x00,0x00,0x4C,
    0xFF,0xFF,0xAC,0x00,0x00,0xAC,0xFF,0xFF,0x4C,0x00,0x00,0x51,0xFF,0xFF,0xAC,0x00,
    0x00,0xA6,0xFF,0xFF,0x56,0x00,0x00,0x7A,0xFF,0xFF,0xAC,0x00,0x00,0x87,0xFF,0xFF,
    0xB0,0x0F,0x3A,0xE9,0xFF,0xFF,0xAC,0x00,0x00,0x2D,0xFC,0xFF,0xFF,0xFF,0xFE,0x9D,
    0xFF,0xFF,0xAC,0x00,0x00,0x00,0x4E,0xCF,0xF5,0xD6,0x51,0x4C,0xFF,0xFF,0xAC,0x00,
    0x00,0x00,0x00,0x00,0x00,0x00,0x4B,0xFD,0xC8,0x17,0x00,0x00,0x00,0x00,0x00,0x00,
    0x00,0x00,0x00,0x00,0x29,0xF1,0xAA,0x08,0x00,0x00,0x00,0x19,0x5B,0x00,0x00,0x00,
    0x00,0x00,0x00,0x00,0x00,0x00,0x00,0x00,0x00,0x00,0x1D,0xFF,0x18,0x00,0x74,0xFF,
    0xFF,0xBC,0x00,0x00,0x00,0x00,0xF8,0xFF,0xFF,0xA3,0xFF,0x1E,0x00,0x74,0xFF,0xFF,
    0xBC,0x00,0x00,0x00,0x00,0xF8,0xFF,0xFF,0xFF,0xCE,0x01,0x00,0x74,0xFF,0xFF,0xBC,
    0x00,0x00,0x00,0x00,0xF8,0xFF,0xFF,0x5B,0x07,0x00,0x00,0x74,0xFF,0xFF,0xBC,0x00,
    0x00,0x00,0x00,0xF8,0xFF,0xFF,0x3C,0x00,0x00,0x00,0x74,0xFF,0xFF,0xBC,0x00,0x00,
    0x00,0x00,0xF8,0xFF,0xFF,0x3C,0x00,0x00,0x00,0x74,0xFF,0xFF,0xBC,0x00,0x00,0x00,
    0x00,0xF8,0xFF,0xFF,0x3C,0x00,0x00,0x00,0x74,0xFF,0xFF,0xBC,0x00,0x00,0x00,0x00,
    0xF8,0xFF,0xFF,0x3C,0x00,0x00,0x00,0x6E,0xFF,0xFF,0xC3,0x00,0x00,0x00,0x02,0xFC,
    0xFF,0xFF,0x35,0x00,0x00,0x00,0x53,0xFF,0xFF,0xE4,0x01,0x00,0x00,0x22,0xFF,0xFF,
    0xFF,0x19,0x00,0x00,0x00,0x12,0xF5,0xFF,0xFF,0x7C,0x10,0x1A,0xAD,0xFF,0xFF,0xCD,
    0x00,0x00,0x00,0x00,0x00,0x69,0xFE,0xFF,0xFF,0xFF,0xFF,0xFF,0xFF,0xF5,0x38,0x00,
    0x00,0x00,0x00,0x00,0x00,0x40,0xAC,0xE5,0xFA,0xF8,0xDB,0x99,0x25,0x00,0x00,0x00,
    0x00,0x00,0x00,0x00,0x00,0x00,0x00,0x19,0xE7,0xF5,0x43,0x00,0x00,0x00,0x00,0x00,
    0x00,0x00,0x00,0x04,0xC3,0xF4,0x3F,0x00,0x00,0x00,0x00,0x00,0x00,0x00,0x00,0x00,
    0x90,0xF2,0x3C,0x00,0x00,0x00,0x00,0x00,0x00,0x00,0x00,0x00,0x00,0x00,0x00,0x00,
    0x00,0x00,0x00,0x58,0x1C,0x00,0x00,0x00,0x00,0x00,0x00,0x00,0x00,0x00,0x00,0x00,
    0xCD,0x68,0x00,0xB8,0xFF,0xFF,0x43,0x00,0x00,0x58,0xFF,0xFF,0xE2,0xEA,0x6E,0x00,
    0xB8,0xFF,0xFF,0x42,0x00,0x00,0x58,0xFF,0xFF,0xFF,0xF6,0x2A,0x00,0xB8,0xFF,0xFF,
    0x40,0x00,0x00,0x58,0xFF,0xFF,0xB3,0x14,0x00,0x00,0xB8,0xFF,0xFF,0x40,0x00,0x00,
    0x58,0xFF,0xFF,0xA0,0x00,0x00,0x00,0xB8,0xFF,0xFF,0x40,0x00,0x00,0x5D,0xFF,0xFF,
    0xA0,0x00,0x00,0x00,0xB2,0xFF,0xFF,0x4A,0x00,0x00,0x86,0xFF,0xFF,0xA0,0x00,0x00,
    0x00,0x93,0xFF,0xFF,0xA6,0x0E,0x40,0xEE,0xFF,0xFF,0xA0,0x00,0x00,0x00,0x38,0xFE,
    0xFF,0xFF,0xFF,0xFD,0x9F,0xFF,0xFF,0xA0,0x00,0x00,0x00,0x00,0x56,0xD2,0xF6,0xD2,
    0x4A,0x58,0xFF,0xFF,0xA0,0x00,0x00,0x00,0x00,0x00,0x00,0x7A,0xFE,0xAE,0x01,0x00,
    0x00,0x00,0x00,0x00,0x00,0x00,0x00,0x00,0x00,0x00,0x00,0x55,0xF6,0x82,0x00,0x00,
    0x00,0x00,0x19,0x5B,0x00,0x00,0x00,0x00,0x00,0x00,0x00,0x00,0x00,0x00,0x00,0x00,
    0x00,0x1D,0xFF,0x18,0x00,0x74,0xFF,0xFF,0xBC,0x00,0x00,0x00,0x00,0xF8,0xFF,0xFF,
    0xA3,0xFF,0x1E,0x00,0x74,0xFF,0xFF,0xBC,0x00,0x00,0x00,0x00,0xF8,0xFF,0xFF,0xFF,
    0xCE,0x01,0x00,0x74,0xFF,0xFF,0xBC,0x00,0x00,0x00,0x00,0xF8,0xFF,0xFF,0x5B,0x07,
    0x00,0x00,0x74,0xFF,0xFF,0xBC,0x00,0x00,0x00,0x00,0xF8,0xFF,0xFF,0x3C,0x00,0x00,
    0x00,0x74,0xFF,0xFF,0xBC,0x00,0x00,0x00,0x00,0xF8,0xFF,0xFF,0x3C,0x00,0x00,0x00,
    0x74,0xFF,0xFF,0xBC,0x00,0x00,0x00,0x00,0xF8,0xFF,0xFF,0x3C,0x00,0x00,0x00,0x74,
    0xFF,0xFF,0xBC,0x00,0x00,0x00,0x00,0xF8,0xFF,0xFF,0x3C,0x00,0x00,0x00,0x6E,0xFF,
    0xFF,0xC3,0x00,0x00,0x00,0x02,0xFC,0xFF,0xFF,0x35,0x00,0x00,0x00,0x53,0xFF,0xFF,
    0xE4,0x01,0x00,0x00,0x22,0xFF,0xFF,0xFF,0x19,0x00,0x00,0x00,0x12,0xF5,0xFF,0xFF,
    0x7C,0x10,0x1A,0xAD,0xFF,0xFF,0xCD,0x00,0x00,0x00,0x00,0x00,0x69,0xFE,0xFF,0xFF,
    0xFF,0xFF,0xFF,0xFF,0xF5,0x38,0x00,0x00,0x00,0x00,0x00,0x00,0x40,0xAC,0xE5,0xFA,
    0xF8,0xDB,0x99,0x25,0x00,0x00,0x00,0x00,0x00,0x00,0x05,0xAC,0xFF,0x87,0x00,0x00,
    0x00,0x00,0x00,0x00,0x00,0x00,0x00,0x00,0x04,0xA8,0xFE,0x50,0x00,0x00,0x00,0x00,
    0x00,0x00,0x00,0x00,0x00,0x00,0x03,0xA3,0xF1,0x26,0x00,0x00,0x00,0x00,0x00,0x00,
    0x00,0x00,0x00,0x00,0x00,0x00,0x00,0x00,0x00,0x00,0x58,0x1C,0x00,0x00,0x00,0x00,
    0x00,0x00,0x00,0x00,0x00,0x00,0x00,0xCD,0x68,0x00,0xB8,0xFF,0xFF,0x43,0x00,0x00,
    0x58,0xFF,0xFF,0xE2,0xEA,0x6E,0x00,0xB8,0xFF,0xFF,0x42,0x00,0x00,0x58,0xFF,0xFF,
    0xFF,0xF6,0x2A,0x00,0xB8,0xFF,0xFF,0x40,0x00,0x00,0x58,0xFF,0xFF,0xB3,0x14,0x00,
    0x00,0xB8,0xFF,0xFF,0x40,0x00,0x00,0x58,0xFF,0xFF,0xA0,0x00,0x00,0x00,0xB8,0xFF,
    0xFF,0x40,0x00,0x00,0x5D,0xFF,0xFF,0xA0,0x00,0x00,0x00,0xB2,0xFF,0xFF,0x4A,0x00,
    0x00,0x86,0xFF,0xFF,0xA0,0x00,0x00,0x00,0x93,0xFF,0xFF,0xA6,0x0E,0x40,0xEE,0xFF,
    0xFF,0xA0,0x00,0x00,0x00,0x38,0xFE,0xFF,0xFF,0xFF,0xFD,0x9F,0xFF,0xFF,0xA0,0x00,
    0x00,0x00,0x00,0x56,0xD2,0xF6,0xD2,0x4A,0x58,0xFF,0xFF,0xA0,0x00,0x00,0x00,0x00,
    0x00,0x00,0x00,0x24,0x4B,0x3F,0x05,0x00,0x00,0x00,0x00,0x00,0x00,0x00,0x00,0x00,
    0x00,0x1D,0xBC,0x8C,0xBB,0xD0,0x00,0x00,0x00,0x00,0x00,0x00,0x00,0x00,0x00,0x00,
    0x00,0x00,0x00,0x6E,0xF4,0x05,0x00,0x00,0x00,0x00,0x00,0x00,0x00,0x00,0x00,0x00,
    0x00,0x65,0xF4,0x49,0x00,0x00,0x00,0x00,0x00,0x00,0x00,0x00,0x00,0x00,0x00,0x00,
    0x5F,0x58,0x00,0x00,0x00,0x00,0x19,0x5B,0x00,0x00,0x00,0x00,0x00,0x00,0x00,0x00,
    0x00,0x00,0x00,0x00,0x00,0x1D,0xFF,0x18,0x00,0x74,0xFF,0xFF,0xBC,0x00,0x00,0x00,
    0x00,0xF8,0xFF,0xFF,0xA3,0xFF,0x1E,0x00,0x74,0xFF,0xFF,0xBC,0x00,0x00,0x00,0x00,
    0xF8,0xFF,0xFF,0xFF,0xCE,0x01,0x00,0x74,0xFF,0xFF,0xBC,0x00,0x00,0x00,0x00,0xF8,
    0xFF,0xFF,0x5B,0x07,0x00,0x00,0x74,0xFF,0xFF,0xBC,0x00,0x00,0x00,0x00,0xF8,0xFF,
    0xFF,0x3C,0x00,0x00,0x00,0x74,0xFF,0xFF,0xBC,0x00,0x00,0x00,0x00,0xF8,0xFF,0xFF,
    0x3C,0x00,0x00,0x00,0x74,0xFF,0xFF,0xBC,0x00,0x00,0x00,0x00,0xF8,0xFF,0xFF,0x3C,
    0x00,0x00,0x00,0x74,0xFF,0xFF,0xBC,0x00,0x00,0x00,0x00,0xF8,0xFF,0xFF,0x3C,0x00,
    0x00,0x00,0x6E,0xFF,0xFF,0xC3,0x00,0x00,0x00,0x02,0xFC,0xFF,0xFF,0x35,0x00,0x00,
    0x00,0x53,0xFF,0xFF,0xE4,0x01,0x00,0x00,0x22,0xFF,0xFF,0xFF,0x19,0x00,0x00,0x00,
    0x12,0xF5,0xFF,0xFF,0x7C,0x10,0x1A,0xAD,0xFF,0xFF,0xCD,0x00,0x00,0x00,0x00,0x00,
    0x69,0xFE,0xFF,0xFF,0xFF,0xFF,0xFF,0xFF,0xF5,0x38,0x00,0x00,0x00,0x00,0x00,0x00,
    0x40,0xAC,0xE5,0xFA,0xF8,0xDB,0x99,0x25,0x00,0x00,0x00,0x00,0x00,0x00,0x00,0x00,
    0x1D,0x49,0x44,0x0A,0x00,0x00,0x00,0x00,0x00,0x00,0x00,0x00,0x00,0xC6,0x8D,0xAD,
    0xE3,0x0D,0x00,0x00,0x00,0x00,0x00,0x00,0x00,0x00,0x00,0x00,0x4E,0xFE,0x1B,0x00,
    0x00,0x00,0x00,0x00,0x00,0x00,0x00,0x00,0x49,0xF8,0x62,0x00,0x00,0x00,0x00,0x00,
    0x00,0x00,0x00,0x00,0x00,0x4E,0x69,0x00,0x00,0x00,0x00,0x58,0x1C,0x00,0x00,0x00,
    0x00,0x00,0x00,0x00,0x00,0x00,0x00,0x00,0xCD,0x68,0x00,0xB8,0xFF,0xFF,0x43,0x00,
    0x00,0x58,0xFF,0xFF,0xE2,0xEA,0x6E,0x00,0xB8,0xFF,0xFF,0x42,0x00,0x00,0x58,0xFF,
    0xFF,0xFF,0xF6,0x2A,0x00,0xB8,0xFF,0xFF,0x40,0x00,0x00,0x58,0xFF,0xFF,0xB3,0x14,
    0x00,0x00,0xB8,0xFF,0xFF,0x40,0x00,0x00,0x58,0xFF,0xFF,0xA0,0x00,0x00,0x00,0xB8,
    0xFF,0xFF,0x40,0x00,0x00,0x5D,0xFF,0xFF,0xA0,0x00,0x00,0x00,0xB2,0xFF,0xFF,0x4A,
    0x00,0x00,0x86,0xFF,0xFF,0xA0,0x00,0x00,0x00,0x93,0xFF,0xFF,0xA6,0x0E,0x40,0xEE,
    0xFF,0xFF,0xA0,0x00,0x00,0x00,0x38,0xFE,0xFF,0xFF,0xFF,0xFD,0x9F,0xFF,0xFF,0xA0,
    0x00,0x00,0x00,0x00,0x56,0xD2,0xF6,0xD2,0x4A,0x58,0xFF,0xFF,0xA0,0x00,0x00,0x00,
    0x00,0x00,0x00,0x51,0xEE,0xC0,0x31,0x8A,0xBE,0x00,0x00,0x00,0x00,0x00,0x00,0x00,
    0x00,0x00,0xD1,0xFF,0xFF,0xFF,0xFF,0x98,0x00,0x00,0x00,0x00,0x00,0x00,0x00,0x00,
    0x00,0xF7,0x4D,0x56,0xD8,0xE2,0x27,0x00,0x00,0x19,0x5B,0x00,0x00,0x00,0x00,0x00,
    0x00,0x00,0x00,0x00,0x00,0x00,0x00,0x00,0x1D,0xFF,0x18,0x00,0x74,0xFF,0xFF,0xBC,
    0x00,0x00,0x00,0x00,0xF8,0xFF,0xFF,0xA3,0xFF,0x1E,0x00,0x74,0xFF,0xFF,0xBC,0x00,
    0x00,0x00,0x00,0xF8,0xFF,0xFF,0xFF,0xCE,0x01,0x00,0x74,0xFF,0xFF,0xBC,0x00,0x00,
    0x00,0x00,0xF8,0xFF,0xFF,0x5B,0x07,0x00,0x00,0x74,0xFF,0xFF,0xBC,0x00,0x00,0x00,
    0x00,0xF8,0xFF,0xFF,0x3C,0x00,0x00,0x00,0x74,0xFF,0xFF,0xBC,0x00,0x00,0x00,0x00,
    0xF8,0xFF,0xFF,0x3C,0x00,0x00,0x00,0x74,0xFF,0xFF,0xBC,0x00,0x00,0x00,0x00,0xF8,
    0xFF,0xFF,0x3C,0x00,0x00,0x00,0x74,0xFF,0xFF,0xBC,0x00,0x00,0x00,0x00,0xF8,0xFF,
    0xFF,0x3C,0x00,0x00,0x00,0x6E,0xFF,0xFF,0xC3,0x00,0x00,0x00,0x02,0xFC,0xFF,0xFF,
    0x35,0x00,0x00,0x00,0x53,0xFF,0xFF,0xE4,0x01,0x00,0x00,0x22,0xFF,0xFF,0xFF,0x19,
    0x00,0x00,0x00,0x12,0xF5,0xFF,0xFF,0x7C,0x10,0x1A,0xAD,0xFF,0xFF,0xCD,0x00,0x00,
    0x00,0x00,0x00,0x69,0xFE,0xFF,0xFF,0xFF,0xFF,0xFF,0xFF,0xF5,0x38,0x00,0x00,0x00,
    0x00,0x00,0x00,0x40,0xAC,0xE5,0xFA,0xF8,0xDB,0x99,0x25,0x00,0x00,0x00,0x00,0x00,
    0x00,0x00,0x38,0xE9,0xCA,0x41,0x66,0xD9,0x00,0x00,0x00,0x00,0x00,0x00,0x00,0xAF,
    0xFF,0xFF,0xFF,0xFF,0xB5,0x00,0x00,0x00,0x00,0x00,0x00,0x00,0xD2,0x6C,0x43,0xC9,
    0xEB,0x3C,0x00,0x00,0x00,0x00,0x00,0x00,0x00,0x00,0x00,0x00,0x00,0x00,0x00,0x00,
    0x00,0x58,0x1C,0x00,0x00,0x00,0x00,0x00,0x00,0x00,0x00,0x00,0x00,0x00,0xCD,0x68,
    0x00,0xB8,0xFF,0xFF,0x43,0x00,0x00,0x58,0xFF,0xFF,0xE2,0xEA,0x6E,0x00,0xB8,0xFF,
    0xFF,0x42,0x00,0x00,0x58,0xFF,0xFF,0xFF,0xF6,0x2A,0x00,0xB8,0xFF,0xFF,0x40,0x00,
    0x00,0x58,0xFF,0xFF,0xB3,0x14,0x00,0x00,0xB8,0xFF,0xFF,0x40,0x00,0x00,0x58,0xFF,
    0xFF,0xA0,0x00,0x00,0x00,0xB8,0xFF,0xFF,0x40,0x00,0x00,0x5D,0xFF,0xFF,0xA0,0x00,
    0x00,0x00,0xB2,0xFF,0xFF,0x4A,0x00,0x00,0x86,0xFF,0xFF,0xA0,0x00,0x00,0x00,0x93,
    0xFF,0xFF,0xA6,0x0E,0x40,0xEE,0xFF,0xFF,0xA0,0x00,0x00,0x00,0x38,0xFE,0xFF,0xFF,
    0xFF,0xFD,0x9F,0xFF,0xFF,0xA0,0x00,0x00,0x00,0x00,0x56,0xD2,0xF6,0xD2,0x4A,0x58,
    0xFF,0xFF,0xA0,0x00,0x00,0x00,0x00,0x00,0x00,0x00,0x00,0x00,0x00,0x00,0x00,0x00,
    0x00,0x19,0x5B,0x00,0x00,0x00,0x00,0x00,0x00,0x00,0x00,0x00,0x00,0x00,0x00,0x00,
    0x1D,0xFF,0x18,0x00,0x74,0xFF,0xFF,0xBC,0x00,0x00,0x00,0x00,0xF8,0xFF,0xFF,0xA3,
    0xFF,0x1E,0x00,0x74,0xFF,0xFF,0xBC,0x00,0x00,0x00,0x00,0xF8,0xFF,0xFF,0xFF,0xCE,
    0x01,0x00,0x74,0xFF,0xFF,0xBC,0x00,0x00,0x00,0x00,0xF8,0xFF,0xFF,0x5B,0x07,0x00,
    0x00,0x74,0xFF,0xFF,0xBC,0x00,0x00,0x00,0x00,0xF8,0xFF,0xFF,0x3C,0x00,0x00,0x00,
    0x74,0xFF,0xFF,0xBC,0x00,0x00,0x00,0x00,0xF8,0xFF,0xFF,0x3C,0x00,0x00,0x00,0x74,
    0xFF,0xFF,0xBC,0x00,0x00,0x00,0x00,0xF8,0xFF,0xFF,0x3C,0x00,0x00,0x00,0x74,0xFF,
    0xFF,0xBC,0x00,0x00,0x00,0x00,0xF8,0xFF,0xFF,0x3C,0x00,0x00,0x00,0x6E,0xFF,0xFF,
    0xC3,0x00,0x00,0x00,0x02,0xFC,0xFF,0xFF,0x35,0x00,0x00,0x00,0x53,0xFF,0xFF,0xE4,
    0x01,0x00,0x00,0x22,0xFF,0xFF,0xFF,0x19,0x00,0x00,0x00,0x12,0xF5,0xFF,0xFF,0x7C,
    0x10,0x1A,0xAD,0xFF,0xFF,0xCD,0x00,0x00,0x00,0x00,0x00,0x69,0xFE,0xFF,0xFF,0xFF,
    0xFF,0xFF,0xFF,0xF5,0x38,0x00,0x00,0x00,0x00,0x00,0x00,0x40,0xAC,0xE5,0xFA,0xF8,
    0xDB,0x99,0x25,0x00,0x00,0x00,0x00,0x00,0x00,0x00,0x00,0x00,0x00,0x00,0x00,0x00,
    0x00,0x00,0x00,0x00,0x00,0x00,0x00,0x00,0x00,0x00,0x00,0x7E,0xD0,0xD0,0x4A,0x00,
    0x00,0x00,0x00,0x00,0x00,0x00,0x00,0x00,0x00,0x00,0x9C,0xFF,0xFF,0x5C,0x00,0x00,
    0x00,0x00,0x00,0x00,0x00,0x00,0x00,0x00,0x00,0x5F,0x9C,0x9C,0x38,0x00,0x00,0x00,
    0x00,0x00,0x00,0x00,0x00,0x00,0x00,0x00,0x00,0x00,0x00,0x00,0x00,0x00,0x58,0x1C,
    0x00,0x00,0x00,0x00,0x00,0x00,0x00,0x00,0x00,0x00,0x00,0xCD,0x68,0x00,0xB8,0xFF,
    0xFF,0x43,0x00,0x00,0x58,0xFF,0xFF,0xE2,0xEA,0x6E,0x00,0xB8,0xFF,0xFF,0x42,0x00,
    0x00,0x58,0xFF,0xFF,0xFF,0xF6,0x2A,0x00,0xB8,0xFF,0xFF,0x40,0x00,0x00,0x58,0xFF,
    0xFF,0xB3,0x14,0x00,0x00,0xB8,0xFF,0xFF,0x40,0x00,0x00,0x58,0xFF,0xFF,0xA0,0x00,
    0x00,0x00,0xB8,0xFF,0xFF,0x40,0x00,0x00,0x5D,0xFF,0xFF,0xA0,0x00,0x00,0x00,0xB2,
    0xFF,0xFF,0x4A,0x00,0x00,0x86,0xFF,0xFF,0xA0,0x00,0x00,0x00,0x93,0xFF,0xFF,0xA6,
    0x0E,0x40,0xEE,0xFF,0xFF,0xA0,0x00,0x00,0x00,0x38,0xFE,0xFF,0xFF,0xFF,0xFD,0x9F,
    0xFF,0xFF,0xA0,0x00,0x00,0x00,0x00,0x56,0xD2,0xF6,0xD2,0x4A,0x58,0xFF,0xFF,0xA0,
    0x00,0x00,0x00,0x00,0x00,0x00,0x00,0x00,0x00,0x00,0x00,0x00,0x00,0x00,0x00,0x00,
    0x00,0x00,0x00,0x64,0xD0,0xD0,0x64,0x00,0x00,0x00,0x00,0x00,0x00,0x00,0x00,0x00,
    0x7C,0xFF,0xFF,0x7C,0x00,0x00,0x00,0x00,0x00,0x00,0x00,0x00,0x00,0x4B,0x9C,0x9C,
    0x4B,0x00,0x00,0x00,0x00,0x00,0x00,0x00,0x00,0x00,0x28,0xDD,0xF4,0x2F,0x00,0x00,
    0x00,0x00,0x00,0x00,0x00,0x00,0x00,0x00,0x00,0x14,0xC3,0xE0,0x15,0x00,0x00,0x00,
    0x00,0x00,0x00,0x00,0x00,0x00,0x00,0x00,0x00,0x00,0x00,0x00,0x00,0x00,0x00,0x00,
    0x05,0xCF,0xFF,0xFF,0xA8,0x00,0x00,0x00,0x00,0x5D,0xFF,0xFF,0xF7,0x29,0x00,0x2D,
    0xF9,0xFF,0xFF,0x51,0x00,0x00,0x17,0xED,0xFF,0xFF,0x72,0x00,0x00,0x00,0x77,0xFF,
    0xFF,0xE8,0x12,0x00,0xAC,0xFF,0xFF,0xC2,0x02,0x00,0x00,0x00,0x02,0xC6,0xFF,0xFF,
    0xA3,0x55,0xFF,0xFF,0xF4,0x22,0x00,0x00,0x00,0x00,0x00,0x24,0xF5,0xFF,0xFF,0xF2,
    0xFF,0xFF,0x68,0x00,0x00,0x00,0x00,0x00,0x00,0x00,0x6B,0xFF,0xFF,0xFF,0xFF,0xB9,
    0x00,0x00,0x00,0x00,0x00,0x00,0x00,0x00,0x01,0xBB,0xFF,0xFF,0xF0,0x1C,0x00,0x00,
    0x00,0x00,0x00,0x00,0x00,0x00,0x00,0x70,0xFF,0xFF,0xC0,0x00,0x00,0x00,0x00,0x00,
    0x00,0x00,0x00,0x00,0x00,0x70,0xFF,0xFF,0xC0,0x00,0x00,0x00,0x00,0x00,0x00,0x00,
    0x00,0x00,0x00,0x70,0xFF,0xFF,0xC0,0x00,0x00,0x00,0x00,0x00,0x00,0x00,0x00,0x00,
    0x00,0x70,0xFF,0xFF,0xC0,0x00,0x00,0x00,0x00,0x00,0x00,0x00,0x00,0x00,0x00,0x70,
    0xFF,0xFF,0xC0,0x00,0x00,0x00,0x00,0x00,0x00,0x13,0xCE,0xFF,0x57,0x00,0x00,0x00,
    0x00,0x00,0x00,0x00,0x00,0x11,0xCB,0xF4,0x2A,0x00,0x00,0x00,0x00,0x00,0x00,0x00,
    0x00,0x0F,0xC7,0xD9,0x0E,0x00,0x00,0x00,0x00,0x00,0x00,0x00,0x00,0x00,0x00,0x00,
    0x00,0x00,0x00,0x00,0x00,0x00,0x00,0x00,0x00,0x00,0x00,0x00,0x00,0x00,0x00,0x95,
    0xFF,0xFF,0x5F,0x00,0x00,0x00,0x61,0xFF,0xFF,0x96,0x26,0xFE,0xFF,0xC8,0x00,0x00,
    0x00,0xBA,0xFF,0xFF,0x33,0x00,0xB5,0xFF,0xFF,0x31,0x00,0x16,0xFC,0xFF,0xD0,0x00,
    0x00,0x45,0xFF,0xFF,0x9A,0x00,0x6C,0xFF,0xFF,0x6D,0x00,0x00,0x00,0xD3,0xFF,0xF4,
    0x0E,0xC5,0xFF,0xF8,0x12,0x00,0x00,0x00,0x65,0xFF,0xFF,0x8A,0xFE,0xFF,0xA7,0x00,
    0x00,0x00,0x00,0x08,0xEB,0xFF,0xFE,0xFF,0xFF,0x45,0x00,0x00,0x00,0x00,0x00,0x85,
    0xFF,0xFF,0xFF,0xE0,0x02,0x00,0x00,0x00,0x00,0x00,0x1A,0xFA,0xFF,0xFF,0x7F,0x00,
    0x00,0x00,0x00,0x00,0x00,0x00,0xC0,0xFF,0xFD,0x1E,0x00,0x00,0x00,0x00,0x00,0x01,
    0x36,0xF7,0xFF,0xB1,0x00,0x00,0x00,0x00,0x00,0x4C,0xFF,0xFF,0xFF,0xF9,0x32,0x00,
    0x00,0x00,0x00,0x00,0x4C,0xFF,0xFA,0xD2,0x4D,0x00,0x00,0x00,0x00,0x00,0x05,0xCF,
    0xFF,0xFF,0xA8,0x00,0x00,0x00,0x00,0x5D,0xFF,0xFF,0xF7,0x29,0x00,0x2D,0xF9,0xFF,
    0xFF,0x51,0x00,0x00,0x17,0xED,0xFF,0xFF,0x72,0x00,0x00,0x00,0x77,0xFF,0xFF,0xE8,
    0x12,0x00,0xAC,0xFF,0xFF,0xC2,0x02,0x00,0x00,0x00,0x02,0xC6,0xFF,0xFF,0xA3,0x55,
    0xFF,0xFF,0xF4,0x22,0x00,0x00,0x00,0x00,0x00,0x24,0xF5,0xFF,0xFF,0xF2,0xFF,0xFF,
    0x68,0x00,0x00,0x00,0x00,0x00,0x00,0x00,0x6B,0xFF,0xFF,0xFF,0xFF,0xB9,0x00,0x00,
    0x00,0x00,0x00,0x00,0x00,0x00,0x01,0xBB,0xFF,0xFF,0xF0,0x1C,0x00,0x00,0x00,0x00,
    0x00,0x00,0x00,0x00,0x00,0x70,0xFF,0xFF,0xC0,0x00,0x00,0x00,0x00,0x00,0x00,0x00,
    0x00,0x00,0x00,0x70,0xFF,0xFF,0xC0,0x00,0x00,0x00,0x00,0x00,0x00,0x00,0x00,0x00,
    0x00,0x70,0xFF,0xFF,0xC0,0x00,0x00,0x00,0x00,0x00,0x00,0x00,0x00,0x00,0x00,0x70,
    0xFF,0xFF,0xC0,0x00,0x00,0x00,0x00,0x00,0x00,0x00,0x00,0x00,0x00,0x70,0xFF,0xFF,
    0xC0,0x00,0x00,0x00,0x00,0x00,0x00,0x00,0x00,0x00,0x00,0x00,0x00,0x00,0x00,0x00,
    0x00,0x00,0x00,0x00,0x00,0x00,0x00,0x00,0x00,0x5B,0xD0,0xD0,0x6E,0x00,0x00,0x00,
    0x00,0x00,0x00,0x00,0x00,0x00,0x00,0x70,0xFF,0xFF,0x88,0x00,0x00,0x00,0x00,0x00,
    0x00,0x00,0x00,0x00,0x00,0x44,0x9C,0x9C,0x52,0x00,0x00,0x00,0x00,0x00,0x95,0xFF,
    0xFF,0x5F,0x00,0x00,0x00,0x61,0xFF,0xFF,0x96,0x26,0xFE,0xFF,0xC8,0x00,0x00,0x00,
    0xBA,0xFF,0xFF,0x33,0x00,0xB5,0xFF,0xFF,0x31,0x00,0x16,0xFC,0xFF,0xD0,0x00,0x00,
    0x45,0xFF,0xFF,0x9A,0x00,0x6C,0xFF,0xFF,0x6D,0x00,0x00,0x00,0xD3,0xFF,0xF4,0x0E,
    0xC5,0xFF,0xF8,0x12,0x00,0x00,0x00,0x65,0xFF,0xFF,0x8A,0xFE,0xFF,0xA7,0x00,0x00,
    0x00,0x00,0x08,0xEB,0xFF,0xFE,0xFF,0xFF,0x45,0x00,0x00,0x00,0x00,0x00,0x85,0xFF,
    0xFF,0xFF,0xE0,0x02,0x00,0x00,0x00,0x00,0x00,0x1A,0xFA,0xFF,0xFF,0x7F,0x00,0x00,
    0x00,0x00,0x00,0x00,0x00,0xC0,0xFF,0xFD,0x1E,0x00,0x00,0x00,0x00,0x00,0x01,0x36,
    0xF7,0xFF,0xB1,0x9C,0xD0,0xD0,0x2D,0x00,0x4C,0xFF,0xFF,0xFF,0xF9,0x32,0xC0,0xFF,
    0xFF,0x38,0x00,0x4C,0xFF,0xFA,0xD2,0x4D,0x00,0x75,0x9C,0x9C,0x22,0x00,0x00,0x00,
    0x00,0x00,0x15,0x45,0x48,0x12,0x00,0x00,0x00,0x00,0x00,0x00,0x00,0x00,0x00,0x00,
    0xAF,0x91,0x9F,0xF0,0x22,0x00,0x00,0x00,0x00,0x00,0x00,0x00,0x00,0x00,0x00,0x00,
    0x2F,0xFA,0x3D,0x00,0x00,0x00,0x00,0x00,0x00,0x00,0x00,0x00,0x00,0x2D,0xF3,0x83,
    0x00,0x00,0x00,0x00,0x00,0x00,0x00,0x00,0x00,0x00,0x00,0x3A,0x7C,0x00,0x00,0x00,
    0x00,0x00,0x00,0x00,0x00,0x00,0x00,0x00,0x00,0x00,0x00,0x00,0x00,0x00,0x00,0x00,
    0x00,0x05,0xCF,0xFF,0xFF,0xA8,0x00,0x00,0x00,0x00,0x5D,0xFF,0xFF,0xF7,0x29,0x00,
    0x2D,0xF9,0xFF,0xFF,0x51,0x00,0x00,0x17,0xED,0xFF,0xFF,0x72,0x00,0x00,0x00,0x77,
    0xFF,0xFF,0xE8,0x12,0x00,0xAC,0xFF,0xFF,0xC2,0x02,0x00,0x00,0x00,0x02,0xC6,0xFF,
    0xFF,0xA3,0x55,0xFF,0xFF,0xF4,0x22,0x00,0x00,0x00,0x00,0x00,0x24,0xF5,0xFF,0xFF,
    0xF2,0xFF,0xFF,0x68,0x00,0x00,0x00,0x00,0x00,0x00,0x00,0x6B,0xFF,0xFF,0xFF,0xFF,
    0xB9,0x00,0x00,0x00,0x00,0x00,0x00,0x00,0x00,0x01,0xBB,0xFF,0xFF,0xF0,0x1C,0x00,
    0x00,0x00,0x00,0x00,0x00,0x00,0x00,0x00,0x70,0xFF,0xFF,0xC0,0x00,0x00,0x00,0x00,
    0x00,0x00,0x00,0x00,0x00,0x00,0x70,0xFF,0xFF,0xC0,0x00,0x00,0x00,0x00,0x00,0x00,
    0x00,0x00,0x00,0x00,0x70,0xFF,0xFF,0xC0,0x00,0x00,0x00,0x00,0x00,0x00,0x00,0x00,
    0x00,0x00,0x70,0xFF,0xFF,0xC0,0x00,0x00,0x00,0x00,0x00,0x00,0x00,0x00,0x00,0x00,
    0x70,0xFF,0xFF,0xC0,0x00,0x00,0x00,0x00,0x00,0x00,0x00,0x00,0x08,0x39,0x4D,0x27,
    0x00,0x00,0x00,0x00,0x00,0x00,0x00,0x74,0xA0,0x90,0xE4,0x69,0x00,0x00,0x00,0x00,
    0x00,0x00,0x00,0x00,0x0A,0xCB,0x91,0x00,0x00,0x00,0x00,0x00,0x00,0x00,0x01,0xCA,
    0xC6,0x10,0x00,0x00,0x00,0x00,0x00,0x00,0x00,0x0E,0x88,0x21,0x00,0x00,0x00,0x00,
    0x00,0x00,0x00,0x00,0x00,0x00,0x00,0x00,0x00,0x00,0x00,0x95,0xFF,0xFF,0x5F,0x00,
    0x00,0x00,0x61,0xFF,0xFF,0x96,0x26,0xFE,0xFF,0xC8,0x00,0x00,0x00,0xBA,0xFF,0xFF,
    0x33,0x00,0xB5,0xFF,0xFF,0x31,0x00,0x16,0xFC,0xFF,0xD0,0x00,0x00,0x45,0xFF,0xFF,
    0x9A,0x00,0x6C,0xFF,0xFF,0x6D,0x00,0x00,0x00,0xD3,0xFF,0xF4,0x0E,0xC5,0xFF,0xF8,
    0x12,0x00,0x00,0x00,0x65,0xFF,0xFF,0x8A,0xFE,0xFF,0xA7,0x00,0x00,0x00,0x00,0x08,
    0xEB,0xFF,0xFE,0xFF,0xFF,0x45,0x00,0x00,0x00,0x00,0x00,0x85,0xFF,0xFF,0xFF,0xE0,
    0x02,0x00,0x00,0x00,0x00,0x00,0x1A,0xFA,0xFF,0xFF,0x7F,0x00,0x00,0x00,0x00,0x00,
    0x00,0x00,0xC0,0xFF,0xFD,0x1E,0x00,0x00,0x00,0x00,0x00,0x01,0x36,0xF7,0xFF,0xB1,
    0x00,0x00,0x00,0x00,0x00,0x4C,0xFF,0xFF,0xFF,0xF9,0x32,0x00,0x00,0x00,0x00,0x00,
    0x4C,0xFF,0xFA,0xD2,0x4D,0x00,0x00,0x00,0x00,0x00,0x00,0x00,0x00,0x00,0x21,0xDD,
    0xD9,0x57,0x48,0xFE,0x04,0x00,0x00,0x00,0x00,0x00,0x00,0x00,0x8D,0xFF,0xFF,0xFF,
    0xFF,0xDC,0x00,0x00,0x00,0x00,0x00,0x00,0x00,0x00,0xB3,0x8E,0x34,0xBD,0xF0,0x5A,
    0x00,0x00,0x00,0x00,0x00,0x00,0x00,0x00,0x00,0x00,0x00,0x00,0x00,0x00,0x00,0x00,
    0x00,0x00,0x05,0xCF,0xFF,0xFF,0xA8,0x00,0x00,0x00,0x00,0x5D,0xFF,0xFF,0xF7,0x29,
    0x00,0x2D,0xF9,0xFF,0xFF,0x51,0x00,0x00,0x17,0xED,0xFF,0xFF,0x72,0x00,0x00,0x00,
    0x77,0xFF,0xFF,0xE8,0x12,0x00,0xAC,0xFF,0xFF,0xC2,0x02,0x00,0x00,0x00,0x02,0xC6,
    0xFF,0xFF,0xA3,0x55,0xFF,0xFF,0xF4,0x22,0x00,0x00,0x00,0x00,0x00,0x24,0xF5,0xFF,
    0xFF,0xF2,0xFF,0xFF,0x68,0x00,0x00,0x00,0x00,0x00,0x00,0x00,0x6B,0xFF,0xFF,0xFF,
    0xFF,0xB9,0x00,0x00,0x00,0x00,0x00,0x00,0x00,0x00,0x01,0xBB,0xFF,0xFF,0xF0,0x1C,
    0x00,0x00,0x00,0x00,0x00,0x00,0x00,0x00,0x00,0x70,0xFF,0xFF,0xC0,0x00,0x00,0x00,
    0x00,0x00,0x00,0x00,0x00,0x00,0x00,0x70,0xFF,0xFF,0xC0,0x00,0x00,0x00,0x00,0x00,
    0x00,0x00,0x00,0x00,0x00,0x70,0xFF,0xFF,0xC0,0x00,0x00,0x00,0x00,0x00,0x00,0x00,
    0x00,0x00,0x00,0x70,0xFF,0xFF,0xC0,0x00,0x00,0x00,0x00,0x00,0x00,0x00,0x00,0x00,
    0x00,0x70,0xFF,0xFF,0xC0,0x00,0x00,0x00,0x00,0x00,0x00,0x00,0x00,0x89,0xF1,0x9C,
    0x1B,0xC0,0x7B,0x00,0x00,0x00,0x00,0x13,0xFC,0xFF,0xFF,0xFF,0xFF,0x55,0x00,0x00,
    0x00,0x00,0x34,0xF5,0x1F,0x76,0xEA,0xC1,0x08,0x00,0x00,0x00,0x00,0x00,0x00,0x00,
    0x00,0x00,0x00,0x00,0x00,0x00,0x00,0x00,0x00,0x00,0x00,0x00,0x00,0x00,0x00,0x00,
    0x00,0x95,0xFF,0xFF,0x5F,0x00,0x00,0x00,0x61,0xFF,0xFF,0x96,0x26,0xFE,0xFF,0xC8,
    0x00,0x00,0x00,0xBA,0xFF,0xFF,0x33,0x00,0xB5,0xFF,0xFF,0x31,0x00,0x16,0xFC,0xFF,
    0xD0,0x00,0x00,0x45,0xFF,0xFF,0x9A,0x00,0x6C,0xFF,0xFF,0x6D,0x00,0x00,0x00,0xD3,
    0xFF,0xF4,0x0E,0xC5,0xFF,0xF8,0x12,0x00,0x00,0x00,0x65,0xFF,0xFF,0x8A,0xFE,0xFF,
    0xA7,0x00,0x00,0x00,0x00,0x08,0xEB,0xFF,0xFE,0xFF,0xFF,0x45,0x00,0x00,0x00,0x00,
    0x00,0x85,0xFF,0xFF,0xFF,0xE0,0x02,0x00,0x00,0x00,0x00,0x00,0x1A,0xFA,0xFF,0xFF,
    0x7F,0x00,0x00,0x00,0x00,0x00,0x00,0x00,0xC0,0xFF,0xFD,0x1E,0x00,0x00,0x00,0x00,
    0x00,0x01,0x36,0xF7,0xFF,0xB1,0x00,0x00,0x00,0x00,0x00,0x4C,0xFF,0xFF,0xFF,0xF9,
    0x32,0x00,0x00,0x00,0x00,0x00,0x4C,0xFF,0xFA,0xD2,0x4D,0x00,0x00,0x00,0x00,0x00,
    0x00,0x00,0x00,0x63,0x8F,0x00,0x00,0x00,0x00,0x00,0x00,0x00,0x00,0x00,0x00,0x00,
    0x58,0xFD,0xEA,0x17,0x00,0x00,0x00,0x00,0x00,0x00,0x00,0x00,0x00,0x4F,0xFB,0xF0,
    0x31,0x00,0x00,0x00,0x00,0x00,0x00,0x00,0x00,0x00,0x1D,0xF8,0xFF,0xFF,0xFF,0xFF,
    0xFF,0xFF,0xFF,0xFF,0xFF,0xFF,0xFF,0x44,0x1D,0xF8,0xFF,0xFF,0xFF,0xFF,0xFF,0xFF,
    0xFF,0xFF,0xFF,0xFF,0xFF,0x44,0x00,0x4F,0xFB,0xEF,0x30,0x00,0x00,0x00,0x00,0x00,
    0x00,0x00,0x00,0x00,0x00,0x00,0x59,0xFD,0xEA,0x17,0x00,0x00,0x00,0x00,0x00,0x00,
    0x00,0x00,0x00,0x00,0x00,0x63,0x90,0x00,0x00,0x00,0x00,0x00,0x00,0x00,0x00,0x00,
    0x00,0x00,0x00,0x00,0x00,0x00,0x00,0x00,0x00,0x00,0x00,0x00,0x00,0x00,0x00,0x00,
    0x00,0x00,0x00,0x00,0x00,0x00,0x00,0x54,0x9C,0x01,0x00,0x00,0x00,0x00,0x00,0x00,
    0x00,0x00,0x00,0x00,0x00,0xC1,0xFF,0x95,0x00,0x00,0x00,0x00,0x00,0x00,0x00,0x00,
    0x00,0x00,0x00,0x11,0xD0,0xFF,0x8A,0x00,0x08,0xFF,0xFF,0xFF,0xFF,0xFF,0xFF,0xFF,
    0xFF,0xFF,0xFF,0xFF,0xFF,0x56,0x08,0xFF,0xFF,0xFF,0xFF,0xFF,0xFF,0xFF,0xFF,0xFF,
    0xFF,0xFF,0xFF,0x56,0x00,0x00,0x00,0x00,0x00,0x00,0x00,0x00,0x00,0x10,0xD0,0xFF,
    0x8A,0x00,0x00,0x00,0x00,0x00,0x00,0x00,0x00,0x00,0x00,0xC1,0xFF,0x96,0x00,0x00,
    0x00,0x00,0x00,0x00,0x00,0x00,0x00,0x00,0x00,0x55,0x9D,0x01,0x00,0x00,0x00,0x00,
    0x00,0x00,0x00,0x00,0x00,0x00,0x00,0x00,0x00,0x00,0x00,0x00,0x0E,0x44,0x65,0x6A,
    0x61,0x56,0x75,0x53,0x61,0x6E,0x73,0x42,0x6F,0x6C,0x64,0x0E,0x44,0x65,0x6A,0x61,
    0x56,0x75,0x53,0x61,0x6E,0x73,0x42,0x6F,0x6C,0x64,0x01,
};

#endif  // VN_FONT_MEDIUM_H
